comment_text,platform,community,community_type,subreddit,comment_id,post_id,author,score,created_utc,is_deleted,is_removed,permalink,dataset_source,dataset_split,women_priority_community,scraped_at
"Apply to other supply chain jobs in your area.  

Also, tell your manager that after doing these tasks (that others could not do), you think the position deserves a higher wage.  You might not be successful- but if you don’t ask, you don’t get.  Take the shot.  Have the conversation before evaluation time.",Reddit,TwoXChromosomes,subreddit,TwoXChromosomes,mt46906,1kpqaxl,WafflingToast,1,1747659961.0,0,0,/r/TwoXChromosomes/comments/1kpqaxl/never_do_jobs_that_are_traditionally_for_women/mt46906/,pullpush,women_relevant,1,2026-06-20T07:57:40.761256
I guarantee you are there are disabled people who have successfully left the U.S. Google it and search youtube.,Reddit,TwoXChromosomes,subreddit,TwoXChromosomes,mt45xlx,1kq1flp,frodosdojo,-4,1747659842.0,0,0,/r/TwoXChromosomes/comments/1kq1flp/rape_and_abortion_and_human_incubators_in_the_usa/mt45xlx/,pullpush,women_relevant,1,2026-06-20T07:57:40.761284
"“It doesn't ""want"" a baby any more than my arsehole desires poop.“

Mama, that’s poetry.",Reddit,TwoXChromosomes,subreddit,TwoXChromosomes,mt45ua9,1kq2u8x,planetalletron,64,1747659808.0,0,0,/r/TwoXChromosomes/comments/1kq2u8x/feeling_like_my_own_body_is_misogynistic_against/mt45ua9/,pullpush,women_relevant,1,2026-06-20T07:57:40.761291
This sounds like something my dad would do down to the cussing 😂,Reddit,TwoXChromosomes,subreddit,TwoXChromosomes,mt45ocw,1kpxyhc,chunkymcgee,5,1747659745.0,0,0,/r/TwoXChromosomes/comments/1kpxyhc/a_man_came_up_to_my_fiance_and_i_in_the_parking/mt45ocw/,pullpush,women_relevant,1,2026-06-20T07:57:40.761295
You'll be used for manual labor or to train and force other women into submission.,Reddit,TwoXChromosomes,subreddit,TwoXChromosomes,mt45gy6,1kq1flp,frodosdojo,10,1747659669.0,0,0,/r/TwoXChromosomes/comments/1kq1flp/rape_and_abortion_and_human_incubators_in_the_usa/mt45gy6/,pullpush,women_relevant,1,2026-06-20T07:57:40.761300
"Most people can't practically flee, and Democrats have demonstrated they will never do anything. Get ready to fight. As in, start training if you haven't yet.",Reddit,TwoXChromosomes,subreddit,TwoXChromosomes,mt45ann,1kq1flp,Blapor,1,1747659605.0,0,0,/r/TwoXChromosomes/comments/1kq1flp/rape_and_abortion_and_human_incubators_in_the_usa/mt45ann/,pullpush,women_relevant,1,2026-06-20T07:57:40.761305
You skipped the fun romantic part of getting to know each other and jumped straight to cohabitation.,Reddit,TwoXChromosomes,subreddit,TwoXChromosomes,mt457ym,1korbxl,henicorina,8,1747659578.0,0,0,/r/TwoXChromosomes/comments/1korbxl/im_in_the_happiest_relationship_of_my_life_so_why/mt457ym/,pullpush,women_relevant,1,2026-06-20T07:57:40.761323
This is why I'm fighting so hard in Missouri. Access saved my life. I would've ended it. I was class president at a Christian school and cannot imagine being heavily pregnant answering questions.... man. And answering that baby's questions. Horrifying. still see the man's face 20 years later.,Reddit,TwoXChromosomes,subreddit,TwoXChromosomes,mt456i8,1kq1flp,Apprehensive_Bake_78,1,1747659563.0,0,0,/r/TwoXChromosomes/comments/1kq1flp/rape_and_abortion_and_human_incubators_in_the_usa/mt456i8/,pullpush,women_relevant,1,2026-06-20T07:57:40.761329
Start the process now instead of talking about how hard it is. If I had your options I would have started the paperwork 11/21/24.,Reddit,TwoXChromosomes,subreddit,TwoXChromosomes,mt453dh,1kq1flp,frodosdojo,-12,1747659532.0,0,0,/r/TwoXChromosomes/comments/1kq1flp/rape_and_abortion_and_human_incubators_in_the_usa/mt453dh/,pullpush,women_relevant,1,2026-06-20T07:57:40.761333
I’m going to ask if they can do mine at the same time. Instead I get an anxiety producing call about an abnormal mammogram. Then have to make another appointment for the ultrasound.,Reddit,TwoXChromosomes,subreddit,TwoXChromosomes,mt44zpd,1kq7n0u,YOMAMACAN,37,1747659494.0,0,0,/r/TwoXChromosomes/comments/1kq7n0u/diagnosed_with_dense_breasts_you_may_need_more/mt44zpd/,pullpush,women_relevant,1,2026-06-20T07:57:40.761338
It is truly prophetic.,Reddit,TwoXChromosomes,subreddit,TwoXChromosomes,mt44l62,1kq1flp,frodosdojo,7,1747659344.0,0,0,/r/TwoXChromosomes/comments/1kq1flp/rape_and_abortion_and_human_incubators_in_the_usa/mt44l62/,pullpush,women_relevant,1,2026-06-20T07:57:40.761343
"I’ve got 2 half siblings out there that I just found out about 3 years ago (for context, I am in my late 40s, grew up as an only child). Listening to my mom tell me was heartbreaking. Even the nurses in the hospital shunned her. Makes me so very sad",Reddit,TwoXChromosomes,subreddit,TwoXChromosomes,mt449ms,1kq1flp,Bellabird42,22,1747659224.0,0,0,/r/TwoXChromosomes/comments/1kq1flp/rape_and_abortion_and_human_incubators_in_the_usa/mt449ms/,pullpush,women_relevant,1,2026-06-20T07:57:40.761347
"No.no its Fuck This, Fuck You = FTFY.",Reddit,TwoXChromosomes,subreddit,TwoXChromosomes,mt442mf,1kq1flp,HerpankerTheHardman,2,1747659151.0,0,0,/r/TwoXChromosomes/comments/1kq1flp/rape_and_abortion_and_human_incubators_in_the_usa/mt442mf/,pullpush,women_relevant,1,2026-06-20T07:57:40.761350
"Die out as a species? Sorry, I don’t have any ideas.",Reddit,TwoXChromosomes,subreddit,TwoXChromosomes,mt43yg9,1kq1flp,khauska,23,1747659109.0,0,0,/r/TwoXChromosomes/comments/1kq1flp/rape_and_abortion_and_human_incubators_in_the_usa/mt43yg9/,pullpush,women_relevant,1,2026-06-20T07:57:40.761354
"That made me smile, glad your partners were willing to appease you. 

Mine never really were. It was an oddity to them and in the end was my problem to deal with. Was just something for me to manage after they went to sleep or left.",Reddit,TwoXChromosomes,subreddit,TwoXChromosomes,mt43x56,1kovi61,Ragnarok314159,2,1747659096.0,0,0,/r/TwoXChromosomes/comments/1kovi61/why_didnt_i_ever_feel_any_semen_after_sex_is_that/mt43x56/,pullpush,women_relevant,1,2026-06-20T07:57:40.761358
"That's how I felt most of my life, and it was coupled with extreme painful period and PMS. And then in my 40s my cycle went completely sideways, due to peri. At that point desperate for a solution and no health insurance, I had to DIY my cycle. 


I decided to start charging my cycle according to FAM. I started with the book **Taking Charge of your Fertility** by Toni Weschler, but honestly, since I was neither TTC nor TTA, I found it overwhelming with the pregnancy info. I then found out she wrote a teen book called **Cycle Savvy**, which is the period book we should have all gotten. I used this book to learn to chart, and then referred back to TCOYF to diagnose my charts. 


What I didn't expect was the level of self-awareness you get from observing your cycle scientifically. This process gave me a sense or authority over myself. And, not to be too ""woo-woo"" about it, but I could see how the cycles in my body echoed cycles of nature. Eventually I could see how my cycle is a source of power. 


Honestly, I really wish I would have started charting in my 20s when I first saw Toni Weschler's book at the book store. I truly think my life would have been different if I had.",Reddit,TwoXChromosomes,subreddit,TwoXChromosomes,mt439n3,1kq2u8x,ftr-mmrs,1,1747658852.0,0,0,/r/TwoXChromosomes/comments/1kq2u8x/feeling_like_my_own_body_is_misogynistic_against/mt439n3/,pullpush,women_relevant,1,2026-06-20T07:57:40.761362
"The cruelty is the point. 

###The cruelty is the point. 

##The cruelty is the point.

#The cruelty is the point.",Reddit,TwoXChromosomes,subreddit,TwoXChromosomes,mt4359a,1kq1flp,stoner-bug,1,1747658806.0,0,0,/r/TwoXChromosomes/comments/1kq1flp/rape_and_abortion_and_human_incubators_in_the_usa/mt4359a/,pullpush,women_relevant,1,2026-06-20T07:57:40.761366
"No, there are over 400,000 kids in foster care but only about 100,000 of them or 150,000 or so are adoptable.",Reddit,TwoXChromosomes,subreddit,TwoXChromosomes,mt431eq,1kq1flp,Curiosities,68,1747658765.0,0,0,/r/TwoXChromosomes/comments/1kq1flp/rape_and_abortion_and_human_incubators_in_the_usa/mt431eq/,pullpush,women_relevant,1,2026-06-20T07:57:40.761369
"I *didn't* call for her to break up. I double-checked that this bit she said upthread wasn't an incompatibility, because it would be for me:
>He was confused why I wanted to be in the conversation because he didn't want to be in the conversation to begin with.

That's showing difficulty comprehending that she wants something different from what she does. **I explicitly said that it's great if that isn't a problem for her and I'm just checking because it would be one for me.**

It's incredibly dishonest of you to claim that's calling for a breakup.",Reddit,TwoXChromosomes,subreddit,TwoXChromosomes,mt42nhu,1kpxyhc,Carradee,1,1747658618.0,0,0,/r/TwoXChromosomes/comments/1kpxyhc/a_man_came_up_to_my_fiance_and_i_in_the_parking/mt42nhu/,pullpush,women_relevant,1,2026-06-20T07:57:40.761373
"I didn’t realize!
Just looked it up and you’re right:)",Reddit,TwoXChromosomes,subreddit,TwoXChromosomes,mt42ij8,1koyd3m,fractiouscatburglar,1,1747658566.0,0,0,/r/TwoXChromosomes/comments/1koyd3m/my_husbands_uncomfortable_encounter_with_trans/mt42ij8/,pullpush,women_relevant,1,2026-06-20T07:57:40.761377
"Just wanted to chime in that menstrual cups were uncomfortable for me, so I thought there was no way this thing would work. 

But it’s amazing! It’s the only internal period product I use now, and it works great for me and my husband. We still lay a towel down because the “wetness” has a bit of color to it, but it’s pretty much mess free.",Reddit,TwoXChromosomes,subreddit,TwoXChromosomes,mt42if2,1kpixdg,CouchGremlin14,2,1747658564.0,0,0,/r/TwoXChromosomes/comments/1kpixdg/my_period_begins_everytime_im_expecting_sex/mt42if2/,pullpush,women_relevant,1,2026-06-20T07:57:40.761381
"One thing I found really interesting was when I found out a major function of the endometrium was to prevent the baby from sucking us dry of nutrients and facilitate the expulsion of non-viable embryos. 

We grow it as protection from the tiny blood sucking vampire fetuses.",Reddit,TwoXChromosomes,subreddit,TwoXChromosomes,mt42g8w,1kq2u8x,Writeloves,25,1747658541.0,0,0,/r/TwoXChromosomes/comments/1kq2u8x/feeling_like_my_own_body_is_misogynistic_against/mt42g8w/,pullpush,women_relevant,1,2026-06-20T07:57:40.761384
"Pap smears no longer being yearly for certain age groups. Mammograms not being advised until after a certain age. Drs putting Everything down to ""hormones"". Broken bones? All in Your head. Severe pain ? You're a pill seeker.
Between Drs who think we're all exaggerating and insurance companies that don't want to pay, its no wonder our health is declining.",Reddit,TwoXChromosomes,subreddit,TwoXChromosomes,mt427ss,1kpmtay,alcohall183,46,1747658452.0,0,0,/r/TwoXChromosomes/comments/1kpmtay/why_young_women_now_face_nearly_double_the_cancer/mt427ss/,pullpush,women_relevant,1,2026-06-20T07:57:40.761388
"My husband and I occasionally run into an old BF of mine (from Junior Hi!) and the old BF does the same … he never speaks to me. He only speaks to my husband, doesn’t react if I say something.

When I mentioned to my husband, he hadn’t noticed. Told me that I was imagining it. Until the next funeral, that is. Then he was like “oh, wow, he does act like you aren’t even standing there”.",Reddit,TwoXChromosomes,subreddit,TwoXChromosomes,mt41xut,1kpxyhc,SilverSister22,1,1747658345.0,0,0,/r/TwoXChromosomes/comments/1kpxyhc/a_man_came_up_to_my_fiance_and_i_in_the_parking/mt41xut/,pullpush,women_relevant,1,2026-06-20T07:57:40.761392
He had a duty of care to his children. He failed them miserably. That makes him a bad person. The lasting effects of abandoning his children may not yet be apparent. Regardless of how resilient they are; He is still a bad person for abandoning them to go seek glory and dumping everything on their mother/s. He sounds narcissistic TBH. Narcissists just aren’t good people by definition.,Reddit,TwoXChromosomes,subreddit,TwoXChromosomes,mt41rmc,1kpnpfu,AgitatedTelephone351,1,1747658279.0,0,0,/r/TwoXChromosomes/comments/1kpnpfu/am_i_doing_more_harm_by_telling_my_daughter_her/mt41rmc/,pullpush,women_relevant,1,2026-06-20T07:57:40.761396
Less women = tighter market = high prices to sell your daughters,Reddit,TwoXChromosomes,subreddit,TwoXChromosomes,mt41n6c,1kq1flp,JupiterInTheSky,52,1747658232.0,0,0,/r/TwoXChromosomes/comments/1kq1flp/rape_and_abortion_and_human_incubators_in_the_usa/mt41n6c/,pullpush,women_relevant,1,2026-06-20T07:57:40.761399
"A sperm donor (or an egg donor) has a contract before the fact. Not a valid comparison. A child of a sperm donor grows up knowing that their father didn’t ever knew they existed, so their absence is not related to the child’s existence. 

In OP’s case, the child’s birth was the factor for the father to leave the picture, which has psychological repercussions. So, OP should make sure the child knows that their father’s absence is because of the father’s lacking responsibility, and not the child’s fault. If the only way for the child to not feel guilt or shame is to throw the dad under the bus, so be it. As an adult the kid can figure out all the nuance, but growing up with guilt is hard to heal.",Reddit,TwoXChromosomes,subreddit,TwoXChromosomes,mt41i9t,1kpnpfu,Just-a-Pea,5,1747658178.0,0,0,/r/TwoXChromosomes/comments/1kpnpfu/am_i_doing_more_harm_by_telling_my_daughter_her/mt41i9t/,pullpush,women_relevant,1,2026-06-20T07:57:40.761403
"My biggest fear with Mike Pence and House GOP calling 20-something men lazy is that it socially pressures men to continue the trend of avoiding doctor appointments. 

At minimum, everyone with health insurance should be doing a yearly and it’s usually free. Healthcare companies incentivize preventative care.",Reddit,TwoXChromosomes,subreddit,TwoXChromosomes,mt41gsr,1kpmtay,SinfullySinless,9,1747658162.0,0,0,/r/TwoXChromosomes/comments/1kpmtay/why_young_women_now_face_nearly_double_the_cancer/mt41gsr/,pullpush,women_relevant,1,2026-06-20T07:57:40.761406
"This post has been removed due to [our rule \# 6.](https://www.reddit.com/r/TwoXChromosomes/wiki/rules#wiki_fundraising)

*I am a bot, and this action was performed automatically. Please [contact the moderators of this subreddit](/message/compose/?to=/r/TwoXChromosomes) if you have any questions or concerns.*",Reddit,TwoXChromosomes,subreddit,TwoXChromosomes,mt41cb1,1kqakb9,AutoModerator,1,1747658112.0,0,0,/r/TwoXChromosomes/comments/1kqakb9/this_is_my_daughter_we_lost_our_home_in_gaza_and/mt41cb1/,pullpush,women_relevant,1,2026-06-20T07:57:40.761410
In my city we had 144000 eligible voters.  Only 34000 showed up on Election Day.  So disappointing.,Reddit,TwoXChromosomes,subreddit,TwoXChromosomes,mt418jh,1kq1flp,Sea_Mongoose1138,6,1747658071.0,0,0,/r/TwoXChromosomes/comments/1kq1flp/rape_and_abortion_and_human_incubators_in_the_usa/mt418jh/,pullpush,women_relevant,1,2026-06-20T07:57:40.761414
There was a case like this in the 80s. I often wonder whatever happened to that child who’d now be in their later 30s or so.,Reddit,TwoXChromosomes,subreddit,TwoXChromosomes,mt415jn,1kq1flp,yarn_slinger,29,1747658039.0,0,0,/r/TwoXChromosomes/comments/1kq1flp/rape_and_abortion_and_human_incubators_in_the_usa/mt415jn/,pullpush,women_relevant,1,2026-06-20T07:57:40.761418
"Even if OP happily agreed to have this man stay out of her kid’s life, her kid didn’t agree. Her child is going to feel how she feels about her absent father. Telling her “well I said it was okay, so you can’t blame him or be upset” would be ridiculous; that’s not how feelings work.",Reddit,TwoXChromosomes,subreddit,TwoXChromosomes,mt4154o,1kpnpfu,boudicas_shield,5,1747658035.0,0,0,/r/TwoXChromosomes/comments/1kpnpfu/am_i_doing_more_harm_by_telling_my_daughter_her/mt4154o/,pullpush,women_relevant,1,2026-06-20T07:57:40.761421
I had one about 9 years ago. It's NOT an in office procedure. I had mine done at the hospital under sedation.,Reddit,TwoXChromosomes,subreddit,TwoXChromosomes,mt40wf9,1kq8paa,Stinkeye63,35,1747657938.0,0,0,/r/TwoXChromosomes/comments/1kq8paa/uterine_ablation/mt40wf9/,pullpush,women_relevant,1,2026-06-20T07:57:40.761425
"Moving from the US to Portugal greatly increased my medical care. It's standard here for everybody to get both a mammogram and an ultrasound. I was getting both done in the US because of dense breasts. Now I'm just like one of the normal. 

Oh, and they are both done on the same day and results are available the same day (usually).",Reddit,TwoXChromosomes,subreddit,TwoXChromosomes,mt40uwb,1kq7n0u,eventfarm,1,1747657921.0,0,0,/r/TwoXChromosomes/comments/1kq7n0u/diagnosed_with_dense_breasts_you_may_need_more/mt40uwb/,pullpush,women_relevant,1,2026-06-20T07:57:40.761429
You’d think male sales guys would know better by now.,Reddit,TwoXChromosomes,subreddit,TwoXChromosomes,mt40mpq,1kpxyhc,Dogzillas_Mom,24,1747657829.0,0,0,/r/TwoXChromosomes/comments/1kpxyhc/a_man_came_up_to_my_fiance_and_i_in_the_parking/mt40mpq/,pullpush,women_relevant,1,2026-06-20T07:57:40.761432
"Part of the human condition is also being an animal. That’s the hard part about being in the physical — nature is primal, and uncaring but also highly balanced and delicate. I think doing some reading could help you. You don’t have to accept the whole reproductive part, but try to understand how the disgust of it could be influenced by patriarchy and our toxic youth-obsessed culture.

I’m an older straight cis woman with no kids, and chronic conditions, so I’ve had to do this mindset work as well. I find it easier to start from the point of how wonderful our bodies are just in an “organic machine” sense. A meditation practice in a form or amount could help you.

Also, start a practice of speaking kindly to your body “thank you for carrying me through the day / being strong enough to lift things / breathing / digesting” etc. Sometimes I find joy in simply listening to my heartbeat in quiet moments and how it resonates like a drum.",Reddit,TwoXChromosomes,subreddit,TwoXChromosomes,mt40iln,1kq2u8x,freya_kahlo,6,1747657784.0,0,0,/r/TwoXChromosomes/comments/1kq2u8x/feeling_like_my_own_body_is_misogynistic_against/mt40iln/,pullpush,women_relevant,1,2026-06-20T07:57:40.761436
Unlimited hours and days without breaks??!? Days of work with no breaks?? WHAT THE FUCK,Reddit,TwoXChromosomes,subreddit,TwoXChromosomes,mt408oa,1kq1flp,MrsStickMotherOfTwig,22,1747657675.0,0,0,/r/TwoXChromosomes/comments/1kq1flp/rape_and_abortion_and_human_incubators_in_the_usa/mt408oa/,pullpush,women_relevant,1,2026-06-20T07:57:40.761440
"Me too and same, ex-mil literally called me a failure of a woman for not cleaning her sons mess 🙄",Reddit,TwoXChromosomes,subreddit,TwoXChromosomes,mt405jx,1kkoqdv,Shadowlady,2,1747657640.0,0,0,/r/TwoXChromosomes/comments/1kkoqdv/i_dont_care_if_he_has_adhd/mt405jx/,pullpush,women_relevant,1,2026-06-20T07:57:40.761444
I had a patient with bad endometriosis pain get one and she loved it! Said it was super helpful.,Reddit,TwoXChromosomes,subreddit,TwoXChromosomes,mt4055c,1kq8paa,PoorDimitri,1,1747657636.0,0,0,/r/TwoXChromosomes/comments/1kq8paa/uterine_ablation/mt4055c/,pullpush,women_relevant,1,2026-06-20T07:57:40.761448
Surgery is worth it with twilight anesthesia,Reddit,TwoXChromosomes,subreddit,TwoXChromosomes,mt404nc,1kp49wb,Ok-Yam-8465,1,1747657630.0,0,0,/r/TwoXChromosomes/comments/1kp49wb/scared_about_abortion/mt404nc/,pullpush,women_relevant,1,2026-06-20T07:57:40.761451
"Alot of men see women as the other man's property, so they need to have permission to acknowledge you. At least, what's what I've observed. Really pisses me off that I don't get talked to about the cars at shows but the moment a guy friend comes up to join me, the owner talks to him when I was observing first.",Reddit,TwoXChromosomes,subreddit,TwoXChromosomes,mt3zwx4,1kpxyhc,deery130,3,1747657544.0,0,0,/r/TwoXChromosomes/comments/1kpxyhc/a_man_came_up_to_my_fiance_and_i_in_the_parking/mt3zwx4/,pullpush,women_relevant,1,2026-06-20T07:57:40.761454
"I had it done, no pain or complications for the surgery. They did miss a spot or something because I have a hematometra, a blood clot in my uterus, that needs to be removed, but health wise I'm fine. Before finding out about this, I had almost two years without a period and it was great.",Reddit,TwoXChromosomes,subreddit,TwoXChromosomes,mt3zq83,1kq8paa,Dawn36,1,1747657471.0,0,0,/r/TwoXChromosomes/comments/1kq8paa/uterine_ablation/mt3zq83/,pullpush,women_relevant,1,2026-06-20T07:57:40.761459
"I would suggest talking to an endocrinologist might be able to help you. There are people in the transgender community that can relate to your story and you might find there are some medical solutions other than laser. 

Also there are people who find all types attractive maybe try looking in the lgbt+ community for a partner who will be more accepting.",Reddit,TwoXChromosomes,subreddit,TwoXChromosomes,mt3zpmp,1kpehua,Micro32,2,1747657464.0,0,0,/r/TwoXChromosomes/comments/1kpehua/so_much_shame_around_my_body/mt3zpmp/,pullpush,women_relevant,1,2026-06-20T07:57:40.761462
"Your body isn't a neutral vessel that carries your consciousness. We are mammals that have developed unprecedent consciouness, we transcend our body in many ways but it remains a body ready to fulfill it's biological function.


The path is to accept that our bodies don't align with our consciousness and make peace with that. No need to worship or to hate. It is what it is.",Reddit,TwoXChromosomes,subreddit,TwoXChromosomes,mt3zo0t,1kq2u8x,ThatLilAvocado,11,1747657446.0,0,0,/r/TwoXChromosomes/comments/1kq2u8x/feeling_like_my_own_body_is_misogynistic_against/mt3zo0t/,pullpush,women_relevant,1,2026-06-20T07:57:40.761465
"A lot of men interpret that sort of approaching and direct conversation territorially, like if another man talks to their gf or daughter, he's 'encroaching' on their property because he's trying to impress the women or something. As crappy as it is, I can't really blame the other guy if this was his experience with other men. Leaving the wrong impression on a woman will give him the stink eye, but leaving the wrong impression on a man can get him assaulted or killed.",Reddit,TwoXChromosomes,subreddit,TwoXChromosomes,mt3zbct,1kpxyhc,felis_fatus,1,1747657303.0,0,0,/r/TwoXChromosomes/comments/1kpxyhc/a_man_came_up_to_my_fiance_and_i_in_the_parking/mt3zbct/,pullpush,women_relevant,1,2026-06-20T07:57:40.761469
They’re both nearly the same age.  But op sounds much more mature,Reddit,TwoXChromosomes,subreddit,TwoXChromosomes,mt3zb76,1kpmogn,Tracie-loves-Paris,1,1747657301.0,0,0,/r/TwoXChromosomes/comments/1kpmogn/am_i_a_bad_friend_for_feeling_this_way_about_my/mt3zb76/,pullpush,women_relevant,1,2026-06-20T07:57:40.761473
I bet a mammogram and ultrasound at the same appointment due to dense breast tissue. Not a big inconvenience at all.,Reddit,TwoXChromosomes,subreddit,TwoXChromosomes,mt3z1dj,1kq7n0u,Lindaspike,1,1747657193.0,0,0,/r/TwoXChromosomes/comments/1kq7n0u/diagnosed_with_dense_breasts_you_may_need_more/mt3z1dj/,pullpush,women_relevant,1,2026-06-20T07:57:40.761477
"Your heart's in the right place. You're probably not doing more harm, but eventually, she's not gonna believe he's not a bad person also.",Reddit,TwoXChromosomes,subreddit,TwoXChromosomes,mt3z0ry,1kpnpfu,RainbowKitty77,2,1747657186.0,0,0,/r/TwoXChromosomes/comments/1kpnpfu/am_i_doing_more_harm_by_telling_my_daughter_her/mt3z0ry/,pullpush,women_relevant,1,2026-06-20T07:57:40.761480
"Worse, it's a recruitment ad.",Reddit,TwoXChromosomes,subreddit,TwoXChromosomes,mt3yoj5,1kq1flp,chairmanskitty,19,1747657046.0,0,0,/r/TwoXChromosomes/comments/1kq1flp/rape_and_abortion_and_human_incubators_in_the_usa/mt3yoj5/,pullpush,women_relevant,1,2026-06-20T07:57:40.761484
"I used to run into this so much when I was more openly interested in cars. Eventually I got sick of it and just started acting like I didn’t know jack shit about cars around random dudes. I don’t need to prove my bona fides to anybody, let alone some asshole I don’t know from Adam who’s only approaching me to make himself feel superior. Next time just get into the drivers seat of the truck and start it up. If fiancé won’t quit talking, roll down the window and tell him you’ve gotta get going . Or say, “hey I’m gonna head on over to [next errand stop] but I’ll swing back past here after I’m done so you two can keep chatting.” Fuck these dudes. It’s such a shitty situation to encounter, but you’re not obligated to subject yourself to it. I promise if you do that one time your fiance will learn to either stick up for you or not have the conversation in the first place. You can decide whether it’s worth it to you to keep on with someone who would let that happen at all.",Reddit,TwoXChromosomes,subreddit,TwoXChromosomes,mt3yn7u,1kpxyhc,bytvity2,5,1747657031.0,0,0,/r/TwoXChromosomes/comments/1kpxyhc/a_man_came_up_to_my_fiance_and_i_in_the_parking/mt3yn7u/,pullpush,women_relevant,1,2026-06-20T07:57:40.761487
This is why when he said he was going to be known as the “fertility president” it made my blood run cold. I couldn’t believe no one else seemed to take it the way I took it. I started asking if we’d be allowed to refuse…,Reddit,TwoXChromosomes,subreddit,TwoXChromosomes,mt3yggh,1kq1flp,heatherbabydoll,1,1747656953.0,0,0,/r/TwoXChromosomes/comments/1kq1flp/rape_and_abortion_and_human_incubators_in_the_usa/mt3yggh/,pullpush,women_relevant,1,2026-06-20T07:57:40.761491
"Damn, what a gut punch. Reminds me faintly of the ""don't worry I will take of you now that you can't have a bank account"" scene of the Handmaids Tale.",Reddit,TwoXChromosomes,subreddit,TwoXChromosomes,mt3yeob,1kq1flp,ThatLilAvocado,130,1747656933.0,0,0,/r/TwoXChromosomes/comments/1kq1flp/rape_and_abortion_and_human_incubators_in_the_usa/mt3yeob/,pullpush,women_relevant,1,2026-06-20T07:57:40.761494
My husband and I had a meeting with a financial adviser once. For whatever reason the guy thought my husband and I were siblings at first. After he found out we were married her didn't look at me even once. Every word was directed at my husband. The meeting was to discuss what to do with money I had inherited from my recently deceased grandmother. We both noticed it but were too young and taken aback to  call him out on it.,Reddit,TwoXChromosomes,subreddit,TwoXChromosomes,mt3y3nr,1kpxyhc,beautnight,5,1747656806.0,0,0,/r/TwoXChromosomes/comments/1kpxyhc/a_man_came_up_to_my_fiance_and_i_in_the_parking/mt3y3nr/,pullpush,women_relevant,1,2026-06-20T07:57:40.761498
My best friend had it done.  It absolutely stopped the problems she was having with endometriosis.  She was uncomfortable for a couple of days and then had severe constipation. If you’re prone to constipation be prepared for that possibility.,Reddit,TwoXChromosomes,subreddit,TwoXChromosomes,mt3xue9,1kq8paa,cannycandelabra,1,1747656699.0,0,0,/r/TwoXChromosomes/comments/1kq8paa/uterine_ablation/mt3xue9/,pullpush,women_relevant,1,2026-06-20T07:57:40.761501
Yes. He abandoned his child. Would you ask this same question of a mother who chose to walk out on her child right after birth? No? There you go.,Reddit,TwoXChromosomes,subreddit,TwoXChromosomes,mt3xsuq,1kpnpfu,kv4268,3,1747656681.0,0,0,/r/TwoXChromosomes/comments/1kpnpfu/am_i_doing_more_harm_by_telling_my_daughter_her/mt3xsuq/,pullpush,women_relevant,1,2026-06-20T07:57:40.761505
"I don’t think you’re hurting them, but as someone with absentee parents (they adopted me out—however, I was adopted to my paternal grandmother and her husband so I would still grow up to know both of them) I think you are doing them a bit of a disservice.

My mom always told me my biological mother ‘loved me in her own way’ when I was upset and honestly, it pissed me off nearly as much as my bioM’s behavior did. Same for my bioF.; she would tell me how he was a good man and whatever (and to be fair, didn’t paint my bio-M in the best light at times. Narcs gonna narc) but he slowly went from being a “loving but too busy to really come around and be involved much” father ;to be fair this wasn’t wrong; he worked an extremely dangerous factory job for years. Like, *you have to have a will prepared and beneficiaries/wtv because we have at least one death here every year or two* type of place) to *meh don’t GAF* level behavior like buying me ponytail holders… when I didn’t have long enough hair to even use those tiny rubber bands, only for his ^(>!~~*coughbitchwifecough*~~!<), not even him but HER, to look at me and go “oh I didn’t think about that.”

It made it really hard for me when I DID get older and things got tense with us… culminating in him being more upset(*at me*) that my parents didn’t call him at two AM *immediately after part of our house burned down—after I had ran back inside.* Like he didn’t even get into it with them over it, he got into it with ME, because… I had posted on facebook saying “hey guys in case everyone hears about it tomorrow, yes, the fire was our house, yes, we’re all okay, mom and dad lost their phone in the fire so that’s why they aren’t answering.” (There’s reasons why we didn’t call family/kids/etc during this beyond just *our house was on fire in the middle of the night*)

Sorry to ramble; I basically haven’t spoken to him in the seven years since then and I think having that illusion that he was such a good person shattered definitely made up the bulk of the pain. I found out a couple of weeks ago that he was moving to Florida(we’re in Kentucky) like… eight hours before the movers came to pick his shit up. So being raised with it has caused a rather messy feeling in me. I wish I *had* been raised with apathy for him and his actions, or at the very least disdain and anger.",Reddit,TwoXChromosomes,subreddit,TwoXChromosomes,mt3xsty,1kpnpfu,c-c-c-cassian,2,1747656680.0,0,0,/r/TwoXChromosomes/comments/1kpnpfu/am_i_doing_more_harm_by_telling_my_daughter_her/mt3xsty/,pullpush,women_relevant,1,2026-06-20T07:57:40.761508
"You can’t even use a brain dead person as an “incubator” because brain dead = no endocrine function. No endocrine function =  a 9 week fetus cannot survive. None of it makes sense. This shows how much they are weaponizing the growing anti-science/anti-intellectualism sentiments to push their own agendas. 

Instead of allowing the family to properly mourn the loss of a loved one, the hospital is wasting their own resources. Yet the bs excuse for denying women life saving procedures to remove unviable fetuses is “triage”. 

None of it makes any sense because oppression doesn’t make any sense. It’s about power and control. 

We cannot accept defeatism, we need to get organized across the board. Enough is enough.",Reddit,TwoXChromosomes,subreddit,TwoXChromosomes,mt3xodk,1kq1flp,fictionoverfriction,1,1747656628.0,0,0,/r/TwoXChromosomes/comments/1kq1flp/rape_and_abortion_and_human_incubators_in_the_usa/mt3xodk/,pullpush,women_relevant,1,2026-06-20T07:57:40.761512
"Before you do that though, research the horrors of surgical menopause. Ask your doc about BC options that eliminate your period instead.",Reddit,TwoXChromosomes,subreddit,TwoXChromosomes,mt3xo2z,1kq2u8x,Emergency-Position24,10,1747656625.0,0,0,/r/TwoXChromosomes/comments/1kq2u8x/feeling_like_my_own_body_is_misogynistic_against/mt3xo2z/,pullpush,women_relevant,1,2026-06-20T07:57:40.761516
"&gt; but there are optional extras that while pre-installed, do not have to be used. If you can find some method of removing or disabling the features that you have no use for, I would encourage you to do so.

Or installing others that work better for you.",Reddit,TwoXChromosomes,subreddit,TwoXChromosomes,mt3xgpt,1kq2u8x,Illiander,1,1747656539.0,0,0,/r/TwoXChromosomes/comments/1kq2u8x/feeling_like_my_own_body_is_misogynistic_against/mt3xgpt/,pullpush,women_relevant,1,2026-06-20T07:57:40.761519
"I’m back with the super fun update that the anesthesiologist for my egg retrieval unfortunately does not share the same attitude as my RE. In response to my concerns about waking up during the procedure, she told me I really didn’t need to be asleep for it, I just wouldn’t like being awake, so she’d only be giving me the super tiniest bit of anesthesia. Well, surprise surprise, I came to still strapped to the table and able to feel everything as my RE was digging around inside of me trying (and failing) to keep my IUD from expelling. The little bit of spotting I was told to expect ended up being my entire vulva and butt cheeks covered in blood. And I have not been able to stop crying. Very awesome experience, 10/10, we’re doing fucking *great* over here.",Reddit,TwoXChromosomes,subreddit,TwoXChromosomes,mt3xf0u,1klq3a4,feminist-lady,1,1747656519.0,0,0,/r/TwoXChromosomes/comments/1klq3a4/the_road_to_shitty_womens_healthcare_is_paved/mt3xf0u/,pullpush,women_relevant,1,2026-06-20T07:57:40.761522
"I have literally been sat on a motorbike before and had a guy as if it's mine and I can ride it. I told him it wasn't and was waiting for my boyfriend and he gave that, ""Ah, that makes sense,"" face.

Changed quickly when he saw me put my lid on and ride off.",Reddit,TwoXChromosomes,subreddit,TwoXChromosomes,mt3wz9m,1kpxyhc,GDH27,4,1747656335.0,0,0,/r/TwoXChromosomes/comments/1kpxyhc/a_man_came_up_to_my_fiance_and_i_in_the_parking/mt3wz9m/,pullpush,women_relevant,1,2026-06-20T07:57:40.761526
Partner also provides space for an older person.  A widow or widower may not be  prepared to remarry,Reddit,TwoXChromosomes,subreddit,TwoXChromosomes,mt3wrb8,1koyd3m,Joy2b,3,1747656239.0,0,0,/r/TwoXChromosomes/comments/1koyd3m/my_husbands_uncomfortable_encounter_with_trans/mt3wrb8/,pullpush,women_relevant,1,2026-06-20T07:57:40.761530
"So, then a majority of white women voted for this. Own it or it’s never going to change.",Reddit,TwoXChromosomes,subreddit,TwoXChromosomes,mt3wpvg,1kq1flp,amandagrace111,1,1747656223.0,0,0,/r/TwoXChromosomes/comments/1kq1flp/rape_and_abortion_and_human_incubators_in_the_usa/mt3wpvg/,pullpush,women_relevant,1,2026-06-20T07:57:40.761533
"The heaviest period I ever had was at a friend's wedding, wasn't even expecting it and it started once I got out of the car at venue, which was in the middle of no where near no shops and I had a stupid tiny wedding bag so didn't have any pads or tampons on me",Reddit,TwoXChromosomes,subreddit,TwoXChromosomes,mt3wh1m,1kpixdg,Key_Barber_4161,2,1747656117.0,0,0,/r/TwoXChromosomes/comments/1kpixdg/my_period_begins_everytime_im_expecting_sex/mt3wh1m/,pullpush,women_relevant,1,2026-06-20T07:57:40.761537
"Yes, a majority of white women did. Majority who voted, and majority overall because sitting out is opting out of controlling your own destiny. 

And the more white women who scrape and scrap to deny that a majority of their fellow WW voted for this, the deeper into the sand their heads go, and the less likely we are to get control of our bodies again. 

White women are complacent in the majority, and nobody is going to change that except other white women.",Reddit,TwoXChromosomes,subreddit,TwoXChromosomes,mt3weoj,1kq1flp,amandagrace111,4,1747656088.0,0,0,/r/TwoXChromosomes/comments/1kq1flp/rape_and_abortion_and_human_incubators_in_the_usa/mt3weoj/,pullpush,women_relevant,1,2026-06-20T07:57:40.761541
"~~If this man extrapolates heavily from anecdotes, run!!~~

On a more serious note its fairly obvious the person above had a very bad relationship involving that behavior so their perception will definitely be biased a certain way. 

But yeah the ""break up"" response gets a bit tiring as it usually involves someone extrapolating the worst possible outcome and taking that as a given.",Reddit,TwoXChromosomes,subreddit,TwoXChromosomes,mt3wa41,1kpxyhc,cave18,20,1747656033.0,0,0,/r/TwoXChromosomes/comments/1kpxyhc/a_man_came_up_to_my_fiance_and_i_in_the_parking/mt3wa41/,pullpush,women_relevant,1,2026-06-20T07:57:40.761545
They should change the laws so that the hospital can’t be sued if the patient lies.,Reddit,TwoXChromosomes,subreddit,TwoXChromosomes,mt3w8hb,1kotsav,x31b,1,1747656013.0,0,0,/r/TwoXChromosomes/comments/1kotsav/i_was_demanded_to_take_a_pregnancy_test_in_the_er/mt3w8hb/,pullpush,women_relevant,1,2026-06-20T07:57:40.761549
And my mom wonders why I don’t want to leave the house as often as I used to pre-Covid,Reddit,TwoXChromosomes,subreddit,TwoXChromosomes,mt3w6j1,1kq1flp,cannotskipcutscene,7,1747655990.0,0,0,/r/TwoXChromosomes/comments/1kq1flp/rape_and_abortion_and_human_incubators_in_the_usa/mt3w6j1/,pullpush,women_relevant,1,2026-06-20T07:57:40.761552
"I specifically said it's not predatory, it's simply weird. Makes me think the older one is extremely immature and insecure and lame, maybe even a loser because they needed someone so much younger to have a relationship with.",Reddit,TwoXChromosomes,subreddit,TwoXChromosomes,mt3w5m2,1kpzbgx,Regular_Durian_1750,1,1747655980.0,0,0,/r/TwoXChromosomes/comments/1kpzbgx/am_i_wrong_for_thinking_a_25_yr_old_marrying_is_a/mt3w5m2/,pullpush,women_relevant,1,2026-06-20T07:57:40.761556
"Thank you for this explanation. The human body is insane! I can understand the need for a pregnancy test at this point, but threatening to withhold pain medicine was wrong. I feel like this would have actually been properly explained to me and my pain was managed first (I made it very clear it was painful to urinate) I wouldn't have been so against the test.",Reddit,TwoXChromosomes,subreddit,TwoXChromosomes,mt3vseo,1kotsav,Princess_Coldheart,1,1747655821.0,0,0,/r/TwoXChromosomes/comments/1kotsav/i_was_demanded_to_take_a_pregnancy_test_in_the_er/mt3vseo/,pullpush,women_relevant,1,2026-06-20T07:57:40.761559
"Even more visually searing is the uneraseable memory of the picture, from 40-50 years ago, think maybe Look or Life magazine, the body of the young lady, kneeling, who bled out due to a botched coat hanger ab_____n. 

Her only “crime or sin or whatever” was getting an unwanted pregnancy before miso and Mifi or “RU486” were not yet invented or available.

Stock up",Reddit,TwoXChromosomes,subreddit,TwoXChromosomes,mt3vn3u,1kq1flp,remylebeau12,22,1747655758.0,0,0,/r/TwoXChromosomes/comments/1kq1flp/rape_and_abortion_and_human_incubators_in_the_usa/mt3vn3u/,pullpush,women_relevant,1,2026-06-20T07:57:40.761563
It still doesn't cross the line of being predatory. Grown women in their mid 20s aren't toddlers.,Reddit,TwoXChromosomes,subreddit,TwoXChromosomes,mt3vlkb,1kpzbgx,AraneaNox,1,1747655739.0,0,0,/r/TwoXChromosomes/comments/1kpzbgx/am_i_wrong_for_thinking_a_25_yr_old_marrying_is_a/mt3vlkb/,pullpush,women_relevant,1,2026-06-20T07:57:40.761566
"Women are way more socially controlled than men. 

I would say public exhibition of ANY AND ALL negative emotions by women will condemned to various deggrees. 

With men it depends on his status and context. 

Anger might be taken as a proof of courage or power. 
Disgust/frustration - a moral superiority. 
etc",Reddit,TwoXChromosomes,subreddit,TwoXChromosomes,mt3viek,1kow0ul,grafknives,1,1747655702.0,0,0,/r/TwoXChromosomes/comments/1kow0ul/arent_womens_emotions_restricted_too/mt3viek/,pullpush,women_relevant,1,2026-06-20T07:57:40.761570
Hi please send my way as well,Reddit,TwoXChromosomes,subreddit,TwoXChromosomes,mt3uw9y,1koxf9h,PersonalityKlutzy407,1,1747655436.0,0,0,/r/TwoXChromosomes/comments/1koxf9h/reddit_gave_me_a_warning_for_my_post_advocating/mt3uw9y/,pullpush,women_relevant,1,2026-06-20T07:57:40.761574
"3 and 10 in terms of being adults: as in, experiencing life as an adult. Also, they weren't 25 and 32 when they met. OP said they've been together for a year. So, more like 24 and 31.",Reddit,TwoXChromosomes,subreddit,TwoXChromosomes,mt3ufeo,1kpzbgx,Regular_Durian_1750,1,1747655232.0,0,0,/r/TwoXChromosomes/comments/1kpzbgx/am_i_wrong_for_thinking_a_25_yr_old_marrying_is_a/mt3ufeo/,pullpush,women_relevant,1,2026-06-20T07:57:40.761578
"""Have that baby or ill kill both of you"" pro life logic",Reddit,TwoXChromosomes,subreddit,TwoXChromosomes,mt3ufbu,1kq1flp,Turbulent-Crew720,53,1747655231.0,0,0,/r/TwoXChromosomes/comments/1kq1flp/rape_and_abortion_and_human_incubators_in_the_usa/mt3ufbu/,pullpush,women_relevant,1,2026-06-20T07:57:40.761581
"I’d recommend learning more about the reproductive system in general, it goes so much further than what we are taught in school. Outside of reproduction, the hormones produced by our reproductive organs are **essential for general body homeostasis**. This is true whether you have ovaries or testes. 

For example, estrogen is necessary for maintaining  bone health, so removing the ovaries/decreasing estrogen in cis women could induce osteoporosis (which is why risk increases after menopause). *Same for cis men, with testosterone decreasing with age.*

LearnBodyLit is a great resource on this. “Ovulation always exists outside the context of trying to get pregnant. It’s our **primary mode of hormone generation for homeostasis** during the menstrual years, even if you never become pregnant, conferring you health longevity and protection from disease in the menopausal years.”


[“…removing the ovaries was associated with an array of disease risks, including heart disease, osteoporosis, stroke, lung cancer, Parkinson’s disease and dementia. Those who lost their ovaries before menopause lived shorter lives and fared worse in almost every category compared with those who kept them. (Hormone therapy lowers some but not all of these risks.)
No longer were the ovaries viewed as solely reproductive organs whose purpose was limited to pregnancy and childbirth. They were also batteries that powered the body’s health, contributing to skin elasticity, heart health, brain health and bone density.”](https://www.medicalbrief.co.za/hysterectomies-still-not-clear-cut-for-most-women/)",Reddit,TwoXChromosomes,subreddit,TwoXChromosomes,mt3udjk,1kq2u8x,fictionoverfriction,1,1747655210.0,0,0,/r/TwoXChromosomes/comments/1kq2u8x/feeling_like_my_own_body_is_misogynistic_against/mt3udjk/,pullpush,women_relevant,1,2026-06-20T07:57:40.761585
"Or as I recall, three or four, with my (former) heavy periods. There were times when it looked like a crime scene after. 😬",Reddit,TwoXChromosomes,subreddit,TwoXChromosomes,mt3uc6i,1kpixdg,Lynda73,2,1747655193.0,0,0,/r/TwoXChromosomes/comments/1kpixdg/my_period_begins_everytime_im_expecting_sex/mt3uc6i/,pullpush,women_relevant,1,2026-06-20T07:57:40.761589
I really enjoy all kinds of crafts. I started with diamond painting 2 weeks ago and I am really loving that right now.,Reddit,AskWomen,subreddit,AskWomen,mt46b88,1kqaiib,CherrieChocolatePie,1,1747659984.0,0,0,/r/AskWomen/comments/1kqaiib/where_do_you_enjoy_going_out_to_and_what_hobbies/mt46b88/,pullpush,women_relevant,1,2026-06-20T07:57:43.994439
GIS Manager,Reddit,AskWomen,subreddit,AskWomen,mt46an9,1kq3pda,UrRiderDie27,1,1747659978.0,0,0,/r/AskWomen/comments/1kq3pda/what_do_you_do_for_a_living/mt46an9/,pullpush,women_relevant,1,2026-06-20T07:57:43.994468
I run the office side of our small construction company. I WFH for the past 20+ years and love it.,Reddit,AskWomen,subreddit,AskWomen,mt469yu,1kq3pda,LeighofMar,1,1747659971.0,0,0,/r/AskWomen/comments/1kq3pda/what_do_you_do_for_a_living/mt469yu/,pullpush,women_relevant,1,2026-06-20T07:57:43.994474
Art and crafts supplies are heaven 🥰!,Reddit,AskWomen,subreddit,AskWomen,mt466oi,1kqaiib,CherrieChocolatePie,1,1747659938.0,0,0,/r/AskWomen/comments/1kqaiib/where_do_you_enjoy_going_out_to_and_what_hobbies/mt466oi/,pullpush,women_relevant,1,2026-06-20T07:57:43.994480
"All my friends are women. The male friends I have are more acquaintances or they are the partners of my girlfriends or my boyfriend’s friends. Whenever I have male friends they try to sleep with me, or hit on my girfriends, or show character that I don’t hold respect for.",Reddit,AskWomen,subreddit,AskWomen,mt464vw,1kp7cds,Flabby_Abby2001,2,1747659919.0,0,0,/r/AskWomen/comments/1kp7cds/whats_your_male_to_female_friend_ratio/mt464vw/,pullpush,women_relevant,1,2026-06-20T07:57:43.994485
My husband was being an arse and had hurt my feelings. I asked him to stop and be nice to me. His response “I never said I’d be nice”. Sent chills down my spine.,Reddit,AskWomen,subreddit,AskWomen,mt461x6,1kp533g,Schonfairy79,2,1747659888.0,0,0,/r/AskWomen/comments/1kp533g/whats_something_a_man_did_that_instantly_made_you/mt461x6/,pullpush,women_relevant,1,2026-06-20T07:57:43.994493
"This is really crazy! My wife had a co-worker who's husband would do this sort of thing and it always floored me when she would tell me about it. She said they'd go out for a drink after work and her husband would just show up out of the blue and sit and just stare at her. As a man, I just don't understand men like this.",Reddit,AskWomen,subreddit,AskWomen,mt461le,1kp533g,Classic_Bee_5845,3,1747659885.0,0,0,/r/AskWomen/comments/1kp533g/whats_something_a_man_did_that_instantly_made_you/mt461le/,pullpush,women_relevant,1,2026-06-20T07:57:43.994498
"Have you asked them to check for polyps? I was also a very heavy bleeder with PCOS. Once my period lasted about 6 months and finally the doctor did a procedure, forget what it’s called, but they basically extend your uterus, and they found about 8 polyps that were detaching and causing all the bleeding. They did a d&c and cleaned me out. After that my periods are still long but so much lighter. 

Also, for those that don’t know polyps are like skin tags in the uterus.",Reddit,AskWomen,subreddit,AskWomen,mt461gd,1kporfp,donna_fer,2,1747659883.0,0,0,/r/AskWomen/comments/1kporfp/pad_or_tampons_at_night_and_why/mt461gd/,pullpush,women_relevant,1,2026-06-20T07:57:43.994503
"Cooking is at 7 in average as in with soups and vegetables I can bring in a solid 8, but with meats and sauces I am 6 maybe.
Prepping, storing and overall hygiene is also at 7 but I am not confident enough to cook for someone with serious allergies as I am not used to it.
Baking is also somewhere 7
Plating is... -2. I am at that point in my life that I had to made peace with the fact that pretty tableware will be my saviours",Reddit,AskWomen,subreddit,AskWomen,mt45u5s,1kpjs51,Project_abandoner,1,1747659806.0,0,0,/r/AskWomen/comments/1kpjs51/how_would_you_describe_and_rate_your_cooking/mt45u5s/,pullpush,women_relevant,1,2026-06-20T07:57:43.994512
"When they become holier than a priest.

Or when the elastic goes or the material becomes too rough, so not very often, just as needed.",Reddit,AskWomen,subreddit,AskWomen,mt45ted,1kpjzwo,Ok_Adeptness_1024,1,1747659799.0,0,0,/r/AskWomen/comments/1kpjzwo/ladieshow_often_do_you_throw_out_your/mt45ted/,pullpush,women_relevant,1,2026-06-20T07:57:43.994541
"In a way, it felt like she liked me only at a distance. I want her to like me as her sister in law as well but it just feels different. It feels as though now any interaction we have is an obligation on her part.",Reddit,AskWomen,subreddit,AskWomen,mt45llm,1kn6b9c,UnpaidIntern19,1,1747659718.0,0,0,/r/AskWomen/comments/1kn6b9c/whats_something_you_lost_that_still_aches_in/mt45llm/,pullpush,women_relevant,1,2026-06-20T07:57:43.994545
"Hello /u/Cygnusorionaries. **Please read this entire message before taking action.**

Your post or comment has been removed because your Reddit Karma is too low to participate on AskWomen. 

You will be able to participate when your Karma has increased, you can do that by participating in good faith in other subreddits that don't have Karma requirements. This action **cannnot be undone** by the moderators.

 **No exceptions to this rule will be granted.** [Click here to read more about Reddit Karma](https://reddit.zendesk.com/hc/en-us/articles/204511829-What-is-karma-), and please also **[read our rules](https://www.reddit.com/r/AskWomen/wiki/rules) before participating**.


*I am a bot, and this action was performed automatically. Please [contact the moderators of this subreddit](/message/compose/?to=/r/AskWomen) if you have any questions or concerns.*",Reddit,AskWomen,subreddit,AskWomen,mt45k3b,1kqb41w,AutoModerator,1,1747659702.0,0,0,/r/AskWomen/comments/1kqb41w/which_bath_body_works_mist_turns_heads_every_time/mt45k3b/,pullpush,women_relevant,1,2026-06-20T07:57:43.994550
"I like going to coffee shops, restaurants, and pubs (not when there's an important match on). Hobbies are reading, writing, playing D&D, wire-wrapping jewellery, playing video games, watching any kind of fiction (anime, cartoons, movies, etc...), and weightlifting. Looking into doing archery.",Reddit,AskWomen,subreddit,AskWomen,mt45bjx,1kqaiib,whyareyoulikethisr3,3,1747659614.0,0,0,/r/AskWomen/comments/1kqaiib/where_do_you_enjoy_going_out_to_and_what_hobbies/mt45bjx/,pullpush,women_relevant,1,2026-06-20T07:57:43.994555
the same thing that makes me not want to eat mouldy food. :),Reddit,AskWomen,subreddit,AskWomen,mt4593q,1knl3jk,marysalad,1,1747659590.0,0,0,/r/AskWomen/comments/1knl3jk/whats_something_that_made_you_not_reach_out_to/mt4593q/,pullpush,women_relevant,1,2026-06-20T07:57:43.994559
"Hello /u/Stdstitest. **Please read this entire message before taking action.**

Your post or comment has been removed because your Reddit Karma is too low to participate on AskWomen. 

You will be able to participate when your Karma has increased, you can do that by participating in good faith in other subreddits that don't have Karma requirements. This action **cannnot be undone** by the moderators.

 **No exceptions to this rule will be granted.** [Click here to read more about Reddit Karma](https://reddit.zendesk.com/hc/en-us/articles/204511829-What-is-karma-), and please also **[read our rules](https://www.reddit.com/r/AskWomen/wiki/rules) before participating**.


*I am a bot, and this action was performed automatically. Please [contact the moderators of this subreddit](/message/compose/?to=/r/AskWomen) if you have any questions or concerns.*",Reddit,AskWomen,subreddit,AskWomen,mt457hz,1kqb28u,AutoModerator,1,1747659573.0,0,0,/r/AskWomen/comments/1kqb28u/why_im_married_and_im_still_tested_positive_for/mt457hz/,pullpush,women_relevant,1,2026-06-20T07:57:43.994564
I like going for nature swims and also second hand book stores 😍,Reddit,AskWomen,subreddit,AskWomen,mt456bg,1kqaiib,mariavancex,3,1747659561.0,0,0,/r/AskWomen/comments/1kqaiib/where_do_you_enjoy_going_out_to_and_what_hobbies/mt456bg/,pullpush,women_relevant,1,2026-06-20T07:57:43.994569
"I go to the gym a lot, farmers markets every weekend. I go kayaking as well 😊",Reddit,AskWomen,subreddit,AskWomen,mt45373,1kqaiib,thegenericequivalent,6,1747659530.0,0,0,/r/AskWomen/comments/1kqaiib/where_do_you_enjoy_going_out_to_and_what_hobbies/mt45373/,pullpush,women_relevant,1,2026-06-20T07:57:43.994573
"Hello /u/Ill_Investigator6883. Thank you for participating in /r/AskWomen. **Please read this entire message before taking action.**

This post has been removed as AskWomen does not allow posts about personal situations, advice or recommendations of any kind. This sub is about receiving answers from the community about *their own* opinions and experiences, so posts also cannot include your own answer or commentary. Posts that are undistinguishable from personal situations are not permitted.

You can always go to /r/findareddit if you don’t know where else to go.  Please remember to read the rules of any subreddit you go to.  

Have questions about this moderator action? See the [AskWomen rules](http://www.reddit.com/r/askwomen/wiki/rules).

If you need assistance, first **copy a link to your removed post or comment** and then paste it in a message to the mod team [clicking here](http://www.reddit.com/message/compose/?to=/r/AskWomen&subject=Why+was+this+removed). We will not reply to messages without a link for review. DO NOT contact moderators privately. 


*I am a bot, and this action was performed automatically. Please [contact the moderators of this subreddit](/message/compose/?to=/r/AskWomen) if you have any questions or concerns.*",Reddit,AskWomen,subreddit,AskWomen,mt452hj,1kqb1md,AutoModerator,1,1747659523.0,0,0,/r/AskWomen/comments/1kqb1md/strictly_for_women_only_how_to_deal_with_periods/mt452hj/,pullpush,women_relevant,1,2026-06-20T07:57:43.994578
"I don't enjoy going out much unless it's to a beach, music event, or bookstore lol hobbies are reading, cosplaying, 3D printing, drawing/painting, video games, and watching American football and basketball",Reddit,AskWomen,subreddit,AskWomen,mt450eq,1kqaiib,Forensic_Phoenix,4,1747659501.0,0,0,/r/AskWomen/comments/1kqaiib/where_do_you_enjoy_going_out_to_and_what_hobbies/mt450eq/,pullpush,women_relevant,1,2026-06-20T07:57:43.994582
"Hello /u/Ill_Investigator6883. Your submission has been removed because your title does not include a question mark. **Please see the [AskWomen rules](http://www.reddit.com/r/askwomen/wiki/rules)** to ensure your question is a good fit here, and your title is properly formatted to be a descriptive, open-ended question. 


*I am a bot, and this action was performed automatically. Please [contact the moderators of this subreddit](/message/compose/?to=/r/AskWomen) if you have any questions or concerns.*",Reddit,AskWomen,subreddit,AskWomen,mt44y05,1kqb12y,AutoModerator,1,1747659477.0,0,0,/r/AskWomen/comments/1kqb12y/strictly_for_women_only_how_to_deal_with_periods/mt44y05/,pullpush,women_relevant,1,2026-06-20T07:57:43.994590
"Hello /u/SoftLoop. **Please read this entire message before taking action.**

Your post or comment has been removed because your Reddit Karma is too low to participate on AskWomen. 

You will be able to participate when your Karma has increased, you can do that by participating in good faith in other subreddits that don't have Karma requirements. This action **cannot be undone** by the moderators.

 **No exceptions to this rule will be granted.** [Click here to read more about Reddit Karma](https://reddit.zendesk.com/hc/en-us/articles/204511829-What-is-karma-), and please also **[read our rules](https://www.reddit.com/r/AskWomen/wiki/rules) before participating**.


*I am a bot, and this action was performed automatically. Please [contact the moderators of this subreddit](/message/compose/?to=/r/AskWomen) if you have any questions or concerns.*",Reddit,AskWomen,subreddit,AskWomen,mt44x8m,1kqaiib,AutoModerator,1,1747659469.0,0,0,/r/AskWomen/comments/1kqaiib/where_do_you_enjoy_going_out_to_and_what_hobbies/mt44x8m/,pullpush,women_relevant,1,2026-06-20T07:57:43.994595
"Hello /u/Stdstitest. **Please read this entire message before taking action.**

Your post or comment has been removed because your Reddit Karma is too low to participate on AskWomen. 

You will be able to participate when your Karma has increased, you can do that by participating in good faith in other subreddits that don't have Karma requirements. This action **cannnot be undone** by the moderators.

 **No exceptions to this rule will be granted.** [Click here to read more about Reddit Karma](https://reddit.zendesk.com/hc/en-us/articles/204511829-What-is-karma-), and please also **[read our rules](https://www.reddit.com/r/AskWomen/wiki/rules) before participating**.


*I am a bot, and this action was performed automatically. Please [contact the moderators of this subreddit](/message/compose/?to=/r/AskWomen) if you have any questions or concerns.*",Reddit,AskWomen,subreddit,AskWomen,mt44seg,1kqb0dt,AutoModerator,1,1747659420.0,0,0,/r/AskWomen/comments/1kqb0dt/why_im_married_and_im_still_tested_positive_for/mt44seg/,pullpush,women_relevant,1,2026-06-20T07:57:43.994604
How sad. My heart breaks for you! It's a terrible feeling being trapped. I don't understand any organization wanting to keep people down. Of course you would want the support of your family and I hope someday you get that support and love.,Reddit,AskWomen,subreddit,AskWomen,mt44p5u,1kpfi55,shannon0227,1,1747659386.0,0,0,/r/AskWomen/comments/1kpfi55/whats_stopping_you_from_living_the_life_that_you/mt44p5u/,pullpush,women_relevant,1,2026-06-20T07:57:43.994609
"Hello /u/otvuniotvud. Thank you for participating in /r/AskWomen. **Please read this entire message before taking action.**

Your submission has been removed, because your account does not have a verified email. **No exceptions will be granted**.

You can verify your email address on the [Reddit Preferences page](https://www.reddit.com/prefs/update/), and if you have any issues with verification please contact reddit support at /r/help. **Subreddit moderators do not have the tools to aid with verification**, so please ignore the bot in italics below, do not message the mod team about this as we have no way of helping you.


*I am a bot, and this action was performed automatically. Please [contact the moderators of this subreddit](/message/compose/?to=/r/AskWomen) if you have any questions or concerns.*",Reddit,AskWomen,subreddit,AskWomen,mt44m5e,1kpmsn4,AutoModerator,1,1747659355.0,0,0,/r/AskWomen/comments/1kpmsn4/what_has_been_your_experience_of_skinny_shaming/mt44m5e/,pullpush,women_relevant,1,2026-06-20T07:57:43.994614
"I have a particularly annoying colleague (overweight) who goes on about my weight a lot so every time she did it I started throwing it back to her in reverse - Her: ""You should eat a pizza, you're too thin!"" Me: ""You should stop eating pizzas, you're too fat!"" I did it in front of someone else once and they gasped in shock that I would say such a thing",Reddit,AskWomen,subreddit,AskWomen,mt44edg,1kpmsn4,flanface87,2,1747659274.0,0,0,/r/AskWomen/comments/1kpmsn4/what_has_been_your_experience_of_skinny_shaming/mt44edg/,pullpush,women_relevant,1,2026-06-20T07:57:43.994622
Wearing makeup everyday,Reddit,AskWomen,subreddit,AskWomen,mt44d9c,1kpj4qw,gfftjs,1,1747659262.0,0,0,/r/AskWomen/comments/1kpj4qw/whats_something_you_quietly_stopped_doing_that/mt44d9c/,pullpush,women_relevant,1,2026-06-20T07:57:43.994626
Wearing makeup everyday,Reddit,AskWomen,subreddit,AskWomen,mt44cuc,1kpj4qw,gfftjs,1,1747659257.0,0,0,/r/AskWomen/comments/1kpj4qw/whats_something_you_quietly_stopped_doing_that/mt44cuc/,pullpush,women_relevant,1,2026-06-20T07:57:43.994631
The best kitchenhand knows how to keep the cook company and knows when to fill their glass! :D,Reddit,AskWomen,subreddit,AskWomen,mt4487i,1kpjs51,Project_abandoner,1,1747659209.0,0,0,/r/AskWomen/comments/1kpjs51/how_would_you_describe_and_rate_your_cooking/mt4487i/,pullpush,women_relevant,1,2026-06-20T07:57:43.994638
"I like shopping, doesnt rlly matter what. Shoes, clothes, books, movies, art supplies, etc. I could spend hours at a michaels.",Reddit,AskWomen,subreddit,AskWomen,mt446ak,1kqaiib,SCCKZY27,1,1747659190.0,0,0,/r/AskWomen/comments/1kqaiib/where_do_you_enjoy_going_out_to_and_what_hobbies/mt446ak/,pullpush,women_relevant,1,2026-06-20T07:57:43.994643
"I don\`t like to interact with children. I just try to move quietly away.

Also big parties and then somebody brings your ex there and people expect you to tolerate him or her. 

Hugs instead of handshakes or waving. I don\`t like being hugged. Except my bf.",Reddit,AskWomen,subreddit,AskWomen,mt444om,1kq6eqv,Kakashisith,21,1747659174.0,0,0,/r/AskWomen/comments/1kq6eqv/what_are_some_kind_gestures_or_social_norms_that/mt444om/,pullpush,women_relevant,1,2026-06-20T07:57:43.994648
It literally gave me my life back.,Reddit,AskWomen,subreddit,AskWomen,mt443os,1kq9k9j,indicatprincess,1,1747659163.0,0,0,/r/AskWomen/comments/1kq9k9j/how_do_you_yield_to_acceptance_without_losing/mt443os/,pullpush,women_relevant,1,2026-06-20T07:57:43.994655
I use layer of folded toilet paper as I find pads too sticky and uncomfortable and not the biggest fan of tampons; and put on boy shorts undies for extra precaution. BUT I am not a heavy bleeder most days so it works for me.,Reddit,AskWomen,subreddit,AskWomen,mt43ykv,1kporfp,sneakyminxx,1,1747659110.0,0,0,/r/AskWomen/comments/1kporfp/pad_or_tampons_at_night_and_why/mt43ykv/,pullpush,women_relevant,1,2026-06-20T07:57:43.994660
Me too :(,Reddit,AskWomen,subreddit,AskWomen,mt43wfp,1kp7cds,educated-blckqueen,1,1747659088.0,0,0,/r/AskWomen/comments/1kp7cds/whats_your_male_to_female_friend_ratio/mt43wfp/,pullpush,women_relevant,1,2026-06-20T07:57:43.994665
"Hello /u/Sea_JSH2766. **Please read this entire message before taking action.**

Your post or comment has been removed because your Reddit Karma is too low to participate on AskWomen. 

You will be able to participate when your Karma has increased, you can do that by participating in good faith in other subreddits that don't have Karma requirements. This action **cannnot be undone** by the moderators.

 **No exceptions to this rule will be granted.** [Click here to read more about Reddit Karma](https://reddit.zendesk.com/hc/en-us/articles/204511829-What-is-karma-), and please also **[read our rules](https://www.reddit.com/r/AskWomen/wiki/rules) before participating**.


*I am a bot, and this action was performed automatically. Please [contact the moderators of this subreddit](/message/compose/?to=/r/AskWomen) if you have any questions or concerns.*",Reddit,AskWomen,subreddit,AskWomen,mt43ttp,1kqavzp,AutoModerator,1,1747659061.0,0,0,/r/AskWomen/comments/1kqavzp/how_do_you_grieve_over_never_going_to_be_anyones/mt43ttp/,pullpush,women_relevant,1,2026-06-20T07:57:43.994673
I fcking love Wellbutrin,Reddit,AskWomen,subreddit,AskWomen,mt43tpi,1kq9k9j,kitten3141592,1,1747659060.0,0,0,/r/AskWomen/comments/1kq9k9j/how_do_you_yield_to_acceptance_without_losing/mt43tpi/,pullpush,women_relevant,1,2026-06-20T07:57:43.994677
"Those things aren't mutually exclusive. You accept what you can't control (even if that's temporary) and focus on the things you can. Personally I'm not religious, but this is why I love the serenity prayer- *God, grant me the serenity to accept the things I cannot change, the courage to change the things I can, and the wisdom to know the difference.*

It's a constant practice in seeking the balance and understanding where to focus your energy.",Reddit,AskWomen,subreddit,AskWomen,mt43n7l,1kq9k9j,beingnova,1,1747658993.0,0,0,/r/AskWomen/comments/1kq9k9j/how_do_you_yield_to_acceptance_without_losing/mt43n7l/,pullpush,women_relevant,1,2026-06-20T07:57:43.994687
"I love going out for walks around NYC, I also enjoy a good coffee with some pastry. My hobbies are working out, reading and cooking.",Reddit,AskWomen,subreddit,AskWomen,mt43n5u,1kqaiib,bitter_sweet9798,2,1747658993.0,0,0,/r/AskWomen/comments/1kqaiib/where_do_you_enjoy_going_out_to_and_what_hobbies/mt43n5u/,pullpush,women_relevant,1,2026-06-20T07:57:43.994691
I've been using tampons day and night for years 😬,Reddit,AskWomen,subreddit,AskWomen,mt43gyw,1kporfp,RebecaHelenaPearson,1,1747658929.0,0,0,/r/AskWomen/comments/1kporfp/pad_or_tampons_at_night_and_why/mt43gyw/,pullpush,women_relevant,1,2026-06-20T07:57:43.994696
"approximately:

 one shelf of unmentionables

one shelf of condiments

one shelf of fresh-enough fruit, veg, protein.

one mystery saucepan

door contains: more condiments, milk, wine. 

the only organised space in the fridge is the little covered dairy drawer in the door (cheese / butter) and (actual fridge LPT) - a lazy Susan on the condiment shelf to store most of the jars. It's just a cheap clear plastic one about 10 inches diameter.",Reddit,AskWomen,subreddit,AskWomen,mt43d5i,1kpb8r5,marysalad,1,1747658889.0,0,0,/r/AskWomen/comments/1kpb8r5/women_who_tend_to_have_object_impermanence_with/mt43d5i/,pullpush,women_relevant,1,2026-06-20T07:57:43.994705
I’m an AP Billing Supervisor,Reddit,AskWomen,subreddit,AskWomen,mt42u4p,1kq3pda,paisley201,1,1747658687.0,0,0,/r/AskWomen/comments/1kq3pda/what_do_you_do_for_a_living/mt42u4p/,pullpush,women_relevant,1,2026-06-20T07:57:43.994710
"I would tell myself it's ok to be alone. I don't always need someone around, enjoy doing things on my own.",Reddit,AskWomen,subreddit,AskWomen,mt42tu1,1ko6va0,shannon0227,1,1747658684.0,0,0,/r/AskWomen/comments/1ko6va0/if_you_could_go_back_to_being_24_what_would_you/mt42tu1/,pullpush,women_relevant,1,2026-06-20T07:57:43.994715
Self negative talk,Reddit,AskWomen,subreddit,AskWomen,mt42rmt,1kpdxm0,Ghoomiwaaliladki,1,1747658661.0,0,0,/r/AskWomen/comments/1kpdxm0/what_is_your_biggest_regret_in_life/mt42rmt/,pullpush,women_relevant,1,2026-06-20T07:57:43.994719
"I help academics develop their subjects for students. I try to teach them good practices, improve their courses where I can, and make the online learning space more accessible for students. My education was really beneficial for me, and I want to pay that forward for as many people as I can. I work for a university in Australia, the cost and culture around university is a bit different here than the states.",Reddit,AskWomen,subreddit,AskWomen,mt42ncm,1kq3pda,looking-out,1,1747658616.0,0,0,/r/AskWomen/comments/1kq3pda/what_do_you_do_for_a_living/mt42ncm/,pullpush,women_relevant,1,2026-06-20T07:57:43.994724
"I accept things beyond my control.

I will do what I can and what with things within my control. 

  
Example:

It's raining cats and dogs at 5am,.. makes me want to be lazy and not do my daily run. 

I cannot control the weather, but I can control whether I run or not. And if I choose to run, I will accept that it might be a miserable run, but to a degree I can still control and manage my attitude and outlook on going for this wet run.

You can google ""**external and internal locus of control**""",Reddit,AskWomen,subreddit,AskWomen,mt42n5f,1kq9k9j,ladylemondrop209,1,1747658614.0,0,0,/r/AskWomen/comments/1kq9k9j/how_do_you_yield_to_acceptance_without_losing/mt42n5f/,pullpush,women_relevant,1,2026-06-20T07:57:43.994728
"Hello /u/usuallando. Thank you for participating in /r/AskWomen. **Please read this entire message before taking action.**

Your submission has been removed, because your account does not have a verified email. **No exceptions will be granted**.

You can verify your email address on the [Reddit Preferences page](https://www.reddit.com/prefs/update/), and if you have any issues with verification please contact reddit support at /r/help. **Subreddit moderators do not have the tools to aid with verification**, so please ignore the bot in italics below, do not message the mod team about this as we have no way of helping you.


*I am a bot, and this action was performed automatically. Please [contact the moderators of this subreddit](/message/compose/?to=/r/AskWomen) if you have any questions or concerns.*",Reddit,AskWomen,subreddit,AskWomen,mt42eeo,1kpmsn4,AutoModerator,1,1747658522.0,0,0,/r/AskWomen/comments/1kpmsn4/what_has_been_your_experience_of_skinny_shaming/mt42eeo/,pullpush,women_relevant,1,2026-06-20T07:57:43.994733
I’m a figure skater and love going to the rink because all my friends are there (it’s a very social sport and I didn’t realize that),Reddit,AskWomen,subreddit,AskWomen,mt42e42,1kqaiib,kitten3141592,1,1747658519.0,0,0,/r/AskWomen/comments/1kqaiib/where_do_you_enjoy_going_out_to_and_what_hobbies/mt42e42/,pullpush,women_relevant,1,2026-06-20T07:57:43.994738
Being diagnosed with a major depressive disorder means I need some extra help. So I take Wellbutrin for that.,Reddit,AskWomen,subreddit,AskWomen,mt42dps,1kq9k9j,indicatprincess,1,1747658515.0,0,0,/r/AskWomen/comments/1kq9k9j/how_do_you_yield_to_acceptance_without_losing/mt42dps/,pullpush,women_relevant,1,2026-06-20T07:57:43.994742
Quit wow after like 16 years. And finally the devil inside my brain stopped telling me Im not good enough (compared to a random stranger who does  something more difficult) My mental health has improved so much from quitting I feel like a new person,Reddit,AskWomen,subreddit,AskWomen,mt42afk,1kpj4qw,Aromatic_Version_117,0,1747658479.0,0,0,/r/AskWomen/comments/1kpj4qw/whats_something_you_quietly_stopped_doing_that/mt42afk/,pullpush,women_relevant,1,2026-06-20T07:57:43.994747
"A belief in god. I don’t know if I ever held on to it strongly really, but it used to be there.",Reddit,AskWomen,subreddit,AskWomen,mt4288m,1kq207u,freckyfresh,1,1747658456.0,0,0,/r/AskWomen/comments/1kq207u/whats_a_belief_you_used_to_hold_strongly_but_have/mt4288m/,pullpush,women_relevant,1,2026-06-20T07:57:43.994753
"I was once in park, jogging or walking I don’t remember but there was this man just staring at my breasts continuously and kept coming to me. That really terrified me",Reddit,AskWomen,subreddit,AskWomen,mt426tw,1kp533g,Ghoomiwaaliladki,1,1747658442.0,0,0,/r/AskWomen/comments/1kp533g/whats_something_a_man_did_that_instantly_made_you/mt426tw/,pullpush,women_relevant,1,2026-06-20T07:57:43.994758
I love shopping for books and going to the library.,Reddit,AskWomen,subreddit,AskWomen,mt422z3,1kqaiib,indicatprincess,16,1747658400.0,0,0,/r/AskWomen/comments/1kqaiib/where_do_you_enjoy_going_out_to_and_what_hobbies/mt422z3/,pullpush,women_relevant,1,2026-06-20T07:57:43.994763
I'm as a Accounting working in  a small company.,Reddit,AskWomen,subreddit,AskWomen,mt420ny,1kq3pda,Quick_Combination669,1,1747658375.0,0,0,/r/AskWomen/comments/1kq3pda/what_do_you_do_for_a_living/mt420ny/,pullpush,women_relevant,1,2026-06-20T07:57:43.994767
"Hello /u/TotallyMentos. Thank you for participating in /r/AskWomen. **Please read this entire message before taking action.**

This post has been removed as AskWomen does not allow posts about personal situations, advice or recommendations of any kind. This sub is about receiving answers from the community about *their own* opinions and experiences, so posts also cannot include your own answer or commentary. Posts that are undistinguishable from personal situations are not permitted.

You can always go to /r/findareddit if you don’t know where else to go.  Please remember to read the rules of any subreddit you go to.  

Have questions about this moderator action? See the [AskWomen rules](http://www.reddit.com/r/askwomen/wiki/rules).

If you need assistance, first **copy a link to your removed post or comment** and then paste it in a message to the mod team [clicking here](http://www.reddit.com/message/compose/?to=/r/AskWomen&subject=Why+was+this+removed). We will not reply to messages without a link for review. DO NOT contact moderators privately. 


*I am a bot, and this action was performed automatically. Please [contact the moderators of this subreddit](/message/compose/?to=/r/AskWomen) if you have any questions or concerns.*",Reddit,AskWomen,subreddit,AskWomen,mt41vlw,1kqamw7,AutoModerator,1,1747658322.0,0,0,/r/AskWomen/comments/1kqamw7/what_are_your_most_creative_ways_to_scare_creepy/mt41vlw/,pullpush,women_relevant,1,2026-06-20T07:57:43.994772
To bend at the knees.,Reddit,AskWomen,subreddit,AskWomen,mt41t1s,1kq0d4y,Electrical_Gas_517,3,1747658295.0,0,0,/r/AskWomen/comments/1kq0d4y/what_was_something_that_you_learnt_about_handling/mt41t1s/,pullpush,women_relevant,1,2026-06-20T07:57:43.994776
"I think I have some makeup that's about 25 years old but it's definitely not lipstick (rancid) or mascara (dust), also I probably wouldn't be thinking of that if I had to hit the road with just a backpack sooo",Reddit,AskWomen,subreddit,AskWomen,mt41pd7,1kpp7gq,marysalad,1,1747658255.0,0,0,/r/AskWomen/comments/1kpp7gq/how_important_is_makeup_in_the_apocalypse/mt41pd7/,pullpush,women_relevant,1,2026-06-20T07:57:43.994781
"The amount of times I’m being offered a million drinks when I don’t want one is kinda crazy. 

“Cup of tea?” 
No thank you. ☺️
“Coffee? We have regular or decaf?” 
No, that’s okay. 😊
“We have juice as well if you want” 
I’m okay. 🙂
“Or some sparkling water? Ben bought some yesterday” 
I’m not thirsty, it’s fine. 🙃
“Are you sure? We have some sodas in the fridge” 
No, I’m good. 
“Let me check what sodas we have. We have an orange one? Would you like that? 
No thanks, I’m okay. 
“Or there’s a fun smoothie with blueberries in it. You fancy that? 

🫠🫠🫠🫠🫠🫠🫠🫠🫠🫠

I don’t want a drink, please let me move on.",Reddit,AskWomen,subreddit,AskWomen,mt41kjm,1kq6eqv,thanarealnobody,38,1747658203.0,0,0,/r/AskWomen/comments/1kq6eqv/what_are_some_kind_gestures_or_social_norms_that/mt41kjm/,pullpush,women_relevant,1,2026-06-20T07:57:43.994785
Money,Reddit,AskWomen,subreddit,AskWomen,mt41jir,1kpfi55,pralinesundaes,1,1747658191.0,0,0,/r/AskWomen/comments/1kpfi55/whats_stopping_you_from_living_the_life_that_you/mt41jir/,pullpush,women_relevant,1,2026-06-20T07:57:43.994789
quantitative analyst,Reddit,AskWomen,subreddit,AskWomen,mt41ghk,1kq3pda,scigscscovy,1,1747658158.0,0,0,/r/AskWomen/comments/1kq3pda/what_do_you_do_for_a_living/mt41ghk/,pullpush,women_relevant,1,2026-06-20T07:57:43.994794
I'm still trying to understand the sisters lusting after big brother trope...is that a big thing in Japan?,Reddit,AskWomen,subreddit,AskWomen,mt4151x,1kphbe8,Classic_Bee_5845,1,1747658034.0,0,0,/r/AskWomen/comments/1kphbe8/what_do_you_think_of_woman_sexualization_in/mt4151x/,pullpush,women_relevant,1,2026-06-20T07:57:43.994798
MeN can Be AfRaId oh stfu dude,Reddit,AskWomen,subreddit,AskWomen,mt414av,1kp533g,yours_truly_1976,4,1747658026.0,0,0,/r/AskWomen/comments/1kp533g/whats_something_a_man_did_that_instantly_made_you/mt414av/,pullpush,women_relevant,1,2026-06-20T07:57:43.994803
Still experiencing it with my family and it’s gotten worse now that I’m vegetarian,Reddit,AskWomen,subreddit,AskWomen,mt40rxo,1kpmsn4,LongjumpingSpot2966,0,1747657887.0,0,0,/r/AskWomen/comments/1kpmsn4/what_has_been_your_experience_of_skinny_shaming/mt40rxo/,pullpush,women_relevant,1,2026-06-20T07:57:43.994807
When I’m waiting to cross the street and a car just stops in the middle of the road for me even though it’s not a crosswalk. Like great now I get to have this spotlight on me as I cross the street when you could have just kept going,Reddit,AskWomen,subreddit,AskWomen,mt40q72,1kq6eqv,yuhkih,1,1747657868.0,0,0,/r/AskWomen/comments/1kq6eqv/what_are_some_kind_gestures_or_social_norms_that/mt40q72/,pullpush,women_relevant,1,2026-06-20T07:57:43.994811
I have way more friends that are women because ime most men have ulterior motives. I’m married so if men want to be in my social circle they can primarily be my husband’s friend.,Reddit,AskWomen,subreddit,AskWomen,mt40ppq,1kp7cds,goldandjade,2,1747657863.0,0,0,/r/AskWomen/comments/1kp7cds/whats_your_male_to_female_friend_ratio/mt40ppq/,pullpush,women_relevant,1,2026-06-20T07:57:43.994816
Love it!,Reddit,AskWomen,subreddit,AskWomen,mt40oau,1knx5al,ReferenceMuch2193,1,1747657847.0,0,0,/r/AskWomen/comments/1knx5al/what_is_something_that_happens_daily_that_makes/mt40oau/,pullpush,women_relevant,1,2026-06-20T07:57:43.994820
Neither. Pixie cup for me!,Reddit,AskWomen,subreddit,AskWomen,mt40mms,1kporfp,lilfurrykewtie,1,1747657828.0,0,0,/r/AskWomen/comments/1kporfp/pad_or_tampons_at_night_and_why/mt40mms/,pullpush,women_relevant,1,2026-06-20T07:57:43.994824
"Hello /u/MaGGdaM. Thank you for participating in /r/AskWomen. **Please read this entire message before taking action.**

This post has been removed as AskWomen does not allow posts about personal situations, advice or recommendations of any kind. This sub is about receiving answers from the community about *their own* opinions and experiences, so posts also cannot include your own answer or commentary. Posts that are undistinguishable from personal situations are not permitted.

You can always go to /r/findareddit if you don’t know where else to go.  Please remember to read the rules of any subreddit you go to.  

Have questions about this moderator action? See the [AskWomen rules](http://www.reddit.com/r/askwomen/wiki/rules).

If you need assistance, first **copy a link to your removed post or comment** and then paste it in a message to the mod team [clicking here](http://www.reddit.com/message/compose/?to=/r/AskWomen&subject=Why+was+this+removed). We will not reply to messages without a link for review. DO NOT contact moderators privately. 


*I am a bot, and this action was performed automatically. Please [contact the moderators of this subreddit](/message/compose/?to=/r/AskWomen) if you have any questions or concerns.*",Reddit,AskWomen,subreddit,AskWomen,mt4023q,1kqae4e,AutoModerator,1,1747657602.0,0,0,/r/AskWomen/comments/1kqae4e/summer_shoes_when_you_hate_showing_your_feet/mt4023q/,pullpush,women_relevant,1,2026-06-20T07:57:43.994828
I wear women’s boxers and they are fantastic. Like shorts but with a gusset like underwear.,Reddit,AskWomen,subreddit,AskWomen,mt4012t,1kporfp,Greengage1,1,1747657591.0,0,0,/r/AskWomen/comments/1kporfp/pad_or_tampons_at_night_and_why/mt4012t/,pullpush,women_relevant,1,2026-06-20T07:57:43.994832
"Hello /u/Lifes_Solutions. **Please read this entire message before taking action.**

Your post or comment has been removed because your Reddit Karma is too low to participate on AskWomen. 

You will be able to participate when your Karma has increased, you can do that by participating in good faith in other subreddits that don't have Karma requirements. This action **cannnot be undone** by the moderators.

 **No exceptions to this rule will be granted.** [Click here to read more about Reddit Karma](https://reddit.zendesk.com/hc/en-us/articles/204511829-What-is-karma-), and please also **[read our rules](https://www.reddit.com/r/AskWomen/wiki/rules) before participating**.


*I am a bot, and this action was performed automatically. Please [contact the moderators of this subreddit](/message/compose/?to=/r/AskWomen) if you have any questions or concerns.*",Reddit,AskWomen,subreddit,AskWomen,mt3zyd3,1kqadmu,AutoModerator,1,1747657560.0,0,0,/r/AskWomen/comments/1kqadmu/why_is_sexting_another_person_while_in_a/mt3zyd3/,pullpush,women_relevant,1,2026-06-20T07:57:43.994835
"Hello /u/MaGGdaM. Your submission has been removed because your title does not include a question mark. **Please see the [AskWomen rules](http://www.reddit.com/r/askwomen/wiki/rules)** to ensure your question is a good fit here, and your title is properly formatted to be a descriptive, open-ended question. 


*I am a bot, and this action was performed automatically. Please [contact the moderators of this subreddit](/message/compose/?to=/r/AskWomen) if you have any questions or concerns.*",Reddit,AskWomen,subreddit,AskWomen,mt3zvyd,1kqadbt,AutoModerator,1,1747657534.0,0,0,/r/AskWomen/comments/1kqadbt/summer_shoes_when_you_hate_showing_your_feet/mt3zvyd/,pullpush,women_relevant,1,2026-06-20T07:57:43.994839
Talked about going out with his brother and killing street cats. I had to shuffle my way to another country!,Reddit,AskWomen,subreddit,AskWomen,mt3zvi7,1kp533g,throwokcjerks,2,1747657529.0,0,0,/r/AskWomen/comments/1kp533g/whats_something_a_man_did_that_instantly_made_you/mt3zvi7/,pullpush,women_relevant,1,2026-06-20T07:57:43.994842
"I used to think that getting married was for suckers. let alone having children. I kind of use(d) the Socratic method to work out why I was so violently opposed to the concept. Now I am mostly neutral / leaning towards Groucho Marx's position: ""Marriage is a wonderful institution! But who wants to be in an institution?"" So, that.",Reddit,AskWomen,subreddit,AskWomen,mt3zu6c,1kq207u,marysalad,1,1747657514.0,0,0,/r/AskWomen/comments/1kq207u/whats_a_belief_you_used_to_hold_strongly_but_have/mt3zu6c/,pullpush,women_relevant,1,2026-06-20T07:57:43.994846
"Hello, /u/SeriousEye5864!  **Please read this entire message before taking action.**

Your comment has been removed:

Gendered slurs are strictly scrutinized; please see our [gendered slurs policy guide.](http://www.reddit.com/r/askwomen/w/genderedslurs)  
If you edit your comment, let us know and it may be reinstated. 



Have questions about this moderator action? See the [AskWomen rules](http://www.reddit.com/r/askwomen/wiki/rules).

If you need assistance, first **copy a link to your removed post or comment** and then paste it in a message to the mod team [clicking here](http://www.reddit.com/message/compose/?to=/r/AskWomen&subject=Why+was+this+removed). We will not reply to messages without a link for review. DO NOT contact moderators privately. 


[AskWomen rules](http://www.reddit.com/r/askwomen/wiki/rules) | [AskWomen FAQ](http://www.reddit.com/r/askwomen/wiki/index)  
[reddit rules](http://www.reddit.com/rules/) | [reddiquette](http://www.reddit.com/wiki/reddiquette)",Reddit,AskWomen,subreddit,AskWomen,mt3zp7n,1kp533g,AskWomen-ModTeam,1,1747657459.0,0,0,/r/AskWomen/comments/1kp533g/whats_something_a_man_did_that_instantly_made_you/mt3zp7n/,pullpush,women_relevant,1,2026-06-20T07:57:43.994849
"Hello, /u/Altril2010!  **Please read this entire message before taking action.**

Your comment has been removed:

Removed for casual or inappropriate usage of mental health related terms or diagnostic labels. Please do not speculate, armchair diagnose, or label other people's mental health situations; or use terms for mental health issues as judgments, slurs, or synonyms for toxic/abusive behaviour even when talking about yourself. 

Please [click here](https://www.reddit.com/r/AskWomen/comments/nswcxs/update_supplementary_rules_for_thersday_here_to/) for clarification regarding this rule.

**If you're referring to someone (yourself or others) who has been formally diagnosed by a medical professional, please make sure your comment reflects that.** Let us know once you’ve made the requested changes and your content may be reinstated.




Have questions about this moderator action? See the [AskWomen rules](http://www.reddit.com/r/askwomen/wiki/rules).

If you need assistance, first **copy a link to your removed post or comment** and then paste it in a message to the mod team [clicking here](http://www.reddit.com/message/compose/?to=/r/AskWomen&subject=Why+was+this+removed). We will not reply to messages without a link for review. DO NOT contact moderators privately. 


[AskWomen rules](http://www.reddit.com/r/askwomen/wiki/rules) | [AskWomen FAQ](http://www.reddit.com/r/askwomen/wiki/index)  
[reddit rules](http://www.reddit.com/rules/) | [reddiquette](http://www.reddit.com/wiki/reddiquette)",Reddit,AskWomen,subreddit,AskWomen,mt3zmp2,1kq3pda,AskWomen-ModTeam,2,1747657431.0,0,0,/r/AskWomen/comments/1kq3pda/what_do_you_do_for_a_living/mt3zmp2/,pullpush,women_relevant,1,2026-06-20T07:57:43.994853
It always feels like a trap to me 😅,Reddit,AskWomen,subreddit,AskWomen,mt3zkvx,1kq6eqv,smolperson,1,1747657411.0,0,0,/r/AskWomen/comments/1kq6eqv/what_are_some_kind_gestures_or_social_norms_that/mt3zkvx/,pullpush,women_relevant,1,2026-06-20T07:57:43.994856
I think you can say no! If you say “I just had one on the way over” no one blinks twice,Reddit,AskWomen,subreddit,AskWomen,mt3zek4,1kq6eqv,smolperson,1,1747657339.0,0,0,/r/AskWomen/comments/1kq6eqv/what_are_some_kind_gestures_or_social_norms_that/mt3zek4/,pullpush,women_relevant,1,2026-06-20T07:57:43.994860
I finished university about 2 months ago and I'm starting my first lawyer job in June,Reddit,AskWomen,subreddit,AskWomen,mt3zc2j,1kq3pda,JustASomeone1410,4,1747657311.0,0,0,/r/AskWomen/comments/1kq3pda/what_do_you_do_for_a_living/mt3zc2j/,pullpush,women_relevant,1,2026-06-20T07:57:43.994863
Stopped engaging with my mom every time she provokes me to get a reaction and dump her shit on me! It works wonders when you have a toxic mom.,Reddit,AskWomen,subreddit,AskWomen,mt3z61g,1kpj4qw,PotentialPalpitation,2,1747657244.0,0,0,/r/AskWomen/comments/1kpj4qw/whats_something_you_quietly_stopped_doing_that/mt3z61g/,pullpush,women_relevant,1,2026-06-20T07:57:43.994867
"Hello /u/nomorerainbow. **Please read this entire message before taking action.**

Your post or comment has been removed because your Reddit Karma is too low to participate on AskWomen. 

You will be able to participate when your Karma has increased, you can do that by participating in good faith in other subreddits that don't have Karma requirements. This action **cannnot be undone** by the moderators.

 **No exceptions to this rule will be granted.** [Click here to read more about Reddit Karma](https://reddit.zendesk.com/hc/en-us/articles/204511829-What-is-karma-), and please also **[read our rules](https://www.reddit.com/r/AskWomen/wiki/rules) before participating**.


*I am a bot, and this action was performed automatically. Please [contact the moderators of this subreddit](/message/compose/?to=/r/AskWomen) if you have any questions or concerns.*",Reddit,AskWomen,subreddit,AskWomen,mt3z4d7,1kqa9ko,AutoModerator,1,1747657226.0,0,0,/r/AskWomen/comments/1kqa9ko/how_to_fix_my_boobs_problem/mt3z4d7/,pullpush,women_relevant,1,2026-06-20T07:57:43.994874
"Multi-tasking. Doing one thing at a time, really helped!",Reddit,AskWomen,subreddit,AskWomen,mt3yzzt,1kpj4qw,ThatSpunkyHeroine,1,1747657177.0,0,0,/r/AskWomen/comments/1kpj4qw/whats_something_you_quietly_stopped_doing_that/mt3yzzt/,pullpush,women_relevant,1,2026-06-20T07:57:43.994878
Stay home girlfriend,Reddit,AskWomen,subreddit,AskWomen,mt3ybvk,1kq3pda,porcelaindolIy,1,1747656901.0,0,0,/r/AskWomen/comments/1kq3pda/what_do_you_do_for_a_living/mt3ybvk/,pullpush,women_relevant,1,2026-06-20T07:57:43.994882
I own a yoga studio so a combination of teaching and constantly filing paperwork and keeping up with a never ending stream of building maintenance.,Reddit,AskWomen,subreddit,AskWomen,mt3ybqe,1kq3pda,MeditativeMama,5,1747656899.0,0,0,/r/AskWomen/comments/1kq3pda/what_do_you_do_for_a_living/mt3ybqe/,pullpush,women_relevant,1,2026-06-20T07:57:43.994885
"looking after someone else's kids or being the person who drops off containers of home made food when someone is sick, caring for an indefinite time period etc. Especially for adults. I am just really bad at that sort of thing. I hate it. unless the nature of the work is explicitly clear-cut with no scope for slippage, having people depend on me makes me feel like I am drowning Yeah I am probably avoidant",Reddit,AskWomen,subreddit,AskWomen,mt3y7zh,1kq6eqv,marysalad,1,1747656856.0,0,0,/r/AskWomen/comments/1kq6eqv/what_are_some_kind_gestures_or_social_norms_that/mt3y7zh/,pullpush,women_relevant,1,2026-06-20T07:57:43.994889
I’m not hurt you mean nothing to me. I don’t know you.,Reddit,AskWomen,subreddit,AskWomen,mt3y2dk,1kjs64h,Odd_Worth4034,1,1747656791.0,0,0,/r/AskWomen/comments/1kjs64h/how_do_you_know_youre_ready_to_be_in_a/mt3y2dk/,pullpush,women_relevant,1,2026-06-20T07:57:43.994892
"Was walking my aunties dog. Found a trail that I had been before but whilst horse riding. It was off the main trail which was populated and into a heavily wooded area. Looked at the trail map and started walking and noticed a guy a bit behind me. Normally wouldn’t bother me but I noticed he kept watching where I was going, even leant sideways at one point to see where I had turned, and kept speeding up at parts. I managed to get back on the populated trail. He may have just been going for a walk with zero bad intentions but something just got my warning bells ringing.",Reddit,AskWomen,subreddit,AskWomen,mt3xzp1,1kp533g,JadeLogan123,2,1747656761.0,0,0,/r/AskWomen/comments/1kp533g/whats_something_a_man_did_that_instantly_made_you/mt3xzp1/,pullpush,women_relevant,1,2026-06-20T07:57:43.994896
"Giving everyone a chance. I basically learned discernment. If your gut is telling you no, trust it.",Reddit,AskWomen,subreddit,AskWomen,mt3xx8f,1kq207u,UltimatelyExcited,7,1747656732.0,0,0,/r/AskWomen/comments/1kq207u/whats_a_belief_you_used_to_hold_strongly_but_have/mt3xx8f/,pullpush,women_relevant,1,2026-06-20T07:57:43.994899
"Hello /u/MethodResponsible477. **Please read this entire message before taking action.**

Your post or comment has been removed because your Reddit Karma is too low to participate on AskWomen. 

You will be able to participate when your Karma has increased, you can do that by participating in good faith in other subreddits that don't have Karma requirements. This action **cannnot be undone** by the moderators.

 **No exceptions to this rule will be granted.** [Click here to read more about Reddit Karma](https://reddit.zendesk.com/hc/en-us/articles/204511829-What-is-karma-), and please also **[read our rules](https://www.reddit.com/r/AskWomen/wiki/rules) before participating**.


*I am a bot, and this action was performed automatically. Please [contact the moderators of this subreddit](/message/compose/?to=/r/AskWomen) if you have any questions or concerns.*",Reddit,AskWomen,subreddit,AskWomen,mt3xuvl,1kp533g,AutoModerator,1,1747656704.0,0,0,/r/AskWomen/comments/1kp533g/whats_something_a_man_did_that_instantly_made_you/mt3xuvl/,pullpush,women_relevant,1,2026-06-20T07:57:43.994903
"Hello /u/One_Key_2579. Thank you for participating in /r/AskWomen. **Please read this entire message before taking action.**

This post has been removed as AskWomen does not allow posts about personal situations, advice or recommendations of any kind. This sub is about receiving answers from the community about *their own* opinions and experiences, so posts also cannot include your own answer or commentary. Posts that are undistinguishable from personal situations are not permitted.

You can always go to /r/findareddit if you don’t know where else to go.  Please remember to read the rules of any subreddit you go to.  

Have questions about this moderator action? See the [AskWomen rules](http://www.reddit.com/r/askwomen/wiki/rules).

If you need assistance, first **copy a link to your removed post or comment** and then paste it in a message to the mod team [clicking here](http://www.reddit.com/message/compose/?to=/r/AskWomen&subject=Why+was+this+removed). We will not reply to messages without a link for review. DO NOT contact moderators privately. 


*I am a bot, and this action was performed automatically. Please [contact the moderators of this subreddit](/message/compose/?to=/r/AskWomen) if you have any questions or concerns.*",Reddit,AskWomen,subreddit,AskWomen,mt3xn6q,1kqa2io,AutoModerator,1,1747656615.0,0,0,/r/AskWomen/comments/1kqa2io/who_else_i_dont_feel_confident_lifting_my_arms_up/mt3xn6q/,pullpush,women_relevant,1,2026-06-20T07:57:43.994906
"Hello /u/Temporary-Year-2408. **Please read this entire message before taking action.**

Your post or comment has been removed because your Reddit Karma is too low to participate on AskWomen. 

You will be able to participate when your Karma has increased, you can do that by participating in good faith in other subreddits that don't have Karma requirements. This action **cannnot be undone** by the moderators.

 **No exceptions to this rule will be granted.** [Click here to read more about Reddit Karma](https://reddit.zendesk.com/hc/en-us/articles/204511829-What-is-karma-), and please also **[read our rules](https://www.reddit.com/r/AskWomen/wiki/rules) before participating**.


*I am a bot, and this action was performed automatically. Please [contact the moderators of this subreddit](/message/compose/?to=/r/AskWomen) if you have any questions or concerns.*",Reddit,AskWomen,subreddit,AskWomen,mt3xm91,1kpvpg9,AutoModerator,1,1747656604.0,0,0,/r/AskWomen/comments/1kpvpg9/what_is_your_favorite_memory_of_your_dad/mt3xm91/,pullpush,women_relevant,1,2026-06-20T07:57:43.994910
"Heavy bleeder here. I wear a cup, period undies, a super overnight pad and I sleep with a towel under me. It rarely gets past the pad but I'm so done with taking chances. So, pad I guess. But the cup does the main work.",Reddit,AskWomen,subreddit,AskWomen,mt3xiw5,1kporfp,MommyBabu,1,1747656564.0,0,0,/r/AskWomen/comments/1kporfp/pad_or_tampons_at_night_and_why/mt3xiw5/,pullpush,women_relevant,1,2026-06-20T07:57:43.994914
Travel Agent 😊,Reddit,AskWomen,subreddit,AskWomen,mt3xhdo,1kq3pda,Chaoticmindsoftheart,5,1747656547.0,0,0,/r/AskWomen/comments/1kq3pda/what_do_you_do_for_a_living/mt3xhdo/,pullpush,women_relevant,1,2026-06-20T07:57:43.994917
"Hello /u/Practical_Patient_10. **Please read this entire message before taking action.**

Your post or comment has been removed because your Reddit Karma is too low to participate on AskWomen. 

You will be able to participate when your Karma has increased, you can do that by participating in good faith in other subreddits that don't have Karma requirements. This action **cannnot be undone** by the moderators.

 **No exceptions to this rule will be granted.** [Click here to read more about Reddit Karma](https://reddit.zendesk.com/hc/en-us/articles/204511829-What-is-karma-), and please also **[read our rules](https://www.reddit.com/r/AskWomen/wiki/rules) before participating**.


*I am a bot, and this action was performed automatically. Please [contact the moderators of this subreddit](/message/compose/?to=/r/AskWomen) if you have any questions or concerns.*",Reddit,AskWomen,subreddit,AskWomen,mt3xe38,1kpj4qw,AutoModerator,1,1747656508.0,0,0,/r/AskWomen/comments/1kpj4qw/whats_something_you_quietly_stopped_doing_that/mt3xe38/,pullpush,women_relevant,1,2026-06-20T07:57:43.994920
"Those 20 things to get a man to consent to divorce sound like the typical gaslighting methods many men are already in the habit of using. While this is a very serious topic and women in America should be concerned and take action against project 2025, some of those 20 suggestions actually made me laugh out loud. I would hope rational adults wouldn't have to resort to mind games. If one has to report to those types of kind games it must have been a shit marriage to start with.",Reddit,feminism,subreddit,feminism,mt45q87,1kpuia7,bcdog14,10,1747659766.0,0,0,/r/Feminism/comments/1kpuia7/soon_to_be_trapped_in_a_marriage_heres_20/mt45q87/,pullpush,women_relevant,1,2026-06-20T07:57:47.910423
I've personally reported this sub so many times. It's finally banned. They had a different sub before this. They'll probably make another one again.,Reddit,feminism,subreddit,feminism,mt42w16,1kkdvdz,Capital-Result-8497,1,1747658707.0,0,0,/r/Feminism/comments/1kkdvdz/decades_of_fighting_but_in_one_corner_of_reddit/mt42w16/,pullpush,women_relevant,1,2026-06-20T07:57:47.910438
"If you actually look into TERFs beliefs, they are some of the least feminist women on the planet, they are basically pro-patriarchy cus they want men to ""defend"" them from ""evil"" trans people. They get associated with far-right grifters and sometimes even the manosphere.

The oppressors genuinely want women to be terfs as they cause in-fighting amongst the oppressed, it pushes the blame from the patriarchy to trans people instead",Reddit,feminism,subreddit,feminism,mt42nqe,1kpmgg9,Sweet_Detective_,-13,1747658620.0,0,0,/r/Feminism/comments/1kpmgg9/terfs_arent_real_feminists/mt42nqe/,pullpush,women_relevant,1,2026-06-20T07:57:47.910444
"typical opinion by an indian i see lol (im talking about OP not the woman of the article)

I hate all religions as much as the same person (i am exmuslim) but everyone that follows a specific religion is brainwashed to follow it and believe in it, so vilifying an entire religion and community of people is only going to spread more hate and radicalization",Reddit,feminism,subreddit,feminism,mt42n73,1kpu7us,itsjujutsu,42,1747658615.0,0,0,/r/Feminism/comments/1kpu7us/terrorism_will_stay_as_long_as_islam_is_there/mt42n73/,pullpush,women_relevant,1,2026-06-20T07:57:47.910448
"I don't agree, that's not the reason. It's because most men have engaged in predatory behavior, to the point that if you mention it, they will feel like it's about them personally bc deep down they know they have been guilty of it",Reddit,feminism,subreddit,feminism,mt41uxj,1kocg5o,itsjujutsu,2,1747658314.0,0,0,/r/Feminism/comments/1kocg5o/the_reason_men_get_do_defensive_when_talking/mt41uxj/,pullpush,women_relevant,1,2026-06-20T07:57:47.910451
Oh I thought it was 14,Reddit,feminism,subreddit,feminism,mt3z5v7,1kq3yfz,Usual-Ad-2762,1,1747657242.0,0,0,/r/Feminism/comments/1kq3yfz/houston_lawmakers_bill_to_ban_child_marriage/mt3z5v7/,pullpush,women_relevant,1,2026-06-20T07:57:47.910456
This is the way. I think my parents dropped the ball with helping me not be abused but they deffinitly taught my brother to not abuse.,Reddit,feminism,subreddit,feminism,mt3yarl,1kq419t,Tiredaf212,29,1747656888.0,0,0,/r/Feminism/comments/1kq419t/mothers_who_defend_sons_who_have_sexually/mt3yarl/,pullpush,women_relevant,1,2026-06-20T07:57:47.910460
"I don't know all of my abusers mothers but I know two of them.  One was nice and would of helped her son if she knew anything was going on but I think she would be so shocked to know what he did to me because of what he shows to the world. I truly believes he knows what he did to me was wrong but did it anywyas he was an ""aware"" abuser. One of my abusers mom is so enabling and narssasistc so theres that.",Reddit,feminism,subreddit,feminism,mt3y5j9,1kq419t,Tiredaf212,13,1747656828.0,0,0,/r/Feminism/comments/1kq419t/mothers_who_defend_sons_who_have_sexually/mt3y5j9/,pullpush,women_relevant,1,2026-06-20T07:57:47.910464
"Ya I find my ""feminist"" mother and me as a feminist are very different. I find her judgmental of certain types of women.",Reddit,feminism,subreddit,feminism,mt3xsip,1kq419t,Tiredaf212,32,1747656676.0,0,0,/r/Feminism/comments/1kq419t/mothers_who_defend_sons_who_have_sexually/mt3xsip/,pullpush,women_relevant,1,2026-06-20T07:57:47.910468
"Not necesserily. for example, radical feminists tried to make the 4B movement less TERF-infested, sadly they failed.",Reddit,feminism,subreddit,feminism,mt3we5s,1kq2p73,DayOk6350,-7,1747656081.0,0,0,/r/Feminism/comments/1kq2p73/is_radical_feminism_the_same_as_terfism/mt3we5s/,pullpush,women_relevant,1,2026-06-20T07:57:47.910472
"Depends, if you are talking about shia-sunni theology then Yea",Reddit,feminism,subreddit,feminism,mt3wa1g,1kpu7us,I-T-T-I,1,1747656032.0,0,0,/r/Feminism/comments/1kpu7us/terrorism_will_stay_as_long_as_islam_is_there/mt3wa1g/,pullpush,women_relevant,1,2026-06-20T07:57:47.910475
"""Islam is inherently and forever terroristic"" is not ""constructive criticism"" lmfao",Reddit,feminism,subreddit,feminism,mt3vgwz,1kpu7us,LoraxPopularFront,27,1747655684.0,0,0,/r/Feminism/comments/1kpu7us/terrorism_will_stay_as_long_as_islam_is_there/mt3vgwz/,pullpush,women_relevant,1,2026-06-20T07:57:47.910482
An agenda of being anti-theocracy? Wow what a horrible one right?,Reddit,feminism,subreddit,feminism,mt3s5v5,1kpu7us,I-T-T-I,1,1747654211.0,0,0,/r/Feminism/comments/1kpu7us/terrorism_will_stay_as_long_as_islam_is_there/mt3s5v5/,pullpush,women_relevant,1,2026-06-20T07:57:47.910486
"I totally feel you. I went on a date recently that made me uncomfortable in a similar way. Felt like he was trying to project a kind of macho image of himself and a ""good girl"" image onto me. It was all the little things that added up to give that impression. Not to mention he was a big guy. I just felt uncomfortably vulnerable walking next to him. 

Also can't forget when we were sitting out in the city with a drink and one of his students passed us by (he's a teacher). The boy gave him a thumbs up because he was sitting with me. I laughed it off but honestly felt weird about it. Like you said, i don't feel comfortable being someone's proof that they can ""get a girl"". 


I did succeed once in finding a relationship. It was someone i had genuine feelings for and who made me feel respected. Ultimately that's what you want. I'm also on the asexual spectrum though which makes everything ten times more difficult. Sex is a whole other issue i won't get into too much here, but essentially it makes me feel extremely unempowered.",Reddit,feminism,subreddit,feminism,mt3rqed,1kpr81m,nooit_gedacht,9,1747654013.0,0,0,/r/Feminism/comments/1kpr81m/attracted_to_men_but_dating_feels_like_stepping/mt3rqed/,pullpush,women_relevant,1,2026-06-20T07:57:47.910489
? And constructive criticism of Islam is not Islamophobia.,Reddit,feminism,subreddit,feminism,mt3r1sv,1kpu7us,Advanced_Scratch2868,1,1747653694.0,0,0,/r/Feminism/comments/1kpu7us/terrorism_will_stay_as_long_as_islam_is_there/mt3r1sv/,pullpush,women_relevant,1,2026-06-20T07:57:47.910493
"Umm... I don't know how to tell you this. I, a cis woman, buy my own hormones every month. Estrogen and progestogen. To treat my endometriosis. But generally known as a form of birth control.",Reddit,feminism,subreddit,feminism,mt3pvwe,1kpmgg9,Fluffy__demon,1,1747653143.0,0,0,/r/Feminism/comments/1kpmgg9/terfs_arent_real_feminists/mt3pvwe/,pullpush,women_relevant,1,2026-06-20T07:57:47.910497
"Thanks, I am free now I guess.

The only thing that still bothers me is how lenient the justice system was with him. The judge and his defence lawyer seemed to be very sad that “something from his past” had affected his life. What about the lives of the women he abused? What about the partners he lied to who showed up to cry about how awful it is for him to be in jail?

This man has a history of controlling behaviour and violence. I doubt that just shy of 2 years in jail has improved him at all, and I know that the women he is in a relationship with now come from vulnerable backgrounds too. I’ve done all I can, and while he’s banned from contacting me again I worry about the other women he is probably still able to abuse.",Reddit,feminism,subreddit,feminism,mt3onpa,1kq419t,TheSouthsideTrekkie,37,1747652540.0,0,0,/r/Feminism/comments/1kq419t/mothers_who_defend_sons_who_have_sexually/mt3onpa/,pullpush,women_relevant,1,2026-06-20T07:57:47.910501
"It's so incredibly sad, not processing their own trauma and so perpetuating it as a normal part of life.",Reddit,feminism,subreddit,feminism,mt3okio,1kq419t,Witch-Alice,31,1747652495.0,0,0,/r/Feminism/comments/1kq419t/mothers_who_defend_sons_who_have_sexually/mt3okio/,pullpush,women_relevant,1,2026-06-20T07:57:47.910504
"One of the mothers said:

“In my generation, what these girls are going through was never considered assault,” Judith said. “It was considered, ‘I was stupid and I got embarrassed.’ ”

That alone, tells you everything. 

Another one declared herself feminist, that attended to the university in the 70's, during the sexual revolution... Well, this was long ago, the world has changed, we have deconstructed many things that even in your era were normal. I don't know if in all the cases their sons are 100% guilty, but I can see why many of them these acusations have catched them by surpirse, they might even have thought that what they did was OK. And here we have a huge problem, because it is bas if the abuser knows he is abusing, but when tha abuser is obvlivious... this is more tricky.",Reddit,feminism,subreddit,feminism,mt3n48n,1kq419t,sibilina8,1,1747651772.0,0,0,/r/Feminism/comments/1kq419t/mothers_who_defend_sons_who_have_sexually/mt3n48n/,pullpush,women_relevant,1,2026-06-20T07:57:47.910508
Islamophobia is not feminist.,Reddit,feminism,subreddit,feminism,mt3l396,1kpu7us,Jettekladhest,-11,1747650697.0,0,0,/r/Feminism/comments/1kpu7us/terrorism_will_stay_as_long_as_islam_is_there/mt3l396/,pullpush,women_relevant,1,2026-06-20T07:57:47.910512
What is it they say? None of us are free until all of us are free?,Reddit,feminism,subreddit,feminism,mt3l0jo,1kpmgg9,NBLOCM,28,1747650656.0,0,0,/r/Feminism/comments/1kpmgg9/terfs_arent_real_feminists/mt3l0jo/,pullpush,women_relevant,1,2026-06-20T07:57:47.910516
"Short answer: No
Long answer: Also no",Reddit,feminism,subreddit,feminism,mt3knuj,1kq2p73,Ellie_Spitzer2005,6,1747650458.0,0,0,/r/Feminism/comments/1kq2p73/is_radical_feminism_the_same_as_terfism/mt3knuj/,pullpush,women_relevant,1,2026-06-20T07:57:47.910519
"Well if its just for looks it wouldnt be illegal, but insurance wont cover it. i am in the us so thats the country i am speaking on",Reddit,feminism,subreddit,feminism,mt3j03q,1kpmgg9,chronic_pain_goddess,1,1747649515.0,0,0,/r/Feminism/comments/1kpmgg9/terfs_arent_real_feminists/mt3j03q/,pullpush,women_relevant,1,2026-06-20T07:57:47.910523
"I told my sons that they'd be kicked out of my life if I found out they hurt women and children, and I'd call the cops on them too.  This is when they were young teens, and I did this to teach them how extremely evil I found these acts and that they were completely unacceptable in my family.",Reddit,feminism,subreddit,feminism,mt3hgpd,1kq419t,JaneAustinAstronaut,1,1747648615.0,0,0,/r/Feminism/comments/1kq419t/mothers_who_defend_sons_who_have_sexually/mt3hgpd/,pullpush,women_relevant,1,2026-06-20T07:57:47.910526
"Being aware of these dynamics gives you an advantage when it comes to dating.  And you seem to be so this will at least gave you control in how to date him if you decide to do so. Keep your eyes open, ask him questions, if someone is truly engaged, curious and wants to get to know you as a person he will actually want to talk about everything from A to Z. Look at how he interacts with women who he is not romantically interested in. See how he reacts to your doubts. Find out how he is as a person in general. A man that jokes about hurting others or gets joy from seeing people, animals etc get hurt is a big red flag. Cruelty in a man means you are next. Look at how he treated his previous gf's or love interests. Did he respect them even if they didn't work out or if they rejected him. 

I feel part of feminism is to not promote or reward men that do not see us as real humans. If every woman is only looking out for herself than misogyny will always thrive cause men need women and our attention, connection to them means we are helping it stay alive. Support, date and love only men who have shown in multiple ways that they see your humanity first. Ignore the men that don't even if they sound loving, complimentary and supportive. If a man sees your humanity only for the short amount of time when trying to impress the pretty girl he wants than he is not in actuality someone who does.",Reddit,feminism,subreddit,feminism,mt3h5qp,1kpr81m,Saudade_M,7,1747648433.0,0,0,/r/Feminism/comments/1kpr81m/attracted_to_men_but_dating_feels_like_stepping/mt3h5qp/,pullpush,women_relevant,1,2026-06-20T07:57:47.910530
"I am so sorry, you deserve better.",Reddit,feminism,subreddit,feminism,mt3h5o7,1kq419t,DiddlyDoodilyDoh,39,1747648432.0,0,0,/r/Feminism/comments/1kq419t/mothers_who_defend_sons_who_have_sexually/mt3h5o7/,pullpush,women_relevant,1,2026-06-20T07:57:47.910533
"I am so sorry, that is horrible.",Reddit,feminism,subreddit,feminism,mt3gxgk,1kq419t,DiddlyDoodilyDoh,32,1747648295.0,0,0,/r/Feminism/comments/1kq419t/mothers_who_defend_sons_who_have_sexually/mt3gxgk/,pullpush,women_relevant,1,2026-06-20T07:57:47.910537
"&gt;“In my generation, what these girls are going through was never considered assault,” Judith said. “It was considered, ‘I was stupid and I got embarrassed.’ ”

At risk of sounding like an apologist, I do wonder how many of these women were assaulted in their younger years and are emotionally not ready to accept that it was assault. They refuse progress on the issue because that would mean admitting that they are victims themselves. It's not an excuse and I'm not forgiving them for throwing these poor women under the bus for their sons. But I do think it could be a continuation of a cycle of abuse.",Reddit,feminism,subreddit,feminism,mt3fnz5,1kq419t,SpectroSlade,1,1747647525.0,0,0,/r/Feminism/comments/1kq419t/mothers_who_defend_sons_who_have_sexually/mt3fnz5/,pullpush,women_relevant,1,2026-06-20T07:57:47.910541
"I think also one of the biggest issues is women reporting these assaults. I realize now that i have been assaulted/abusedmany times since i was small and also recently, and i have never said anything. Especially if the assault doesn't involve much violence, it's a lot easier to just let it pass unfortunately...",Reddit,feminism,subreddit,feminism,mt3fnvk,1kkg9re,itsjujutsu,1,1747647523.0,0,0,/r/Feminism/comments/1kkg9re/i_think_we_underestimate_the_percentage_of_men/mt3fnvk/,pullpush,women_relevant,1,2026-06-20T07:57:47.910547
"Yeah i think the patriarchal society pushes misogyny into all of us, women or men. That's the society we live in, especially when feminists are vilified and made out to be radicalists.

I used to be proud of thi king or telling people that i wasn't a feminist, that i dont hate men, that i believe they are valuable too blablabla. Until a couple years ago when i started dating and i started realizing and experiencing what women go through on a daily basis. Also on social media i saw how women are treated by men, in various area of life. So all this has opened my eyes and shown me we have to stand together",Reddit,feminism,subreddit,feminism,mt3fala,1kq62s4,itsjujutsu,8,1747647293.0,0,0,/r/Feminism/comments/1kq62s4/feminism_and_age_of_maturity_as_a_feminist/mt3fala/,pullpush,women_relevant,1,2026-06-20T07:57:47.910551
"Radical feminism isn't inherently terf, and a lot of terfs aren't really radical feminists - they just use feminism as a way to justify their bigotry. In my mind, being trans-inclusive is far more radically feminist than being a terf.",Reddit,feminism,subreddit,feminism,mt3f5t9,1kq2p73,SpectroSlade,1,1747647209.0,0,0,/r/Feminism/comments/1kq2p73/is_radical_feminism_the_same_as_terfism/mt3f5t9/,pullpush,women_relevant,1,2026-06-20T07:57:47.910554
"The term TERF was coined by a radfem who was critiquing the transmisogyny of MichFest and its attendees. Radical feminism has a transmisogyny problem, but transmisogynists are not the only radfems. I recommend looking into trans-inclusive radical feminism and especially seeking out radical feminist scholarship written by trans women!",Reddit,feminism,subreddit,feminism,mt3emlx,1kq2p73,christina_talks,1,1747646873.0,0,0,/r/Feminism/comments/1kq2p73/is_radical_feminism_the_same_as_terfism/mt3emlx/,pullpush,women_relevant,1,2026-06-20T07:57:47.910558
"No, it’s not the same. People conflate them because TERFs generally tend to be self identified as radical feminists, but not all radical feminists are TERFs.",Reddit,feminism,subreddit,feminism,mt3e09w,1kq2p73,mrsuranium,30,1747646480.0,0,0,/r/Feminism/comments/1kq2p73/is_radical_feminism_the_same_as_terfism/mt3e09w/,pullpush,women_relevant,1,2026-06-20T07:57:47.910562
To be fair islam is unfairly seen to be anti feminist compared to other religion. Probably it's singled out or just been the perception of many. Honestly even thinking about any Abrahamic religion right now. I could only think of patriarchy and women as second class citizens.,Reddit,feminism,subreddit,feminism,mt3dz9a,1kpu7us,ChicoskiCola,1,1747646462.0,0,0,/r/Feminism/comments/1kpu7us/terrorism_will_stay_as_long_as_islam_is_there/mt3dz9a/,pullpush,women_relevant,1,2026-06-20T07:57:47.910565
"What do you need proof of?

That the women is the only one who can feed a child in the early stage of his/her life?

That women historically had stayed at home leading to a lower socioeconomic status which is the reason why men pay for women?

That females from different species are always selecting the “alpha” male, which in the human species translate to a man who can provide and protect? (I know women not only look for this in a partner) 

The fact that pregnancy was a big risk for women in the past? 

All this is well known and there is plenty of research about it.",Reddit,feminism,subreddit,feminism,mt3ds3f,1kpd1wb,11accords,0,1747646336.0,0,0,/r/Feminism/comments/1kpd1wb/modern_dating_in_a_patriarchal_society/mt3ds3f/,pullpush,women_relevant,1,2026-06-20T07:57:47.910569
Ok thanks for admitting that you posted this in bad faith to pass on your agenda,Reddit,feminism,subreddit,feminism,mt3bzk0,1kpu7us,Stunning-Goal4043,29,1747645186.0,0,0,/r/Feminism/comments/1kpu7us/terrorism_will_stay_as_long_as_islam_is_there/mt3bzk0/,pullpush,women_relevant,1,2026-06-20T07:57:47.910572
"You show no proof for any of this. You're just listing a misunderstood biology fact after another and drawing a bunch of wild conclusions from that. Hard to argue with that, honestly. Watch Robert Sapolsky's lectures on YT if you actually want to understand, not just be right.",Reddit,feminism,subreddit,feminism,mt3bkcv,1kpd1wb,000potato999,4,1747644916.0,0,0,/r/Feminism/comments/1kpd1wb/modern_dating_in_a_patriarchal_society/mt3bkcv/,pullpush,women_relevant,1,2026-06-20T07:57:47.910576
"I recently left the fourth wave feminist sub for this very reason. They've been praising J.K. Rowling as if she's some sort of feminist God so I noped the hell out of there.  Feminism is about equality, not gate keeping and spreading hate. Idk why some people struggle so much with that concept.",Reddit,feminism,subreddit,feminism,mt36x3x,1kpmgg9,MidnaTwilight13,0,1747641914.0,0,0,/r/Feminism/comments/1kpmgg9/terfs_arent_real_feminists/mt36x3x/,pullpush,women_relevant,1,2026-06-20T07:57:47.910581
"Being around my father is unsafe and I have spent the greater part of my life away from him.  I tell people I do not have a Dad, but instead God gifted my mom a daughter.  I consider God my father since my earthly father has failed to love, nurture and protect me.  This resulted in 2 marriages that ended due to abuse.  Current one pending.  My father said he questioned my credibility because 3 attorneys took advantage of me before I found one who took me and my son’s case seriously.  My son was severely neglected to such a degree I think he may have been unded and unchanged for entire days.  Thankfully by the grace of God, and after much work and money I didn’t have spent, the Judge finally determined that my child was being harmed while in the fathers care.  Family court is an unfortunate place for abuse survivors so often the system does not see us, and too often when they finally do people end up dead.  I praise God that we were protected.  I have dealt with so much trauma during my divorce, and I seek a life of peace and solitude for me and baby.",Reddit,feminism,subreddit,feminism,mt363cn,1kq419t,Main_Mobile_8244,1,1747641392.0,0,0,/r/Feminism/comments/1kq419t/mothers_who_defend_sons_who_have_sexually/mt363cn/,pullpush,women_relevant,1,2026-06-20T07:57:47.910585
I feel like Texas lawmakers are dumb,Reddit,feminism,subreddit,feminism,mt35eu9,1kq3yfz,Fun-River-3521,11,1747640964.0,0,0,/r/Feminism/comments/1kq3yfz/houston_lawmakers_bill_to_ban_child_marriage/mt35eu9/,pullpush,women_relevant,1,2026-06-20T07:57:47.910588
"TERFs arguments seem to be that trans women are taking up space meant for women, who are already subjugated and oppressed. Or that it’s actually men coming in to humiliate women (like dress like them and do a show of womanhood). 
But, it’s like, 1. Trans women are such small percentage and 2. Then we need to make more space for all women rather than restrict who takes up space as women?? 3. Is there a reason trans men being given the same hate (publicly?) as trans women ??!",Reddit,feminism,subreddit,feminism,mt35byl,1kpmgg9,Distinct-Studio6847,-16,1747640913.0,0,0,/r/Feminism/comments/1kpmgg9/terfs_arent_real_feminists/mt35byl/,pullpush,women_relevant,1,2026-06-20T07:57:47.910592
Yep this is a thing. I can't get hired due to bias and it frustrates me so much when I see peers I started out with being promoted to tech leads etc when I still can't find work and have been strung out so many times in the hope of promotion. I'm fed up with it so decided to chase my dreams instead,Reddit,feminism,subreddit,feminism,mt33ohp,zultvg,iamamazing-,1,1747639864.0,0,0,/r/Feminism/comments/zultvg/i_feel_im_expected_to_work_harder_than_my_male/mt33ohp/,pullpush,women_relevant,1,2026-06-20T07:57:47.910595
"The older I get the more I am convinced that my abuser’s mother helped groom for her son.

I come from a particularly chaotic home with both parents having pretty obvious mental health challenges that went unaddressed. For me, home was often loud and scary with people screaming at each other and with my own health needs being pushed to the side because my way of dealing with this was to withdraw and for as long as I wasn’t bothering an adult then this suited the needs of my parents. I was also being emotionally abused by my own mother who took a lot of her anger at the world out on me.

Enter a family who are slightly off-beat and who seem to celebrate being interested in things like music and theatre. Enter a woman who encourages me the way my mother never has. I started seeing her youngest son when I was in my teens and he was my first boyfriend outside of awkward hand holding. 

From the time I was 14 he abused me sexually and emotionally. We were the same age but he had vastly more knowledge about sex than I did given I was very sheltered. He also enjoyed isolating me from everyone else so that the only place I had to go was his house. 

His mother must have seen and must have known because he made no attempt to hide it. He also had a seriously creepy enmeshed relationship with her. It’s such a headfuck when the only friendly adult in your situation is also the one who sees and hears your boyfriend insulting you and manipulating you and their response is to make a cup of tea and encourage “everyone to make up.”

He abused me from the age of 14 to the age of 22 when I told him if he ever came near me again I would call the police. In 2018 a group of women including me reported the things he did to us and he was in jail for a bit. Apparently his mother still tells everyone he’s innocent even after a lot of the worst details came out at his trial.",Reddit,feminism,subreddit,feminism,mt32978,1kq419t,TheSouthsideTrekkie,134,1747638975.0,0,0,/r/Feminism/comments/1kq419t/mothers_who_defend_sons_who_have_sexually/mt32978/,pullpush,women_relevant,1,2026-06-20T07:57:47.910599
"Atleast we prosecute our soldiers, 

pakistan hails it’s terrorists and rapists",Reddit,feminism,subreddit,feminism,mt31mqc,1kpu7us,I-T-T-I,1,1747638590.0,0,0,/r/Feminism/comments/1kpu7us/terrorism_will_stay_as_long_as_islam_is_there/mt31mqc/,pullpush,women_relevant,1,2026-06-20T07:57:47.910603
"Can’t stand constantly hearing this, it was rife when Caster Semenya was in the Olympics and so much worse now for gender non-conforming women in the public, people constantly chased into bathrooms and being accused of being predators, what the fuck is wrong with people?",Reddit,feminism,subreddit,feminism,mt2z2d0,1kpmgg9,19adam92,4,1747637042.0,0,0,/r/Feminism/comments/1kpmgg9/terfs_arent_real_feminists/mt2z2d0/,pullpush,women_relevant,1,2026-06-20T07:57:47.910608
"'Kim Ji-young, Born 1982' a book by Cho Nam-ju",Reddit,feminism,subreddit,feminism,mt2wy8e,1kpobod,vanshoe,1,1747635780.0,0,0,/r/Feminism/comments/1kpobod/reading_recs/mt2wy8e/,pullpush,women_relevant,1,2026-06-20T07:57:47.910612
But not just with you like in the world. I think it's still misogyny.,Reddit,feminism,subreddit,feminism,mt2wldu,1kq419t,Tiredaf212,50,1747635573.0,0,0,/r/Feminism/comments/1kq419t/mothers_who_defend_sons_who_have_sexually/mt2wldu/,pullpush,women_relevant,1,2026-06-20T07:57:47.910615
"Well, even if we affirm that TERFs are not real feminists, they do exist and they definetely not straight men",Reddit,feminism,subreddit,feminism,mt2w5km,1kpmgg9,Bous237,1,1747635313.0,0,0,/r/Feminism/comments/1kpmgg9/terfs_arent_real_feminists/mt2w5km/,pullpush,women_relevant,1,2026-06-20T07:57:47.910619
"I can speculate why, but without getting all TMI, there was extreme favoritism to my brother from all parents (I also have a step mom and step dad) and each had a different reflection on my bother vs me starting as soon as I was born or as soon as they met us. My mom didn't want kids and my dad only wanted a son and when I was born he tore up and threw away my birth certificate and I think starting at that rift was something my mom never got over. But the treatment of us each was night and day almost as if we were living under a different roof",Reddit,feminism,subreddit,feminism,mt2vzhs,1kq419t,TesseractToo,85,1747635215.0,0,0,/r/Feminism/comments/1kq419t/mothers_who_defend_sons_who_have_sexually/mt2vzhs/,pullpush,women_relevant,1,2026-06-20T07:57:47.910622
I hate Twitter since Elon bought it. He ruined it,Reddit,feminism,subreddit,feminism,mt2vf5l,16yb38m,Ill_Lunch9221,1,1747634886.0,0,0,/r/Feminism/comments/16yb38m/how_do_you_deal_with_fanboys_who_worship/mt2vf5l/,pullpush,women_relevant,1,2026-06-20T07:57:47.910626
"Oh no I wonder why. It's so upsetting. All I can point out in the double standard. I seen on another thread at one point that ""parents would do anything for their kid"" but we don't do the same for our daughters. I have stood alone in my battle for justice with sexual abuse.",Reddit,feminism,subreddit,feminism,mt2vai0,1kq419t,Tiredaf212,227,1747634811.0,0,0,/r/Feminism/comments/1kq419t/mothers_who_defend_sons_who_have_sexually/mt2vai0/,pullpush,women_relevant,1,2026-06-20T07:57:47.910630
Elon has a normal IQ,Reddit,feminism,subreddit,feminism,mt2uwww,16yb38m,Ill_Lunch9221,1,1747634593.0,0,0,/r/Feminism/comments/16yb38m/how_do_you_deal_with_fanboys_who_worship/mt2uwww/,pullpush,women_relevant,1,2026-06-20T07:57:47.910634
"Currently going through this right now as a rare PoC woman in tech. I have the issue of being black and have been told to take ownership of my ideas and advocate for myself. Then I get told that I “need to learn how to soften my tone to leadership”, or literally at one point a female manager told me to my face on a call that “while men are talking, you do not talk.”

So far I’ve been talked about behind my back, called racist things, homophobic things and my work and designs stolen despite presenting them. My manager has actually done something very stereotypical of older white men in his position. He’s lied to me in 1 on 1s about feedback and where I can improve and actually went behind my back and gave me my first ever negative performance review in my career.

Needless to say I’ve been documenting everything, from how it takes 2 weeks for him to review one of my prs, despite sending it to him everyday (It was a one line change on the FE for a default state on a button lol.), to actually being called out on his behavior of favoritism for certain devs by the rest of the team.

At one point I had another manager tell me and another dev to “go back to Mexico” on a recorded call. It got an HR report, and he was moved off my team but they still kept him because of his experience in the BE.

Needless to say, I’ve documented, requested an internal transfer to a different team, a different org even and I was told to “learn how to be comfortable in uncomfortable situations” despite having mountains of evidence documented by HR for both managers.

They’re both still working at this company, and have received accolades for all of my work on delivering our product on time and with good quality and design.

So I’ve been applying for jobs lol. Oh and the funniest part about being told to “go back to Mexico” was the dev was already there since he’s remote. 🙃",Reddit,WomenInTech,subreddit,WomenInTech,mt441a5,1kpocua,SleepAllTheDamnTime,1,1747659138.0,0,0,/r/womenintech/comments/1kpocua/systematic_gender_discrimination_or_what/mt441a5/,pullpush,women_relevant,1,2026-06-20T07:57:52.121272
sad that we've reached here instead of progressing,Reddit,WomenInTech,subreddit,WomenInTech,mt424rv,1kqa5wd,not_a_snacc_,3,1747658419.0,0,0,/r/womenintech/comments/1kqa5wd/hedy_lamarr_the_mother_oof_wifi/mt424rv/,pullpush,women_relevant,1,2026-06-20T07:57:52.121292
"No. It doesn’t. There are two kinds of certifications: one is free and one is your own, the other is official and I’m the test is proctored. The only certificates worth anything are the ones requiring a proctored exam. So all those free YouTube, udemy stuff is garbage. Good for self improvement but worthless in industry.",Reddit,WomenInTech,subreddit,WomenInTech,mt40uw9,1kq6a7n,Oracle5of7,2,1747657921.0,0,0,/r/womenintech/comments/1kq6a7n/can_i_break_into_front_end/mt40uw9/,pullpush,women_relevant,1,2026-06-20T07:57:52.121296
"Patriarchy is a thing, we don’t live in a vacuum void of systems. These responses are genuinely like tantrums at this point.",Reddit,WomenInTech,subreddit,WomenInTech,mt4081a,1knexey,TravelingCuppycake,1,1747657668.0,0,0,/r/womenintech/comments/1knexey/older_woman_at_work_always_seems_to_favor_men/mt4081a/,pullpush,women_relevant,1,2026-06-20T07:57:52.121301
Don't tell Trump that,Reddit,WomenInTech,subreddit,WomenInTech,mt3zisz,1kqa5wd,Present_Amphibian832,8,1747657387.0,0,0,/r/womenintech/comments/1kqa5wd/hedy_lamarr_the_mother_oof_wifi/mt3zisz/,pullpush,women_relevant,1,2026-06-20T07:57:52.121305
"No, it's the whole planet against you, ofc it's your manager and your specific job. Look for a better job.",Reddit,WomenInTech,subreddit,WomenInTech,mt3xh1z,1kpocua,Hot-Impact-5860,1,1747656543.0,0,0,/r/womenintech/comments/1kpocua/systematic_gender_discrimination_or_what/mt3xh1z/,pullpush,women_relevant,1,2026-06-20T07:57:52.121309
"I interact with people more than I code, so this isn’t a solid way to avoid interaction. While the people will be different the nature of those interactions may but what same. There are still metrics to hit, timelines to consider, vague requirements to capture, and general “cat herding”. 

That said, I do get at least a few days a week where I hardly speak to anyone else and since I’m remote it’s almost all over slack anyway. 

There are other ways to get into tech that aren’t direct dev jobs, look at QA, customer support (for SaaS) and data analytics. A lot of my coworkers started in those fields and transitioned to full dev jobs at the same company. Look into e-learning ISD roles as well, your education background will be a boost there and get you out of the classroom. 

Certs are nice but check what your desired role requires bc there’s a lot of companies who will happily take your money for useless certs.",Reddit,WomenInTech,subreddit,WomenInTech,mt3vxth,1kq6a7n,tabbycat,7,1747655886.0,0,0,/r/womenintech/comments/1kq6a7n/can_i_break_into_front_end/mt3vxth/,pullpush,women_relevant,1,2026-06-20T07:57:52.121312
Oh you missed a comma lol! Depends on the employer i guess,Reddit,WomenInTech,subreddit,WomenInTech,mt3uwj8,1kq6a7n,paliprincesss,-1,1747655439.0,0,0,/r/womenintech/comments/1kq6a7n/can_i_break_into_front_end/mt3uwj8/,pullpush,women_relevant,1,2026-06-20T07:57:52.121316
"I worked at a large healthtech company in Spain and the what appears to many as an industry struggle is just poor business models that these companies use. They all offer a SaaS based on poorly built MVPs that made it into production and sold to customers but they’re unable to keep up with feature demand because the maintenance costs are too high for the companies and they cannot innovate and end up losing money.

As someone with minimal working experience in the industry, it would be good for you to try and diversify the industries that you work in. A good product manager must be able to adapt and the way way you can gain those skills is by gaining different experiences.

Try looking at large healthtech companies. They are generally more stable. High salaries can be treacherous because they end up trapping people way too early in their careers and the incentives to move elsewhere are too low. 

As a product manager, what is it that you think you should be doing?",Reddit,WomenInTech,subreddit,WomenInTech,mt3rhy9,1kq30po,wooloomulu,2,1747653904.0,0,0,/r/womenintech/comments/1kq30po/im_really_scared/mt3rhy9/,pullpush,women_relevant,1,2026-06-20T07:57:52.121319
What? No im saying they don't matter to employers,Reddit,WomenInTech,subreddit,WomenInTech,mt3ovlu,1kq6a7n,VariousAssistance116,6,1747652649.0,0,0,/r/womenintech/comments/1kq6a7n/can_i_break_into_front_end/mt3ovlu/,pullpush,women_relevant,1,2026-06-20T07:57:52.121323
Why would they be false certificates?,Reddit,WomenInTech,subreddit,WomenInTech,mt3ljrz,1kq6a7n,paliprincesss,-2,1747650950.0,0,0,/r/womenintech/comments/1kq6a7n/can_i_break_into_front_end/mt3ljrz/,pullpush,women_relevant,1,2026-06-20T07:57:52.121326
'a space only for people who want to be inclusive' reminds of the austin powers joke :'i hate intolerant people..and the dutch'.,Reddit,WomenInTech,subreddit,WomenInTech,mt3fqtq,1kphogx,Background_Meal3453,1,1747647574.0,0,0,/r/womenintech/comments/1kphogx/how_can_we_make_a_digital_space_which_is_safer/mt3fqtq/,pullpush,women_relevant,1,2026-06-20T07:57:52.121330
My question is “who is your reddit profile pic?”,Reddit,WomenInTech,subreddit,WomenInTech,mt3e8aj,1kpw70m,Former-Departure9836,3,1747646625.0,0,0,/r/womenintech/comments/1kpw70m/im_a_chief_information_security_officer_ciso_i/mt3e8aj/,pullpush,women_relevant,1,2026-06-20T07:57:52.121334
False  vets don't mean anything in programming...,Reddit,WomenInTech,subreddit,WomenInTech,mt3dr7n,1kq6a7n,VariousAssistance116,9,1747646320.0,0,0,/r/womenintech/comments/1kq6a7n/can_i_break_into_front_end/mt3dr7n/,pullpush,women_relevant,1,2026-06-20T07:57:52.121337
"I went through something similar a few years ago and was hired on to a new role very quickly after some help through my network. Just a note that I wish I’d done more research/asked more questions on the role and company (another startup) before hopping into it. I moved quickly out of fear of being unemployed for too long, and it led to some rough situations for me in the new role because it ended up being far from what I expected. I ended up laid off from it too after giving it my all 24/7, and it really messed with my physical and mental health. I’m all good and in a position I love now, but I wish I’d taken more time to evaluate my options rather than saying yes to the first opportunity that came my way.",Reddit,WomenInTech,subreddit,WomenInTech,mt3ceue,1kq30po,Good-Hair-Day,5,1747645455.0,0,0,/r/womenintech/comments/1kq30po/im_really_scared/mt3ceue/,pullpush,women_relevant,1,2026-06-20T07:57:52.121341
"Oh my god that is so good! One of the best I’ve heard!

This is totally anecdotal but I find that women tend to like my awkwardness and they laugh along but men do not do the same, pretty much ever.",Reddit,WomenInTech,subreddit,WomenInTech,mt39ult,1i2x1da,TannyTevito,1,1747643827.0,0,0,/r/womenintech/comments/1i2x1da/i_totally_bombed_my_interview_please_tell_me/mt39ult/,pullpush,women_relevant,1,2026-06-20T07:57:52.121344
"Yeah I'm totally fine with that, teaching requires you to socialize for 8 hours and it drains me a lot... I think I asked the question wrong my bad. I'm fine with communicating but I'm not fine with socializing 8 hours a day",Reddit,WomenInTech,subreddit,WomenInTech,mt3917u,1kq6a7n,lmaowhy0101,1,1747643289.0,0,0,/r/womenintech/comments/1kq6a7n/can_i_break_into_front_end/mt3917u/,pullpush,women_relevant,1,2026-06-20T07:57:52.121348
"Yeah I'm totally fine with that, teaching requires you to socialize for 8 hours and it drains me a lot... I think I asked the question wrong my bad. I'm fine with communicating but I'm not fine with socializing 8 hours a day",Reddit,WomenInTech,subreddit,WomenInTech,mt38xe6,1kq6a7n,lmaowhy0101,5,1747643220.0,0,0,/r/womenintech/comments/1kq6a7n/can_i_break_into_front_end/mt38xe6/,pullpush,women_relevant,1,2026-06-20T07:57:52.121352
"Coding still means working with other people. 
Managing the team's expectations of what you can produce, taking feedback, and attending more meetings than reasonable.",Reddit,WomenInTech,subreddit,WomenInTech,mt38iwg,1kq6a7n,singularity-drift,30,1747642956.0,0,0,/r/womenintech/comments/1kq6a7n/can_i_break_into_front_end/mt38iwg/,pullpush,women_relevant,1,2026-06-20T07:57:52.121355
I appreciate your time and reply. You don't know how much it means to me right now. Can you recommend any certifications if you have any?,Reddit,WomenInTech,subreddit,WomenInTech,mt37zh0,1kq6a7n,lmaowhy0101,-1,1747642603.0,0,0,/r/womenintech/comments/1kq6a7n/can_i_break_into_front_end/mt37zh0/,pullpush,women_relevant,1,2026-06-20T07:57:52.121359
"Absolutely but you’ll need some certifications even if it’s general assembly. You’ll still need to communicate and explain your solutions to a wide group of stakeholders, but would be a breeze compared to teaching!",Reddit,WomenInTech,subreddit,WomenInTech,mt37szr,1kq6a7n,paliprincesss,-8,1747642487.0,0,0,/r/womenintech/comments/1kq6a7n/can_i_break_into_front_end/mt37szr/,pullpush,women_relevant,1,2026-06-20T07:57:52.121362
This is sound advice.,Reddit,WomenInTech,subreddit,WomenInTech,mt36dvw,1kpd6mt,prosthetic_memory,1,1747641575.0,0,0,/r/womenintech/comments/1kpd6mt/feeling_burned_out_before_ive_even_begun/mt36dvw/,pullpush,women_relevant,1,2026-06-20T07:57:52.121365
"I'm in FAANG and it isn't that hard to get into. Literally Google video tutorials or blog posts and just do exactly that. Don't let your pride get in the way, don't go rogue, just do what they say and you're good.

I don't know why you'd go into FAANG with a PhD, though... you don't need it for FAANG, and that's a lot of time and money spent for nothing if you just take a job with them, instead of whatever reason you did the PhD.",Reddit,WomenInTech,subreddit,WomenInTech,mt36cal,1kpd6mt,prosthetic_memory,1,1747641547.0,0,0,/r/womenintech/comments/1kpd6mt/feeling_burned_out_before_ive_even_begun/mt36cal/,pullpush,women_relevant,1,2026-06-20T07:57:52.121369
"Thank you! That distinction makes a lot of sense.

I can’t imagine getting that from people on the same level as myself honestly. That’s a level of absurdity I luckily haven’t had to face. My field is biology adjacent so the men who can’t work with women without being sexist assholes have a much harder time progressing.",Reddit,WomenInTech,subreddit,WomenInTech,mt363v3,1kp4uw8,Pjcrafty,2,1747641401.0,0,0,/r/womenintech/comments/1kp4uw8/when_youre_the_only_woman_in_the_standup_and_they/mt363v3/,pullpush,women_relevant,1,2026-06-20T07:57:52.121372
"I think if you’re there as a tech to person interpreter, that’s fine! It’s when everyone is on the same level that it’s a power play.",Reddit,WomenInTech,subreddit,WomenInTech,mt35hb0,1kp4uw8,accidentalarchers,4,1747641008.0,0,0,/r/womenintech/comments/1kp4uw8/when_youre_the_only_woman_in_the_standup_and_they/mt35hb0/,pullpush,women_relevant,1,2026-06-20T07:57:52.121376
"So male bosses favor men. Female bosses favor men. And according to a lot of people, the men are to blame for this? I beg to differ

Why not create your own company and hire only women?",Reddit,WomenInTech,subreddit,WomenInTech,mt355oq,1knexey,balhaegu,-2,1747640803.0,0,0,/r/womenintech/comments/1knexey/older_woman_at_work_always_seems_to_favor_men/mt355oq/,pullpush,women_relevant,1,2026-06-20T07:57:52.121379
"So male bosses favor men. Female bosses favor men. And according to a lot of people, the men are to blame for this? I beg to differ",Reddit,WomenInTech,subreddit,WomenInTech,mt3503b,1knexey,balhaegu,1,1747640705.0,0,0,/r/womenintech/comments/1knexey/older_woman_at_work_always_seems_to_favor_men/mt3503b/,pullpush,women_relevant,1,2026-06-20T07:57:52.121383
Same boat. I was told I was doing really well and my contract was getting renewed for another year and suddenly got told on Thursday it wasn’t being renewed. Now I have to start job hunting from next month. Fucking hate this man.,Reddit,WomenInTech,subreddit,WomenInTech,mt34vng,1kq30po,Good_Focus2665,3,1747640630.0,0,0,/r/womenintech/comments/1kq30po/im_really_scared/mt34vng/,pullpush,women_relevant,1,2026-06-20T07:57:52.121387
"I'm not the person you're responding to but the AWS CP cert is useless bc it's really intended for non-tech folks. Plus, nobody will care at all that you have it. Just go for SA if you're going AWS -- I have seen that + networking land interviews for career-changers w/ 0 exp. 

In terms of AWS tools, do you have any cloud exp at all? if not, take one of your pre-existing codebases & migrate it to AWS. Document what goes wrong + what you learned (you'll be showing that ""Errors Doc"" to your interviewer). 

If you really want to stack the deck in your favour, this is what I did as a career-changer who didn't have any degrees and thought cloud was IN THE CLOUDS before i started studying:   
  
1. network by providing value first to your target audience, not asking them for something first. That's the biggest mistake jrs make when trying to cold-email. Nope, provide value first. 

2. show that you can do the job, not just do course-work. 

I used a shortened version Cultivated Culture's Value Validation Project guide (its free) for both of the above and tailored what I did for each to the person/company/team/hiring manager of the job I wanted. It took me 4 months to land 1st job from start-of-studying and I was able to job-hop 3x since. (2.5yoe 175k FTE but no bonus/stocks + ended up in app sec bc it pays more than dev and I get to tell them their code sucks hehe)",Reddit,WomenInTech,subreddit,WomenInTech,mt34j0r,1kp866i,effyverse,1,1747640406.0,0,0,/r/womenintech/comments/1kp866i/does_anyone_in_here_work_in_cloud_computing_or_ai/mt34j0r/,pullpush,women_relevant,1,2026-06-20T07:57:52.121391
Do not go into cloud if you want a life! Cloud is the worst for on-call bc there's so many moving pieces that can go wrong and it's mostly tied to production. Every cloud eng I know has on-call rotations or just gets called regardless of whether they agreed to it.,Reddit,WomenInTech,subreddit,WomenInTech,mt33gyr,1kp866i,effyverse,1,1747639732.0,0,0,/r/womenintech/comments/1kp866i/does_anyone_in_here_work_in_cloud_computing_or_ai/mt33gyr/,pullpush,women_relevant,1,2026-06-20T07:57:52.121394
AI AIAIAI AI,Reddit,WomenInTech,subreddit,WomenInTech,mt31co8,1kpn1n1,Available-Crew-420,3,1747638418.0,0,0,/r/womenintech/comments/1kpn1n1/extremely_long_rantvent_can_we_talk_about_how/mt31co8/,pullpush,women_relevant,1,2026-06-20T07:57:52.121399
"Fortunately you get good money after all this hustle. Many other industries you don't even get rewarded with good money and the hustle is still similar. 


A lot of your complaints come from political & structural issues: citizens united, CEO pay, short term investors, etc.",Reddit,WomenInTech,subreddit,WomenInTech,mt317rx,1kpn1n1,Available-Crew-420,5,1747638332.0,0,0,/r/womenintech/comments/1kpn1n1/extremely_long_rantvent_can_we_talk_about_how/mt317rx/,pullpush,women_relevant,1,2026-06-20T07:57:52.121402
"I am going to suggest NOT having a rigid pumping schedule. You should pump approximately every 3 hours -- but +/- up to an hour isn't going to kill your milk supply if you do a 2 hour pump then a 4 hour pump. I worked in a lab for 2 postpartums where pumping while working was not an option, but assays run over or require intervention at time points that are not always conducive to a consistent schedule. I would set a 3 hour timer at the start of each session, and assess around the 2 hour mark at what point in the next 2 hours would be the ideal time to pump. I did not get the same # of pumps in each day, but I nursed til a year each time and stopped when I was sick of pumping.

Also: so great your work has a hospital-grade multiuser pump, but are you sure you respond better to it than whatever you got through insurance? And are you sure your flanges are the right size? Always worth the reminder to check!",Reddit,WomenInTech,subreddit,WomenInTech,mt30ynl,1kniuzn,Science_and_Cookies,1,1747638175.0,0,0,/r/womenintech/comments/1kniuzn/feeling_like_im_missing_out_by_pumping/mt30ynl/,pullpush,women_relevant,1,2026-06-20T07:57:52.121406
Just the energy sector in general could use a lot of innovation. Unfortunately the federal government is cutting funding for renewable,Reddit,WomenInTech,subreddit,WomenInTech,mt30vg5,1kpews4,Available-Crew-420,1,1747638121.0,0,0,/r/womenintech/comments/1kpews4/where_can_a_physicist_do_the_most_good/mt30vg5/,pullpush,women_relevant,1,2026-06-20T07:57:52.121411
"When I listened to the John Oliver story about Brett Kavanaugh and he summed this attitude up with 'we believe you but we just don't care', it really resonated with me because it explains a lot. Even if they believe you, they won't do anything about it because they want to side with the attacker, period.",Reddit,WomenInTech,subreddit,WomenInTech,mt2vtll,1kpharc,CatECoyote,19,1747635120.0,0,0,/r/womenintech/comments/1kpharc/trigger_warning_my_employer_is_bringing_back_my/mt2vtll/,pullpush,women_relevant,1,2026-06-20T07:57:52.121414
"I feel the same way. I’m customer facing so there’s a lot of outside pressure put on me if things aren’t getting done internally. I used to be more proactive about getting stuff done, but I realized that I am not a manager. 

I don’t have authority over when people get stuff done. I feel like I’ve been a sponge of soaking up other people’s responsibilities, and once I got tired of that, I started soaking up their work ethic. I don’t respond as quickly as I used to. I don’t accept tasks as enthusiastically as I used to. But not doing my job to my own standards is tiring. I’m just freakin tired.",Reddit,WomenInTech,subreddit,WomenInTech,mt2vl4l,1koqyib,Fierybuttz,2,1747634983.0,0,0,/r/womenintech/comments/1koqyib/emotionally_draining_work/mt2vl4l/,pullpush,women_relevant,1,2026-06-20T07:57:52.121417
"Yes.  
Also, some bosses subtly try to hide their top performers, especially if another  team has a history of demanding or luring the best people.  
Last possibility:  Very few try to promote away fops, but I do see it happen now and then.  

Things you can do:  

Start contributing to the meeting agendas.

Offer a draft of your part of the presentation, with your presence mentioned in an obvious and subtle place. 

Ask to present for a moment in the small meetings, and look at the ripple effects on the politics, then ask for more of that (unless the resulting attention is unwanted).",Reddit,WomenInTech,subreddit,WomenInTech,mt2u5rj,1kpocua,Joy2b,1,1747634161.0,0,0,/r/womenintech/comments/1kpocua/systematic_gender_discrimination_or_what/mt2u5rj/,pullpush,women_relevant,1,2026-06-20T07:57:52.121421
You nailed it!   Thank you for writing this.,Reddit,WomenInTech,subreddit,WomenInTech,mt2r4cb,1kpn1n1,Born-Drag427,1,1747632460.0,0,0,/r/womenintech/comments/1kpn1n1/extremely_long_rantvent_can_we_talk_about_how/mt2r4cb/,pullpush,women_relevant,1,2026-06-20T07:57:52.121424
"that would be insane if it worked that way. she was told she should enter the building bc the guy works there. so he doesnt expect her either. its like her waiting in the bushes at his house and then calling the police when he comes home.


she cant violate her CPO, but i think in that case he cant either. as long as he leaves the building when he sees her or smth",Reddit,WomenInTech,subreddit,WomenInTech,mt2ppss,1kpharc,No_Structure7185,1,1747631702.0,0,0,/r/womenintech/comments/1kpharc/trigger_warning_my_employer_is_bringing_back_my/mt2ppss/,pullpush,women_relevant,1,2026-06-20T07:57:52.121427
"Hey, I mean, a job’s a job - even on a different team, if that’s a thing. Take that old manager out for coffee. I don’t think being laid off from a startup is that bad, reputationally, especially in this wacky market. Again, reductions in force are out of your hands and unrelated to your performance.",Reddit,WomenInTech,subreddit,WomenInTech,mt2peyr,1kq30po,PM_ME_KITTEN_TOESIES,8,1747631538.0,0,0,/r/womenintech/comments/1kq30po/im_really_scared/mt2peyr/,pullpush,women_relevant,1,2026-06-20T07:57:52.121431
"I am consistently awash in beans. It’s a tough job receiving all these feline feet photos, but someone’s gotta do it.",Reddit,WomenInTech,subreddit,WomenInTech,mt2oyz2,1kq30po,PM_ME_KITTEN_TOESIES,8,1747631299.0,0,0,/r/womenintech/comments/1kq30po/im_really_scared/mt2oyz2/,pullpush,women_relevant,1,2026-06-20T07:57:52.121435
"There's nothing you described in her post history. Yet I did see you raging against some Kardashian, what did Kardashian do to you exactly?",Reddit,WomenInTech,subreddit,WomenInTech,mt2ot0m,1ko9w33,Available-Crew-420,1,1747631211.0,0,0,/r/womenintech/comments/1ko9w33/reported_psycho_to_hr_day_8_we_start_a_war/mt2ot0m/,pullpush,women_relevant,1,2026-06-20T07:57:52.121438
Wait what? Then extreme ownership is what I do all day every day 🧐 ugh,Reddit,WomenInTech,subreddit,WomenInTech,mt2oql7,1kpn1n1,morbidobsession6958,1,1747631176.0,0,0,/r/womenintech/comments/1kpn1n1/extremely_long_rantvent_can_we_talk_about_how/mt2oql7/,pullpush,women_relevant,1,2026-06-20T07:57:52.121442
"Big techs aren't all toxic. Even the most toxic FAANG (you know which one), has some very happy team and happy people. But it sounds like an academia environment would be a better fit for you.",Reddit,WomenInTech,subreddit,WomenInTech,mt2oiop,1kojp9p,Available-Crew-420,1,1747631059.0,0,0,/r/womenintech/comments/1kojp9p/how_do_you_pivot_into_tech_adjacent_roles_when/mt2oiop/,pullpush,women_relevant,1,2026-06-20T07:57:52.121446
"Yes, my only thought is I don't want to mess it up in any ways due to emotional ride",Reddit,WomenInTech,subreddit,WomenInTech,mt2nl4t,1kpelon,mishi_mishi,2,1747630569.0,0,0,/r/womenintech/comments/1kpelon/brokeup_a_week_before_i_start_my_new_job/mt2nl4t/,pullpush,women_relevant,1,2026-06-20T07:57:52.121449
"Thanks. Yup, will be doing that",Reddit,WomenInTech,subreddit,WomenInTech,mt2nhlb,1kpelon,mishi_mishi,2,1747630516.0,0,0,/r/womenintech/comments/1kpelon/brokeup_a_week_before_i_start_my_new_job/mt2nhlb/,pullpush,women_relevant,1,2026-06-20T07:57:52.121453
"More strength to you ! Thanks, this helped",Reddit,WomenInTech,subreddit,WomenInTech,mt2naqy,1kpelon,mishi_mishi,2,1747630416.0,0,0,/r/womenintech/comments/1kpelon/brokeup_a_week_before_i_start_my_new_job/mt2naqy/,pullpush,women_relevant,1,2026-06-20T07:57:52.121456
"Genuine question. Is that phrasing rude if it’s coming from another woman? I’m in meetings between technical and non technical people a lot, and I often use that phrase if I’m going to re-explain what the non technical person said so that the technical people can understand it or vice versa. 

Although I usually say “I think what they mean is…” and then confirm it’s correct by saying “did I get that right?” And I do it for people of all genders.

Does that phrasing come off as condescending and is there a better way I could word it? I struggle with phrasing sometimes so I’d appreciate your insight.",Reddit,WomenInTech,subreddit,WomenInTech,mt2mmty,1kp4uw8,Pjcrafty,4,1747630073.0,0,0,/r/womenintech/comments/1kp4uw8/when_youre_the_only_woman_in_the_standup_and_they/mt2mmty/,pullpush,women_relevant,1,2026-06-20T07:57:52.121460
"Great comment. 

So..how many kitten toesie pics haven't you gotten lately? Just curious lol",Reddit,WomenInTech,subreddit,WomenInTech,mt2lckr,1kq30po,CoolerRancho,2,1747629421.0,0,0,/r/womenintech/comments/1kq30po/im_really_scared/mt2lckr/,pullpush,women_relevant,1,2026-06-20T07:57:52.121464
I absolutely want to! I haven't found a role at the company that aligns w my skillset tho-- friends still at my old dept tell me they've been under a hiring freeze for months. My old manager at said company told me i can come back if i wanted to. but a role on that team just isnt available at this time. I'm also nervous to reach out and tell him i got laid off,Reddit,WomenInTech,subreddit,WomenInTech,mt2l7ib,1kq30po,ExcellentLychee1796,9,1747629348.0,0,0,/r/womenintech/comments/1kq30po/im_really_scared/mt2l7ib/,pullpush,women_relevant,1,2026-06-20T07:57:52.121467
"Got laid off (also health tech! yay!) a year ago. Things are definitely volatile and VCs are not funding startups like they were a few years ago. The job market is rough, but as a PM you have transferable skills to a lot of different verticals. Have you thought about boomeranging back to the insurance company? That might be an option. 

Take a deep breath, apply for unemployment benefits, and use your time to upskill, network, get certs. It’s not your fault.",Reddit,WomenInTech,subreddit,WomenInTech,mt2kvxu,1kq30po,PM_ME_KITTEN_TOESIES,26,1747629185.0,0,0,/r/womenintech/comments/1kq30po/im_really_scared/mt2kvxu/,pullpush,women_relevant,1,2026-06-20T07:57:52.121471
"Lack of opportunities outside and the  ""you'll be promoted in this cycle"" loop",Reddit,WomenInTech,subreddit,WomenInTech,mt2kt5i,1kn6y80,wt_curiousness,2,1747629145.0,0,0,/r/womenintech/comments/1kn6y80/for_women_whove_stayed_at_the_same_company_for_3/mt2kt5i/,pullpush,women_relevant,1,2026-06-20T07:57:52.121474
"I currently have interviews lined up for SWE/ML engineer jobs. But I am trying to see if I can do something else. For now I'll take what I get, but I don't see myself enjoying or being in an ML SWE job very long without burning out.",Reddit,WomenInTech,subreddit,WomenInTech,mt2gg8z,1kojp9p,brownhedwig,2,1747627014.0,0,0,/r/womenintech/comments/1kojp9p/how_do_you_pivot_into_tech_adjacent_roles_when/mt2gg8z/,pullpush,women_relevant,1,2026-06-20T07:57:52.121478
"I don't really want to get into big tech as a SWE. I worked in big tech for five years as a ML SWE. That's why I am looking for alternatives to software engineer roles where I can use my tech skills in a non+toxic environment. Jobs where teaching, research, etc are involved would be a bonus.",Reddit,WomenInTech,subreddit,WomenInTech,mt2g6do,1kojp9p,brownhedwig,2,1747626884.0,0,0,/r/womenintech/comments/1kojp9p/how_do_you_pivot_into_tech_adjacent_roles_when/mt2g6do/,pullpush,women_relevant,1,2026-06-20T07:57:52.121481
As in the app Bluesky? Not necessarily since anyone can join. Bluesky just makes it easy to mass block. And note I'm talking about the concept not a product.,Reddit,WomenInTech,subreddit,WomenInTech,mt2d3ng,1kphogx,jkklfdasfhj,1,1747625473.0,0,0,/r/womenintech/comments/1kphogx/how_can_we_make_a_digital_space_which_is_safer/mt2d3ng/,pullpush,women_relevant,1,2026-06-20T07:57:52.121485
"Block your calendar OOO and do what you need to do. You don’t need to tell them, but ask someone senior to reschedule if you need to be there. If you can be slightly flexible, flex as you wish. 
That said, I had a low supply, but when I cut my pumping sessions down, I made the same amount I had before. I pumped on the way to work, at lunch and on my way home. It doesn’t last forever and work is just work.",Reddit,WomenInTech,subreddit,WomenInTech,mt2aonh,1kniuzn,Run-Cat-248,1,1747624407.0,0,0,/r/womenintech/comments/1kniuzn/feeling_like_im_missing_out_by_pumping/mt2aonh/,pullpush,women_relevant,1,2026-06-20T07:57:52.121488
"From my perspective, it went really well! But it has been 1+ weeks and I havent heard back yet. They said that I am thorough and meticulous.",Reddit,WomenInTech,subreddit,WomenInTech,mt2a7o8,1k9ayk0,Imagination-Sea-Orca,1,1747624204.0,0,0,/r/womenintech/comments/1k9ayk0/burnt_out_but_have_a_job_interview_after_months/mt2a7o8/,pullpush,women_relevant,1,2026-06-20T07:57:52.121492
You're burned out bc academia is soul-sucking -- I dropped out of a phd myself and it was honestly the best choice I've ever made for my mental health and career(s). Don't let this stop you because FAANG is really worth the CV boost. It can set you up afterwards. Just get out in 3-6 months but you will be able to get interviews a million times easier.,Reddit,WomenInTech,subreddit,WomenInTech,mt27c0j,1kpd6mt,effyverse,2,1747622992.0,0,0,/r/womenintech/comments/1kpd6mt/feeling_burned_out_before_ive_even_begun/mt27c0j/,pullpush,women_relevant,1,2026-06-20T07:57:52.121495
"You're being given the odd job tasks and you need to get into business-value-generating tasks asap or you're on a treadmill to nowhere.


Support and onboarding tasks will NOT get you promoted, or even thanked. 


I bet your male counterpart refuses to do such work.",Reddit,WomenInTech,subreddit,WomenInTech,mt229yl,1kpocua,mistyskies123,3,1747621004.0,0,0,/r/womenintech/comments/1kpocua/systematic_gender_discrimination_or_what/mt229yl/,pullpush,women_relevant,1,2026-06-20T07:57:52.121499
"I've heard legaladvice is mostly people larping as lawyers, fyi",Reddit,WomenInTech,subreddit,WomenInTech,mt20s46,1kpharc,MarsupialPristine677,2,1747620452.0,0,0,/r/womenintech/comments/1kpharc/trigger_warning_my_employer_is_bringing_back_my/mt20s46/,pullpush,women_relevant,1,2026-06-20T07:57:52.121502
"My favourite thing is when they are really confidently wrong about something you know more about and act like you’re stupid, and you keep trying to explain to them why they are incorrect, and eventually they get it and somehow manage to turn the tables and pretend that your argument was the argument THEY were making the entire time and in fact you were saying something different and you are the one who is incorrect. It’s kind of impressive (well, depressing) the level of confidence required to pull that off.",Reddit,WomenInTech,subreddit,WomenInTech,mt205yb,1kp4uw8,Boewinkle,3,1747620224.0,0,0,/r/womenintech/comments/1kp4uw8/when_youre_the_only_woman_in_the_standup_and_they/mt205yb/,pullpush,women_relevant,1,2026-06-20T07:57:52.121506
"NC is a one party consent recording state btw, since they're doing this verbally, recording it without them knowing is entirely your right.",Reddit,WomenInTech,subreddit,WomenInTech,mt1zw5w,1knbx8s,TrickBluebird9187,3,1747620124.0,0,0,/r/womenintech/comments/1knbx8s/reported_psycho_to_hr_day_7_got_offered_4_weeks/mt1zw5w/,pullpush,women_relevant,1,2026-06-20T07:57:52.121509
"Holy shit OP. I'm sorry I don't have any advice, I'm here to support you. I hope amid this madness you're drinking water, eating food and getting at least some sleep.",Reddit,WomenInTech,subreddit,WomenInTech,mt1y1gq,1kpharc,ohwhereareyoufrom,3,1747619439.0,0,0,/r/womenintech/comments/1kpharc/trigger_warning_my_employer_is_bringing_back_my/mt1y1gq/,pullpush,women_relevant,1,2026-06-20T07:57:52.121513
Oh my gosh! Yay! How did it go?,Reddit,WomenInTech,subreddit,WomenInTech,mt1xbds,1k9ayk0,Delphiinia,1,1747619164.0,0,0,/r/womenintech/comments/1k9ayk0/burnt_out_but_have_a_job_interview_after_months/mt1xbds/,pullpush,women_relevant,1,2026-06-20T07:57:52.121516
"Aww, thank you. I went freelance and no longer work for bullies, so I'm doing great. :)",Reddit,WomenInTech,subreddit,WomenInTech,mt1v1yp,1kmpemy,nobelle,1,1747618309.0,0,0,/r/womenintech/comments/1kmpemy/update_studying_abusive_bosses/mt1v1yp/,pullpush,women_relevant,1,2026-06-20T07:57:52.121520
"\> I cannot legally break my own CPO.

While you may not have any legal liabilities when you do that, it may also absolve him because you were the one who approached, so its important that you show up to the building first.",Reddit,WomenInTech,subreddit,WomenInTech,mt1tgu9,1kpharc,wizean,4,1747617704.0,0,0,/r/womenintech/comments/1kpharc/trigger_warning_my_employer_is_bringing_back_my/mt1tgu9/,pullpush,women_relevant,1,2026-06-20T07:57:52.121524
"So as long as you show up to the building first, and he shows up later, he is clearly the one who violated the order. If you show up later, he could argue he didn't violate because you approached him.

Further more, you can setup a meeting with one of your co-workers in that building, so you have a clear business reason to be there.

Don't talk to security or HR, just call the police. Get some pictures too to prove it.",Reddit,WomenInTech,subreddit,WomenInTech,mt1t83t,1kpharc,wizean,9,1747617613.0,0,0,/r/womenintech/comments/1kpharc/trigger_warning_my_employer_is_bringing_back_my/mt1t83t/,pullpush,women_relevant,1,2026-06-20T07:57:52.121527
"All the time, I'm afraid.",Reddit,WomenInTech,subreddit,WomenInTech,mt1o9hz,1kpocua,RaechelMaelstrom,1,1747615768.0,0,0,/r/womenintech/comments/1kpocua/systematic_gender_discrimination_or_what/mt1o9hz/,pullpush,women_relevant,1,2026-06-20T07:57:52.121531
I’ve caught so many people actually trying to do this in interviews lately lol,Reddit,WomenInTech,subreddit,WomenInTech,mt1o2ep,1kplik3,iffy_behavior,1,1747615693.0,0,0,/r/womenintech/comments/1kplik3/how_to_tell_interviewer_why_i_left_my_last_job/mt1o2ep/,pullpush,women_relevant,1,2026-06-20T07:57:52.121534
"Time to lock in sis. New job, new habits, new friends and before you know it, new man. Excel at the first 3 and somehow magically a new dude always shows up.",Reddit,WomenInTech,subreddit,WomenInTech,mt1mjdd,1kpelon,5handana,12,1747615118.0,0,0,/r/womenintech/comments/1kpelon/brokeup_a_week_before_i_start_my_new_job/mt1mjdd/,pullpush,women_relevant,1,2026-06-20T07:57:52.121537
Do you mean moving into healthcare tech? Or more hands on healthcare such as being a RN?,Reddit,WomenInTech,subreddit,WomenInTech,mt1ly34,1kpn1n1,MushroomNo2820,1,1747614894.0,0,0,/r/womenintech/comments/1kpn1n1/extremely_long_rantvent_can_we_talk_about_how/mt1ly34/,pullpush,women_relevant,1,2026-06-20T07:57:52.121541
"Not a lawyer,

While everyone’s right that you should have a case to fight back and be protected. 

You work for the federal government in a country that has a rapist in the White House. They are dismantling every protection you have to fight this. 

You need to protect yourself and just get out. They will not let you just fight back and move on. This isn’t a private company that you can get the CEO ousted by the board to protect the company.",Reddit,WomenInTech,subreddit,WomenInTech,mt1ljhu,1kpharc,Greedy_Lawyer,4,1747614741.0,0,0,/r/womenintech/comments/1kpharc/trigger_warning_my_employer_is_bringing_back_my/mt1ljhu/,pullpush,women_relevant,1,2026-06-20T07:57:52.121544
Welcome! 😃,Reddit,WomenInTech,subreddit,WomenInTech,mt1kcxa,1kpxrb3,Conscious-Ocelot-355,1,1747614297.0,0,0,/r/womenintech/comments/1kpxrb3/i_am_new_to_this_network/mt1kcxa/,pullpush,women_relevant,1,2026-06-20T07:57:52.121548
I would absolutely contact the client's leadership team as well.,Reddit,WomenInTech,subreddit,WomenInTech,mt1jaht,1ko9w33,rmcc22,2,1747613893.0,0,0,/r/womenintech/comments/1ko9w33/reported_psycho_to_hr_day_8_we_start_a_war/mt1jaht/,pullpush,women_relevant,1,2026-06-20T07:57:52.121552
LOL this is a good one,Reddit,WomenInTech,subreddit,WomenInTech,mt1h67x,1kplik3,Fierybuttz,1,1747613104.0,0,0,/r/womenintech/comments/1kplik3/how_to_tell_interviewer_why_i_left_my_last_job/mt1h67x/,pullpush,women_relevant,1,2026-06-20T07:57:52.121556
"Hello friends , I have building a solution to address this problem for all of us , here is the products landing page . Please feel free to book a call to further discuss: [https://www.fashion-amigo.com/](https://www.fashion-amigo.com/)",Reddit,WomenInTech,subreddit,WomenInTech,mt1ee7s,1ko4lcu,minimalismus1,1,1747612079.0,0,0,/r/womenintech/comments/1ko4lcu/anyone_else_get_totally_worn_out_trying_on_outfits/mt1ee7s/,pullpush,women_relevant,1,2026-06-20T07:57:52.121559
"Great , here is the landing page for my solution [https://www.fashion-amigo.com/](https://www.fashion-amigo.com/) , you can go ahead book a call .. looking forward to our conversation",Reddit,WomenInTech,subreddit,WomenInTech,mt1dmkp,1ko4lcu,minimalismus1,1,1747611796.0,0,0,/r/womenintech/comments/1ko4lcu/anyone_else_get_totally_worn_out_trying_on_outfits/mt1dmkp/,pullpush,women_relevant,1,2026-06-20T07:57:52.121563
Holy shit I am so sorry!!! What happened? Are you ok?,Reddit,WomenInTech,subreddit,WomenInTech,mt1bxt0,1knbx8s,ohwhereareyoufrom,1,1747611181.0,0,0,/r/womenintech/comments/1knbx8s/reported_psycho_to_hr_day_7_got_offered_4_weeks/mt1bxt0/,pullpush,women_relevant,1,2026-06-20T07:57:52.121566
i’m so sorry. i was assaulted at work by a coworker & i ended up being fired. absolutely fucked.,Reddit,WomenInTech,subreddit,WomenInTech,mt1a4fs,1knbx8s,Deep_Grand,2,1747610529.0,0,0,/r/womenintech/comments/1knbx8s/reported_psycho_to_hr_day_7_got_offered_4_weeks/mt1a4fs/,pullpush,women_relevant,1,2026-06-20T07:57:52.121570
"Oh also, perimenopause/menopause takes ~10% of women out of the workforce permanently by 50. Permanently. 

It’s fuck debilitating. 

If you want to know the horrors that are coming for you take some time to read the perimenopause reddit.",Reddit,WomenInTech,subreddit,WomenInTech,mt15zmv,1gjs83a,Potential_Squirrels,1,1747609018.0,0,0,/r/womenintech/comments/1gjs83a/where_do_experienced_women_go/mt15zmv/,pullpush,women_relevant,1,2026-06-20T07:57:52.121574
This.,Reddit,WomenInTech,subreddit,WomenInTech,mt15d0r,1gjs83a,Potential_Squirrels,1,1747608789.0,0,0,/r/womenintech/comments/1gjs83a/where_do_experienced_women_go/mt15d0r/,pullpush,women_relevant,1,2026-06-20T07:57:52.121577
"Yes, this is my life in IT.",Reddit,WomenInTech,subreddit,WomenInTech,mt159hu,1kpocua,techbirdee,3,1747608753.0,0,0,/r/womenintech/comments/1kpocua/systematic_gender_discrimination_or_what/mt159hu/,pullpush,women_relevant,1,2026-06-20T07:57:52.121581
"I’m 46 at the end of the year.
Been in tech since I was 21. 
Got pushed out 2 years ago. 
Did some “consulting”, then took a massive step backwards into a new industry. 

Generally women go into consulting because they can’t get roles in tech anymore. Particularly nowdays with the job market in the trash. 

I know SO MANY women that have been pushed out of the industry in early-mid 40s.
Sure there are some exceptions in your senior leadership, but those roles are few and far between. And below that? They’ll just hire someone younger. 

Not many men will hire a 45+ woman. 

Plan your career accordingly ladies. You will VERY LIKELY need to do something outside of tech from your early-mid 40s onwards….",Reddit,WomenInTech,subreddit,WomenInTech,mt13kdl,1gjs83a,Potential_Squirrels,1,1747608135.0,0,0,/r/womenintech/comments/1gjs83a/where_do_experienced_women_go/mt13kdl/,pullpush,women_relevant,1,2026-06-20T07:57:52.121584
"i think corporate is pretty broken but i dont know the alternative... it makes me want to consider healthcare. i know healthcare has licenses / exams, but i dont know how competitive those interviews are either so it may just be a the grass looks greener. constantly practicing leetcode seems so endless...",Reddit,WomenInTech,subreddit,WomenInTech,mt13kau,1kpn1n1,Curious-Accident3354,3,1747608134.0,0,0,/r/womenintech/comments/1kpn1n1/extremely_long_rantvent_can_we_talk_about_how/mt13kau/,pullpush,women_relevant,1,2026-06-20T07:57:52.121588
"Sounds like they are taking advantage of you.  I got the same treatment, but it wasn’t the result of sexism.",Reddit,WomenInTech,subreddit,WomenInTech,mt10g3l,1kpocua,ItaJohnson,5,1747607019.0,0,0,/r/womenintech/comments/1kpocua/systematic_gender_discrimination_or_what/mt10g3l/,pullpush,women_relevant,1,2026-06-20T07:57:52.121592
Report him to police as soon as he violates the CPO.,Reddit,WomenInTech,subreddit,WomenInTech,mt10e7r,1kpharc,lakehop,21,1747607001.0,0,0,/r/womenintech/comments/1kpharc/trigger_warning_my_employer_is_bringing_back_my/mt10e7r/,pullpush,women_relevant,1,2026-06-20T07:57:52.121595
It’s excessive and ineffective.,Reddit,WomenInTech,subreddit,WomenInTech,mt0yq8r,1kpn1n1,misskaminsk,3,1747606418.0,0,0,/r/womenintech/comments/1kpn1n1/extremely_long_rantvent_can_we_talk_about_how/mt0yq8r/,pullpush,women_relevant,1,2026-06-20T07:57:52.121599
"I already asked my lawyer if it is possible for me to violate my own CPO, and no it is not possible.  The CPO states where my rapist can, and cannot go.  He cannot be at my workplace, full stop.. this includes any area of work I have access to.",Reddit,WomenInTech,subreddit,WomenInTech,mt0wi7k,1kpharc,Lestilva,46,1747605658.0,0,0,/r/womenintech/comments/1kpharc/trigger_warning_my_employer_is_bringing_back_my/mt0wi7k/,pullpush,women_relevant,1,2026-06-20T07:57:52.121602
"No need to go into personal detail, just quick one of the many typical, safe answers and move on. Keep it short and end it with something about how you're qualified & excited for this new role.

Not health related, but the same would go for if you were laid off or fired or worked in a toxic environment, or quit because of X. No new employer wants to hear your side of things or someone complaining since they'll just think you'll do the same with them.

One advice about **interviewing would be to practice a LOT**. It's a learned skill and pretty much no one is naturally great at it. Even if you get this new job, there are many ways to practice interviewing which will increase your confidence and ability to think quickly. There are tons of lists of 'commonly asked interview questions' you can practice on. I recommend writing down answers first but then speak them out loud. It's one thing to write out the answer (which will never be real for an interview) and totally different with how you speak it. You can even record yourself & see how you're improving. Practicing with another person is good too as long as it's a supportive person. Hearing how you speak is important so you know what to improve on. Lots of filler words - um, ah, like, are annoying to the person listening and shows lack of confidence.",Reddit,WomenInTech,subreddit,WomenInTech,mt0skk3,1kplik3,CrankyCrabbyCrunchy,2,1747604338.0,0,0,/r/womenintech/comments/1kplik3/how_to_tell_interviewer_why_i_left_my_last_job/mt0skk3/,pullpush,women_relevant,1,2026-06-20T07:57:52.121606
"I am the only woman in my standup. I don't let other folks explain my tickets. I don't think it's a gender thing, it's a personality thing. I don't limit myself to my tickets, I talk whenever my input could be valuable to others with the genuine intention to help. I am the engineer that talks the most in my stand ups and most of my team meetings, although not intentionally. Own it when you can, be useful, forget about genders.",Reddit,WomenInTech,subreddit,WomenInTech,mt0qop8,1kp4uw8,Time_Medium_6128,2,1747603715.0,0,0,/r/womenintech/comments/1kp4uw8/when_youre_the_only_woman_in_the_standup_and_they/mt0qop8/,pullpush,women_relevant,1,2026-06-20T07:57:52.121609
"A lot of the time people who think they are improving efficiency are just not aware of all the things they don’t know, and think they are coming up with something new. I was once the person who came into environments frustrated by the lack of efficiency, but I wasn’t factoring in things like accessibility or compatibility or all of the legal aspects. Now I’m the person who has to explain to every new person that no, we’re not morons, we just have a bigger picture view and know why that idea failed and will fail if we did it again. Yes, some people are only holding back because they are afraid to change, and should be looking for process improvements instead (internal and external) - but change isn’t inherently good just because it seems more efficient, and shouldn’t be done without a lot of experienced voices driving it.",Reddit,WomenInTech,subreddit,WomenInTech,mt0p82v,1kpn1n1,pommefille,3,1747603230.0,0,0,/r/womenintech/comments/1kpn1n1/extremely_long_rantvent_can_we_talk_about_how/mt0p82v/,pullpush,women_relevant,1,2026-06-20T07:57:52.121613
"I too lost my mum tragically in 2021 she had cancer but covid took her mind. She took her own life. She was my best friend and my hero 😢. I have been battling depression and anxiety since February 2024. 3 hospital stays. I keep trying to go back to a toxic job, but I can't do it anymore 😢.  In bed the last 3 days please keep me in your prayers John 53 from Ireland",Reddit,WomenInTech,subreddit,WomenInTech,mt0od87,1b3f453,Worldly_Snow844,1,1747602950.0,0,0,/r/womenintech/comments/1b3f453/how_did_you_recover_from_your_last_toxic_job/mt0od87/,pullpush,women_relevant,1,2026-06-20T07:57:52.121616
"Omg, yes!!!! Some company values are ridiculous, like “transparency,” when the company and hiring process are about as transparent as a brick wall. Or “extreme ownership,” which I’ve come to realize is a translation for being willing to fall on the sword for the team/organization when you weren’t the one who dropped the ball; you just found it and brought it to everyone’s attention (or multiple people dropped the ball, not just you).",Reddit,WomenInTech,subreddit,WomenInTech,mt0mwbu,1kpn1n1,MushroomNo2820,2,1747602473.0,0,0,/r/womenintech/comments/1kpn1n1/extremely_long_rantvent_can_we_talk_about_how/mt0mwbu/,pullpush,women_relevant,1,2026-06-20T07:57:52.121620
Interesting idea! I do think nuclear power is an important part of our energy future and the reasons to be afraid of it can be solved/contained with more resources towards solutions.,Reddit,WomenInTech,subreddit,WomenInTech,mt0m9xd,1kpews4,dresselhaus,2,1747602277.0,0,0,/r/womenintech/comments/1kpews4/where_can_a_physicist_do_the_most_good/mt0m9xd/,pullpush,women_relevant,1,2026-06-20T07:57:52.121623
"I haven’t thought of it in this context, I appreciate this point of view — from my perspective anytime I’ve pointed out inefficiencies and how they could be improved I’ve always been told “that’s just how it is” and when I ask why I’m usually met with some form of “just worry about your workload/stay in your lane.”",Reddit,WomenInTech,subreddit,WomenInTech,mt0ltsl,1kpn1n1,MushroomNo2820,0,1747602133.0,0,0,/r/womenintech/comments/1kpn1n1/extremely_long_rantvent_can_we_talk_about_how/mt0ltsl/,pullpush,women_relevant,1,2026-06-20T07:57:52.121627
Ugh that sounds awful! I’m sorry you’re in that situation,Reddit,WomenInTech,subreddit,WomenInTech,mt0ld0d,1kpn1n1,MushroomNo2820,1,1747601985.0,0,0,/r/womenintech/comments/1kpn1n1/extremely_long_rantvent_can_we_talk_about_how/mt0ld0d/,pullpush,women_relevant,1,2026-06-20T07:57:52.121630
I usually just cry while i work lol,Reddit,WomenInTech,subreddit,WomenInTech,mt0k0ku,1kpelon,effyverse,6,1747601557.0,0,0,/r/womenintech/comments/1kpelon/brokeup_a_week_before_i_start_my_new_job/mt0k0ku/,pullpush,women_relevant,1,2026-06-20T07:57:52.121634
I feel so seen. I love flexing on rude dudes and saying they just got killed by a girl with fake nails and lashes💅🏻,Reddit,GirlGamers,subreddit,GirlGamers,mt44d4y,1kps435,lustylovebird,2,1747659260.0,0,0,/r/GirlGamers/comments/1kps435/for_all_of_you_brave_souls_who_game_with_long/mt44d4y/,pullpush,women_relevant,1,2026-06-20T07:57:56.064552
"I’d like to finish Oblivion once and while I like some aspects of it, I also miss Skyrim when I play it.",Reddit,GirlGamers,subreddit,GirlGamers,mt4497u,1kpxdaa,jeangrey99,3,1747659220.0,0,0,/r/GirlGamers/comments/1kpxdaa/i_never_thought_id_say_this/mt4497u/,pullpush,women_relevant,1,2026-06-20T07:57:56.064567
"The tempt you kind. There's no subscription, Steam is just a storefront. But they frequently run sales and many titles often go for pretty deep discounts. There is a reason it's a popular meme that a new steam sale means buying a few more games despite already having a sizeable backlog.",Reddit,GirlGamers,subreddit,GirlGamers,mt4353u,1kpjuh5,NoteBlock08,3,1747658804.0,0,0,/r/GirlGamers/comments/1kpjuh5/gaming_recomm_for_beginners/mt4353u/,pullpush,women_relevant,1,2026-06-20T07:57:56.064572
My screen name has pearl in it 🙂,Reddit,GirlGamers,subreddit,GirlGamers,mt42dnp,1kpwv79,Intelligent_Peace_30,1,1747658514.0,0,0,/r/GirlGamers/comments/1kpwv79/gamertag_suggestions/mt42dnp/,pullpush,women_relevant,1,2026-06-20T07:57:56.064576
"Hi, I'm 31 from United Kingdom and I'm on PC.
I play Dead By Daylight, Marvel Rivals, anything survival!
My hobbies are baking and LEGO :)",Reddit,GirlGamers,subreddit,GirlGamers,mt41g6s,1knsscd,harebrainedidea,1,1747658155.0,0,0,/r/GirlGamers/comments/1knsscd/find_a_friend_friday_may_16_2025/mt41g6s/,pullpush,women_relevant,1,2026-06-20T07:57:56.064580
"I play a decent number of games on my PC using and Xbox controller. So that can be half of the equation. Ex -assassins creed, rocket league.",Reddit,GirlGamers,subreddit,GirlGamers,mt3xe9o,1kpr17v,tech_op2000,2,1747656510.0,0,0,/r/GirlGamers/comments/1kpr17v/deciding_if_i_should_get_an_xbox/mt3xe9o/,pullpush,women_relevant,1,2026-06-20T07:57:56.064584
"You're most welcome! I absolutely adore this game and already have put in over 50 hrs into even though the romance routes aren't fully implemented yet (as I said, you can only go up to 6 hearts with every NPC). But it has so much potential! The next update is supposed to come out in a few months, iirc and I'm super excited about it. 

Wait a few updates, just so that you aren't too bored currently, but for an Early-Access title that came out last year's August it has so much depth already",Reddit,GirlGamers,subreddit,GirlGamers,mt3viji,1kq2cqh,Ghirs,2,1747655703.0,0,0,/r/GirlGamers/comments/1kq2cqh/roots_of_pacha_fields_of_mistral_or_time_at/mt3viji/,pullpush,women_relevant,1,2026-06-20T07:57:56.064588
"Aww, thanks so much for the detailed reply 🥰 I'm definitely leaning the most towards Fields of Mistria based on the graphics alone, but I was a bit hesitant because it's still in early access. Your write- up really convinced me! But I might wait like you suggested.",Reddit,GirlGamers,subreddit,GirlGamers,mt3v35t,1kq2cqh,slowsundaythoughts,1,1747655518.0,0,0,/r/GirlGamers/comments/1kq2cqh/roots_of_pacha_fields_of_mistral_or_time_at/mt3v35t/,pullpush,women_relevant,1,2026-06-20T07:57:56.064592
I wouldn't be surprised if they would use it as ammo to make them feel worse about themselves in the case that they knew!,Reddit,GirlGamers,subreddit,GirlGamers,mt3v0nh,1kq3iwf,predarek,2,1747655488.0,0,0,/r/GirlGamers/comments/1kq3iwf/i_hate_how_much_women_get_accused_of_faking_their/mt3v0nh/,pullpush,women_relevant,1,2026-06-20T07:57:56.064599
Omg I love frogs so much. This is so cute. Thanks for the reco!,Reddit,GirlGamers,subreddit,GirlGamers,mt3uq06,1kq2cqh,slowsundaythoughts,2,1747655359.0,0,0,/r/GirlGamers/comments/1kq2cqh/roots_of_pacha_fields_of_mistral_or_time_at/mt3uq06/,pullpush,women_relevant,1,2026-06-20T07:57:56.064603
Thanks so much! I appreciate this :),Reddit,GirlGamers,subreddit,GirlGamers,mt3uo7o,1kq2cqh,slowsundaythoughts,1,1747655338.0,0,0,/r/GirlGamers/comments/1kq2cqh/roots_of_pacha_fields_of_mistral_or_time_at/mt3uo7o/,pullpush,women_relevant,1,2026-06-20T07:57:56.064607
My friend with long nails would type with the pads of the fingers instead of the tip... I always wondered how uncomfortable it is for her because the positioning just seems unnatural haha,Reddit,GirlGamers,subreddit,GirlGamers,mt3txo5,1kps435,Burntoastedbutter,1,1747655017.0,0,0,/r/GirlGamers/comments/1kps435/for_all_of_you_brave_souls_who_game_with_long/mt3txo5/,pullpush,women_relevant,1,2026-06-20T07:57:56.064611
First thing that came to my mind was PearlescentDreams  :3,Reddit,GirlGamers,subreddit,GirlGamers,mt3t5xy,1kpwv79,PyroSmurf9,1,1747654670.0,0,0,/r/GirlGamers/comments/1kpwv79/gamertag_suggestions/mt3t5xy/,pullpush,women_relevant,1,2026-06-20T07:57:56.064615
"I think it's pretty descriptive itself... But the E stands for electronic, so basically an online 'kitten'. Um, you know. Basically pretend bf/gf's who kinda role play being your kitty 😂",Reddit,GirlGamers,subreddit,GirlGamers,mt3s4y5,1kq3iwf,Burntoastedbutter,9,1747654199.0,0,0,/r/GirlGamers/comments/1kq3iwf/i_hate_how_much_women_get_accused_of_faking_their/mt3s4y5/,pullpush,women_relevant,1,2026-06-20T07:57:56.064619
Karlach. 100% mommy karlach.,Reddit,GirlGamers,subreddit,GirlGamers,mt3refh,1kot9sk,buttstuffisokiguess,1,1747653858.0,0,0,/r/GirlGamers/comments/1kot9sk/wulbren_has_been_chosen_for_a_universally/mt3refh/,pullpush,women_relevant,1,2026-06-20T07:57:56.064623
"I'm not sure if there's a specific term for this. But she said she specifically dislikes when white people role-play being Japanese because it's really weird (we're both Asian, but not Japanese) 😅",Reddit,GirlGamers,subreddit,GirlGamers,mt3r5rg,1kq3iwf,Burntoastedbutter,4,1747653745.0,0,0,/r/GirlGamers/comments/1kq3iwf/i_hate_how_much_women_get_accused_of_faking_their/mt3r5rg/,pullpush,women_relevant,1,2026-06-20T07:57:56.064626
Same! Scares are better in groups~,Reddit,GirlGamers,subreddit,GirlGamers,mt3psnj,1knsscd,HumanButcher,1,1747653099.0,0,0,/r/GirlGamers/comments/1knsscd/find_a_friend_friday_may_16_2025/mt3psnj/,pullpush,women_relevant,1,2026-06-20T07:57:56.064630
"Oh, I heard of that first one but never gave it a look. I am in fact looking for an 'experience' so I think this is on the mark :)

Firewatch I've already played, though it was more somber cozy in how I'd experienced it",Reddit,GirlGamers,subreddit,GirlGamers,mt3pshe,1kn6q3v,Acharyanaira,1,1747653097.0,0,0,/r/GirlGamers/comments/1kn6q3v/games_that_tackle_themes_of_processing_trauma/mt3pshe/,pullpush,women_relevant,1,2026-06-20T07:57:56.064634
"It's that new one, right? I'll take a look",Reddit,GirlGamers,subreddit,GirlGamers,mt3pmda,1kn6q3v,Acharyanaira,1,1747653015.0,0,0,/r/GirlGamers/comments/1kn6q3v/games_that_tackle_themes_of_processing_trauma/mt3pmda/,pullpush,women_relevant,1,2026-06-20T07:57:56.064638
"Pearl-jelly like a pun to the band Pearl Jam 

Pearl-fectly average",Reddit,GirlGamers,subreddit,GirlGamers,mt3oj9o,1kpwv79,meshiabwgauaj,1,1747652478.0,0,0,/r/GirlGamers/comments/1kpwv79/gamertag_suggestions/mt3oj9o/,pullpush,women_relevant,1,2026-06-20T07:57:56.064642
"Hiya! Thanks for posting today, but your post or comment has been removed: 

Rule 3: If you'd like to find new people to play with, use our Find a Friend Friday Megathread!

LFG: [Find a Friend Friday](https://www.reddit.com/r/GirlGamers/search?sort=new&q=""find+a+friend+friday""&restrict_sr=on) megathread.

More information on the sub rules can be found on our sidebar.

If you would like better clarification or need further assistance, please [message the moderators.](https://www.reddit.com/message/compose?to=%2Fr%2FGirlGamers)",Reddit,GirlGamers,subreddit,GirlGamers,mt3o9x2,1kq74ww,GirlGamers-ModTeam,1,1747652350.0,0,0,/r/GirlGamers/comments/1kq74ww/league_of_legends/mt3o9x2/,pullpush,women_relevant,1,2026-06-20T07:57:56.064645
I just don't talk in online games unless I'm with trusted friends. It's never worth it,Reddit,GirlGamers,subreddit,GirlGamers,mt3o710,1kq3iwf,Sleepy_Serah,3,1747652309.0,0,0,/r/GirlGamers/comments/1kq3iwf/i_hate_how_much_women_get_accused_of_faking_their/mt3o710/,pullpush,women_relevant,1,2026-06-20T07:57:56.064649
"to be fair its not like theyd give a shit 


these kinds of people arent very good at epathy",Reddit,GirlGamers,subreddit,GirlGamers,mt3n3d0,1kq3iwf,alexdotwav,3,1747651758.0,0,0,/r/GirlGamers/comments/1kq3iwf/i_hate_how_much_women_get_accused_of_faking_their/mt3n3d0/,pullpush,women_relevant,1,2026-06-20T07:57:56.064653
"This seems up my alley, and no, I don't have kids so no worries on that front. Thank you for the suggestion!",Reddit,GirlGamers,subreddit,GirlGamers,mt3mh87,1kn6q3v,Acharyanaira,1,1747651440.0,0,0,/r/GirlGamers/comments/1kn6q3v/games_that_tackle_themes_of_processing_trauma/mt3mh87/,pullpush,women_relevant,1,2026-06-20T07:57:56.064657
you're so right about the last part,Reddit,GirlGamers,subreddit,GirlGamers,mt3kr5s,1kmq7f0,RemarkableBee1624,1,1747650510.0,0,0,/r/GirlGamers/comments/1kmq7f0/free_or_cheap_games_with_an_ethereal_vibe/mt3kr5s/,pullpush,women_relevant,1,2026-06-20T07:57:56.064660
"Persona 3 Portable wasn't made recently. It was firstly released in 2009, they did release a port for it to other consoles in 2023 tho. Its a bit misleading to say that it was made recently because the game also definitely looks like its age lol
Reload is the one made and released recently, but there still is a huge difference between reload and portable 😅",Reddit,GirlGamers,subreddit,GirlGamers,mt3inv4,1kpv1vj,Naoutta_here,1,1747649320.0,0,0,/r/GirlGamers/comments/1kpv1vj/nintendo_switch_game_recs_for_girls_who_like_rpgs/mt3inv4/,pullpush,women_relevant,1,2026-06-20T07:57:56.064664
If only they knew how much work it is to make your voice match your identity when you're trans.,Reddit,GirlGamers,subreddit,GirlGamers,mt3iagc,1kq3iwf,moderatorrater,9,1747649100.0,0,0,/r/GirlGamers/comments/1kq3iwf/i_hate_how_much_women_get_accused_of_faking_their/mt3iagc/,pullpush,women_relevant,1,2026-06-20T07:57:56.064668
I would never call Zelda an RPG or even aRPG. They are quite literally what invented the genre of Adventure Game.,Reddit,GirlGamers,subreddit,GirlGamers,mt3i02t,1kpv1vj,RealElyD,3,1747648931.0,0,0,/r/GirlGamers/comments/1kpv1vj/nintendo_switch_game_recs_for_girls_who_like_rpgs/mt3i02t/,pullpush,women_relevant,1,2026-06-20T07:57:56.064671
"Interesting that you liked 3, considering large parts of the story basically make no sense unless you complete 2 and it's expansion.",Reddit,GirlGamers,subreddit,GirlGamers,mt3hvjy,1kpv1vj,RealElyD,1,1747648857.0,0,0,/r/GirlGamers/comments/1kpv1vj/nintendo_switch_game_recs_for_girls_who_like_rpgs/mt3hvjy/,pullpush,women_relevant,1,2026-06-20T07:57:56.064675
"Millennial here. When I was a kid, I answered the phone and had an older man say, ""Hello, son, may I speak to the other man of the house, please?"" and let me tell you...as girl with a lower pitched voice than most women...that stung. I carried that sting all the way into my 20s. I would speak just a pitch higher when I'd talk to strangers of all genders on the phone or on mic save for my best friend and close family. Nobody ever really pointed fingers and called me out for ""faking my voice"" but I absolutely did change my voice a bit because my lower register bothered the crap out of me. 

It wasn't until my (now) ex complimented my voice not knowing that I had issues with it. He'd tell me how sultry it sounded and how it put him to sleep in the best way possible because it was so soothing. He may have been a douche at times, but I didn't know that that compliment would help me later in life. At the time, I just kinda rolled my eyes and assumed he was just being nice. Typical boyfriend stuff.  It wasn't until I met my (now) husband and he would tell me that he loved my voice and how unique it was. I remember my husband saying that my ex wasn't wrong and that my voice was different in the best way possible. Between my husband's comment and my ex, it made me realize I was focusing on the wrong people. I should have been focusing on the nice things my ex and my husband said to me, not some random guys I'll never see or talk to again. 

I'm 37 now and for the past...I don't know how many years, I just talk normally. No upping the pitch on purpose (sometimes it happens when I say goodbye to people for some reason, I don't know why lol) but I don't give a crap what some rando thinks of my voice anymore.  It's too exhausting giving a crap what people think.   
  
Nowadays, my voice isn't as low as it used to be back in the day. Turns out, having high testosterone from PCOS will do that to you.",Reddit,GirlGamers,subreddit,GirlGamers,mt3htd2,1kq3iwf,StabbyMcTickles,9,1747648822.0,0,0,/r/GirlGamers/comments/1kq3iwf/i_hate_how_much_women_get_accused_of_faking_their/mt3htd2/,pullpush,women_relevant,1,2026-06-20T07:57:56.064679
You're welcome! It's one of the more prettier games I've played in terms of art style. Not to mention a female protagonist which obviously helps tell a better story,Reddit,GirlGamers,subreddit,GirlGamers,mt3hd0d,1kmq7f0,Faith__Ryder,1,1747648555.0,0,0,/r/GirlGamers/comments/1kmq7f0/free_or_cheap_games_with_an_ethereal_vibe/mt3hd0d/,pullpush,women_relevant,1,2026-06-20T07:57:56.064683
"I'm exactly the same. I also keep making notes on my phone of upcoming or already released games that I want to play, even on platforms I don't even have.",Reddit,GirlGamers,subreddit,GirlGamers,mt3h6ou,1kpxdaa,One_Wheel_Drive,2,1747648450.0,0,0,/r/GirlGamers/comments/1kpxdaa/i_never_thought_id_say_this/mt3h6ou/,pullpush,women_relevant,1,2026-06-20T07:57:56.064687
"tempt you to but more games kind of dent lol, but it’s mostly dependent on your spending habits",Reddit,GirlGamers,subreddit,GirlGamers,mt3gvjy,1kpjuh5,WingsofRain,2,1747648264.0,0,0,/r/GirlGamers/comments/1kpjuh5/gaming_recomm_for_beginners/mt3gvjy/,pullpush,women_relevant,1,2026-06-20T07:57:56.064691
"Never been accused of faking my voice, but I do get asked the ""Are you 13 or a woman?"" a lot. Or they just assume that I'm a 13year old boy and misgender me. I don't like my voice, and talking online just makes it worse. 

I tend to just stay quiet unless with friends to be honest.",Reddit,GirlGamers,subreddit,GirlGamers,mt3ggrz,1kq3iwf,Enalye,11,1747648016.0,0,0,/r/GirlGamers/comments/1kq3iwf/i_hate_how_much_women_get_accused_of_faking_their/mt3ggrz/,pullpush,women_relevant,1,2026-06-20T07:57:56.064695
"Oh, this makes a lot more sense! Would have been awkward to have it on the desk instead.",Reddit,GirlGamers,subreddit,GirlGamers,mt3g0gn,1kps435,NFreak3,16,1747647741.0,0,0,/r/GirlGamers/comments/1kps435/for_all_of_you_brave_souls_who_game_with_long/mt3g0gn/,pullpush,women_relevant,1,2026-06-20T07:57:56.064699
"Honestly having played the game I don't fully agree with that assessment. It has more to do with, on the explicit side, >!coming to terms with one's mortality!<, and on the more metaphorical side >!self-determination through an existentialist framework!<, the DLC playing further into the former.",Reddit,GirlGamers,subreddit,GirlGamers,mt3ftcg,1kn6q3v,WithersChat,2,1747647618.0,0,0,/r/GirlGamers/comments/1kn6q3v/games_that_tackle_themes_of_processing_trauma/mt3ftcg/,pullpush,women_relevant,1,2026-06-20T07:57:56.064703
"Oh man, when I grew up gaming in the early to mid 2000s, if I told people I was a boy, they’d tell me to shut it until my balls dropped. If I told them I was a girl, the sexual harassment started. I tried to deepen my voice but I just sounded like Mulan pretending to be Ping. Guys would comment on that too. 

I don’t think I’ve been on mic in an online game since. 20 years! I feel old and also tired lol",Reddit,GirlGamers,subreddit,GirlGamers,mt3fnw2,1kq3iwf,Pombon,4,1747647524.0,0,0,/r/GirlGamers/comments/1kq3iwf/i_hate_how_much_women_get_accused_of_faking_their/mt3fnw2/,pullpush,women_relevant,1,2026-06-20T07:57:56.064706
"I have 27 games installed on my Steam Deck and I never feel like playing any of them. 🫣

I'm on the final missions of Watch_Dogs and Persona 4, I also just started Sunset Overdrive and Immortals Fenyx Rising. On my PC I have a bunch of indies installed, but for the most part I've been playing Balatro to get closer to completion.",Reddit,GirlGamers,subreddit,GirlGamers,mt3erei,1kpxdaa,romaki,2,1747646956.0,0,0,/r/GirlGamers/comments/1kpxdaa/i_never_thought_id_say_this/mt3erei/,pullpush,women_relevant,1,2026-06-20T07:57:56.064710
"None. I usually finish one big game at a time, so I've finished Fire Emblem: Three houses (great game) and now started Expedition 33. But I also play two gachas (Reverse 1999 and Path to Nowhere) and Mobile legends, so my hands are full as it is.",Reddit,GirlGamers,subreddit,GirlGamers,mt3e79v,1kpxdaa,Real_Heh,1,1747646607.0,0,0,/r/GirlGamers/comments/1kpxdaa/i_never_thought_id_say_this/mt3e79v/,pullpush,women_relevant,1,2026-06-20T07:57:56.064713
"I backed it on kickstarter too and I still haven't managed to play it properly, doh.",Reddit,GirlGamers,subreddit,GirlGamers,mt3djgx,1kpsr9g,PrettySailor,1,1747646183.0,0,0,/r/GirlGamers/comments/1kpsr9g/last_few_games_ive_played_have_had_female_or_nb/mt3djgx/,pullpush,women_relevant,1,2026-06-20T07:57:56.064717
"It very much needs updating, I've added those characters to the list, thanks!",Reddit,GirlGamers,subreddit,GirlGamers,mt3di5p,1kpsr9g,PrettySailor,2,1747646158.0,0,0,/r/GirlGamers/comments/1kpsr9g/last_few_games_ive_played_have_had_female_or_nb/mt3di5p/,pullpush,women_relevant,1,2026-06-20T07:57:56.064723
"i'm really glad someones talking about this. i have a rly quiet/soft voice and i gotten bullied so hard on games ive played before- i've had a girl on vrchat literally scream and call me names at me just for speaking. i remember that moment very clearly and it makes me not want to play that game anymore. 

its kinda sad but i've noticed a lot of that harassment came from other girls. it's hard bc i really love to make friends esp with women, but now i feel kinda traumatized or scared to even try, online at least.",Reddit,GirlGamers,subreddit,GirlGamers,mt3ck4v,1kq3iwf,bbymelody,4,1747645551.0,0,0,/r/GirlGamers/comments/1kq3iwf/i_hate_how_much_women_get_accused_of_faking_their/mt3ck4v/,pullpush,women_relevant,1,2026-06-20T07:57:56.064727
"I installed the game yesterday and I was 2 hours in when I picked Iron Man for the first time. Tried my best but I wasn't doing too well, so they took the piss out of me at the end of the match.  
I was having a blast until that point but I'm having toxic Overwatch flashbacks and I'm considering uninstalling the game as I don't need this shit.",Reddit,GirlGamers,subreddit,GirlGamers,mt3atn1,1i9buol,volcrisnocturne,1,1747644448.0,0,0,/r/GirlGamers/comments/1i9buol/marvel_rivals_toxicity/mt3atn1/,pullpush,women_relevant,1,2026-06-20T07:57:56.064731
"Thanks for elaborating! Maybe because I've also played DA:Veilguard this year, the overall sameness of my party stands out even more....different priorities, I suppose.

And if we are talking about NPCs in Lumiere, most of them are static or barely moving, even during the conversations. So you'd only need to tweak the NPC models without investing in animations, hitboxes, etc. (Funny thing, that instead there are children - usually among the hardest characters to make, as they tend to look creepy, lol.) Oh well～",Reddit,GirlGamers,subreddit,GirlGamers,mt39idg,1kntuwf,ComprehensiveTerm581,1,1747643604.0,0,0,/r/GirlGamers/comments/1kntuwf/clair_obscur/mt39idg/,pullpush,women_relevant,1,2026-06-20T07:57:56.064734
"She’s the best, and her voice actress is so good. Just wish they’d done more with her in Act 3. And romancing her was easier.",Reddit,GirlGamers,subreddit,GirlGamers,mt38vlt,1kot9sk,tiger2205_6,2,1747643187.0,0,0,/r/GirlGamers/comments/1kot9sk/wulbren_has_been_chosen_for_a_universally/mt38vlt/,pullpush,women_relevant,1,2026-06-20T07:57:56.064738
hahaha I mean Zelda games are also from Japan so I'd say they count as JRPGs,Reddit,GirlGamers,subreddit,GirlGamers,mt38srn,1kpv1vj,terriblyexceptional,0,1747643136.0,0,0,/r/GirlGamers/comments/1kpv1vj/nintendo_switch_game_recs_for_girls_who_like_rpgs/mt38srn/,pullpush,women_relevant,1,2026-06-20T07:57:56.064742
"Oh for sure. I am relating however to my own experience of my school mate’s voices suddenly changing to something like childish “baby talk” because it’s what they believed attracted the boys. I’ve since witnessed a lot of adult women have a “pleasant” voice with a wide smile and lightless dead eyes whose voice will change the moment they’re displeased by something, matching their eyes, and then “perk” back up again once a male enters the vicinity. Same as some boys/men attempting to deepen their voices to sound more masculine. These are my experience and I cannot speak to that which I have not experienced though I do not disclaim its truth. Make sense?",Reddit,GirlGamers,subreddit,GirlGamers,mt383yw,1kq3iwf,Harnasus,0,1747642684.0,0,0,/r/GirlGamers/comments/1kq3iwf/i_hate_how_much_women_get_accused_of_faking_their/mt383yw/,pullpush,women_relevant,1,2026-06-20T07:57:56.064745
PearlPeril would be cool,Reddit,GirlGamers,subreddit,GirlGamers,mt35stm,1kpwv79,danawithay,2,1747641205.0,0,0,/r/GirlGamers/comments/1kpwv79/gamertag_suggestions/mt35stm/,pullpush,women_relevant,1,2026-06-20T07:57:56.064749
"as a self admitted weeb, there's honestly nothing wrong with role playing- whether it's an anime character or a western character or an idea in your head. 

kill the part of you that cringes, you'll have much more fun in the long run.",Reddit,GirlGamers,subreddit,GirlGamers,mt35oqj,1kq3iwf,whimsicaljess,8,1747641135.0,0,0,/r/GirlGamers/comments/1kq3iwf/i_hate_how_much_women_get_accused_of_faking_their/mt35oqj/,pullpush,women_relevant,1,2026-06-20T07:57:56.064753
"what is even ""faking a voice""? if a woman has a voice that's high pitched or low pitched it's still her voice?",Reddit,GirlGamers,subreddit,GirlGamers,mt35iq2,1kq3iwf,whimsicaljess,4,1747641032.0,0,0,/r/GirlGamers/comments/1kq3iwf/i_hate_how_much_women_get_accused_of_faking_their/mt35iq2/,pullpush,women_relevant,1,2026-06-20T07:57:56.064756
"(This is how I realised that the delivery girl was a temporary thing. Noo /o\ I loved her)

This is amazing. You nailed it",Reddit,GirlGamers,subreddit,GirlGamers,mt346xw,1kpvlx3,Ailwynn29,12,1747640193.0,0,0,/r/GirlGamers/comments/1kpvlx3/steam_delivery_girl_cosplay_special_delivery/mt346xw/,pullpush,women_relevant,1,2026-06-20T07:57:56.064760
Hahaha I would have muted him immediately. I just can't deal with some squeakers sometimes,Reddit,GirlGamers,subreddit,GirlGamers,mt33rdy,1kq3iwf,Happytre3,2,1747639916.0,0,0,/r/GirlGamers/comments/1kq3iwf/i_hate_how_much_women_get_accused_of_faking_their/mt33rdy/,pullpush,women_relevant,1,2026-06-20T07:57:56.064764
"I like some of the sidequests in Guild Wars. Some of them are generic and some of them are quite goofy to the story. One of them in Winds of Change have you being a bodyguard to a courier. This courier claims to know where he is going to deliver to a simple message but ends up going completely the wrong way.. into gang territory. Ends up pissing off 2 big gang organizations in the city by punching half the gangs.

The reward message for that quest says it all.

https://preview.redd.it/c8o6wpmtwo1f1.png?width=299&format=png&auto=webp&s=922f395186bb276916a42f6b56e3fcd3a1239034",Reddit,GirlGamers,subreddit,GirlGamers,mt32v04,1kory0q,Wings_of_Absurdity,1,1747639349.0,0,0,/r/GirlGamers/comments/1kory0q/the_world_is_ending_but_sure_i_can_recover_your/mt32v04/,pullpush,women_relevant,1,2026-06-20T07:57:56.064768
"Only time I ever felt squeaker was justified was when I had a 10 year old literally scream REEEE into his kike because I would run in 1 v 6 and rez him. I have literally never had another scenario that would justify it, and I've been playing hero shooters half my life now lol",Reddit,GirlGamers,subreddit,GirlGamers,mt32mk8,1kq3iwf,coralinn,3,1747639204.0,0,0,/r/GirlGamers/comments/1kq3iwf/i_hate_how_much_women_get_accused_of_faking_their/mt32mk8/,pullpush,women_relevant,1,2026-06-20T07:57:56.064771
"Sometimes, a voice may sound ""fake,"" but it really isn't.

In my high school friend's case, it is related to a health condition.

Some people have health conditions affecting their vocal cords, some people have roommates that sleep early, leading them to whisper when they game, some people just feel more comfortable with a certain range, and some people are trans and speaking with a higher/lower pitch is necessary is a part of their vocal training


It is is something that almost always affects women more negatively than men because media tells women how they should sound and act, and some women internalize that, only to be picked apart for it because the male-controlled media have changed",Reddit,GirlGamers,subreddit,GirlGamers,mt32ldr,1kq3iwf,Happytre3,8,1747639183.0,0,0,/r/GirlGamers/comments/1kq3iwf/i_hate_how_much_women_get_accused_of_faking_their/mt32ldr/,pullpush,women_relevant,1,2026-06-20T07:57:56.064775
"I definitely like a super customized character creation or even fashionable cosmetics to override especially in MMOs.  
Few games like Guild Wars 2 and Runescape 3 has a lot of customizations despite some of its limits. There are elf ears, animal ears, wings, aura effects, lots of choices. Infinity Nikki was definitely one of my favourites for dress up and hoping for the best ('m sure most that play know what's going on there right now)

I also enjoy games like Dragon's Dogma 2 that has a really highly advanced character customization. I do care a lot about how my characters look in games because that's just how I am.",Reddit,GirlGamers,subreddit,GirlGamers,mt32ji1,1kpmq75,Wings_of_Absurdity,1,1747639149.0,0,0,/r/GirlGamers/comments/1kpmq75/what_are_your_favorite_things_about_making_your/mt32ji1/,pullpush,women_relevant,1,2026-06-20T07:57:56.064779
"Oh no, don't make them go into the rabbit hole that is Hoyo games. It's simply not with it. The executives are also known for being heavily into waifus and favoring one character (always a female) over the other.",Reddit,GirlGamers,subreddit,GirlGamers,mt317t4,1koiitk,No-Ask1967,1,1747638333.0,0,0,/r/GirlGamers/comments/1koiitk/a_weird_question_about_gacha_games/mt317t4/,pullpush,women_relevant,1,2026-06-20T07:57:56.064782
"As someone who got into gacha games because of Genshin, I recommend you (and every woman for that matter) to stay very, very far away from it. Not worth it. There's a clear bias towards male players that bleed through the story, characters and designs and it definitely ruins your experience. I liked them because they were free, but now I see they're not worth it. I'm actually going back to console gaming, single player and indie games.",Reddit,GirlGamers,subreddit,GirlGamers,mt30ruk,1koiitk,No-Ask1967,2,1747638059.0,0,0,/r/GirlGamers/comments/1koiitk/a_weird_question_about_gacha_games/mt30ruk/,pullpush,women_relevant,1,2026-06-20T07:57:56.064786
"No problem! I remember a trans woman complaining about how men treated her, thinking it was transphobia, then she realized it was actually misogyny:)

Welcome to the club! Haha

(transphobia and homophobia are inherently misogynistic.)",Reddit,GirlGamers,subreddit,GirlGamers,mt30lyf,1kq3iwf,Happytre3,12,1747637961.0,0,0,/r/GirlGamers/comments/1kq3iwf/i_hate_how_much_women_get_accused_of_faking_their/mt30lyf/,pullpush,women_relevant,1,2026-06-20T07:57:56.064789
skyblivion! It’s scheduled to be released this year. Way better than the remaster.,Reddit,GirlGamers,subreddit,GirlGamers,mt30ko8,1kpxdaa,Background-House-357,1,1747637939.0,0,0,/r/GirlGamers/comments/1kpxdaa/i_never_thought_id_say_this/mt30ko8/,pullpush,women_relevant,1,2026-06-20T07:57:56.064793
"Roots of Pacha is quite chill, it has a prehistoric theme. Gameplay loop has two main parts. First is progress being getting better ""tech"" like clock, watering aids etc through helping your fellow villagers with their research by providing them requested materials. Second is contributing items (no restrictions on type, they just give different amounts) to the village which nets you currency to spend on things like belt upgrades, clothes, home furnitures. 



It has the usual activities along with no combat, taming animals, some puzzles in the caves and not sleeping simply gives abit less energy to start the day, time you wake up is the same. There's activities that unlock as you progress through the game like racing, painting etc. Also if you're planning to co-op, currency and seeds is shared so no need to pass around these items, buildings and animals/mounts on farmtiles are also shared so no ownership issues.

  
Main things I disliked, inventory management is abit messy, you can quick stack both ways but have to press alt button to get into a sub-menu (choose btw 3 listed options). Swapping tools often is abit troublesome as you have to cycle or use ring menu. One minor issue is that you can sleep in same house (after one upgrade) but house pets can't be adopted by both players only owner of that house. Each player can have their own house but if you're not planning to sleep there, there's not much point.",Reddit,GirlGamers,subreddit,GirlGamers,mt30bqh,1kq2cqh,Academic_Macaron3025,8,1747637790.0,0,0,/r/GirlGamers/comments/1kq2cqh/roots_of_pacha_fields_of_mistral_or_time_at/mt30bqh/,pullpush,women_relevant,1,2026-06-20T07:57:56.064797
"Woah it dominoe’d. 

So um… …. I bet guys absolutely do fake their voices and aren’t exempt front that at all but uhhhhhhhhh Ive sorta been saying this for the last fifteen years or so because the girls I grew up with **did** so obviously fake their voices and since then I’ve learned to spot it. We can’t pretend there aren’t both men and women/boys or girls out there who don’t do this because they do. Sure there are probably lots of people who don’t, but there are actually people of both genders that absolutely do",Reddit,GirlGamers,subreddit,GirlGamers,mt302d2,1kq3iwf,Harnasus,2,1747637636.0,0,0,/r/GirlGamers/comments/1kq3iwf/i_hate_how_much_women_get_accused_of_faking_their/mt302d2/,pullpush,women_relevant,1,2026-06-20T07:57:56.064801
"For some reason, it's only women who get accused of this, but rarely men.

There are countless men on YouTube and Twitch who are likely ""faking"" their voices, but I have never accused a random man of doing the same just because the general trend of men faking their voices exists

It honestly just strikes me as another layer of misogyny and the need to micro manage everything to do with a woman's choice of presenting herself",Reddit,GirlGamers,subreddit,GirlGamers,mt2z9p9,1kq3iwf,Happytre3,9,1747637163.0,0,0,/r/GirlGamers/comments/1kq3iwf/i_hate_how_much_women_get_accused_of_faking_their/mt2z9p9/,pullpush,women_relevant,1,2026-06-20T07:57:56.064804
Many thanks for saying that. I'm pretty naive and it's taken a while way way longer than it should have for lots of things to click for how I have to interact online.,Reddit,GirlGamers,subreddit,GirlGamers,mt2yzsd,1kq3iwf,M1A-5-ShiaBee,10,1747637001.0,0,0,/r/GirlGamers/comments/1kq3iwf/i_hate_how_much_women_get_accused_of_faking_their/mt2yzsd/,pullpush,women_relevant,1,2026-06-20T07:57:56.064808
This is so lovely omggg I love iiiit!!,Reddit,GirlGamers,subreddit,GirlGamers,mt2ygaj,1kpvlx3,LiterallyAna,8,1747636677.0,0,0,/r/GirlGamers/comments/1kpvlx3/steam_delivery_girl_cosplay_special_delivery/mt2ygaj/,pullpush,women_relevant,1,2026-06-20T07:57:56.064812
Absolutely. Because it's the law.,Reddit,GirlGamers,subreddit,GirlGamers,mt2xt5e,1kpxvq6,Annelisandre,1,1747636292.0,0,0,/r/GirlGamers/comments/1kpxvq6/i_guess_no_more_skyrim_for_me_tonight/mt2xt5e/,pullpush,women_relevant,1,2026-06-20T07:57:56.064816
Currently there are about 8 games whose stories I want to experience. I don't open any of them :^),Reddit,GirlGamers,subreddit,GirlGamers,mt2xpi3,1kpxdaa,Ailwynn29,1,1747636233.0,0,0,/r/GirlGamers/comments/1kpxdaa/i_never_thought_id_say_this/mt2xpi3/,pullpush,women_relevant,1,2026-06-20T07:57:56.064820
They have clear pads you can put on your keyboard too!!,Reddit,GirlGamers,subreddit,GirlGamers,mt2xhz6,1kps435,efiality,2,1747636109.0,0,0,/r/GirlGamers/comments/1kps435/for_all_of_you_brave_souls_who_game_with_long/mt2xhz6/,pullpush,women_relevant,1,2026-06-20T07:57:56.064824
"I have been accused of faking my British accent both online and in real life. 

I was born in the UK and now live in New Zealand but apparently a healthy number of the general public have never heard of the concept of immigration before.",Reddit,GirlGamers,subreddit,GirlGamers,mt2wl6v,1kq3iwf,FeenieBoBeenie,7,1747635570.0,0,0,/r/GirlGamers/comments/1kq3iwf/i_hate_how_much_women_get_accused_of_faking_their/mt2wl6v/,pullpush,women_relevant,1,2026-06-20T07:57:56.064827
"I highly recommend Fields of Mistria, but let me copy-paste the recommendation/as-to-why from the cosy games sub that I wrote out as an edit",Reddit,GirlGamers,subreddit,GirlGamers,mt2wja5,1kq2cqh,Ghirs,5,1747635539.0,0,0,/r/GirlGamers/comments/1kq2cqh/roots_of_pacha_fields_of_mistral_or_time_at/mt2wja5/,pullpush,women_relevant,1,2026-06-20T07:57:56.064831
"Idc to comment on it either, I was just explaining where the accusation comes from: the fact that many of them *are* faking their voice. 

It’s not something that people made up. It’s just true.",Reddit,GirlGamers,subreddit,GirlGamers,mt2wc7c,1kq3iwf,BeeLamb,4,1747635422.0,0,0,/r/GirlGamers/comments/1kq3iwf/i_hate_how_much_women_get_accused_of_faking_their/mt2wc7c/,pullpush,women_relevant,1,2026-06-20T07:57:56.064835
ohh thank you!,Reddit,GirlGamers,subreddit,GirlGamers,mt2vsui,1kmq7f0,RemarkableBee1624,2,1747635108.0,0,0,/r/GirlGamers/comments/1kmq7f0/free_or_cheap_games_with_an_ethereal_vibe/mt2vsui/,pullpush,women_relevant,1,2026-06-20T07:57:56.064838
Mudborne? It's a cute frog game.,Reddit,GirlGamers,subreddit,GirlGamers,mt2vnp6,1kq2cqh,hoemingway,2,1747635025.0,0,0,/r/GirlGamers/comments/1kq2cqh/roots_of_pacha_fields_of_mistral_or_time_at/mt2vnp6/,pullpush,women_relevant,1,2026-06-20T07:57:56.064842
"Would just like to chime in and say Xbox S is ok and will for sure still be a good option, but if you can get an series X for not much more and still within your budget, it’s worth the better investment in my opinion; due to how many people I’ve seen and known complain about overheating, lag and graphic issues, ect. Might be worth looking up YouTube videos comparing them and seeing if the upgrade is worth it for you or not.",Reddit,GirlGamers,subreddit,GirlGamers,mt2vj4q,1kpr17v,o0oLunao0o,2,1747634951.0,0,0,/r/GirlGamers/comments/1kpr17v/deciding_if_i_should_get_an_xbox/mt2vj4q/,pullpush,women_relevant,1,2026-06-20T07:57:56.064846
that’s my customer service voice and I don’t know her 😅,Reddit,GirlGamers,subreddit,GirlGamers,mt2vdpx,1kq3iwf,vampire_renee,17,1747634864.0,0,0,/r/GirlGamers/comments/1kq3iwf/i_hate_how_much_women_get_accused_of_faking_their/mt2vdpx/,pullpush,women_relevant,1,2026-06-20T07:57:56.064850
"Lol just let them assume whatever they want because women just cannot win regardless what they do

Misogyny and transphobia really go hand in hand, and they both harm all women...",Reddit,GirlGamers,subreddit,GirlGamers,mt2v2og,1kq3iwf,Happytre3,16,1747634686.0,0,0,/r/GirlGamers/comments/1kq3iwf/i_hate_how_much_women_get_accused_of_faking_their/mt2v2og/,pullpush,women_relevant,1,2026-06-20T07:57:56.064853
Same i get scared lol but would love to play with a group of women 34/f/us,Reddit,GirlGamers,subreddit,GirlGamers,mt2ur3d,1knsscd,Adept-Ad-3172,2,1747634500.0,0,0,/r/GirlGamers/comments/1knsscd/find_a_friend_friday_may_16_2025/mt2ur3d/,pullpush,women_relevant,1,2026-06-20T07:57:56.064857
Loved this! Im down to play horror games but its either mute myself or unmute and scream/ curse like a salior at every little jump scare lol im a very chill sweet yet anxious trash talking gamer chick. 34/f/ US/CT,Reddit,GirlGamers,subreddit,GirlGamers,mt2unr0,1knsscd,Adept-Ad-3172,2,1747634446.0,0,0,/r/GirlGamers/comments/1knsscd/find_a_friend_friday_may_16_2025/mt2unr0/,pullpush,women_relevant,1,2026-06-20T07:57:56.064862
"I think I’m gonna regret this, but what is an ekitten?",Reddit,GirlGamers,subreddit,GirlGamers,mt2ue9a,1kq3iwf,o0oLunao0o,6,1747634294.0,0,0,/r/GirlGamers/comments/1kq3iwf/i_hate_how_much_women_get_accused_of_faking_their/mt2ue9a/,pullpush,women_relevant,1,2026-06-20T07:57:56.064865
"Yes, the topless, exaggeratedly muscled hero look is not intended to be titillating the way these female character designs are. Sure, some people will think they're hot, but that was never the purpose.",Reddit,GirlGamers,subreddit,GirlGamers,mt2u191,1kkwmbf,Khornelia,1,1747634089.0,0,0,/r/GirlGamers/comments/1kkwmbf/of_course_this_is_the_first_thing_i_want_to_see/mt2u191/,pullpush,women_relevant,1,2026-06-20T07:57:56.064869
"It's very obvious in the vtuber community as well. They purposely make their voice like that to sound cuter. But I don't care, they got a hustle that works, good for them! Sure maybe it's cringe sometimes, but hey it brings in money so... They still winning. 

On the other hand, I had a friend who would always be judgmental about people who did that. She even said I better not be like those fake weaboos when I expressed interest in making a vtuber model. I wasn't going to, but even if I was, most people are usually role-playing a 'character' anyway, not as themselves. Kinda like D&D and how hardcore people who aren't shy will try to role-play the characters they made up!",Reddit,GirlGamers,subreddit,GirlGamers,mt2tzd5,1kq3iwf,Burntoastedbutter,26,1747634058.0,0,0,/r/GirlGamers/comments/1kq3iwf/i_hate_how_much_women_get_accused_of_faking_their/mt2tzd5/,pullpush,women_relevant,1,2026-06-20T07:57:56.064874
"Damn, those are creative ones hahaha

I remember some guy accusing me of being all of his (male) friends on a voice changer :) and the thing is, they speak different first languages than me, so their English accents sound different than mine...

I don't know how he got to that conclusion, but I find it funny how men would invent weird scenarios in their heads and become *very* creative before they accept you're literally just a random woman existing :/",Reddit,GirlGamers,subreddit,GirlGamers,mt2tr87,1kq3iwf,Happytre3,6,1747633929.0,0,0,/r/GirlGamers/comments/1kq3iwf/i_hate_how_much_women_get_accused_of_faking_their/mt2tr87/,pullpush,women_relevant,1,2026-06-20T07:57:56.064878
i have the lian li lancool! it’s pretty and has room to put little figures inside the case! it’s a little heavy with everything in it though,Reddit,GirlGamers,subreddit,GirlGamers,mt2tlf7,1kpw9ir,honeyrenie,1,1747633838.0,0,0,/r/GirlGamers/comments/1kpw9ir/guys_i_need_help_figuring_out_what_case_to_get/mt2tlf7/,pullpush,women_relevant,1,2026-06-20T07:57:56.064882
"I once played lots of destiny with a tight group 2 guys always sounded androgynous. They hated their voices sometimes. When we would play with random people they automatically assumed he was a girl which made him quit. This happened a lot. The other guy got a lot of put off the voice changer and stuff like that but his voice just sounded like that. 

I believe this is what you meant? I am tired going to bed now haha 🫡🤮",Reddit,GirlGamers,subreddit,GirlGamers,mt2tdb3,1kq3iwf,EducatorAffectionate,10,1747633711.0,0,0,/r/GirlGamers/comments/1kq3iwf/i_hate_how_much_women_get_accused_of_faking_their/mt2tdb3/,pullpush,women_relevant,1,2026-06-20T07:57:56.064886
My partner told me about the 'valorant accent' and ngl I HAVE NO IDEA WHAT HE MEANS BY IT. Like is he talking about guys who purposely make their voice deeper to attract ekittens 😭,Reddit,GirlGamers,subreddit,GirlGamers,mt2tc0u,1kq3iwf,Burntoastedbutter,11,1747633690.0,0,0,/r/GirlGamers/comments/1kq3iwf/i_hate_how_much_women_get_accused_of_faking_their/mt2tc0u/,pullpush,women_relevant,1,2026-06-20T07:57:56.064890
"Either they've never met a woman or never shut the fuck up long enough for her to speak. I'd imagine there's partly the ""phone call affect"" like customer service voice going on when you're on a mic but regardless why are they dense",Reddit,GirlGamers,subreddit,GirlGamers,mt2tbpp,1kq3iwf,MidUser3001,18,1747633686.0,0,0,/r/GirlGamers/comments/1kq3iwf/i_hate_how_much_women_get_accused_of_faking_their/mt2tbpp/,pullpush,women_relevant,1,2026-06-20T07:57:56.064893
"I was about to comment this exact thing almost! Maaahhhh! It hits a bit different because technically I am ""making a voice"" ... I kinda have to, that's part of the whole vocal training thingy. My current voice isn't perfect but it's closer to being my own.

Me and my bestie actually never really speak because of the whole fake girl voice nonsense. But then that ALSO backfires so you can't ever fricken win. My bestie recently got accused of pretending to be a girl because she has a fem name and refuses to talk on voice. In reality, she's terrified to because of horrible past experiences (she has an extremely high pitched voice closer to um, Henya or Ironmouse). She ended up telling them, whatever just think I'm a dude then sheesh, I just wanna play.",Reddit,GirlGamers,subreddit,GirlGamers,mt2t5yz,1kq3iwf,M1A-5-ShiaBee,18,1747633598.0,0,0,/r/GirlGamers/comments/1kq3iwf/i_hate_how_much_women_get_accused_of_faking_their/mt2t5yz/,pullpush,women_relevant,1,2026-06-20T07:57:56.064897
"That’s because the op is a man, he just got inspired after watching a video of someone with really long nails (the 5th photo) to try and fix the problem gaming with long nails causes",Reddit,GirlGamers,subreddit,GirlGamers,mt2sxrk,1kps435,NotJALC,11,1747633470.0,0,0,/r/GirlGamers/comments/1kps435/for_all_of_you_brave_souls_who_game_with_long/mt2sxrk/,pullpush,women_relevant,1,2026-06-20T07:57:56.064901
"Range of comments I have seen and been told.

""Justin Bieber fan voice""
""ai voice""
""Fake voice""
""Nasal voice""
""High pitched voice""
""transgender voice""
""Voice changer voice""
""Michael Jackson voice""
""Use your real voice""
""Feeemale""
""Females""
""Old hag voice""",Reddit,GirlGamers,subreddit,GirlGamers,mt2spuo,1kq3iwf,Wings_of_Absurdity,10,1747633346.0,0,0,/r/GirlGamers/comments/1kq3iwf/i_hate_how_much_women_get_accused_of_faking_their/mt2spuo/,pullpush,women_relevant,1,2026-06-20T07:57:56.064904
"I understand, but even then... why would I care whether they fake it or not?

I would never be able to confirm it, especially that people say the same thing about my friend, and I know how much harm it could cause to someone to be constantly accused of faking something as personal as your voice

I think it is always better not to comment about it even if you think it is fake",Reddit,GirlGamers,subreddit,GirlGamers,mt2soxv,1kq3iwf,Happytre3,10,1747633331.0,0,0,/r/GirlGamers/comments/1kq3iwf/i_hate_how_much_women_get_accused_of_faking_their/mt2soxv/,pullpush,women_relevant,1,2026-06-20T07:57:56.064908
I am suspicious that at no point does the photos show them using it with nails.,Reddit,GirlGamers,subreddit,GirlGamers,mt2sb1g,1kps435,Mylabugz,4,1747633119.0,0,0,/r/GirlGamers/comments/1kps435/for_all_of_you_brave_souls_who_game_with_long/mt2sb1g/,pullpush,women_relevant,1,2026-06-20T07:57:56.064912
"Lol, do not even get me started on the random transvestigatiom...

Getting accused of faking your voice, being transvestigated, then insulted is like the holy trinity of the woman experience in this community apparently haha",Reddit,GirlGamers,subreddit,GirlGamers,mt2rqff,1kq3iwf,Happytre3,28,1747632799.0,0,0,/r/GirlGamers/comments/1kq3iwf/i_hate_how_much_women_get_accused_of_faking_their/mt2rqff/,pullpush,women_relevant,1,2026-06-20T07:57:56.064916
It is normal. Women's voices also fluctuate depending on their cycle. I feel like those people do not know how a woman sounds like...,Reddit,GirlGamers,subreddit,GirlGamers,mt2r1de,1kq3iwf,Happytre3,11,1747632414.0,0,0,/r/GirlGamers/comments/1kq3iwf/i_hate_how_much_women_get_accused_of_faking_their/mt2r1de/,pullpush,women_relevant,1,2026-06-20T07:57:56.064920
"yeah 

theres also a certain range of gurl voices that sknetiems gets you accused of being transgender (they usually use slurs instead of this word) so you really cant win with this shit",Reddit,GirlGamers,subreddit,GirlGamers,mt2qzt3,1kq3iwf,alexdotwav,28,1747632390.0,0,0,/r/GirlGamers/comments/1kq3iwf/i_hate_how_much_women_get_accused_of_faking_their/mt2qzt3/,pullpush,women_relevant,1,2026-06-20T07:57:56.064924
"I also think another point is because there has been men pretending to be women by faking a really bad high pitch voice, so it’s used as an insult now to be like “probably not a real women”",Reddit,GirlGamers,subreddit,GirlGamers,mt2qzfm,1kq3iwf,o0oLunao0o,2,1747632385.0,0,0,/r/GirlGamers/comments/1kq3iwf/i_hate_how_much_women_get_accused_of_faking_their/mt2qzfm/,pullpush,women_relevant,1,2026-06-20T07:57:56.064929
"I recently play fields of mistria and would recommend it! Its still in early access so I wouldn't say it is overwhelming like stardew can be. I never felt like I needed to look at a wiki. The characters are great and you really feel like you're helping the town! The music and graphics are so cute too. I wish there was a bit more to do, but have to wait for more updates. I played it for 2 or 3 months though? Got to a point where I would have been happy to keep playing but thought if I grinded too much it would kind of lessen the next update if that makes sense? Make getting the new stuff too easy...
I'm not the best at writing reviews, but I would recommend it! I'm excited to see what they add in the game next!",Reddit,GirlGamers,subreddit,GirlGamers,mt2qyk4,1kq2cqh,TinyBlackberry1615,7,1747632371.0,0,0,/r/GirlGamers/comments/1kq2cqh/roots_of_pacha_fields_of_mistral_or_time_at/mt2qyk4/,pullpush,women_relevant,1,2026-06-20T07:57:56.064933
"Nah, a lot of female streamers/gaming content creators 100% fake their voice and it’s obvious. 

So many sound similar and it’s a kind of intonation, tone and inflection that you NEVER hear in real life outside of gaming/anime circles. It’s also not a kind of voice you’d have seen or heard in decades past.",Reddit,GirlGamers,subreddit,GirlGamers,mt2qsyf,1kq3iwf,BeeLamb,21,1747632287.0,0,0,/r/GirlGamers/comments/1kq3iwf/i_hate_how_much_women_get_accused_of_faking_their/mt2qsyf/,pullpush,women_relevant,1,2026-06-20T07:57:56.064936
"It’s worse if you have social anxiety like I do. The more nervous I am, the higher pitched my voice is. The more people I’m speaking to / around and it gets even higher. I don’t even do it on purpose. It just happens and then I get accused of infantiling myself even though it’s just a nervous quirk. 

I can’t control it. It just happens and I’m practically noise blind to it until someone points out I’m doing it again.",Reddit,GirlGamers,subreddit,GirlGamers,mt2qlcs,1kq3iwf,taisynn,50,1747632175.0,0,0,/r/GirlGamers/comments/1kq3iwf/i_hate_how_much_women_get_accused_of_faking_their/mt2qlcs/,pullpush,women_relevant,1,2026-06-20T07:57:56.064940
"Yeah, it is really weird :/

They also bully young boys and call them ""squeakers"" when those kids just... have kids' voices, and kids' voices are high-pitched and sometimes sound like women's voices.

I noticed that young boys in particular tend to deepen their voices not to get bullied by older gamers, but their deepened voices sound really contrived, yet no one says anything about them although they're ""more fake"" than their natural ""squeakier"" voices.

Of course, I do not think they should say anything and no one should be bullied for their voices, but those people seem to only have problems with high pitched more feminine voices rather than ""fake"" voices, if that makes sense... :/",Reddit,GirlGamers,subreddit,GirlGamers,mt2ql5h,1kq3iwf,Happytre3,51,1747632172.0,0,0,/r/GirlGamers/comments/1kq3iwf/i_hate_how_much_women_get_accused_of_faking_their/mt2ql5h/,pullpush,women_relevant,1,2026-06-20T07:57:56.064944
"Graduation is not that big of a deal and I see a remarkable number of bratty posts on Reddit about it. My parents didn't come to my graduation, a party was never thrown for me, and I went home that day but myself and paid my own bills like any other day. 

Your sister however went into labor. There will be plenty of days in your life that are all about you. You have graduated school now - so this is actually a really good time to take this as a cue to grow up. Life isn't about having ""special days all about you"". Life is full of important milestones and all deserve celebration with humility and joy. Both of you reached a major milestone in one day, and your niece or nephew entered the world. Be happy for your niece or nephew and not jealous of them/your sister.

I see a shocking number of posts like this during graduation season and it's surprising the way that people feel entitled to these big celebrations. Just because some families go into debt celebrating their children's graduations doesn't mean you're missing out because you didn't have that experience. Life isn't about comparing yourself to TikTok and Instagram. Try to want what you have, not what you don't.",Reddit,offmychest,subreddit,offmychest,mt468nk,1kpt7ce,yeahschool,-7,1747659958.0,0,0,/r/offmychest/comments/1kpt7ce/sisters_water_broke_on_my_graduation_day/mt468nk/,pullpush,women_relevant,1,2026-06-20T07:57:59.804324
"**What in the actual F, u/GusionRFC?**




You'd be getting an earful, if you were my child.




Can't even think about what to advise you.
If your name is on those loans, you are screwed...




**If it is only her name, cut your losses. Now.**




That chick has shit for brains, and she has to grow the F up. 




***Stop* covering for her.**


Let her face her parents!",Reddit,offmychest,subreddit,offmychest,mt465ri,1kq8vo0,RanaEire,2,1747659928.0,0,0,/r/offmychest/comments/1kq8vo0/my_partner_is_ruining_my_life/mt465ri/,pullpush,women_relevant,1,2026-06-20T07:57:59.804348
"Move. You’re gonna have to make sacrifices initially to get used to the place, but in the long run, you’ll look back and be glad that you made the decision to move. Even if it doesn’t seem that way for the first few months. 
We all grow when we’re out of our comfort zone.",Reddit,offmychest,subreddit,offmychest,mt46156,1kq9ug3,Gracieee_5678,2,1747659880.0,0,0,/r/offmychest/comments/1kq9ug3/i_really_need_advice/mt46156/,pullpush,women_relevant,1,2026-06-20T07:57:59.804354
"I was in love with my best friend as well yet he did not have the same feelings for me. I had to endure him talk about his girlfriends and even start talking to some of my own best friends because they were prettier than me. It was obvious I had a crush on him and we also joked about being a married couple without the sex - until one day it happened. Afterwards, I felt like I was just a rebound for him, that it didn't mean anything to him. Our friendship fizzled after than and later I realized I just don't need a male best friend anymore. I really focused on my girl friends more and I feel more at peace. No more weird sexual tension or drama.",Reddit,offmychest,subreddit,offmychest,mt45xrr,1kq5ku3,apointlessword,5,1747659844.0,0,0,/r/offmychest/comments/1kq5ku3/i_ruined_my_best_friendship_because_i_caught/mt45xrr/,pullpush,women_relevant,1,2026-06-20T07:57:59.804360
Thank you :),Reddit,offmychest,subreddit,offmychest,mt45xra,1kq9gdo,Pity_Partay,2,1747659843.0,0,0,/r/offmychest/comments/1kq9gdo/im_not_ambitious_enough/mt45xra/,pullpush,women_relevant,1,2026-06-20T07:57:59.804365
Thought you meant the loud Ads that play at 10x the volume screaming as many dirty words in as short as time as they possibly can. Not quite sure the logic on it.,Reddit,offmychest,subreddit,offmychest,mt45squ,1kq6jq0,PlayedUOonBaja,1,1747659792.0,0,0,/r/offmychest/comments/1kq6jq0/jumpscared_while_watching_porn/mt45squ/,pullpush,women_relevant,1,2026-06-20T07:57:59.804370
"The “if I was beautiful he wouldn’t have cheated on me” is incorrect. Cheaters will cheat… cheaters are lacking internally. They need validation or attention or something to offset their internal inadequacy. 

Please don’t do this to yourself. Cut him off now. You deserve better. And never ever make the mistake of thinking any of this is any reflection on you. It is purely a reflection on him",Reddit,offmychest,subreddit,offmychest,mt45ohy,1kq9978,Livid_Cauliflower_13,209,1747659747.0,0,0,/r/offmychest/comments/1kq9978/my_bf_cheated_with_a_much_prettier_girl/mt45ohy/,pullpush,women_relevant,1,2026-06-20T07:57:59.804375
Oh good luck!!! Just move on.,Reddit,offmychest,subreddit,offmychest,mt45mhc,1kpcxm1,Weirdoeirdo,1,1747659727.0,0,0,/r/offmychest/comments/1kpcxm1/is_it_possible_to_forgive_someone_for_breaking/mt45mhc/,pullpush,women_relevant,1,2026-06-20T07:57:59.804380
"You are the big fish, leave now.",Reddit,offmychest,subreddit,offmychest,mt45lsj,1kq8vo0,MrzPuff,3,1747659719.0,0,0,/r/offmychest/comments/1kq8vo0/my_partner_is_ruining_my_life/mt45lsj/,pullpush,women_relevant,1,2026-06-20T07:57:59.804385
Dude wtf. I can understand criticism but stop generalising all Indian men like this please. You’re just being ignorant and disrespectful.,Reddit,offmychest,subreddit,offmychest,mt45lg0,1kq9uv9,Impressive_Print5616,-27,1747659716.0,0,0,/r/offmychest/comments/1kq9uv9/child_marriage_in_indian_village/mt45lg0/,pullpush,women_relevant,1,2026-06-20T07:57:59.804390
"I think I have a support system but I don’t know who to trust. I always have thoughts that everyone wants to hurt me. I’ve tried sharing this with healthcare professionals but they believe it’s simply anxiety.

I’d love a pet but unfortunately cannot afford one. I’m sorry. I don’t mean to shoot down every suggestion, I appreciate it. I’m just always so scared, and it’s made worse today by like, my flat being an absolute mess and I cannot for the life of me find the energy or patience to clean it.",Reddit,offmychest,subreddit,offmychest,mt45enj,1kq5bzi,Imaginary_News_8469,3,1747659646.0,0,0,/r/offmychest/comments/1kq5bzi/i_cannot_stand_being_a_woman_i_honestly_dont_know/mt45enj/,pullpush,women_relevant,1,2026-06-20T07:57:59.804395
"He did like you, in the moment. You definitely didn’t do anything wrong, it happened bc 2 attractive people can be attracted to each other in the short term, but not as compatible/attracted long term when our brains love for short term novelty starts wearing off deeper in a relationship. You are drowning in thoughts while he may seem much less affected bc you were probably more invested in the relationship than him, which is ok. IMO he felt what you were describing too, it’s just as humans we can not know how things will be like in the future. Let’s be real you prob can tell a lustful man when you see one, and you could tell he wasn’t. But when our brains love for short term novelty starts wearing off and he actually found himself less happy, perhaps even much less happy than he had thought he would be (bc our minds are evolutionarily wired to get dissatisfied, I love Mark Manson if you want to look more into that), that’s when everything changed as you described. this is a very natural progression of life to teach us to focus less about trying to control futures upon seeing that they aren’t even producing the emotional satisfaction we anticipated/fantasized, and to instead live for the present. He could cut you off and perhaps make it look easy bc as you saw later in the relationship, he wasn’t as happy he was suffering and wanted to end it. Again he meant all the sweet things he said in the moment and was feeling on top of the world with you, but when long term reality hit and he started noticing he’s no where near as happy as he thought he would be once the short term novelty wore off he was probably very disappointed. Yes you may never meet another man like him/better than him, but you also might. That’s the reality. And so you can go forward working on your own self improvement, knowing there can be a man like that who is also compatible with you long term. Yes he may be rare, extremely rare, but your choices everyday in the present will dictate whether you have a 0% chance of meeting/attracting another man like this in your life (ex. Get depressed, gain weight, start taking depression anxiety pills/excessive therapy etc) or a higher and higher % than 0 based on the more you self improve. And ofc hopefully, you can fall in love with learning with the process to the point where one day you may notice, you are so in love with your passions and friends etc that you genuinely don’t even feel like you need that perfect boyfriend. Ofc even if you self improve crazy amounts, you may still not even meet this fantasy guy which is why it’s so important to learn to enjoy the journey. But again, you really might indeed meet/be able to attract that fantasy guy long term which is why our choices in the present moment are so important in terms of putting in the work/learning to enjoy the work of becoming the best versions of ourselves, or deciding not to bc “it’s hard” “I’m not good enough” “I’m scared to fail”. The hack to that is realizing the reality is you are going to die as well as your fantasy partner and everyone else you love, so nobody should be scared to not chase their dreams and do/focus on what they love. And if you find what that is for you and pursue it, you are also ofc putting yourself in places with people that will be much more likely to be long term compatible with you given they share those passions/dreams and admire your own.",Reddit,offmychest,subreddit,offmychest,mt45a8f,1kq8jzv,Ok-Consequence8431,1,1747659601.0,0,0,/r/offmychest/comments/1kq8jzv/i_need_a_reason/mt45a8f/,pullpush,women_relevant,1,2026-06-20T07:57:59.804399
are you in birth control?,Reddit,offmychest,subreddit,offmychest,mt4585y,1kq0dbf,BoxyLemon,1,1747659580.0,0,0,/r/offmychest/comments/1kq0dbf/im_really_tired_of_my_marriage_being_sexless/mt4585y/,pullpush,women_relevant,1,2026-06-20T07:57:59.804404
How many times are you gonna post about this today,Reddit,offmychest,subreddit,offmychest,mt4524i,1kq86wa,throwawaystepb,1,1747659519.0,0,0,/r/offmychest/comments/1kq86wa/regret_losing_my_virginity_to_hookup/mt4524i/,pullpush,women_relevant,1,2026-06-20T07:57:59.804409
It's disgusting how he wants to come between a mother and her daughter.,Reddit,offmychest,subreddit,offmychest,mt44z2w,1kqatbq,duckieglow,1,1747659488.0,0,0,/r/offmychest/comments/1kqatbq/my_m39_stepdaughter_f35_is_my_soulmate_and_it/mt44z2w/,pullpush,women_relevant,1,2026-06-20T07:57:59.804413
"Rest assured, you are not overreacting. It's a shame you are now even further away from appreciating (good) anime, but frankly? Completely understandable.",Reddit,offmychest,subreddit,offmychest,mt44tqo,1kpqxk3,Brazilian_Rhino,1,1747659434.0,0,0,/r/offmychest/comments/1kpqxk3/my_boyfriend_is_really_into_anime_i_dont_watch/mt44tqo/,pullpush,women_relevant,1,2026-06-20T07:57:59.804418
"Considering we're all space dust hurtling through time and space into inevitable oblivion, it never ceases to amaze me why others give a fuck about what others do behind closed doors. 

OP, keep doing your thing and be happy my dude.",Reddit,offmychest,subreddit,offmychest,mt44ks7,1kpmoir,MrBorden,6,1747659340.0,0,0,/r/offmychest/comments/1kpmoir/i_am_having_the_best_sex_of_my_life_with_a/mt44ks7/,pullpush,women_relevant,1,2026-06-20T07:57:59.804423
"Was driving the other day and saw a license plate that said ""I ♡ LOLI"". 


It was legitimately one of the most insane things I have ever seen and I saw it in real life.",Reddit,offmychest,subreddit,offmychest,mt44kfg,1kpqxk3,Threeballer97,27,1747659337.0,0,0,/r/offmychest/comments/1kpqxk3/my_boyfriend_is_really_into_anime_i_dont_watch/mt44kfg/,pullpush,women_relevant,1,2026-06-20T07:57:59.804429
"Why haven’t you left yet?

OP, this will end in one of two ways. 

1: You do the right thing and leave her. She’ll sink to rock bottom before she actually improves.

2: You stay with her, constantly trying to keep up and you’ll both sink to rock bottom together and you leave her. Only this version, you will also be at rock bottom.",Reddit,offmychest,subreddit,offmychest,mt44iwz,1kq8vo0,ReliefEmotional2639,2,1747659322.0,0,0,/r/offmychest/comments/1kq8vo0/my_partner_is_ruining_my_life/mt44iwz/,pullpush,women_relevant,1,2026-06-20T07:57:59.804433
"“Then one night he got drunk and said, You know, if I ever settle down, I hope it’s with someone like you. I wanted to scream. Someone like me. Not me.”

Have you considered he’s acting exactly like you are? You haven’t told him how you feel, right? So…if he’s caught feelings but think you haven’t, he would never risk losing your friendship by saying you specifically. 

Idk, my interpretation goes against the grain of the other commenters here but I just think if the roles were reversed and you didn’t have feelings you would probably consider him saying he wants to settle down with you specifically wildly out of left field for a best friend. 

Either way, ghosting hurts and you miss him. Talk it through, explain why you’ve been gone and figure out if you can remain friends or if you’re less in unrequited love territory than you think (which would be something to explore once/after/if ever his current relationship ends).",Reddit,offmychest,subreddit,offmychest,mt44ahr,1kq5ku3,IndependentOcean,25,1747659233.0,0,0,/r/offmychest/comments/1kq5ku3/i_ruined_my_best_friendship_because_i_caught/mt44ahr/,pullpush,women_relevant,1,2026-06-20T07:57:59.804438
Thank you. Find your helpers where you can: big love to you and your family as your dad makes this transition. I'm so sorry your husband is behaving like this.,Reddit,offmychest,subreddit,offmychest,mt441e8,1kpudv6,White-footedWitch,1,1747659139.0,0,0,/r/offmychest/comments/1kpudv6/my_husband_is_being_a_jerk_while_my_dad_is_dying/mt441e8/,pullpush,women_relevant,1,2026-06-20T07:57:59.804443
Thee is no such thing as a soulmate. You are just trauma bonding with someone you never should have gotten close to. You should get out of the daughter’s life asap so you don’t scar her.,Reddit,offmychest,subreddit,offmychest,mt43ytz,1kqatbq,Aajmoney,4,1747659113.0,0,0,/r/offmychest/comments/1kqatbq/my_m39_stepdaughter_f35_is_my_soulmate_and_it/mt43ytz/,pullpush,women_relevant,1,2026-06-20T07:57:59.804447
"I'm six months into a new job, my depression meds are working well, and I'm planning a trip to Belfast in the fall.",Reddit,offmychest,subreddit,offmychest,mt43uev,1kq91da,bernardmarx27,1,1747659067.0,0,0,/r/offmychest/comments/1kq91da/how_is_your_2025_going_so_far/mt43uev/,pullpush,women_relevant,1,2026-06-20T07:57:59.804452
"yeah, trying to find new friends has been tricky, i mean, it's helping me sort out shit people. but also I'm not making any new friends either. there's a lot of you bigots. red flags worse in person,, omg. i don't know what to do anymore.",Reddit,offmychest,subreddit,offmychest,mt43st1,1kq2ku6,OOOdragonessOOO,2,1747659051.0,0,0,/r/offmychest/comments/1kq2ku6/im_so_tired_of_casual_racism/mt43st1/,pullpush,women_relevant,1,2026-06-20T07:57:59.804457
"I'm glad it worked out for you. In the UK, hair cuts (without bleaching or colours) seem to be much more reasonable that many other countries, so I'm not surprised that you needed to do it yourself. Well done for being brave enough! I tried to do mine during Covid and basically ended up with a grade 2 across one side and parts of the back, with the main part of my hair having some interesting layers and stuff. It was ""a look"" 🤣. 

Hair grows. Whatever happens, it's gonna come back eventually, if you want it to. 

I'm all about letting my children be who they are. How can people grow and develop healthily (mentally and physically) when they are forced to be someone who they are not? If you feel uncomfortable, there will always be a bit of your brain having to deal with that. No need to add those kinds of distractions when being a teenager is already a difficult stage of life to navigate.",Reddit,offmychest,subreddit,offmychest,mt43nti,1klgzna,DrainpipeDreams,1,1747659000.0,0,0,/r/offmychest/comments/1klgzna/my_mom_wont_accept_my_new_haircut/mt43nti/,pullpush,women_relevant,1,2026-06-20T07:57:59.804462
You already know the answer. Good luck.,Reddit,offmychest,subreddit,offmychest,mt43ncg,1kq8vo0,MeOldChina321,3,1747658995.0,0,0,/r/offmychest/comments/1kq8vo0/my_partner_is_ruining_my_life/mt43ncg/,pullpush,women_relevant,1,2026-06-20T07:57:59.804467
"I think only small number of people don’t regret their first time. At least it was on your terms anyway, no one graped you, some people’s first time was even worse",Reddit,offmychest,subreddit,offmychest,mt43m5n,1kq85z1,Impossible-Oven2948,1,1747658982.0,0,0,/r/offmychest/comments/1kq85z1/i_regret_losing_my_virginity_to_a_hookup/mt43m5n/,pullpush,women_relevant,1,2026-06-20T07:57:59.804471
It might be something that turns him on and you don’t know. Have you had any deep discussion?,Reddit,offmychest,subreddit,offmychest,mt43knl,1kq0dbf,Fandago_,1,1747658967.0,0,0,/r/offmychest/comments/1kq0dbf/im_really_tired_of_my_marriage_being_sexless/mt43knl/,pullpush,women_relevant,1,2026-06-20T07:57:59.804476
"""Some categories of people"" ""these people"" WTF is this

GTFO with this racist crap (and pompous to boot)",Reddit,offmychest,subreddit,offmychest,mt43i6c,1kq2ku6,FiveTideHumidYear,6,1747658941.0,0,0,/r/offmychest/comments/1kq2ku6/im_so_tired_of_casual_racism/mt43i6c/,pullpush,women_relevant,1,2026-06-20T07:57:59.804481
Our humanity has been lost.,Reddit,offmychest,subreddit,offmychest,mt43hk4,1kq760u,Friendly_Elephant165,5,1747658935.0,0,0,/r/offmychest/comments/1kq760u/what_is_something_humanity_lost_and_will_likely/mt43hk4/,pullpush,women_relevant,1,2026-06-20T07:57:59.804485
Sometimes the old saying silence is golden is true! You maturely stepped back and let others see what you already knew without saying a word! Glad you found peace ✌🏼,Reddit,offmychest,subreddit,offmychest,mt43hi6,1kq9shy,HippieGirl2,3,1747658934.0,0,0,/r/offmychest/comments/1kq9shy/silence_was_my_power_move/mt43hi6/,pullpush,women_relevant,1,2026-06-20T07:57:59.804489
I felt every word of this sometimes the heart and mind feel like they’re speaking entirely different languages. Just know you’re not alone in that battle.,Reddit,offmychest,subreddit,offmychest,mt43d9m,1kq9flk,Any-Strain1344,2,1747658890.0,0,0,/r/offmychest/comments/1kq9flk/void_prayer/mt43d9m/,pullpush,women_relevant,1,2026-06-20T07:57:59.804494
The fuck is he watching? The 1000 year old Loli is common trope but they don’t usually actually do anything explicitly sexual with the character,Reddit,offmychest,subreddit,offmychest,mt43d51,1kpqxk3,Alfirmitive,1,1747658889.0,0,0,/r/offmychest/comments/1kpqxk3/my_boyfriend_is_really_into_anime_i_dont_watch/mt43d51/,pullpush,women_relevant,1,2026-06-20T07:57:59.804499
OP said he has a girlfriend now. That's why she left also,Reddit,offmychest,subreddit,offmychest,mt43css,1kq5ku3,Casarel,23,1747658885.0,0,0,/r/offmychest/comments/1kq5ku3/i_ruined_my_best_friendship_because_i_caught/mt43css/,pullpush,women_relevant,1,2026-06-20T07:57:59.804504
"Okay, but did he laugh though? Lol.",Reddit,offmychest,subreddit,offmychest,mt438ow,1ke3qiu,Crumpledflowers,1,1747658842.0,0,0,/r/offmychest/comments/1ke3qiu/said_the_worst_thing_at_work_that_i_could/mt438ow/,pullpush,women_relevant,1,2026-06-20T07:57:59.804509
That’s is a huge part of why it is my favorite anime,Reddit,offmychest,subreddit,offmychest,mt433e6,1kpqxk3,yealets,1,1747658786.0,0,0,/r/offmychest/comments/1kpqxk3/my_boyfriend_is_really_into_anime_i_dont_watch/mt433e6/,pullpush,women_relevant,1,2026-06-20T07:57:59.804514
"It’s so hard when your good intentions are misunderstood I feel that deeply. Sometimes loving people means accepting their choices, even when it hurts to watch.",Reddit,offmychest,subreddit,offmychest,mt431dv,1kq9ii6,Any-Strain1344,1,1747658765.0,0,0,/r/offmychest/comments/1kq9ii6/im_so_tired/mt431dv/,pullpush,women_relevant,1,2026-06-20T07:57:59.804518
"Damn. That kind of heartbreak is a special kind of quiet hell. When it’s not just about losing someone you cared about, but losing the safe version of that relationship the version where you could just exist with them, no pressure, no weight behind every word.",Reddit,offmychest,subreddit,offmychest,mt42vp7,1kq5ku3,KennilynSweets,1,1747658704.0,0,0,/r/offmychest/comments/1kq5ku3/i_ruined_my_best_friendship_because_i_caught/mt42vp7/,pullpush,women_relevant,1,2026-06-20T07:57:59.804522
"Honestly your concerns are valid , as some one who watch’s anime if one of my home boys tried to put me onto something like that I’d be like wtf are you into dude",Reddit,offmychest,subreddit,offmychest,mt42oz9,1kpqxk3,yealets,1,1747658633.0,0,0,/r/offmychest/comments/1kpqxk3/my_boyfriend_is_really_into_anime_i_dont_watch/mt42oz9/,pullpush,women_relevant,1,2026-06-20T07:57:59.804527
You never know until you try…. In this case you didn’t even try!,Reddit,offmychest,subreddit,offmychest,mt42onq,1kq5ku3,humble-meercat,2,1747658630.0,0,0,/r/offmychest/comments/1kq5ku3/i_ruined_my_best_friendship_because_i_caught/mt42onq/,pullpush,women_relevant,1,2026-06-20T07:57:59.804531
"Steller's sea cow.
The 1994-95 London Broncos team.
Patrice Lumumba.
Saint Catherine of Siena.
Ezio Auditore.",Reddit,offmychest,subreddit,offmychest,mt42j3o,1kq760u,Aggravating_Piano_29,1,1747658572.0,0,0,/r/offmychest/comments/1kq760u/what_is_something_humanity_lost_and_will_likely/mt42j3o/,pullpush,women_relevant,1,2026-06-20T07:57:59.804536
I just told a friend I loved her and she ended our friendship. It's better to lose the friendship in truth than live it in a lie.,Reddit,offmychest,subreddit,offmychest,mt423xm,1kq5ku3,1beerattatime,23,1747658410.0,0,0,/r/offmychest/comments/1kq5ku3/i_ruined_my_best_friendship_because_i_caught/mt423xm/,pullpush,women_relevant,1,2026-06-20T07:57:59.804541
"Seriously, I do NOT understand the “everyone pile into the waiting room and wait for hours for this baby to come out of me” thing 😬 My in-laws apparently did that for one of my nieces; my husband and I already agreed that is so not happening with our baby due next month. We’re all three gonna be exhausted and nasty and overwhelmed, y’all can wait until we get home to come meet her…",Reddit,offmychest,subreddit,offmychest,mt422do,1kpt7ce,Fit_Change3546,22,1747658394.0,0,0,/r/offmychest/comments/1kpt7ce/sisters_water_broke_on_my_graduation_day/mt422do/,pullpush,women_relevant,1,2026-06-20T07:57:59.804546
"Yup! Rebel against it by being louder in the self love, and for partners, hype them unashamedly",Reddit,offmychest,subreddit,offmychest,mt41zfv,1kpc1qf,berrycrumblecake,3,1747658362.0,0,0,/r/offmychest/comments/1kpc1qf/posted_a_vacation_pic_of_my_wife_and_it_has_blown/mt41zfv/,pullpush,women_relevant,1,2026-06-20T07:57:59.804550
"Well if it's settled, I won't disturb it. 
But maybe give it a cooling period and then approach. I mean i found the loml in similar ways as your story, I'm about to get married to him next year,so just don't let it go so easily.
I now rest my case.",Reddit,offmychest,subreddit,offmychest,mt41wcm,1k0eupk,Competitive_Judge324,1,1747658330.0,0,0,/r/offmychest/comments/1k0eupk/i_wanted_her_to_stay_but_i_didnt_know_how_to_do/mt41wcm/,pullpush,women_relevant,1,2026-06-20T07:57:59.804554
"Or you can just not reply and someone else can discuss what I added to the topic. 

You don’t run the conversation here I’m sorry. It’s a public comment thread. Thanks for your input tho",Reddit,offmychest,subreddit,offmychest,mt41m76,1kpqxk3,lilliancrane2,0,1747658222.0,0,0,/r/offmychest/comments/1kpqxk3/my_boyfriend_is_really_into_anime_i_dont_watch/mt41m76/,pullpush,women_relevant,1,2026-06-20T07:57:59.804559
Him believing there are signs sound like serious delusions if he hasn’t shown much behaviour like this in the past it could be a serious sign of severe mental illness or something else. Maybe encourage him to get a drs appointment. If you have been married for so long you know what he is normally like and he may not be with it enough to mean or understand what he is saying,Reddit,offmychest,subreddit,offmychest,mt41ges,1kq5j61,binxyjinxy,1,1747658158.0,0,0,/r/offmychest/comments/1kq5j61/found_out_my_husband_has_an_ai_wife/mt41ges/,pullpush,women_relevant,1,2026-06-20T07:57:59.804563
"Thank you and sorry to hear that, i struggle to understand why, what were the things you didn't speak about that made you break up if you don't mind me asking.",Reddit,offmychest,subreddit,offmychest,mt41g7n,1kq8zth,Old-Construction-985,1,1747658156.0,0,0,/r/offmychest/comments/1kq8zth/why_hide_things_from_partner/mt41g7n/,pullpush,women_relevant,1,2026-06-20T07:57:59.804568
Fatal Beauty,Reddit,offmychest,subreddit,offmychest,mt41bo9,1kq8vo0,ya_basic82,2,1747658106.0,0,0,/r/offmychest/comments/1kq8vo0/my_partner_is_ruining_my_life/mt41bo9/,pullpush,women_relevant,1,2026-06-20T07:57:59.804572
Don't set yourself on fire to keep her warm for a night.,Reddit,offmychest,subreddit,offmychest,mt41759,1kq8vo0,The_Boots_of_Truth,2,1747658057.0,0,0,/r/offmychest/comments/1kq8vo0/my_partner_is_ruining_my_life/mt41759/,pullpush,women_relevant,1,2026-06-20T07:57:59.804576
"I neglect my Fiancee.

Sex with her can be a hit or miss. Honestly because of her ADHD and mild autism it's impossible to tell if she's in a state where sex is a possibility. 

I have high functioning autism too and I'm not good at reading social cues.Some days she's really in the mood and it goes over my head and other days there is zero chance and yet I try and bother her for it.

As a result I masterbate more often which affects our sex life when it does happen...",Reddit,offmychest,subreddit,offmychest,mt41007,1kq5qso,BodyKarate84,1,1747657978.0,0,0,/r/offmychest/comments/1kq5qso/what_are_stupid_things_people_do_when_they_are/mt41007/,pullpush,women_relevant,1,2026-06-20T07:57:59.804581
take care and thank you. you did amazing,Reddit,offmychest,subreddit,offmychest,mt40y1x,1kq7ciq,ThinkingSmash,3,1747657956.0,0,0,/r/offmychest/comments/1kq7ciq/on_my_hospice_ward_tonight_i_spent_5_hours/mt40y1x/,pullpush,women_relevant,1,2026-06-20T07:57:59.804585
Aka ***keeping your hands and feet to yourselves***,Reddit,offmychest,subreddit,offmychest,mt40wug,1kq760u,heart_RN115,9,1747657943.0,0,0,/r/offmychest/comments/1kq760u/what_is_something_humanity_lost_and_will_likely/mt40wug/,pullpush,women_relevant,1,2026-06-20T07:57:59.804590
"Humanity itself is a foreign concept these days. Ironic, perhaps",Reddit,offmychest,subreddit,offmychest,mt40nc9,1kq760u,EternalEinherjar,3,1747657836.0,0,0,/r/offmychest/comments/1kq760u/what_is_something_humanity_lost_and_will_likely/mt40nc9/,pullpush,women_relevant,1,2026-06-20T07:57:59.804595
It didn’t but I’m still working on it.,Reddit,offmychest,subreddit,offmychest,mt40mmn,1kpzs8n,EEBBfive,1,1747657828.0,0,0,/r/offmychest/comments/1kpzs8n/i_cant_ever_feel_anything_and_i_dont_understand/mt40mmn/,pullpush,women_relevant,1,2026-06-20T07:57:59.804599
Already on it since i’m transgender LOL,Reddit,offmychest,subreddit,offmychest,mt40mmz,1kpqrta,Odd-Term-5345,1,1747657828.0,0,0,/r/offmychest/comments/1kpqrta/i_have_an_obsession_with_older_men/mt40mmz/,pullpush,women_relevant,1,2026-06-20T07:57:59.804604
That is so difficult.  I can't imagine.  You did something incredible for her.  Take care of yourself.,Reddit,offmychest,subreddit,offmychest,mt40fze,1kq7ciq,OddLanguage,8,1747657756.0,0,0,/r/offmychest/comments/1kq7ciq/on_my_hospice_ward_tonight_i_spent_5_hours/mt40fze/,pullpush,women_relevant,1,2026-06-20T07:57:59.804608
"Was anything really lost? Or has it always been this way? I just think with technology now, people hide behind screens……",Reddit,offmychest,subreddit,offmychest,mt40dpq,1kq760u,Court_monster-87,2,1747657731.0,0,0,/r/offmychest/comments/1kq760u/what_is_something_humanity_lost_and_will_likely/mt40dpq/,pullpush,women_relevant,1,2026-06-20T07:57:59.804613
"Absolutely, I feel you. I also 100% feels like he likes her, I just think that it's lame how he's being so inconsiderate by parading girls in front of her and making her feel like shit when he doesn't have to. He can just be honest and say ""I like you too but don't want to ruin our Friendship"" instead of being all sloppy and weird about his feels",Reddit,offmychest,subreddit,offmychest,mt40dix,1kq5ku3,funlovingfirerabbit,3,1747657729.0,0,0,/r/offmychest/comments/1kq5ku3/i_ruined_my_best_friendship_because_i_caught/mt40dix/,pullpush,women_relevant,1,2026-06-20T07:57:59.804617
"Never said that at all! I’m saying some men who fancy significantly younger people do it because they think someone younger is easier to control, and i’d rather not risk a relationship in case it ended up like that. As well as the fact i’d be torn to shreds by family and friends.",Reddit,offmychest,subreddit,offmychest,mt406cy,1kpqrta,Odd-Term-5345,1,1747657650.0,0,0,/r/offmychest/comments/1kpqrta/i_have_an_obsession_with_older_men/mt406cy/,pullpush,women_relevant,1,2026-06-20T07:57:59.804622
I think a big part of the sexualising teenagers is due to the age of consent ranging from 13-16. I'm weirded out by it too,Reddit,offmychest,subreddit,offmychest,mt404lh,1kpqxk3,IllDoItNowInAMinute_,3,1747657629.0,0,0,/r/offmychest/comments/1kpqxk3/my_boyfriend_is_really_into_anime_i_dont_watch/mt404lh/,pullpush,women_relevant,1,2026-06-20T07:57:59.804626
"In my experience its because they either don't want to fix the issues, they don't want to talk about the issue, or they don't see it as an issue.

None are a good reason for hiding things. (And yes I've hid things as well)

Source: Several failed relationship, one failed marriage, and a bad last break up.",Reddit,offmychest,subreddit,offmychest,mt4008s,1kq8zth,Thepsyguy,1,1747657581.0,0,0,/r/offmychest/comments/1kq8zth/why_hide_things_from_partner/mt4008s/,pullpush,women_relevant,1,2026-06-20T07:57:59.804631
"She keeps getting into more and more debt. Helping someone out after a mistake is different, that’s not a mistake anymore. Either she has serious issues that need addressing, or she knows she can fix joy life by taking out loans and you’ll be doing all the work. Whatever it is, it can’t keep going. This will never change unless you change something.

First would obviously be finding out what is happening. You said the first one was a scam and the second was for her parents, what are the other loans for? Does she have an addiction, is she trying to pay the old loans with new ones, or is she using you? You need to have a serious talk. Obviously therapy and treatment for addiction, explanation and understanding of how the debts and interest works for the second one, and letting go for the last one.",Reddit,offmychest,subreddit,offmychest,mt3zqrl,1kq8vo0,EatPrayLoveLife,5,1747657477.0,0,0,/r/offmychest/comments/1kq8vo0/my_partner_is_ruining_my_life/mt3zqrl/,pullpush,women_relevant,1,2026-06-20T07:57:59.804636
"Totally understandable that you'd feel that way. I had a male cousin who is super into ""loli"" characters, even in games (eg. Genshin Impact, which we both played). He's... very into them. Plus the fact that 11/13 girlfriends he has had since we were teens (we're the same age) are very short, petite, and ""loli"" looking girls. They were always around the same age as us, but he definitely had a type -- cute and ""childlike"". He once had a gf that looked 12 despite being 18. I called him out a couple times in our late teens about him being overly into ""loli"" characters and mainly watching anime with that type of protagonist, but he said I'm overreacting lol. He'd always defend himself by saying they're TECHNICALLY a hundred years old. Yeah dude that doesn't change the fact that she VISUALLY looks 12-14 but okay. Anyway I haven't talked to him in around 4?5? years and no longer consider him my cousin. Our extended family has cut him off as well because of other reasons but he's definitely a pretty shitty guy lol.",Reddit,offmychest,subreddit,offmychest,mt3zoqs,1kpqxk3,bellavanillalatte,1,1747657454.0,0,0,/r/offmychest/comments/1kpqxk3/my_boyfriend_is_really_into_anime_i_dont_watch/mt3zoqs/,pullpush,women_relevant,1,2026-06-20T07:57:59.804640
"This is ridiculous, babies come when they come. If anything it was a mother’s intuition not her intentionally planning it.",Reddit,offmychest,subreddit,offmychest,mt3zo5v,1kpt7ce,tweedledumb4u,8,1747657448.0,0,0,/r/offmychest/comments/1kpt7ce/sisters_water_broke_on_my_graduation_day/mt3zo5v/,pullpush,women_relevant,1,2026-06-20T07:57:59.804644
anime isn't cartoons,Reddit,offmychest,subreddit,offmychest,mt3zn6s,1kpqxk3,SmokeEvening8710,-1,1747657437.0,0,0,/r/offmychest/comments/1kpqxk3/my_boyfriend_is_really_into_anime_i_dont_watch/mt3zn6s/,pullpush,women_relevant,1,2026-06-20T07:57:59.804649
Girl just break up.,Reddit,offmychest,subreddit,offmychest,mt3zkdt,1kq9978,Unlikely-Promise5777,15,1747657405.0,0,0,/r/offmychest/comments/1kq9978/my_bf_cheated_with_a_much_prettier_girl/mt3zkdt/,pullpush,women_relevant,1,2026-06-20T07:57:59.804654
"So, when you eventually dig her out of this whole, will she have learned a lesson?",Reddit,offmychest,subreddit,offmychest,mt3zio0,1kq8vo0,HazelTheRah,4,1747657386.0,0,0,/r/offmychest/comments/1kq8vo0/my_partner_is_ruining_my_life/mt3zio0/,pullpush,women_relevant,1,2026-06-20T07:57:59.804658
You’re right. A trip is a pretty good idea.,Reddit,offmychest,subreddit,offmychest,mt3zd67,1kqa5la,Otherwise-Flow-3003,1,1747657323.0,0,0,/r/offmychest/comments/1kqa5la/i_wanna_be_a_kid_again/mt3zd67/,pullpush,women_relevant,1,2026-06-20T07:57:59.804663
"Yeah, and I don't think discussing anime adds to the conversation here. Make a separate post about the topic if it interests you.",Reddit,offmychest,subreddit,offmychest,mt3z8lq,1kpqxk3,sunsetgal24,0,1747657273.0,0,0,/r/offmychest/comments/1kpqxk3/my_boyfriend_is_really_into_anime_i_dont_watch/mt3z8lq/,pullpush,women_relevant,1,2026-06-20T07:57:59.804667
"Save some money, book a trek or a solo trip, build a indoor garden, start going to the park or GYM and if you still don't feel good then let me know! Because at your 20s your missing your childhood at your 40s you'll miss your 20s so enjoy the time now.",Reddit,offmychest,subreddit,offmychest,mt3yykn,1kqa5la,BlackberryOk4357,0,1747657162.0,0,0,/r/offmychest/comments/1kqa5la/i_wanna_be_a_kid_again/mt3yykn/,pullpush,women_relevant,1,2026-06-20T07:57:59.804672
As someone who takes SSRIs it affects our sex drives a lot.,Reddit,offmychest,subreddit,offmychest,mt3yy31,1kq0dbf,BodyKarate84,1,1747657156.0,0,0,/r/offmychest/comments/1kq0dbf/im_really_tired_of_my_marriage_being_sexless/mt3yy31/,pullpush,women_relevant,1,2026-06-20T07:57:59.804676
They're probably older.   They're allowed to disagree as long as they are respectful about it. which they seem like they were.,Reddit,offmychest,subreddit,offmychest,mt3yiz9,1kpzo0b,Comfortable-Dog-9179,1,1747656982.0,0,0,/r/offmychest/comments/1kpzo0b/why_cant_my_parents_except_me/mt3yiz9/,pullpush,women_relevant,1,2026-06-20T07:57:59.804681
"absolutely, hence the post here",Reddit,offmychest,subreddit,offmychest,mt3yhp1,1kq94vg,blorlaoak,1,1747656967.0,0,0,/r/offmychest/comments/1kq94vg/kids_needs_to_have_restricted_internet/mt3yhp1/,pullpush,women_relevant,1,2026-06-20T07:57:59.804685
I thought this was a joke about his reflection as well.,Reddit,offmychest,subreddit,offmychest,mt3yg0y,1kq6jq0,NoonGaming,31,1747656948.0,0,0,/r/offmychest/comments/1kq6jq0/jumpscared_while_watching_porn/mt3yg0y/,pullpush,women_relevant,1,2026-06-20T07:57:59.804689
"My brother was always the one with the fashion when it came to school. I on the other hand dressed in sweatpants and hoodies mostly looking like a comfortable bum hahaha. When other kids would compare how I looked and then how my brother took the time to look nice I’d hear it all. I wouldn’t really care. I’m here to learn, my clothes aren’t hurting anyone, and I’m happy the way I look. If I sat there every morning to try and impress classmates why am I even in school",Reddit,offmychest,subreddit,offmychest,mt3ybpp,1kq9p66,Alarmed-Pea4292,1,1747656899.0,0,0,/r/offmychest/comments/1kq9p66/some_of_my_classmates_keep_mocking_my_fashion/mt3ybpp/,pullpush,women_relevant,1,2026-06-20T07:57:59.804694
I'm alright killing myself working as it is. Most of my money goes to rent.,Reddit,offmychest,subreddit,offmychest,mt3yawp,1kpzo0b,Comfortable-Dog-9179,1,1747656890.0,0,0,/r/offmychest/comments/1kpzo0b/why_cant_my_parents_except_me/mt3yawp/,pullpush,women_relevant,1,2026-06-20T07:57:59.804699
This is so sad to read. I feel so disgusting for the adults living around you. Then indian men doesn’t understand why they are not that likeble outside their country,Reddit,offmychest,subreddit,offmychest,mt3y8v4,1kq9uv9,queeloquee,60,1747656866.0,0,0,/r/offmychest/comments/1kq9uv9/child_marriage_in_indian_village/mt3y8v4/,pullpush,women_relevant,1,2026-06-20T07:57:59.804704
OP Google financial abuse. This sounds awfully close to it.,Reddit,offmychest,subreddit,offmychest,mt3y4bk,1kq8vo0,FirebirdWriter,6,1747656814.0,0,0,/r/offmychest/comments/1kq8vo0/my_partner_is_ruining_my_life/mt3y4bk/,pullpush,women_relevant,1,2026-06-20T07:57:59.804709
"You guys need to talk urgently.
Please revert by the end of the week after a discussion, with a new post.
You don't know what the talk can bring maybe you'll marry who knows. Ghosting goes against your interests here.",Reddit,offmychest,subreddit,offmychest,mt3xu36,1kq5ku3,Mijolav,2,1747656695.0,0,0,/r/offmychest/comments/1kq5ku3/i_ruined_my_best_friendship_because_i_caught/mt3xu36/,pullpush,women_relevant,1,2026-06-20T07:57:59.804714
Luigi Mangione was absolutely right and nothing can change my view on that one,Reddit,offmychest,subreddit,offmychest,mt3xtgy,1kkq5xb,cool_casual,1,1747656688.0,0,0,/r/offmychest/comments/1kkq5xb/privatized_health_insurance_killed_my_brother/mt3xtgy/,pullpush,women_relevant,1,2026-06-20T07:57:59.804719
"She either tells her parents and get help from
them or files for bankruptcy or you leave her. Set ultimatums are required here otherwise she will continue. She needs to come clean.",Reddit,offmychest,subreddit,offmychest,mt3xsum,1kq8vo0,tweedledumb4u,3,1747656681.0,0,0,/r/offmychest/comments/1kq8vo0/my_partner_is_ruining_my_life/mt3xsum/,pullpush,women_relevant,1,2026-06-20T07:57:59.804723
"There are plenty of men who would like to get to know you and date you seriously, but they aren’t physically attractive, 6’+, and wealthy.",Reddit,offmychest,subreddit,offmychest,mt3xose,1kpkpcf,AggroWeasel,1,1747656634.0,0,0,/r/offmychest/comments/1kpkpcf/men_never_want_more_than_a_hookup_with_me_and_i/mt3xose/,pullpush,women_relevant,1,2026-06-20T07:57:59.804728
"I’ve been in a similar situation—torn between staying somewhere familiar with good routines or moving for better housing. We ended up staying put in less-than-ideal conditions because the support systems we had mattered so much day to day. It wasn’t easy, but we kept reapplying and eventually something closer opened up.",Reddit,offmychest,subreddit,offmychest,mt3xo4n,1kq9ug3,Victor_noah234,3,1747656625.0,0,0,/r/offmychest/comments/1kq9ug3/i_really_need_advice/mt3xo4n/,pullpush,women_relevant,1,2026-06-20T07:57:59.804732
Your bf is a freaking creep. If I wanted to introduce someone to anime I would suggest Saiki K. It’s funny and cute,Reddit,offmychest,subreddit,offmychest,mt3xn5v,1kpqxk3,AntiqueBandicoot9846,2,1747656614.0,0,0,/r/offmychest/comments/1kpqxk3/my_boyfriend_is_really_into_anime_i_dont_watch/mt3xn5v/,pullpush,women_relevant,1,2026-06-20T07:57:59.804737
This post screams Seven Deadly Sins to me,Reddit,offmychest,subreddit,offmychest,mt3xctb,1kpqxk3,Party_Shark_,21,1747656493.0,0,0,/r/offmychest/comments/1kpqxk3/my_boyfriend_is_really_into_anime_i_dont_watch/mt3xctb/,pullpush,women_relevant,1,2026-06-20T07:57:59.804741
I feel ya OP. Have been there and it's such a shitty feeling,Reddit,offmychest,subreddit,offmychest,mt3xasi,1kq8vo0,funlovingfirerabbit,3,1747656470.0,0,0,/r/offmychest/comments/1kq8vo0/my_partner_is_ruining_my_life/mt3xasi/,pullpush,women_relevant,1,2026-06-20T07:57:59.804746
"Well ,it depends on your financial state right now if you are not very strong financially right now then the better option will be to move but if you are doing fine then you sure can wait.",Reddit,offmychest,subreddit,offmychest,mt3x8a9,1kq9ug3,BlackberryOk4357,1,1747656441.0,0,0,/r/offmychest/comments/1kq9ug3/i_really_need_advice/mt3x8a9/,pullpush,women_relevant,1,2026-06-20T07:57:59.804750
"I wouldn't bother caring if it's a bot or not.  I literally just posted this elsewhere and I'll repost it here:

>I used to want to argue with everyone about everything, everywhere, every time. As I got older, I kinda settled into a question to ask myself before engaging. Well, two questions that are in tandem, anyway.

>Am I open to changing my mind on this, and/or do I think the other person is open to changing their mind?

>Because if I'm open to changing my mind, and/or I think the other person is, then I'm willing to engage and discuss. But if I know my mind is made up and their mind is made up, then attempting to argue with them is a waste of time. Doesn't matter if I think they're wrong, if I can't be convinced they're right and they can't be convinced I'm right, why bother?

**TL;DR**: Bot or not, it's not worth the time or effort to fight with some random internet stranger online unless at least one of you is willing to change your mind.  If someone is saying racist shit in the comments of a youtube/tiktok video, you're probably not going to change their mind.",Reddit,offmychest,subreddit,offmychest,mt3x4y3,1kq2ku6,ChickinSammich,4,1747656402.0,0,0,/r/offmychest/comments/1kq2ku6/im_so_tired_of_casual_racism/mt3x4y3/,pullpush,women_relevant,1,2026-06-20T07:57:59.804754
😂🤨🤣😀👀😂,Reddit,offmychest,subreddit,offmychest,mt3x4rm,1kq6jq0,Layic_fortis_driven,-4,1747656399.0,0,0,/r/offmychest/comments/1kq6jq0/jumpscared_while_watching_porn/mt3x4rm/,pullpush,women_relevant,1,2026-06-20T07:57:59.804765
"It may be that the expectations of the world around you are not what you want in your life specifically.

Keep your chin up. You only get one go round in this world as far as we can understand, and in the end you want to be 120 on your death bed saying ""I did everything I wanted to, I took every chance I wanted to, I did it my way"".

Keep strong. Sending good energy to you.",Reddit,offmychest,subreddit,offmychest,mt3wupf,1kq9gdo,LostSoul448,2,1747656280.0,0,0,/r/offmychest/comments/1kq9gdo/im_not_ambitious_enough/mt3wupf/,pullpush,women_relevant,1,2026-06-20T07:57:59.804770
They don't even try anymore.,Reddit,offmychest,subreddit,offmychest,mt3wu43,1kq937f,TheWarriorsLLC,0,1747656273.0,0,0,/r/offmychest/comments/1kq937f/its_pretty_insane_how_people_think_large_age_gaps/mt3wu43/,pullpush,women_relevant,1,2026-06-20T07:57:59.804775
One likes to live dangerously I see,Reddit,offmychest,subreddit,offmychest,mt3wt9k,1kq6jq0,BGrunn,62,1747656263.0,0,0,/r/offmychest/comments/1kq6jq0/jumpscared_while_watching_porn/mt3wt9k/,pullpush,women_relevant,1,2026-06-20T07:57:59.804779
"If the pictures being liked are suggestive than yes, he is part of the problem. It’s disrespectful to your partner if you two are in a committed monogamous relationship, and THATS something you can’t spin",Reddit,relationship_advice,subreddit,relationship_advice,mt46cr7,1kqavnb,ireezy5918,1,1747660000.0,0,0,/r/relationship_advice/comments/1kqavnb/my22f_boyfriend23m_likes_other_girls_pictures_on/mt46cr7/,pullpush,women_relevant,1,2026-06-20T07:58:04.909538
"Are you in individual therapy? Is your partner? It sounds like you have a fair amount of trauma from your childhood and into young adulthood, and would likely benefit from therapy. Your partner may still be struggling with your transition - having a long term partner transition is a massive emotional adjustment and can be very difficult, and if she's not been able to work through those emotions with an outside, neutral party, she may be bottling them up.

I think you both would benefit from couples counseling as well, to better learn how to communicate with each other.",Reddit,relationship_advice,subreddit,relationship_advice,mt46cq9,1kqaydu,penelope_pig,5,1747660000.0,0,0,/r/relationship_advice/comments/1kqaydu/i_29m_am_trying_to_not_mansplain_to_my_partner/mt46cq9/,pullpush,women_relevant,1,2026-06-20T07:58:04.909565
"No it does not. Why do you say that? OP says he’s a really good dad.

Tbh, it sounds like he should regret having a child with OP.",Reddit,relationship_advice,subreddit,relationship_advice,mt46c9h,1kq6odk,Rockthejokeboat,29,1747659995.0,0,0,/r/relationship_advice/comments/1kq6odk/i_found_my_husband_trying_to_cheat_a_few_weeks/mt46c9h/,pullpush,women_relevant,1,2026-06-20T07:58:04.909570
Yes the OP has said she is attracted to the friend.  I think we need more details really.  The husband probably has sensed something was off and this expensive gift may have confirmed his suspicions.,Reddit,relationship_advice,subreddit,relationship_advice,mt46c1q,1kpi9rm,iminabearsuit,9,1747659992.0,0,0,/r/relationship_advice/comments/1kpi9rm/my_26f_husband_29m_thinks_its_a_crime_that_his/mt46c1q/,pullpush,women_relevant,1,2026-06-20T07:58:04.909573
He's right though,Reddit,relationship_advice,subreddit,relationship_advice,mt46bqa,1kq2479,iadorebrandon,0,1747659989.0,0,0,/r/relationship_advice/comments/1kq2479/26f_leave_my_31m_boyfriend/mt46bqa/,pullpush,women_relevant,1,2026-06-20T07:58:04.909577
"I think you know what you need to do!!  Kids come first, and if you are wanting more time you need to double down on that… she needs to go!!",Reddit,relationship_advice,subreddit,relationship_advice,mt468vg,1kq7mgm,1981jd,1,1747659960.0,0,0,/r/relationship_advice/comments/1kq7mgm/i_m30_have_a_girlfriend_f28_who_does_not_want_to/mt468vg/,pullpush,women_relevant,1,2026-06-20T07:58:04.909582
When you have to ask a bunch of strangers on Reddit it’s time to quit.,Reddit,relationship_advice,subreddit,relationship_advice,mt468cg,1kq7ucu,Impossible_Week_7129,1,1747659955.0,0,0,/r/relationship_advice/comments/1kq7ucu/i_29f_am_nervous_about_continuing_a_longterm/mt468cg/,pullpush,women_relevant,1,2026-06-20T07:58:04.909585
"Some friends in common have said that for me, that is for the best if I forgive, forget and move on. I guess I’m just being too stubborn, tbh",Reddit,relationship_advice,subreddit,relationship_advice,mt4687h,1kqalmx,Stargazerr8,1,1747659953.0,0,0,/r/relationship_advice/comments/1kqalmx/i_23m_am_in_love_with_my_friend_22f_and_i_dont/mt4687h/,pullpush,women_relevant,1,2026-06-20T07:58:04.909589
I'm not from native English speaking country so i had to use ai to get my post  completed no its not ai posting it it's just a guy who had ai help him because of his incapability to write all by himself and had no time due to his hectic schedules,Reddit,relationship_advice,subreddit,relationship_advice,mt466re,1kq3cdr,BigSpeaker4401,1,1747659939.0,0,0,/r/relationship_advice/comments/1kq3cdr/m20_struggling_to_manage_sexual_urges_while/mt466re/,pullpush,women_relevant,1,2026-06-20T07:58:04.909593
"I think the clear preference here is that she doesn't use a utensil that she ate off of. I don't share silverware with my husband (which I totally get is different than doing a quick taste where the germs are killed off) but as I read it, his preference is that she not use dirty utensils. Am I missing something??",Reddit,relationship_advice,subreddit,relationship_advice,mt466nn,1kq1nh3,midwestmaven16,-5,1747659937.0,0,0,/r/relationship_advice/comments/1kq1nh3/my_27f_husband_28m_says_im_unhygienic_when_i/mt466nn/,pullpush,women_relevant,1,2026-06-20T07:58:04.909597
"Sorry OP but your girlfriend is an AH for dating someone with a kid when she has no intention of even simply acknowledging that child's existence. If you continue this relationship, you will be hurting the relationship you have with your daughter. I feel for your girlfriend's struggles and trauma due to infertility, but that's why she should go with the option of being with someone childfree so no one, especially an innocent kid, gets hurt.",Reddit,relationship_advice,subreddit,relationship_advice,mt4664e,1kq7mgm,Eveningfluffcat,1,1747659932.0,0,0,/r/relationship_advice/comments/1kq7mgm/i_m30_have_a_girlfriend_f28_who_does_not_want_to/mt4664e/,pullpush,women_relevant,1,2026-06-20T07:58:04.909602
"If you stay with your girlfriend, you are a terrible parent. Sorry but that's the long and short of it. You having a real parental relationship with your daughter, which will eventually include your partner and probably living at your house part of the time, should be a non-negotiable and anyone who can't accept that should get instantly jettisoned.",Reddit,relationship_advice,subreddit,relationship_advice,mt465iv,1kq7mgm,valiantdistraction,1,1747659926.0,0,0,/r/relationship_advice/comments/1kq7mgm/i_m30_have_a_girlfriend_f28_who_does_not_want_to/mt465iv/,pullpush,women_relevant,1,2026-06-20T07:58:04.909606
"You clearly didn’t read with any nuance.

This isn’t about being an asshole — it’s about navigating emotional overwhelm, avoidant patterns, and real human pain on both sides.

I’m being honest, not ghosting, not cheating, not faking.

If you think that makes me a villain, that says more about your black-and-white thinking than it does about me.",Reddit,relationship_advice,subreddit,relationship_advice,mt464k0,1kq8vwe,freekicker_,1,1747659916.0,0,0,/r/relationship_advice/comments/1kq8vwe/i_tried_to_break_up_but_i_couldnt_40m_32f/mt464k0/,pullpush,women_relevant,1,2026-06-20T07:58:04.909610
"And kiss himself, fellate himself, and fuck himself presumably.",Reddit,relationship_advice,subreddit,relationship_advice,mt464k4,1kq1nh3,FriedaKilligan,1,1747659916.0,0,0,/r/relationship_advice/comments/1kq1nh3/my_27f_husband_28m_says_im_unhygienic_when_i/mt464k4/,pullpush,women_relevant,1,2026-06-20T07:58:04.909614
Is he a perfect physical specimen?  He's probably trying to put you down because he knows you are getting in great shape and he's afraid of losing you once you realize what an asshole he is.,Reddit,relationship_advice,subreddit,relationship_advice,mt464gj,1kqb3vb,KevWill,221,1747659915.0,0,0,/r/relationship_advice/comments/1kqb3vb/my_f29_husband_m33_says_hurtful_things_about_my/mt464gj/,pullpush,women_relevant,1,2026-06-20T07:58:04.909618
"That would be OK for a short term FWB, but for an actual long term relationship???  That is bonkers, it is a new level of stupidity and toxicity even for Reddit, and that’s saying a lot.  The level of immaturity and selfishness that it would take to come up with such a hare brained scheme is just mind boggling.  As you said, your daughter would always have to come first in everything.  But how do you think that would go in real life?  Your partner would always be whining and resentful about not being your priority and regardless of your best intentions it would affect your relationship with your daughter.  And how do you think that intro will go when she turns 18?  “Hi sweetie oh by the way here’s my partner of 15 years but she didn’t want anything to do with you before because she was jealous of your very existence”?  Your gf is being very selfish and thinking only of herself.

The fact that you would even consider her proposal is concerning.   You know the answer here.  You have a daughter to prioritize.  Grow up, man up, zip up your pants and stop thinking with your dick.",Reddit,relationship_advice,subreddit,relationship_advice,mt4639o,1kq7mgm,Stwtrgrl,1,1747659902.0,0,0,/r/relationship_advice/comments/1kq7mgm/i_m30_have_a_girlfriend_f28_who_does_not_want_to/mt4639o/,pullpush,women_relevant,1,2026-06-20T07:58:04.909622
"You’re right to be worried. 

While I don’t think differing political views is necessarily a dealbreaker for things like taxes, when it comes to human rights it’s a different story. 

All you can do is explain that you do not share his views and opinions and wish him all the best. Hopefully it will be the shock he needs to reexamine his ideals, but judging by the majority of the far right, I highly doubt it..",Reddit,relationship_advice,subreddit,relationship_advice,mt462t0,1kqa15e,Mandalabouquet,1,1747659897.0,0,0,/r/relationship_advice/comments/1kqa15e/i_f28_am_worried_i_need_to_end_it_because_of_his/mt462t0/,pullpush,women_relevant,1,2026-06-20T07:58:04.909627
"u/Ok_Fruit_9990, 

Your [post](https://www.reddit.com/r/relationship_advice/comments/1kqb6fb/he26m_is_everything_i22f_want_in_a_person_but_his/) was removed for the following reason(s):

&nbsp;

> **Your account is too new and/or inactive for us to allow you to post.** 

&nbsp;

You will need to create a new account with a username that begins with `ThrowRA` in order to be able to post here. This is to prevent spammers, trolls, and karma farmers.

We very much encourage the use of ThrowRA accounts, because multiple websites pick up from the content here. There's a plethora of IG/FB/Twitter/YouTube accounts that farm content from here and using a by ThrowRA gives you, the user, a degree of anonymity.

&nbsp;

#We will not make exceptions to this rule.

---


*I am a bot, and this action was performed automatically. Please [contact the moderators of this subreddit](/message/compose/?to=/r/relationship_advice) if you have any questions or concerns.*",Reddit,relationship_advice,subreddit,relationship_advice,mt46162,1kqb6fb,AutoModerator,1,1747659880.0,0,0,/r/relationship_advice/comments/1kqb6fb/he26m_is_everything_i22f_want_in_a_person_but_his/mt46162/,pullpush,women_relevant,1,2026-06-20T07:58:04.909631
"That she can never see her because of her jealousy doesn’t say a lot about her strength of character. I suffered from infertility myself— I understand it’s painful. But she can choose to embrace the stepchild she can have with you or someone else, find someone who doesn’t want kids, or find someone who is willing to go through infertility journey with her. 

But to be with you and pretend you are the guy who doesn’t have or want kids— that’s not an option.",Reddit,relationship_advice,subreddit,relationship_advice,mt460bn,1kq7mgm,TeddingtonMerson,1,1747659871.0,0,0,/r/relationship_advice/comments/1kq7mgm/i_m30_have_a_girlfriend_f28_who_does_not_want_to/mt460bn/,pullpush,women_relevant,1,2026-06-20T07:58:04.909636
Your GF needs therapy.  Do her friends not have children?  Does she never leave the house?  I mean how is YOUR child the only one she avoids?  Makes zero sense.,Reddit,relationship_advice,subreddit,relationship_advice,mt45zwk,1kq7mgm,Annual_Version_6250,1,1747659866.0,0,0,/r/relationship_advice/comments/1kq7mgm/i_m30_have_a_girlfriend_f28_who_does_not_want_to/mt45zwk/,pullpush,women_relevant,1,2026-06-20T07:58:04.909640
"This is not normal. It is abusive behavior. It most likely will escalate. You are NOT SAFE and need to leave. I wouldn't try talking to him, especially not in private. I fear he will escalate to physical abuse. Make a plan, get any of your important documents, and leave.",Reddit,relationship_advice,subreddit,relationship_advice,mt45zhb,1kqb0yn,PrettyFreakinNifty,1,1747659862.0,0,0,/r/relationship_advice/comments/1kqb0yn/i_31f_feel_like_my_fiancé_34m_emotionally/mt45zhb/,pullpush,women_relevant,1,2026-06-20T07:58:04.909644
"yes

Proper man, wooo girl

OP ditch him",Reddit,relationship_advice,subreddit,relationship_advice,mt45zdp,1kq9rma,DatguyMalcolm,-6,1747659861.0,0,0,/r/relationship_advice/comments/1kq9rma/i_34_f_dont_understand_why_my_34_m_boyfriend/mt45zdp/,pullpush,women_relevant,1,2026-06-20T07:58:04.909649
Yeah you really need to log out of his account and get him to _invite_ you by _your all address_ to his _family group_ 😬,Reddit,relationship_advice,subreddit,relationship_advice,mt45ysi,1kq9lbw,rAntW,1,1747659855.0,0,0,/r/relationship_advice/comments/1kq9lbw/he_m35_gave_me_f46_access_to_his_phone_and_i/mt45ysi/,pullpush,women_relevant,1,2026-06-20T07:58:04.909653
The husband is likely sensing a vibe between the two and this was the tipping point.  If you check op comment history you see that she admits to an attraction to the friend.  Even if husband didn’t comment on that it could have been the final thing that caused the blowup.,Reddit,relationship_advice,subreddit,relationship_advice,mt45yj7,1kpi9rm,iminabearsuit,3,1747659852.0,0,0,/r/relationship_advice/comments/1kpi9rm/my_26f_husband_29m_thinks_its_a_crime_that_his/mt45yj7/,pullpush,women_relevant,1,2026-06-20T07:58:04.909657
"We’ve been dating for around 4 years or so, Im getting a pretty similar response from everyone so I for sure will be talking to him about this thank you so much!",Reddit,relationship_advice,subreddit,relationship_advice,mt45yh7,1kq9q2d,fishingfriend142525,1,1747659851.0,0,0,/r/relationship_advice/comments/1kq9q2d/my20m_boyfriend_27m_recorded_us_having_sex/mt45yh7/,pullpush,women_relevant,1,2026-06-20T07:58:04.909660
"If I understand correctly.

He knew all of this would be against your morals so he waited to tell you. He waited until you were emotionally attached. You would have never dated him if you knew.

He lied to you for his benefit and against your benefit.

What else will he lie about op? Because your feelings and future don't matter to him. Only what you have to offer for his comfort.",Reddit,relationship_advice,subreddit,relationship_advice,mt45y6k,1kqa15e,ConflictedCoffeeBean,2,1747659848.0,0,0,/r/relationship_advice/comments/1kqa15e/i_f28_am_worried_i_need_to_end_it_because_of_his/mt45y6k/,pullpush,women_relevant,1,2026-06-20T07:58:04.909664
I’m surprised he isn’t demanding a paternity test immediately.,Reddit,relationship_advice,subreddit,relationship_advice,mt45x9j,1kq6odk,Lost-Rice-945,65,1747659838.0,0,0,/r/relationship_advice/comments/1kq6odk/i_found_my_husband_trying_to_cheat_a_few_weeks/mt45x9j/,pullpush,women_relevant,1,2026-06-20T07:58:04.909668
"I completely agree with the one on one part, shouldn’t have done it from the beginning, it was dumb and a self sabotage.

So it’s for the best if I distance myself and resolve my feelings with myself and, if I realize that is no maintaining a platonic relationship I should cut it for good?

In my brain it’s a good solution but as I said, she has been a part of my life for like, forever, I can’t ser myself cutting her off that easily, you know?",Reddit,relationship_advice,subreddit,relationship_advice,mt45woy,1kqalmx,Stargazerr8,2,1747659832.0,0,0,/r/relationship_advice/comments/1kqalmx/i_23m_am_in_love_with_my_friend_22f_and_i_dont/mt45woy/,pullpush,women_relevant,1,2026-06-20T07:58:04.909672
"I don't have time for myself rn. There are days where I can't even brush my hair, and I don't get to eat well cause my son can get a bit demanding from me. I barely have watched something I like or do something for myself without having to tend to our baby. where can I get the time to talk to him?",Reddit,relationship_advice,subreddit,relationship_advice,mt45vi2,1kq6odk,ThrowRaGap-4099,1,1747659820.0,0,0,/r/relationship_advice/comments/1kq6odk/i_found_my_husband_trying_to_cheat_a_few_weeks/mt45vi2/,pullpush,women_relevant,1,2026-06-20T07:58:04.909676
">Like about the movie time, I told him I'll go bring the baby just in case. And he looked like I had slapped him!

I assume your son was already asleep, so why would you bring him? You are trying to avoid spending time with your husband alone.

One of the best pieces of advice I have been given is to not lose your identity after becoming parents.

>necklace isn't going to help with how horrible I look.

Because you are still beautiful to him, maybe even more so now than before.

I honestly believe you are trying to push away your husband and now that he has stopped interacting with you, you think he is cheating on you.",Reddit,relationship_advice,subreddit,relationship_advice,mt45vhv,1kq6odk,HogwartsZoologist,62,1747659820.0,0,0,/r/relationship_advice/comments/1kq6odk/i_found_my_husband_trying_to_cheat_a_few_weeks/mt45vhv/,pullpush,women_relevant,1,2026-06-20T07:58:04.909680
"You have to make the decision what is more important to you:

Be a part of your daughters life.

or

Have your current girlfriend in your life. Especially when that means that your daughter will be the only child you'll have - not in your life.

For me that decision would be clear: There a re a lot of women out there but only one daughter. And that's what would be my answer to my girlfriend to give her a last chance to change her mind.",Reddit,relationship_advice,subreddit,relationship_advice,mt45v8a,1kq7mgm,DocSternau,1,1747659817.0,0,0,/r/relationship_advice/comments/1kq7mgm/i_m30_have_a_girlfriend_f28_who_does_not_want_to/mt45v8a/,pullpush,women_relevant,1,2026-06-20T07:58:04.909684
"You have a daughter. You shouldn't be seriously dating someone who you don't think will become her stepmom. 

I don't really understand this post. You can't really think that you can keep your wife and your daughter separate for the rest of your life, or that it makes any sense, or that it's logistically possible, or that you would be living a happy life trying to constantly manage this.

You are your daughter's only father. Dating someone who wants nothing to do with your daughter doesn't make any sense.",Reddit,relationship_advice,subreddit,relationship_advice,mt45v6p,1kq7mgm,Status-Grocery2424,1,1747659817.0,0,0,/r/relationship_advice/comments/1kq7mgm/i_m30_have_a_girlfriend_f28_who_does_not_want_to/mt45v6p/,pullpush,women_relevant,1,2026-06-20T07:58:04.909688
"Welcome to /r/relationship_advice. Please make sure you read our [rules here.](https://www.reddit.com/r/relationship_advice/wiki/index) We'd like to take this time to remind users that:

* We do not allow any type of [am I the asshole? or situations/content involving minors](https://www.reddit.com/r/relationship_advice/comments/r6w9uh/meta_am_i_overreacting_am_i_the_asshole_is_this/)

* We do not allow users to privately message other users based on their posts here. Users found to be engaging in this conduct will be banned. **We highly encourage OP to turn off the ability to be privately messaged in their settings.** 

* Any sort of namecalling, insults,etc will result in the comment being removed and the user being banned. (Including but not limited to: slut, bitch, whore, for the streets, etc. It does not matter to whom you are referring.)

* ALL advice given must be good, ethical advice. Joke advice or advice that is conspiratorial or just plain terrible will be removed, and users my be subject to a ban.

* No referencing hateful subreddits and/or their rhetoric. Examples include, but is not limited to: red/blue/black/purplepill, PUA, FDS, MGTOW, etc. This includes, but is not limited to, referring to people as alpha/beta, calling yourself or users ""friend-zoned"", referring to people as Chads, Tyrones, or Staceys, pick-me's, or pornsick. Any infractions of this rule will result in a ban.  **This is not an all-inclusive list.**

* All bans in this subreddit are permanent. You don't get a free pass.

* Anyone found to be directly messaging users for any reason whatsoever will be banned.

* What we cannot give advice on: rants, unsolicited advice, medical conditions/advice, mental illness, letters to an ex, ""body counts"" or number of sexual partners, legal problems, financial problems, situations involving minors, and/or abuse (violence, sexual, emotional etc). All of these will be removed and locked. **This is not an all-inclusive list.**

If you have any questions, please [message the mods](https://www.reddit.com/message/compose?to=%2Fr%2Frelationship_advice)

---

***This is an automatic comment that appears on all posts. This comment does not necessarily mean your post violates any rules.***

---


*I am a bot, and this action was performed automatically. Please [contact the moderators of this subreddit](/message/compose/?to=/r/relationship_advice) if you have any questions or concerns.*",Reddit,relationship_advice,subreddit,relationship_advice,mt45twc,1kqb5gs,AutoModerator,1,1747659804.0,0,0,/r/relationship_advice/comments/1kqb5gs/i_30f_made_a_hurtful_comment_on_my_husband_31m/mt45twc/,pullpush,women_relevant,1,2026-06-20T07:58:04.909691
You are making a mockery of marriage by calling this guy your fiance.  Are you serious?  He's manipulative and treats you terribly.,Reddit,relationship_advice,subreddit,relationship_advice,mt45t1v,1kqb0yn,KevWill,2,1747659795.0,0,0,/r/relationship_advice/comments/1kqb0yn/i_31f_feel_like_my_fiancé_34m_emotionally/mt45t1v/,pullpush,women_relevant,1,2026-06-20T07:58:04.909695
"How does a woman get to be in her 30s and never develop any standards? 

Girl…come on. Demand better for yourself",Reddit,relationship_advice,subreddit,relationship_advice,mt45snt,1kq9rma,RedwoodRespite,6,1747659791.0,0,0,/r/relationship_advice/comments/1kq9rma/i_34_f_dont_understand_why_my_34_m_boyfriend/mt45snt/,pullpush,women_relevant,1,2026-06-20T07:58:04.909701
Maybe don’t shelter them and let them decide for themselves 🤷‍♂️,Reddit,relationship_advice,subreddit,relationship_advice,mt45s8r,1kqa15e,Frequent-Feature617,-2,1747659787.0,0,0,/r/relationship_advice/comments/1kqa15e/i_f28_am_worried_i_need_to_end_it_because_of_his/mt45s8r/,pullpush,women_relevant,1,2026-06-20T07:58:04.909705
"Haha, similar situation to OP. I actually did do this and wow what an intense reaction from the dude. They can’t handle it when reversed. He said i was being malicious I said it was reciprocity! Fuck this superficial, too-faced shitty behaviour!",Reddit,relationship_advice,subreddit,relationship_advice,mt45rua,1kq9rma,Disastrous_Tale_8580,1,1747659783.0,0,0,/r/relationship_advice/comments/1kq9rma/i_34_f_dont_understand_why_my_34_m_boyfriend/mt45rua/,pullpush,women_relevant,1,2026-06-20T07:58:04.909709
"The girlfriend needs some kind of therapy.  How can you live your life never being around children?  Does she have nieces & nephews?  I feel for her but she has to be realistic.  OP, you cannot stay in this relationship.  You will be living a double life and everyone will be disappointed",Reddit,relationship_advice,subreddit,relationship_advice,mt45rl9,1kq7mgm,eeekkk9999,23,1747659780.0,0,0,/r/relationship_advice/comments/1kq7mgm/i_m30_have_a_girlfriend_f28_who_does_not_want_to/mt45rl9/,pullpush,women_relevant,1,2026-06-20T07:58:04.909712
You’re driving away a good man in favour of the ex WHO CAUSED YOUR MISCARRIAGE. WTF is wrong with you?!,Reddit,relationship_advice,subreddit,relationship_advice,mt45r6z,1kq6odk,Softbombsalad,102,1747659776.0,0,0,/r/relationship_advice/comments/1kq6odk/i_found_my_husband_trying_to_cheat_a_few_weeks/mt45r6z/,pullpush,women_relevant,1,2026-06-20T07:58:04.909717
"You dump the gf. You tell her your daughter is part of your life, and you can't be with someone that doesn't want to have anything to do with her. You tell her your daughter is more important, to you

Updateme",Reddit,relationship_advice,subreddit,relationship_advice,mt45qw7,1kq7mgm,Jsmith2127,1,1747659773.0,0,0,/r/relationship_advice/comments/1kq7mgm/i_m30_have_a_girlfriend_f28_who_does_not_want_to/mt45qw7/,pullpush,women_relevant,1,2026-06-20T07:58:04.909722
"Yeah no, that shit is creepy and gross. Just like a 30yo man pursuing a 20yo woman is gross, her desire for ""younger men"" is absolutely predatory. The only reason so many people in the comments are excusing it is because she is a woman.",Reddit,relationship_advice,subreddit,relationship_advice,mt45pkj,1kq623z,wetcherri,1,1747659759.0,0,0,/r/relationship_advice/comments/1kq623z/i_26m_think_my_33f_has_a_thing_for_only_younger/mt45pkj/,pullpush,women_relevant,1,2026-06-20T07:58:04.909725
"Let her. She’s sabotaging herself, blocking like this is basically the silent treatment and is a manipulation tactic. If this is how your relationship ends, it’s probably in your best interest anyway to get away from a 30 year old that acts this way",Reddit,relationship_advice,subreddit,relationship_advice,mt45p09,1kq95zw,yeah_222,1,1747659753.0,0,0,/r/relationship_advice/comments/1kq95zw/my_gf_30f_blocked_me29m/mt45p09/,pullpush,women_relevant,1,2026-06-20T07:58:04.909729
"I'm childfree, but even i think this is insane. 

The long and short is, stay in your damn lane! You have a child. Therefore, you should only be dating people who are child friendly and want a child in their lives too. The fact that you're trying to find a workaround for something that is just point blank not compatible with your life makes me question your judgement. 

Put your daughter first. There are plenty more women out there that you'll be compatible with.",Reddit,relationship_advice,subreddit,relationship_advice,mt45owf,1kq7mgm,Kennedia27890,1,1747659751.0,0,0,/r/relationship_advice/comments/1kq7mgm/i_m30_have_a_girlfriend_f28_who_does_not_want_to/mt45owf/,pullpush,women_relevant,1,2026-06-20T07:58:04.909733
"Peoples’ words and actions mean things! Not every question needs to even be asked in the first place. 

For example, “should I continue a relationship with someone who wants nothing to do with the small helpless child I created and will be raising for the next 15+ years?”",Reddit,relationship_advice,subreddit,relationship_advice,mt45o1q,1kq7mgm,ShneefQueen,16,1747659742.0,0,0,/r/relationship_advice/comments/1kq7mgm/i_m30_have_a_girlfriend_f28_who_does_not_want_to/mt45o1q/,pullpush,women_relevant,1,2026-06-20T07:58:04.909738
Yeah you messed up here. It’s gross to let your ex see your partner’s kid without letting them know. Incredibly disrespectful. You broke the trust there. FAFO.,Reddit,relationship_advice,subreddit,relationship_advice,mt45o0j,1kq6odk,Lost-Rice-945,139,1747659742.0,0,0,/r/relationship_advice/comments/1kq6odk/i_found_my_husband_trying_to_cheat_a_few_weeks/mt45o0j/,pullpush,women_relevant,1,2026-06-20T07:58:04.909742
"This is about consent.  When his is fine sharing a spoon with you at a particular moment it is because he is making that decision at that moment.  When you are cooking he is not making that decision and does not know if you are coming down with something.  People get to choose when they share bodily fluids and he has told you when it is not ok to share them.  It doesn't matter that he is ok sharing your bodily fluids at other times because he has told you repeatedly that he is not ok with this. 

If this post was about a MIL who wanted to kiss a baby after the parents had repeatedly told her not to do that then the responses would be much different.  That's the same spit on the baby from MIL as it is in everyone's food from you.",Reddit,relationship_advice,subreddit,relationship_advice,mt45nk3,1kq1nh3,MarsailiPearl,1,1747659737.0,0,0,/r/relationship_advice/comments/1kq1nh3/my_27f_husband_28m_says_im_unhygienic_when_i/mt45nk3/,pullpush,women_relevant,1,2026-06-20T07:58:04.909745
"The standard directions from the therapy-industrial complex of “Do the dishes and she’ll fall in love with you.” rarely works. 

Sure, if he’s not doing any childcare or not working outside the home, she’s reasonably going resent that. But I don’t glean that from his post.",Reddit,relationship_advice,subreddit,relationship_advice,mt45nem,1kqa2n1,DavidHikinginAlaska,1,1747659736.0,0,0,/r/relationship_advice/comments/1kqa2n1/i_m40_and_my_partner_f37_have_been_together_for/mt45nem/,pullpush,women_relevant,1,2026-06-20T07:58:04.909749
I wonder if Ben during couples therapy will bring up that he's been cheating.,Reddit,relationship_advice,subreddit,relationship_advice,mt45mzt,1kq9ya8,Conscious_Reading121,3,1747659732.0,0,0,/r/relationship_advice/comments/1kq9ya8/how_will_my_love_interests_current_relationship/mt45mzt/,pullpush,women_relevant,1,2026-06-20T07:58:04.909754
"First things first: Because your gf's cousin is 17 year old and also female, your gf implied that you could be inappropriately attracted to her cousin and/or that her cousin might have a crush on you.

Which is actually likely. You're older, much more mature, you have made a life for yourself, your girlfriend already ""vetted"" you as a good partner. A lot of teenagers look up to young adults and it's difficult for them to sort out their feelings. They feel admiration and respect, and those are very positive feelings at an impressionable age, which then mutates and develops into a crush. Unfortunately, this is the mode of operation for predators.



Second thing, this treatment of age of consent is a pet peeve of mine. It's the result of treating it like some absolute and magical line. This is plainly and clearly wrong.

For one thing, many 18, 19, 20 year olds are definitely incapable of giving proper consent.

Also, a lot of countries have lower age of consent (17, 16, 15, 14...) and there is no difference in maturity level among teenagers in different countries. A 14 year old in Germany is just as incapable of giving consent as a 14 year old in USA. And how is a 17 year old in Canada (where AOC is 16) capable of giving consent, but not just across the border in North Dakota or Idaho? Or across state lines in USA. Like at the four corners where age of consent is 16 in New Mexico, 17 in Colorado and 18 in Arizona and Utah and there are other similar cases (ID, WY, MT; MO; AK; TN; IL, IN, KY). Are the teens there really so different that some are capable of giving consent sooner, but would be incapable of consenting just a few miles away, across the state line?

Finally, it's ridiculous to consider a 17 year 364 day person a minor ten minutes before midnight and an adult a moment later. There was no step change and that person will not have become any less attractive to a predator in the span of ten minutes.",Reddit,relationship_advice,subreddit,relationship_advice,mt45msa,1kqaaba,mkaszycki81,0,1747659730.0,0,0,/r/relationship_advice/comments/1kqaaba/i_26m_stayed_up_and_played_video_games_with_my/mt45msa/,pullpush,women_relevant,1,2026-06-20T07:58:04.909757
"Your girlfriend might actually be a registered sex offender with rules about being around kids.

Just fyi.",Reddit,relationship_advice,subreddit,relationship_advice,mt45maq,1kq7mgm,Throw_Away1727,1,1747659725.0,0,0,/r/relationship_advice/comments/1kq7mgm/i_m30_have_a_girlfriend_f28_who_does_not_want_to/mt45maq/,pullpush,women_relevant,1,2026-06-20T07:58:04.909761
Don’t,Reddit,relationship_advice,subreddit,relationship_advice,mt45lro,1kqantp,Huh_huh_huh-,2,1747659719.0,0,0,/r/relationship_advice/comments/1kqantp/i_32m_have_no_idea_how_to_better_approach_this/mt45lro/,pullpush,women_relevant,1,2026-06-20T07:58:04.909766
"Married guy here. I used to do exactly what your boyfriend does. Rating women, making comments, treating it like background noise. I didn’t think twice about it, and honestly? I don’t think I would’ve really listened if someone told me it was a problem.

But here's what I’ve learned since: men aren’t taught how deeply this stuff lands. We’re taught to separate love from lust, feelings from comments, porn from real life. So when you say, “You just showed me another woman and called her perfect”, you’re absolutely right to feel what you feel. That’s not insecurity. That’s your nervous system recognizing you just got compared and dismissed.

Your boyfriend probably doesn’t mean to hurt you. Most of us don’t. But that doesn’t make it harmless. It just means we’re dumb and slow to see the damage.

The truth is, men can change. I did. But it usually takes a moment where you realize you’re not just saying something careless you’re slowly training the person you love to feel inadequate in your presence.

You’re not overreacting. You’re showing him the door to grow the hell up. I hope he has the wisdom to walk through it.",Reddit,relationship_advice,subreddit,relationship_advice,mt45kph,1kq9rma,right_to_write,1,1747659708.0,0,0,/r/relationship_advice/comments/1kq9rma/i_34_f_dont_understand_why_my_34_m_boyfriend/mt45kph/,pullpush,women_relevant,1,2026-06-20T07:58:04.909770
"Yeah people aren’t helping by acting like he’s some creep hanging out with a child alone he picked up off the street…

If you can’t trust your partner to be around your younger family members period, what are you implying or you have a problem yourself.

I also think people are just being disrespectful and dishonest to the coysin with their phrasing, she’s a 17 year old… a teenager, old enough to have a job and live alone, to reduce her to just an incapable child that can’t understand boundaries is not productive or helping OP. 

That being said, it really shouldn’t be that weird to play video games with your potential family without making it out to be inappropriate especially when they clearly participate in activities with her around. Is it rude to continue bowling with the cousin while the gf goes to the loo? Does op have to take the gf to the loo? Is she just mad he chose video games over a shared bed time, that’s a different conversation to calling OP a predator.",Reddit,relationship_advice,subreddit,relationship_advice,mt45kgj,1kqaaba,ZaBardo4,3,1747659706.0,0,0,/r/relationship_advice/comments/1kqaaba/i_26m_stayed_up_and_played_video_games_with_my/mt45kgj/,pullpush,women_relevant,1,2026-06-20T07:58:04.909774
"The men I choose to have in my life do not do this. Especially not my husband. 

I also don’t understand what they get out of it - but it might have to do with imagining they have control over women. Like, “oh, she’s actually not that great because she’s a 6.5, so I’m not hurt that she doesn’t know I exist.” It’s such a weird, gross, sexist and entitled phenomenon that shouldn’t be seen as “normal.”",Reddit,relationship_advice,subreddit,relationship_advice,mt45kaz,1kq9rma,whackyelp,5,1747659704.0,0,0,/r/relationship_advice/comments/1kq9rma/i_34_f_dont_understand_why_my_34_m_boyfriend/mt45kaz/,pullpush,women_relevant,1,2026-06-20T07:58:04.909777
"Yep, my father-in-law recently came to me to ask for help (I work in IT security) because his _partner's_ inbox was filling up with all sorts of filth. Literally dozens of emails per day. She's like 70, she's definitely not doing anything to intentionally access stuff like that, and no it wasn't him either, he has his own computer and his own email address, as do her adult children. I found I was actually also receiving a bunch of the same spam, being sent to burner email addresses that I had specifically created to share with only one organisation, e.g. one that I _know_ was made public following the MGM data breach, another that I only gave to an energy supplier that later went bust, another I only gave to a telco, you get the idea. What's wild is that many of these companies have never publicly admitted to having been breached.",Reddit,relationship_advice,subreddit,relationship_advice,mt45k7z,1kq9lbw,rAntW,1,1747659703.0,0,0,/r/relationship_advice/comments/1kq9lbw/he_m35_gave_me_f46_access_to_his_phone_and_i/mt45k7z/,pullpush,women_relevant,1,2026-06-20T07:58:04.909781
"You are in an abusive relationship, there is no fixing this you need to leave",Reddit,relationship_advice,subreddit,relationship_advice,mt45iw2,1kqb0yn,updownclown68,1,1747659690.0,0,0,/r/relationship_advice/comments/1kqb0yn/i_31f_feel_like_my_fiancé_34m_emotionally/mt45iw2/,pullpush,women_relevant,1,2026-06-20T07:58:04.909785
"Welcome to /r/relationship_advice. Please make sure you read our [rules here.](https://www.reddit.com/r/relationship_advice/wiki/index) We'd like to take this time to remind users that:

* We do not allow any type of [am I the asshole? or situations/content involving minors](https://www.reddit.com/r/relationship_advice/comments/r6w9uh/meta_am_i_overreacting_am_i_the_asshole_is_this/)

* We do not allow users to privately message other users based on their posts here. Users found to be engaging in this conduct will be banned. **We highly encourage OP to turn off the ability to be privately messaged in their settings.** 

* Any sort of namecalling, insults,etc will result in the comment being removed and the user being banned. (Including but not limited to: slut, bitch, whore, for the streets, etc. It does not matter to whom you are referring.)

* ALL advice given must be good, ethical advice. Joke advice or advice that is conspiratorial or just plain terrible will be removed, and users my be subject to a ban.

* No referencing hateful subreddits and/or their rhetoric. Examples include, but is not limited to: red/blue/black/purplepill, PUA, FDS, MGTOW, etc. This includes, but is not limited to, referring to people as alpha/beta, calling yourself or users ""friend-zoned"", referring to people as Chads, Tyrones, or Staceys, pick-me's, or pornsick. Any infractions of this rule will result in a ban.  **This is not an all-inclusive list.**

* All bans in this subreddit are permanent. You don't get a free pass.

* Anyone found to be directly messaging users for any reason whatsoever will be banned.

* What we cannot give advice on: rants, unsolicited advice, medical conditions/advice, mental illness, letters to an ex, ""body counts"" or number of sexual partners, legal problems, financial problems, situations involving minors, and/or abuse (violence, sexual, emotional etc). All of these will be removed and locked. **This is not an all-inclusive list.**

If you have any questions, please [message the mods](https://www.reddit.com/message/compose?to=%2Fr%2Frelationship_advice)

---

***This is an automatic comment that appears on all posts. This comment does not necessarily mean your post violates any rules.***

---


*I am a bot, and this action was performed automatically. Please [contact the moderators of this subreddit](/message/compose/?to=/r/relationship_advice) if you have any questions or concerns.*",Reddit,relationship_advice,subreddit,relationship_advice,mt45ixn,1kqb3vb,AutoModerator,1,1747659690.0,0,0,/r/relationship_advice/comments/1kqb3vb/my_f29_husband_m33_says_hurtful_things_about_my/mt45ixn/,pullpush,women_relevant,1,2026-06-20T07:58:04.909789
"As someone whom has been through infertility and yes it is hard to see friends getting pregnant and such, but this is beyond selfish and wrong. This person does not care about you. Huge red flag. Your daughter is a part of you and ignoring a child is beyond cruel. Please do not keep this person in your life, it can only do you and your daughter harm.",Reddit,relationship_advice,subreddit,relationship_advice,mt45iid,1kq7mgm,ForeverSunflowerBird,1,1747659686.0,0,0,/r/relationship_advice/comments/1kq7mgm/i_m30_have_a_girlfriend_f28_who_does_not_want_to/mt45iid/,pullpush,women_relevant,1,2026-06-20T07:58:04.909793
"It’s you. You’re the entire problem here. Your husband is a saint and frankly, you really suck.",Reddit,relationship_advice,subreddit,relationship_advice,mt45hfi,1kq6odk,Softbombsalad,117,1747659674.0,0,0,/r/relationship_advice/comments/1kq6odk/i_found_my_husband_trying_to_cheat_a_few_weeks/mt45hfi/,pullpush,women_relevant,1,2026-06-20T07:58:04.909797
"What can you do? Stop dating him? 🤷‍♀️

Why would you want to be with someone who treats you like this?",Reddit,relationship_advice,subreddit,relationship_advice,mt45hee,1kqb0yn,UsuallyWrite2,25,1747659674.0,0,0,/r/relationship_advice/comments/1kqb0yn/i_31f_feel_like_my_fiancé_34m_emotionally/mt45hee/,pullpush,women_relevant,1,2026-06-20T07:58:04.909800
"She is missing out on a really amazing relationship. Not all step parent-child relationships are good but they really can be. My step-father was done having kids when he met my mum who had two young daughters. He stepped up (never overstepped because my father was still sort of in the picture) but I honestly couldn’t imagine growing up without him, we are really close and both very lucky. He calls me his ‘youngest’ and I’ve never felt like not being related has been an issue.",Reddit,relationship_advice,subreddit,relationship_advice,mt45hae,1kq7mgm,Badbeanbby,1,1747659673.0,0,0,/r/relationship_advice/comments/1kq7mgm/i_m30_have_a_girlfriend_f28_who_does_not_want_to/mt45hae/,pullpush,women_relevant,1,2026-06-20T07:58:04.909804
"This can only be a dealbreaker if you want it to be. But I also think asking your husband to be someone he’s not. He’s not good with words- but words are what you need. As someone who really struggles to give meaningful words of affirmation I can tell you it feels absolutely fake and uncomfortable when I tell my mom what she wants to hear to feel loved. Now that doesn’t mean I don’t love and appreciate her- but the flowery words- that’s not me and it makes me really uncomfortable. (I don’t even like reading the cards she writes to me.) I think my biggest question for you is, do you recognize the ways he does show you love?",Reddit,relationship_advice,subreddit,relationship_advice,mt45f24,1kpqkcg,No_Location_5565,2,1747659650.0,0,0,/r/relationship_advice/comments/1kpqkcg/husband_27m_was_using_chatgpt_to_apologize_to_me/mt45f24/,pullpush,women_relevant,1,2026-06-20T07:58:04.909808
"She won’t permanently sterilize herself but wants you to.

She’s incredibly selfish. Bounce.",Reddit,relationship_advice,subreddit,relationship_advice,mt45erz,1kptvmb,sassysiggy,1,1747659647.0,0,0,/r/relationship_advice/comments/1kptvmb/my_girlfriend_21_f_wants_me22m_to_get_a_vasectomy/mt45erz/,pullpush,women_relevant,1,2026-06-20T07:58:04.909812
"Girl why are you with a man who is emotionally abusing you?
Take off those rose colored glasses and really evaluate if this is how you want to be treated for the rest of your life.",Reddit,relationship_advice,subreddit,relationship_advice,mt45e61,1kqb0yn,ItsSchuSchu,49,1747659641.0,0,0,/r/relationship_advice/comments/1kqb0yn/i_31f_feel_like_my_fiancé_34m_emotionally/mt45e61/,pullpush,women_relevant,1,2026-06-20T07:58:04.909816
"Men who do this are being obtuse at best and disrespectful and cruel at worst. My boyfriend loves my body and had never made a comment that’s made me insecure in any way. He scrolls his Instagram right next to me and I’m never worried about him thirsting on there. We have an ongoing bit that Willem Dafoe is both of our celebrity hall pass. I’m not fully sure my boyfriend is even straight because he makes more objectifying comments towards men and I THINK he’s joking but the man just doesn’t comment on women at all and I love him so much. Find a man like that, this current man loves that he’s making you question your self worth.",Reddit,relationship_advice,subreddit,relationship_advice,mt45dw9,1kq9rma,imsadandthatsrad,1,1747659638.0,0,0,/r/relationship_advice/comments/1kq9rma/i_34_f_dont_understand_why_my_34_m_boyfriend/mt45dw9/,pullpush,women_relevant,1,2026-06-20T07:58:04.909820
"> My husband isn't understanding that I need space. 

> I want to sit down and have a talk and laugh. 

Which is it? 

And why are you letting him guess? Talk to your husband about what you want from him! 

> all this stuff he's tryna do without the baby in picture is making me feel weird. I don't get why he doesn't want our son there.

Did you ask him why? 

I’d say it’s probably because he wants to connect with you and have a talk and laugh. It’s difficult to do that when you’re attending to the baby.

You know what his needs are. Do why are you not trying to meet them?

Your parents are coming tomorrow. Maybe you could ask them to watch the baby while you and your husband go out for lunch or dinner together. 

> I don't know what he wants to prove using all these gimmicks like gifts and movies. 

So ask him why. I’d say it’s probably because he wants to show you that he cares and he wants you two to have a moment to connect. But every time you keep pushing him away.",Reddit,relationship_advice,subreddit,relationship_advice,mt45dkw,1kq6odk,Rockthejokeboat,75,1747659635.0,0,0,/r/relationship_advice/comments/1kq6odk/i_found_my_husband_trying_to_cheat_a_few_weeks/mt45dkw/,pullpush,women_relevant,1,2026-06-20T07:58:04.909825
"Have you considered that you may be autistic? Your communication style suggests it.

Mind you hers isn’t great either 

Do you two actually have things in common? Do you still enjoy each other’s company?",Reddit,relationship_advice,subreddit,relationship_advice,mt45dj2,1kqaydu,updownclown68,1,1747659634.0,0,0,/r/relationship_advice/comments/1kqaydu/i_29m_am_trying_to_not_mansplain_to_my_partner/mt45dj2/,pullpush,women_relevant,1,2026-06-20T07:58:04.909829
"He hates women, he’s attracted to them, but he would have lined up for a Diddy party.

Why in the world do you not want to vomit each time that trash heap opens his idiot mouth is beyond me.

Aren’t you better than him? How is his running monologue of hate better than being single?",Reddit,relationship_advice,subreddit,relationship_advice,mt45bsz,1kq9rma,whatsmypassword73,1,1747659617.0,0,0,/r/relationship_advice/comments/1kq9rma/i_34_f_dont_understand_why_my_34_m_boyfriend/mt45bsz/,pullpush,women_relevant,1,2026-06-20T07:58:04.909833
Good for you. Updateme!,Reddit,relationship_advice,subreddit,relationship_advice,mt45bij,1kq7y6b,Historical_Kick_3294,3,1747659614.0,0,0,/r/relationship_advice/comments/1kq7y6b/i_29f_caught_my_husband_32m_messaging_his_old/mt45bij/,pullpush,women_relevant,1,2026-06-20T07:58:04.909837
"He sounds super sexist. Bad news for you, OP - you can never be ""the good one/the exception"" forever. When you are around a bigot, and he sees your group as not fully human/lesser (he does! that's why he feels the need to rate women and speak about sexworkers in such a degrading way), you may be ""the exception/the good one"" for a while. Maybe even for a couple of years. But it WILL end at some point, because the reality is: you belong to the lesser group. You are lesser - and when a serious conflict comes, he no longer likes how you act or what you say, you will be ""just like all the other (isert group he is bigoted against),

  
He's not a great person and I'm gonna be harsh but honest here - if a man who speaks about other women in this way is a ""great person"" to you, then your definition of what it means to be a great person is completely eroded and incorrect, and sadly thay may also mean you yourself are not such a great person. Def not as good as you think you are.",Reddit,relationship_advice,subreddit,relationship_advice,mt45b8i,1kq9rma,LadyKlepsydra,3,1747659611.0,0,0,/r/relationship_advice/comments/1kq9rma/i_34_f_dont_understand_why_my_34_m_boyfriend/mt45b8i/,pullpush,women_relevant,1,2026-06-20T07:58:04.909841
"She needs a therapist, not a boyfriend w a child.",Reddit,relationship_advice,subreddit,relationship_advice,mt45afu,1kq7mgm,MarlsDarklie,1,1747659603.0,0,0,/r/relationship_advice/comments/1kq7mgm/i_m30_have_a_girlfriend_f28_who_does_not_want_to/mt45afu/,pullpush,women_relevant,1,2026-06-20T07:58:04.909844
It is a fundamental incompatibility. You can't live your life with a partner who never wants to meet your daughter it would be impossible.,Reddit,relationship_advice,subreddit,relationship_advice,mt459yn,1kq7mgm,Only_Tip9560,1,1747659598.0,0,0,/r/relationship_advice/comments/1kq7mgm/i_m30_have_a_girlfriend_f28_who_does_not_want_to/mt459yn/,pullpush,women_relevant,1,2026-06-20T07:58:04.909849
"You’ve told him your uncomfortable with him doing this, but if he’s still doing it, that shows that he’s disregarding your feelings. You have to make a choice if this is a boundary for you that can’t be crossed and break it off or if you can live with him doing this. I’ve never met a guy who didn’t look at other women, so this may be something you need to remind yourself about. You’re fine how you are, he wouldn’t be spending time with you if he didn’t care about you.",Reddit,relationship_advice,subreddit,relationship_advice,mt45969,1kqavnb,Imtifflish24,1,1747659590.0,0,0,/r/relationship_advice/comments/1kqavnb/my22f_boyfriend23m_likes_other_girls_pictures_on/mt45969/,pullpush,women_relevant,1,2026-06-20T07:58:04.909852
"It's okay to grieve, but it sounds like your girlfriend is planning to be bitter about this for 15 years. She isn't going to want to hear about, or work with you on the rollercoaster that is raising a kid. She's writing off any possibility of seeing this as a gift - an opportunity for her to be a parent to a step child.",Reddit,relationship_advice,subreddit,relationship_advice,mt458pb,1kq7mgm,cynical-puppy26,1,1747659585.0,0,0,/r/relationship_advice/comments/1kq7mgm/i_m30_have_a_girlfriend_f28_who_does_not_want_to/mt458pb/,pullpush,women_relevant,1,2026-06-20T07:58:04.909856
This is a significant incompatibility.,Reddit,relationship_advice,subreddit,relationship_advice,mt458jm,1kq7mgm,Kindly-Parsley9765,1,1747659584.0,0,0,/r/relationship_advice/comments/1kq7mgm/i_m30_have_a_girlfriend_f28_who_does_not_want_to/mt458jm/,pullpush,women_relevant,1,2026-06-20T07:58:04.909862
"I think there’s more to this than OP lets on.

I suspect OP is deeper into something with the friend and husband clearly suspects.",Reddit,relationship_advice,subreddit,relationship_advice,mt457up,1kpi9rm,No_Editor_6895,1,1747659577.0,0,0,/r/relationship_advice/comments/1kpi9rm/my_26f_husband_29m_thinks_its_a_crime_that_his/mt457up/,pullpush,women_relevant,1,2026-06-20T07:58:04.909866
"End it. You're not compatible 

Your daughter comes first.",Reddit,relationship_advice,subreddit,relationship_advice,mt457i0,1kq7mgm,Prudence_rigby,1,1747659573.0,0,0,/r/relationship_advice/comments/1kq7mgm/i_m30_have_a_girlfriend_f28_who_does_not_want_to/mt457i0/,pullpush,women_relevant,1,2026-06-20T07:58:04.909869
"Why does he keep doing this? Because your requests are absurd. You are using manipulation to cope with your feelings of inadequacy. The problem here is you, not your boyfriend, you ARE “that controlling girlfriend” no matter how you spin it. Even if you were to coerce him to “unfollow” and stop liking the posts, do you think he’s not liking them in his head? Address your self esteem issues…go to the gym, go to the stylist, go to therapy and become the best version of yourself.",Reddit,relationship_advice,subreddit,relationship_advice,mt45597,1kqavnb,Caferacer360,0,1747659551.0,0,0,/r/relationship_advice/comments/1kqavnb/my22f_boyfriend23m_likes_other_girls_pictures_on/mt45597/,pullpush,women_relevant,1,2026-06-20T07:58:04.909874
"I see no way this works long term without ruining your relationship with your daughter. I get being cautious and not rushing into meeting your daughter - my boyfriend and I waited a fairly long time before I met his. But I see no way we could have stayed together for over 5 years without me interacting with her. I wasn’t sure how I felt about it all at first, but over time I’ve come to enjoy the time I spend with her. Like your girlfriend, I knew that he was a dad before we started dating, but I always made it clear to him that the last thing I wanted to do was cause a rift in his relationship with her. The fact that your girlfriend is saying the exact opposite makes it pretty obvious that staying with her means your daughter will be on the losing end of the situation.",Reddit,relationship_advice,subreddit,relationship_advice,mt4555g,1kq7mgm,Impressive_Owl3903,1,1747659550.0,0,0,/r/relationship_advice/comments/1kq7mgm/i_m30_have_a_girlfriend_f28_who_does_not_want_to/mt4555g/,pullpush,women_relevant,1,2026-06-20T07:58:04.909878
"sadly this site - as well as many others - is full of people with pre-defined thoughts about sexuality and machismo, so i wanted to take some time to really reinforce how many points you raised (and maybe didn't even realize). 

\- the first point, and the main one, is my concern about consent. you don't seem to remember what happened... as a woman, unfortunately, it's very common for us to talk about and reinforce the fact that many things happen without a woman's consent. but they can also happen to men. did you consent? or do you even remotely believe that he would never have done anything to you without your consent? (does consent coming from someone outside of yourself have any value?)

\- secondly, sexuality is a spectrum. as much as the journey of understanding that you're attracted to the same sex seems very clear when we think of third parties, it's not for those who also like the opposite sex. as a society we're forced to be straight. and since that makes sense to you, you went along with the straight label as if it were the default. a lot of people stop there and never question themselves because they understand that it's “obvious that i'm straight, i like the opposite sex, what else would i be?” the answer is: a lot. but labeling yourself is the least important thing now. it doesn't matter if you're bi, pan, or any other letter that fits. the important thing is how you feel. then you deal with the aftermath of this feeling. 

\- the most important point is the importance of communication. before anything else, you're friends. and just as for you there are a thousand feelings and thoughts about having sex with your male friend, for sure for him there are too, and these two things are very separate. he may be having a totally different journey in relation to this, but it's important to talk about it. 

as a bi person, and as someone who will never judge you, I also bring the reflection: straight people hardly waste time convincing themselves that they are straight. 

i hope you're doing well and i also wish you all the luck in the world on your journey to stop drinking. it can't be easy dealing with all this happening at the same time. take care!",Reddit,relationship_advice,subreddit,relationship_advice,mt4558p,1kf6wq2,Ok-Cow1521,1,1747659550.0,0,0,/r/relationship_advice/comments/1kf6wq2/what_do_you_do_after_accidentally_having_sex_with/mt4558p/,pullpush,women_relevant,1,2026-06-20T07:58:04.909883
why do you think that i did this on purpose?,Reddit,relationship_advice,subreddit,relationship_advice,mt4556q,1kq8vwe,freekicker_,1,1747659550.0,0,0,/r/relationship_advice/comments/1kq8vwe/i_tried_to_break_up_but_i_couldnt_40m_32f/mt4556q/,pullpush,women_relevant,1,2026-06-20T07:58:04.909886
"> I literally cried in front of him and he KNEW how much it hurt me. Why does he keep doing this?

Because he cares more about the dopamine hit he gets from social media interactions than he does about your feelings.

> I need advice on how to make him stop doing this to me.

You can't. You either resolve your feelings about it and become ok with it or you stop dating him.",Reddit,relationship_advice,subreddit,relationship_advice,mt453op,1kqavnb,_JeanLouise_,2,1747659535.0,0,0,/r/relationship_advice/comments/1kqavnb/my22f_boyfriend23m_likes_other_girls_pictures_on/mt453op/,pullpush,women_relevant,1,2026-06-20T07:58:04.909890
"Wdym by red flag in this context? I’m kind on a loss here lol

But thanks for the insight, I’ll try to move on from this",Reddit,relationship_advice,subreddit,relationship_advice,mt453ez,1kqalmx,Stargazerr8,0,1747659533.0,0,0,/r/relationship_advice/comments/1kqalmx/i_23m_am_in_love_with_my_friend_22f_and_i_dont/mt453ez/,pullpush,women_relevant,1,2026-06-20T07:58:04.909894
"So your relationship is never going to include moving in together because where is your child supposed to stay if you manage to get them for more than a day in the future? Also the ""wedge"" is going to be between you and your girlfriend if anywhere, not between you and your child. Your girlfriend is essentially making you choose between the both of them, so it's important to make that distinction first and foremost.",Reddit,relationship_advice,subreddit,relationship_advice,mt451ro,1kq7mgm,harleywren01,1,1747659515.0,0,0,/r/relationship_advice/comments/1kq7mgm/i_m30_have_a_girlfriend_f28_who_does_not_want_to/mt451ro/,pullpush,women_relevant,1,2026-06-20T07:58:04.909897
"Rape doesnt work like that. She gave him concent, he just didnt understand at that moment that she wanted him to stop, she was blacked out drunk. Im not saying what he did is okay but its not rape. We call everything rape nowadays.",Reddit,relationship_advice,subreddit,relationship_advice,mt450j6,1kq9h6h,To_Sandri,-4,1747659503.0,0,0,/r/relationship_advice/comments/1kq9h6h/my_husband_27m_used_me_25f_in_my_sleep_in_a_way/mt450j6/,pullpush,women_relevant,1,2026-06-20T07:58:04.909902
"Chances are, once you're done with vasectomy, she'll start wanting kids, and then will leave because you had vasectomy. So as a human who overthinks issues over and over, DON'T DO IT.",Reddit,relationship_advice,subreddit,relationship_advice,mt4501g,1kptvmb,Low_Armadillo9823,1,1747659498.0,0,0,/r/relationship_advice/comments/1kptvmb/my_girlfriend_21_f_wants_me22m_to_get_a_vasectomy/mt4501g/,pullpush,women_relevant,1,2026-06-20T07:58:04.909906
He probably sees you as a foc sec worker from the way he views women,Reddit,relationship_advice,subreddit,relationship_advice,mt44z1d,1kq9rma,DistributionSalty721,2,1747659487.0,0,0,/r/relationship_advice/comments/1kq9rma/i_34_f_dont_understand_why_my_34_m_boyfriend/mt44z1d/,pullpush,women_relevant,1,2026-06-20T07:58:04.909909
"Or maybe op preferred to be a sperm donor rather than a father and partner.


Resentment is s fantastic libido killer.",Reddit,relationship_advice,subreddit,relationship_advice,mt44ybv,1kqa2n1,helendestroy,1,1747659480.0,0,0,/r/relationship_advice/comments/1kqa2n1/i_m40_and_my_partner_f37_have_been_together_for/mt44ybv/,pullpush,women_relevant,1,2026-06-20T07:58:04.909914
"Listen you have a lot of nice people in this thread but here's the deal. You're toxic AF, you know better and your playing the victim. Then you come on here instead of dealing with it like an adult and telling your man the WHOLE TRUTH. Your husband is in the WORST situation here and you AND the friend are to blame 100%. You have no business being married and your husband deserves a better friend and a different woman. Shame on you.",Reddit,relationship_advice,subreddit,relationship_advice,mt44xo7,1kpi9rm,eKg_78,1,1747659474.0,0,0,/r/relationship_advice/comments/1kpi9rm/my_26f_husband_29m_thinks_its_a_crime_that_his/mt44xo7/,pullpush,women_relevant,1,2026-06-20T07:58:04.909917
"Welcome to /r/relationship_advice. Please make sure you read our [rules here.](https://www.reddit.com/r/relationship_advice/wiki/index) We'd like to take this time to remind users that:

* We do not allow any type of [am I the asshole? or situations/content involving minors](https://www.reddit.com/r/relationship_advice/comments/r6w9uh/meta_am_i_overreacting_am_i_the_asshole_is_this/)

* We do not allow users to privately message other users based on their posts here. Users found to be engaging in this conduct will be banned. **We highly encourage OP to turn off the ability to be privately messaged in their settings.** 

* Any sort of namecalling, insults,etc will result in the comment being removed and the user being banned. (Including but not limited to: slut, bitch, whore, for the streets, etc. It does not matter to whom you are referring.)

* ALL advice given must be good, ethical advice. Joke advice or advice that is conspiratorial or just plain terrible will be removed, and users my be subject to a ban.

* No referencing hateful subreddits and/or their rhetoric. Examples include, but is not limited to: red/blue/black/purplepill, PUA, FDS, MGTOW, etc. This includes, but is not limited to, referring to people as alpha/beta, calling yourself or users ""friend-zoned"", referring to people as Chads, Tyrones, or Staceys, pick-me's, or pornsick. Any infractions of this rule will result in a ban.  **This is not an all-inclusive list.**

* All bans in this subreddit are permanent. You don't get a free pass.

* Anyone found to be directly messaging users for any reason whatsoever will be banned.

* What we cannot give advice on: rants, unsolicited advice, medical conditions/advice, mental illness, letters to an ex, ""body counts"" or number of sexual partners, legal problems, financial problems, situations involving minors, and/or abuse (violence, sexual, emotional etc). All of these will be removed and locked. **This is not an all-inclusive list.**

If you have any questions, please [message the mods](https://www.reddit.com/message/compose?to=%2Fr%2Frelationship_advice)

---

***This is an automatic comment that appears on all posts. This comment does not necessarily mean your post violates any rules.***

---


*I am a bot, and this action was performed automatically. Please [contact the moderators of this subreddit](/message/compose/?to=/r/relationship_advice) if you have any questions or concerns.*",Reddit,relationship_advice,subreddit,relationship_advice,mt44wzm,1kqb0yn,AutoModerator,1,1747659467.0,0,0,/r/relationship_advice/comments/1kqb0yn/i_31f_feel_like_my_fiancé_34m_emotionally/mt44wzm/,pullpush,women_relevant,1,2026-06-20T07:58:04.909921
Your boyfriend is a tool.,Reddit,relationship_advice,subreddit,relationship_advice,mt44vej,1kq9rma,ghoulishgirl,1,1747659451.0,0,0,/r/relationship_advice/comments/1kq9rma/i_34_f_dont_understand_why_my_34_m_boyfriend/mt44vej/,pullpush,women_relevant,1,2026-06-20T07:58:04.909925
"I have just read comments from others and couldn’t agree more she might be suffering anxiety and depression. Due to the fact that I have been there - around 15 years anxiety. My life was a tragedy and I too lazy to do most things because my mental collapsed. I finished courses to get degrees but I am so sure I could have done better without anxiety. 

It’s kinda off topic. A heartfelt piece of advice for you - take your GF to see doctor and get diagnosis report.",Reddit,relationship_advice,subreddit,relationship_advice,mt44tnd,1kq9d9e,Fun_Complaint_5964,1,1747659433.0,0,0,/r/relationship_advice/comments/1kq9d9e/how_do_i_23m_communicate_to_my_gf22f_about_her/mt44tnd/,pullpush,women_relevant,1,2026-06-20T07:58:04.909928
"What’s the answer here though? I’m not telling him not to do it, I’m asking him to let me know when he’s doing it if we’re together. Is it not reasonable? Maybe it’s not reasonable and my expectations are wrong?",Reddit,relationship_advice,subreddit,relationship_advice,mt44sue,1kq82ep,Beginning-Science236,1,1747659424.0,0,0,/r/relationship_advice/comments/1kq82ep/i_35f_have_a_partner_34m_who_takes_edibles_on/mt44sue/,pullpush,women_relevant,1,2026-06-20T07:58:04.909932
But do u think it’s too much if I ask him for reassurance? I’ve been relying on him emotionally a lot since my grandma passed a week ago and I know he’s not very over emotional himself so I don’t want to smother him or beg. He’s also really good looking too so I probably think he’s got other options so if it might be a dumb question to ask if we r exclusive since we r just talking or if he likes me because he might not.,Reddit,relationship_advice,subreddit,relationship_advice,mt44rnj,1kq8smt,ThrowRameowmeow2,0,1747659412.0,0,0,/r/relationship_advice/comments/1kq8smt/thoughts_on_using_chatgpt_for_relationship_advice/mt44rnj/,pullpush,women_relevant,1,2026-06-20T07:58:04.909937
"The death of arcades is really unfortunate. I know there's a few left, especially outside the us, and there's some hipster bars that have gaming cabinets. But for a while, we had a place where gamers could get together and socialize. And they were at every mall.

The fact that you can play everything at home now Rob's people of that social aspect, chatting over headsets during FPS is not the same.

They hit some sweet spot for kids at a certain age, where they could go to a place that had the kind of fun loud Carnival atmosphere you associate with a Chuck E cheese, something that middle schoolers would love, but with games that were fun for later teens and twenties.

There's also something to be said for just discovering a game by walking into a room and seeing 50 options and just watching other people play them. You can kind of relate it to how we don't really discover books in movies by browsing shelves anymore, and taking a chance on some appealing cover art, we discovered them through algorithms on huge websites.

I don't know what the modern equivalent is to an arcade, I assume kids still get together in groups in a physical space and do something, I don't know what that thing is though. For a certain demographic at least, the arcade was a default.",Reddit,AskReddit,subreddit,AskReddit,mt46cqd,1kptz1u,CreeDorofl,7,1747660000.0,0,0,/r/AskReddit/comments/1kptz1u/people_over_35_whats_something_you_genuinely_miss/mt46cqd/,pullpush,women_relevant,1,2026-06-20T07:58:08.676394
See through thong underwear,Reddit,AskReddit,subreddit,AskReddit,mt46cqg,1kqacw2,Curious-Marsupial-41,0,1747660000.0,0,0,/r/AskReddit/comments/1kqacw2/what_is_the_sexiest_item_of_clothing_that_you_own/mt46cqg/,pullpush,women_relevant,1,2026-06-20T07:58:08.676412
"Losing my parents 12 months apart. No siblings and life did a complete 180. There was nothing I could do but suck it up and deal with it. Its changed me 10 fold. Some good, some bad. You only play the hand you're dealt as best you can",Reddit,AskReddit,subreddit,AskReddit,mt46con,1kq8c2l,SeeingSound2991,1,1747659999.0,0,0,/r/AskReddit/comments/1kq8c2l/what_split_your_life_into_before_and_after/mt46con/,pullpush,women_relevant,1,2026-06-20T07:58:08.676417
The Beast.  2004 Silverado,Reddit,AskReddit,subreddit,AskReddit,mt46cmb,1kqahre,Vivid_Pianist4270,1,1747659998.0,0,0,/r/AskReddit/comments/1kqahre/what_did_you_name_your_car/mt46cmb/,pullpush,women_relevant,1,2026-06-20T07:58:08.676420
"This. Fear of the unknown. At least if they believe in God, they trick themselves into "" knowing"" what comes next.",Reddit,AskReddit,subreddit,AskReddit,mt46chm,1kqa4ym,Classic_Button777,1,1747659997.0,0,0,/r/AskReddit/comments/1kqa4ym/what_makes_people_believe_in_god/mt46chm/,pullpush,women_relevant,1,2026-06-20T07:58:08.676425
"Gave it up cold turkey, endured two months of headaches, lost ten pounds in two weeks (lost fluid retention), and now, very rarely, touch it.  It's an ""only on special occasions"" drink.",Reddit,AskReddit,subreddit,AskReddit,mt46cjc,1kq5rsw,MidorBird,19,1747659997.0,0,0,/r/AskReddit/comments/1kq5rsw/whats_a_small_decision_you_made_that_unexpectedly/mt46cjc/,pullpush,women_relevant,1,2026-06-20T07:58:08.676429
Maxillofacial surgery.,Reddit,AskReddit,subreddit,AskReddit,mt46cau,1kqaseb,S1r_n0b0dy,2,1747659995.0,0,0,/r/AskReddit/comments/1kqaseb/whats_a_situation_you_experienced_where_you/mt46cau/,pullpush,women_relevant,1,2026-06-20T07:58:08.676433
You seem so confused like what is your problem,Reddit,AskReddit,subreddit,AskReddit,mt46bs2,1kqb103,Disastrous-Bike659,1,1747659989.0,0,0,/r/AskReddit/comments/1kqb103/have_you_ever_experienced_racism_irl_where_and_why/mt46bs2/,pullpush,women_relevant,1,2026-06-20T07:58:08.676437
Decided to try a new route home from work one day because I was bored. Stopped at a small coffee shop I'd never noticed before. The barista there is now my wife of 6 years. All because I was tired of the same old drive.,Reddit,AskReddit,subreddit,AskReddit,mt46bmc,1kq5rsw,DeDobber,6,1747659988.0,0,0,/r/AskReddit/comments/1kq5rsw/whats_a_small_decision_you_made_that_unexpectedly/mt46bmc/,pullpush,women_relevant,1,2026-06-20T07:58:08.676440
I like parts of Vegas but avoid the strip like the plague. One of the best shooting ranges I've been to is located like 30 minutes away from the strip. Henderson is nice as well.,Reddit,AskReddit,subreddit,AskReddit,mt46boj,1kplv0m,sittingonthetoilet13,1,1747659988.0,0,0,/r/AskReddit/comments/1kplv0m/whats_the_worst_city_youve_ever_visited/mt46boj/,pullpush,women_relevant,1,2026-06-20T07:58:08.676444
Sprint to catch the train on time,Reddit,AskReddit,subreddit,AskReddit,mt46bky,1kqb7d4,MiguelIstNeugierig,4,1747659987.0,0,0,/r/AskReddit/comments/1kqb7d4/whats_something_youd_totally_do_if_it_wasnt/mt46bky/,pullpush,women_relevant,1,2026-06-20T07:58:08.676448
"Using a yardage book on the golf course. 

Now you just point a laser finder or look at a GPS screen.",Reddit,AskReddit,subreddit,AskReddit,mt46bgk,1kptz1u,HelloFromWisco,1,1747659986.0,0,0,/r/AskReddit/comments/1kptz1u/people_over_35_whats_something_you_genuinely_miss/mt46bgk/,pullpush,women_relevant,1,2026-06-20T07:58:08.676452
"**PLEASE READ THIS MESSAGE IN ITS ENTIRETY BEFORE TAKING ACTION.**

Hi there, your post has been removed for one of the following reasons:

* [Rule 3:](https://www.reddit.com/r/AskReddit/wiki/index#wiki_-rule_3-) Questions seeking a correct or definite answer, that can be researched elsewhere are not allowed on AskReddit.

* [Rule 5:](http://www.reddit.com/r/AskReddit/wiki/index#wiki_-rule_5-) Rhetorical and loaded questions (in which you are asserting an opinion, bias, or leading respondents towards expressing a specific opinion) are not allowed on AskReddit.

Your post may be better suited for another community on reddit. Not sure where to post? Check out r/AskReddit's [list of related subreddits](/r/AskReddit/wiki/sidebarsubs), or get recommendations in r/findareddit. Please read the rules before posting in other communities as they have different rules than r/AskReddit.

*I am a bot, and this action was performed automatically. Please [contact the moderators of this subreddit](/message/compose/?to=/r/AskReddit) if you have any questions or concerns.*",Reddit,AskReddit,subreddit,AskReddit,mt46be7,1kqb7ss,AutoModerator,1,1747659985.0,0,0,/r/AskReddit/comments/1kqb7ss/why_is_virat_kohli_so_famous/mt46be7/,pullpush,women_relevant,1,2026-06-20T07:58:08.676455
how does the potato fit into this?,Reddit,AskReddit,subreddit,AskReddit,mt46bco,1kq5633,nickcash,2,1747659985.0,0,0,/r/AskReddit/comments/1kq5633/what_is_just_a_placebo_effect_but_most_people/mt46bco/,pullpush,women_relevant,1,2026-06-20T07:58:08.676459
Beast wars toys. Core memory unlocked holy shit.,Reddit,AskReddit,subreddit,AskReddit,mt46b9n,1kptz1u,Haz_Bat_570,6,1747659984.0,0,0,/r/AskReddit/comments/1kptz1u/people_over_35_whats_something_you_genuinely_miss/mt46b9n/,pullpush,women_relevant,1,2026-06-20T07:58:08.676462
"Thanks, happened in 2013 and I remember it at least once a week. Hard not to when you're a schizophrenic with a photographic memory 🤷",Reddit,AskReddit,subreddit,AskReddit,mt46b7l,1kpz8n7,TerribleLeg4777,2,1747659984.0,0,0,/r/AskReddit/comments/1kpz8n7/serious_whats_the_worst_way_you_know_someone_has/mt46b7l/,pullpush,women_relevant,1,2026-06-20T07:58:08.676466
"I'm headed to Denmark. I want that says ""I don't want Greenland or anything else, please don't hate me""🤣",Reddit,AskReddit,subreddit,AskReddit,mt46b5b,1k4hu0t,Equivalent-Screen-89,1,1747659983.0,0,0,/r/AskReddit/comments/1k4hu0t/how_are_us_citizens_feeling_about_traveling/mt46b5b/,pullpush,women_relevant,1,2026-06-20T07:58:08.676470
"My ex i was with from 18 to 19 lived with me and my mom, we went to school together and worked at the same place together. He had some drug problems in his past and they ended up resurfacing during our relationship due to friend connections and he got hooked again and me being young and naive I did not take it as seriously as I should have and also ended up getting slightly hooked - once the drugs entered the relationship it became unhealthy to the point one time he had me pick up for him telling me he already payed but it turned out my body was payment and I was forced against my own will by the dude “selling” then he threw the baggie of drugs at me after and I walked all the way home crying with blood spilling down my legs and soaking my sweats. It was a terrible situation and it was all around covid time and I knew him going back to his parents place was even worse than being with me at my moms, I still loved him too and still do to this day but he ended up passing away due to an overdose one night. We had argued at work that day before I left and he has a few more hours to work, I asked him to promise me he wouldn’t get any more drugs for just two more days because we both had a pee test in 2 days and I wanted us both clean at least for that. We usually would at least keep eachother company when using as to know the other person was safe and yes we did have narcan in the house if NEEDED. That night after we fought I went home (at about 6pm) and went straight to sleep, he got home and didn’t wake me, at about 4am i woke up slightly to him kissing my forehead and telling me he loved me, not enough to fully wake up but enough to feel it and slightly smile at the warmth it brought me, his 19th birthday was in a few days and I had been planning things out (just to mention his age) anyways the next morning I woke up around 8ish am to get ready for work at 9am, I was in my room and the bathroom getting ready, and I noticed he hadn’t slept in the room with me that night but it wasn’t super uncommon because both of us fall asleep easy and sometimes we would just slump on the couch on our phones or watching tv. Anyways I went to my moms room passing the living room quickly where I saw him laying on the couch (there was a table in front of our couch that kinda blocked the view of the front of the couch so all I could see was him laying down, I presumed sleeping) to say goodbye to my mom giving her a hug and kiss on the cheek to say goodbye and then I went to do the same for my boyfriend, I rounded the table and as I put my hand on his shoulder to wake him up I saw blood and foam from his nose and mouth had run down the front of the couch. I still tried waking him, shaking him saying his name asking him to please wake up, I frantically told my mom and went to her room totally hysterical saying he wouldn’t wake up. I called 911 and while on the phone with them they told me I needed to get him on the floor on his back and he was a bigger guy, close to 260-280 pounds and probably 5’4 - 5’6, when I attempted to move his leg first to get him on the floor, I lifted it and not only was that leg I tried moving stiff but the other leg came with it as well and at that point I just couldn’t do it. I couldn’t see and experience it anymore. I gave my mom my phone with the operators on the line and I ran to the bathroom throwing up. I went totally numb. The paramedics came and when they got him on his back his whole body stayed in the exact position it was in on the couch and even though I knew and they knew it was too late they still tried resuscitating him, I’m guessing for me and my moms mental. Rigamortus had already set in and there was no going back. Come to find out the night before he ended up overdosing in the bathroom, came and gave me a kiss, went to my moms room lied to her and said he he slipped and hit his head in the shower (his nose was bleeding) and she told him to keep his head up and use tissues to help the bleeding and to let her know if it continued but due to it being 4am and her being groggy from waking up she didn’t think much of it and he just ended up playing on/watching his phone until he passed away. I think maybe his passing wasnt very painful, he was in a comfortable position and the drugs involved were ones that take away pain and sense of awareness, so maybe his actual passing wasnt very hard on him but the after math was very very hard on the ones who love him and it still to this day is really hard for me to get through. Although in a fucked up round about way he did save me from any and all drugs in the future. When he passed I went cold turkey and havent been able to look at, talk about or even think about drugs at all in any kind of comfortable fashion. Last year my sister also overdosed from the same drug. 
I pray anyone who does do drugs or is addicted is able to become clean or at least is able to keep narcan on hand when it’s needed, because it will be needed sadly.",Reddit,AskReddit,subreddit,AskReddit,mt46b25,1kpz8n7,jjkitty2001,1,1747659982.0,0,0,/r/AskReddit/comments/1kpz8n7/serious_whats_the_worst_way_you_know_someone_has/mt46b25/,pullpush,women_relevant,1,2026-06-20T07:58:08.676474
"Car accident. Went from a normal 17 year old with no problems aside from allergies to chronic back pain I’ll have until I die. 4 fractured vertebrae and over a year of PT. I’m 35 now, but now I get to add on chronic knee pain with my back pain (workplace accident). Some days are better/worse than others. But the bad days can be really bad. Thank God for my wife. She’s the only thing in the world keeping me anchored to the living.",Reddit,AskReddit,subreddit,AskReddit,mt46b3g,1kq8c2l,James_099,1,1747659982.0,0,0,/r/AskReddit/comments/1kq8c2l/what_split_your_life_into_before_and_after/mt46b3g/,pullpush,women_relevant,1,2026-06-20T07:58:08.676478
Having sex I would think ? I will show myself out,Reddit,AskReddit,subreddit,AskReddit,mt46axv,1kq4gr1,BackgroundPlay562,1,1747659981.0,0,0,/r/AskReddit/comments/1kq4gr1/women_what_were_your_most_earliest_signs_of/mt46axv/,pullpush,women_relevant,1,2026-06-20T07:58:08.676481
Filling the publication with low quality freelancers from South Africa is killing the website,Reddit,AskReddit,subreddit,AskReddit,mt46az3,1kq9it1,fren2allcheezes,1,1747659981.0,0,0,/r/AskReddit/comments/1kq9it1/serious_whats_something_you_wish_you_could_tell/mt46az3/,pullpush,women_relevant,1,2026-06-20T07:58:08.676485
That's crazy,Reddit,AskReddit,subreddit,AskReddit,mt46auc,1kq8orh,myersm1993,1,1747659980.0,0,0,/r/AskReddit/comments/1kq8orh/what_is_a_polite_way_to_say_fuck_off/mt46auc/,pullpush,women_relevant,1,2026-06-20T07:58:08.676488
Walking up to a stranger and striking up a casual but worthwhile conversation.,Reddit,AskReddit,subreddit,AskReddit,mt46auh,1kptz1u,velvetrevolting,1,1747659980.0,0,0,/r/AskReddit/comments/1kptz1u/people_over_35_whats_something_you_genuinely_miss/mt46auh/,pullpush,women_relevant,1,2026-06-20T07:58:08.676492
It would be Musky,Reddit,AskReddit,subreddit,AskReddit,mt46aui,1kqb59c,Top_Initiative_754,4,1747659980.0,0,0,/r/AskReddit/comments/1kqb59c/if_trump_released_his_own_perfume_what_would_it/mt46aui/,pullpush,women_relevant,1,2026-06-20T07:58:08.676495
"**PLEASE READ THIS MESSAGE IN ITS ENTIRETY BEFORE TAKING ACTION.**

Hi there, your post has been removed for one of the following reasons:

* [Rule 3:](https://www.reddit.com/r/AskReddit/wiki/index#wiki_-rule_3-) Questions seeking a correct or definite answer, that can be researched elsewhere are not allowed on AskReddit.

* [Rule 5:](http://www.reddit.com/r/AskReddit/wiki/index#wiki_-rule_5-) Rhetorical and loaded questions (in which you are asserting an opinion, bias, or leading respondents towards expressing a specific opinion) are not allowed on AskReddit.

Your post may be better suited for another community on reddit. Not sure where to post? Check out r/AskReddit's [list of related subreddits](/r/AskReddit/wiki/sidebarsubs), or get recommendations in r/findareddit. Please read the rules before posting in other communities as they have different rules than r/AskReddit.

*I am a bot, and this action was performed automatically. Please [contact the moderators of this subreddit](/message/compose/?to=/r/AskReddit) if you have any questions or concerns.*",Reddit,AskReddit,subreddit,AskReddit,mt46aqm,1kqb7qa,AutoModerator,1,1747659979.0,0,0,/r/AskReddit/comments/1kqb7qa/why_do_some_people_believe_society_is_heading_in/mt46aqm/,pullpush,women_relevant,1,2026-06-20T07:58:08.676499
"It's funny, I took my 2 kids to McD like a month ago, I ordered a sandwich and some nuggets, kids ordered pretty much happy meals, sat there as we were going to places after.

$45.. WTF?",Reddit,AskReddit,subreddit,AskReddit,mt46as2,1kptxsd,DavidinCT,1,1747659979.0,0,0,/r/AskReddit/comments/1kptxsd/what_has_become_so_expensive_that_its_not_worth/mt46as2/,pullpush,women_relevant,1,2026-06-20T07:58:08.676503
Depends on the secret! Unless explicitly stated my friends and I have a “partners are fine” policy. But sometimes they say “do not tell him” and I would never tell.,Reddit,AskReddit,subreddit,AskReddit,mt46aq3,1kq8v7b,misscatlady,3,1747659979.0,0,0,/r/AskReddit/comments/1kq8v7b/when_close_friends_tell_you_something_in/mt46aq3/,pullpush,women_relevant,1,2026-06-20T07:58:08.676507
"I got diagnosed with an incredibly rare genetic disorder as a teenager. Had issues my entire life with my health, and finally got some tests run. Going home and googling my life expectancy was horrible. I haven't been the same since.",Reddit,AskReddit,subreddit,AskReddit,mt46aop,1kq8c2l,pimple-pop,1,1747659978.0,0,0,/r/AskReddit/comments/1kq8c2l/what_split_your_life_into_before_and_after/mt46aop/,pullpush,women_relevant,1,2026-06-20T07:58:08.676510
Hope karma hit her like a brick.,Reddit,AskReddit,subreddit,AskReddit,mt46aiy,1kq2bbn,geekishly,5,1747659977.0,0,0,/r/AskReddit/comments/1kq2bbn/what_was_the_first_celebrity_death_you_remember/mt46aiy/,pullpush,women_relevant,1,2026-06-20T07:58:08.676514
Burnt skin with a hint of citrus 🍊,Reddit,AskReddit,subreddit,AskReddit,mt46ak3,1kqb59c,MomG0neWild,0,1747659977.0,0,0,/r/AskReddit/comments/1kqb59c/if_trump_released_his_own_perfume_what_would_it/mt46ak3/,pullpush,women_relevant,1,2026-06-20T07:58:08.676517
"I personally don't understand replacing one word with another word that means the same thing for the sake of ""not lowering yourself"". They're just words, if the intent is anyway there then might as well and get out with it, imo. Genuinely interested, where/how does this thought process arise? Was it taught at home or in school, or is it a cultural thing where you grew up or live?",Reddit,AskReddit,subreddit,AskReddit,mt46aia,1kq8orh,bjornodinnson,10,1747659976.0,0,0,/r/AskReddit/comments/1kq8orh/what_is_a_polite_way_to_say_fuck_off/mt46aia/,pullpush,women_relevant,1,2026-06-20T07:58:08.676521
Sounds like the razer or something lol,Reddit,AskReddit,subreddit,AskReddit,mt46abc,1kptz1u,Yuna1989,2,1747659974.0,0,0,/r/AskReddit/comments/1kptz1u/people_over_35_whats_something_you_genuinely_miss/mt46abc/,pullpush,women_relevant,1,2026-06-20T07:58:08.676524
Grabbing the Pussy,Reddit,AskReddit,subreddit,AskReddit,mt46a9h,1kqb59c,Soranhirani,1,1747659974.0,0,0,/r/AskReddit/comments/1kqb59c/if_trump_released_his_own_perfume_what_would_it/mt46a9h/,pullpush,women_relevant,1,2026-06-20T07:58:08.676528
Diapers,Reddit,AskReddit,subreddit,AskReddit,mt46a5k,1kq8c2l,Salty-Ad9117,1,1747659973.0,0,0,/r/AskReddit/comments/1kq8c2l/what_split_your_life_into_before_and_after/mt46a5k/,pullpush,women_relevant,1,2026-06-20T07:58:08.676532
"Going to a MLB game in HCOL areas; parking in San Francisco is $60, the tix are right around $100 (along the 1st or 3rd baseline) each, beer $20, and the Crazy Crab Sandwich is now $25.00!  It doesn’t take much to drop $400-$450 at the ballpark on a Sunday afternoon.  Yes, I could cut the cost in half sitting in the bleachers, bringing in my own food, and still paying for beverages but it is not the same experience; I’d rather watch the game at home.",Reddit,AskReddit,subreddit,AskReddit,mt469tm,1kptxsd,Danovale,1,1747659969.0,0,0,/r/AskReddit/comments/1kptxsd/what_has_become_so_expensive_that_its_not_worth/mt469tm/,pullpush,women_relevant,1,2026-06-20T07:58:08.676535
Can you please open that door and close it from the other side?,Reddit,AskReddit,subreddit,AskReddit,mt469u2,1kq8orh,Expensive-Draw-6897,1,1747659969.0,0,0,/r/AskReddit/comments/1kq8orh/what_is_a_polite_way_to_say_fuck_off/mt469u2/,pullpush,women_relevant,1,2026-06-20T07:58:08.676539
"When it’s 6am and there’s 100 other people trying to get gas, it takes 15 mins sometimes. I don’t mind most days, but with NJ commuter traffic into two cities, you’d think they’d have more than two people on the pumps.",Reddit,AskReddit,subreddit,AskReddit,mt469nu,1kpvr2g,awesome-ekeler,1,1747659968.0,0,0,/r/AskReddit/comments/1kpvr2g/what_is_illegal_in_your_state_or_locally_that/mt469nu/,pullpush,women_relevant,1,2026-06-20T07:58:08.676543
"Sorry but
Paen di shiggi is good",Reddit,AskReddit,subreddit,AskReddit,mt469d4,1kq7b90,Fast_Veterinarian719,1,1747659965.0,0,0,/r/AskReddit/comments/1kq7b90/whats_your_favorite_swear_word_in_your_language/mt469d4/,pullpush,women_relevant,1,2026-06-20T07:58:08.676546
"“Is there an off to which you can fuck?” - Laszlo, What We Do in the Shadows",Reddit,AskReddit,subreddit,AskReddit,mt469fd,1kq8orh,SnuffShock,12,1747659965.0,0,0,/r/AskReddit/comments/1kq8orh/what_is_a_polite_way_to_say_fuck_off/mt469fd/,pullpush,women_relevant,1,2026-06-20T07:58:08.676550
"My late father was always either working or drunk, complained he had no time for me yet still chose to drink instead when he did. Even before his death last year I had no father for over a decade.",Reddit,AskReddit,subreddit,AskReddit,mt4699r,1kq897h,Emperor-Universe,1,1747659964.0,0,0,/r/AskReddit/comments/1kq897h/why_did_you_disown_your_parents/mt4699r/,pullpush,women_relevant,1,2026-06-20T07:58:08.676554
"**PLEASE READ THIS MESSAGE IN ITS ENTIRETY BEFORE TAKING ACTION.**

Your post has been removed as it violated [Rule 2](http://www.reddit.com/r/AskReddit/wiki/index#wiki_-rule_2-). Please check that your post doesn't contain the following issues:

* **If your question is specific to your situation, or involves a story, please post your question somewhere else. If you're not sure where to post, take a look at the [list of related subreddits](https://www.reddit.com/r/AskReddit/wiki/sidebarsubs/) or ask for suggestions in r/findareddit.**

* **Your post title cannot reference yourself in any way, including but not limited to having first person personal pronouns that reference yourself.**   


*I am a bot, and this action was performed automatically. Please [contact the moderators of this subreddit](/message/compose/?to=/r/AskReddit) if you have any questions or concerns.*",Reddit,AskReddit,subreddit,AskReddit,mt46964,1kqb7if,AutoModerator,1,1747659963.0,0,0,/r/AskReddit/comments/1kqb7if/im_a_paranormalsupernatural_fanatic_what_is_your/mt46964/,pullpush,women_relevant,1,2026-06-20T07:58:08.676557
"Well I like popping percocets, will you genuinely say to me that it's okay cuz i like it?",Reddit,AskReddit,subreddit,AskReddit,mt4697p,1kqaujp,Disastrous-Bike659,0,1747659963.0,0,0,/r/AskReddit/comments/1kqaujp/how_do_you_feel_about_video_chatting_while/mt4697p/,pullpush,women_relevant,1,2026-06-20T07:58:08.676561
"I'm turning 21 next month.
I was always stuck on this notion of having everything figured out - a job, education, planning for the future - and if I didn't, I considered myself to be lacking as an adult, unprepared for the future.
But it's okay to slow down, take breathers, and take it one day at a time.",Reddit,AskReddit,subreddit,AskReddit,mt46976,1kq9l1k,SyrupVisual9036,2,1747659963.0,0,0,/r/AskReddit/comments/1kq9l1k/girls_in_their_20s_whats_one_piece_of_advice_you/mt46976/,pullpush,women_relevant,1,2026-06-20T07:58:08.676565
…that’s something we still do,Reddit,AskReddit,subreddit,AskReddit,mt4696g,1kptz1u,LeatherRebel5150,1,1747659963.0,0,0,/r/AskReddit/comments/1kptz1u/people_over_35_whats_something_you_genuinely_miss/mt4696g/,pullpush,women_relevant,1,2026-06-20T07:58:08.676569
"Related: customizing your laptop sounds. When my computer would disconnect from AOL it would play the line from Cool Hand Luke ""what we have here is a failure to communicate.""   When there would be a system error instead of a beat that would play Homer Simpson saying ""doh!""",Reddit,AskReddit,subreddit,AskReddit,mt4697e,1kptz1u,weluckyfew,1,1747659963.0,0,0,/r/AskReddit/comments/1kptz1u/people_over_35_whats_something_you_genuinely_miss/mt4697e/,pullpush,women_relevant,1,2026-06-20T07:58:08.676572
Id be happier probably,Reddit,AskReddit,subreddit,AskReddit,mt4691n,1kqaubu,Learningstuff247,1,1747659962.0,0,0,/r/AskReddit/comments/1kqaubu/how_would_your_life_be_affected_if_the_internet/mt4691n/,pullpush,women_relevant,1,2026-06-20T07:58:08.676576
"sucks so far!

my great boss getting transferred on my birthday. my boss did so much for me, i could not do as much for my boss. losing my boss felt like a part of me was dying. the exact same date and day as when i was born - a birthday perisher.

i always thought how i would feel knowing i would die on same date i was born. this thought was always in my head, but never thought it would actually come.",Reddit,AskReddit,subreddit,AskReddit,mt46931,1kq663n,rxtech24,1,1747659962.0,0,0,/r/AskReddit/comments/1kq663n/how_is_your_2025_going_so_far/mt46931/,pullpush,women_relevant,1,2026-06-20T07:58:08.676580
Alcoholism/sobriety,Reddit,AskReddit,subreddit,AskReddit,mt4693y,1kq8c2l,Healthy-Brilliant549,1,1747659962.0,0,0,/r/AskReddit/comments/1kq8c2l/what_split_your_life_into_before_and_after/mt4693y/,pullpush,women_relevant,1,2026-06-20T07:58:08.676583
It’s great to know you survived Covid.,Reddit,AskReddit,subreddit,AskReddit,mt468l2,1kqaseb,amr1412010,1,1747659957.0,0,0,/r/AskReddit/comments/1kqaseb/whats_a_situation_you_experienced_where_you/mt468l2/,pullpush,women_relevant,1,2026-06-20T07:58:08.676587
You assuming that having five dogs makes you an expert on all dogs is “offensive.”,Reddit,AskReddit,subreddit,AskReddit,mt468lg,1kpzhtw,_leafy_sea_dragon_,31,1747659957.0,0,0,/r/AskReddit/comments/1kpzhtw/forget_elephants_in_the_room_whats_a_blue_whale/mt468lg/,pullpush,women_relevant,1,2026-06-20T07:58:08.676590
Classic,Reddit,AskReddit,subreddit,AskReddit,mt468id,1kq5i42,FizzySpew,10,1747659956.0,0,0,/r/AskReddit/comments/1kq5i42/what_is_the_most_disturbing_confession_you_have/mt468id/,pullpush,women_relevant,1,2026-06-20T07:58:08.676594
"Secure a new job

Give your resignation notice in writing as well as in-person (along with your planned last date of employment)

Roll your 401k over to a new account",Reddit,AskReddit,subreddit,AskReddit,mt4688o,1kqa6yp,Hrekires,1,1747659954.0,0,0,/r/AskReddit/comments/1kqa6yp/what_3_things_must_you_always_do_when_quitting_a/mt4688o/,pullpush,women_relevant,1,2026-06-20T07:58:08.676597
"""Wanting less is a better blessing than having more."" -Mary Ellen Edmunds",Reddit,AskReddit,subreddit,AskReddit,mt4689e,1kq9bb3,Charleston2Seattle,1,1747659954.0,0,0,/r/AskReddit/comments/1kq9bb3/people_over_40_whats_a_life_lesson_you_learned/mt4689e/,pullpush,women_relevant,1,2026-06-20T07:58:08.676601
They arent ready,Reddit,AskReddit,subreddit,AskReddit,mt468bd,1kqb6gg,Dog_On_Train2,1,1747659954.0,0,0,/r/AskReddit/comments/1kqb6gg/what_might_be_the_reason_for_ronaldo_not_marrying/mt468bd/,pullpush,women_relevant,1,2026-06-20T07:58:08.676605
Kindly fuck off.,Reddit,AskReddit,subreddit,AskReddit,mt46873,1kq8orh,DinkandDrunk,1,1747659953.0,0,0,/r/AskReddit/comments/1kq8orh/what_is_a_polite_way_to_say_fuck_off/mt46873/,pullpush,women_relevant,1,2026-06-20T07:58:08.676608
"Having movies or shows that transcend demographics and seemingly become a monolithic part of culture itself. 

There is so much content today, across a wide spectrum of services and medium. Nothing will be as big or impactful as the series finale of Seinfeld or the theatrical release of Episode 1.",Reddit,AskReddit,subreddit,AskReddit,mt4683l,1kptz1u,JohanMcdougal,1,1747659952.0,0,0,/r/AskReddit/comments/1kptz1u/people_over_35_whats_something_you_genuinely_miss/mt4683l/,pullpush,women_relevant,1,2026-06-20T07:58:08.676612
"If you need a suggestion for who to leave that couples money to, might I suggest the Sharkbaitoohahaha foundation for the advancement of fish studies. It’s very deserving charity.",Reddit,AskReddit,subreddit,AskReddit,mt467w4,1kq1zll,Sharkbait_ooohaha,16,1747659950.0,0,0,/r/AskReddit/comments/1kq1zll/whats_it_like_being_filthy_rich/mt467w4/,pullpush,women_relevant,1,2026-06-20T07:58:08.676615
"The not keeping secrets from your partner rule is supposed to be about your own lives, it doesn't mean you need to tell your partner every secret you hear about people that don't concern them.

This is why I always go to my single friends if I need to share something particularly personal or embarrassing, sharing everything you're told with your partner makes you a bad friend.",Reddit,AskReddit,subreddit,AskReddit,mt467qa,1kq8v7b,dreamcastchalmers,4,1747659949.0,0,0,/r/AskReddit/comments/1kq8v7b/when_close_friends_tell_you_something_in/mt467qa/,pullpush,women_relevant,1,2026-06-20T07:58:08.676619
Going to a friend house unexpected or getting a friend unexpectedly. There was this feeling of familiarity that I no longer see. It was like your Friends patentes where your uncles. Sometimes I went to My Best friend house and he wasnt there but i would Say to play with his brothers or watch tv with her mother.,Reddit,AskReddit,subreddit,AskReddit,mt467rc,1kptz1u,pdonoso,1,1747659949.0,0,0,/r/AskReddit/comments/1kptz1u/people_over_35_whats_something_you_genuinely_miss/mt467rc/,pullpush,women_relevant,1,2026-06-20T07:58:08.676623
"The infantilization of young adults. 


An awful lot of people excuse an awful lot of behavior because they are ""young"" but if you are 20 years old you know exactly what you are doing.",Reddit,AskReddit,subreddit,AskReddit,mt467mg,1kq98cn,lessmiserables,255,1747659948.0,0,0,/r/AskReddit/comments/1kq98cn/what_has_society_normalised_that_you_just_cant/mt467mg/,pullpush,women_relevant,1,2026-06-20T07:58:08.676626
"Terribly. My girlfriend and I are both out of a job since lsst week, and we dont know how we're going to pay rent, let alone bills, after this month ends",Reddit,AskReddit,subreddit,AskReddit,mt467nr,1kq663n,Upright_Eeyore,1,1747659948.0,0,0,/r/AskReddit/comments/1kq663n/how_is_your_2025_going_so_far/mt467nr/,pullpush,women_relevant,1,2026-06-20T07:58:08.676630
"Not me, I'd like to tell you what a pile of lying garbage that he is but I'm working on keeping my policies to myself.",Reddit,AskReddit,subreddit,AskReddit,mt4674d,1kptz1u,Adventurous-Ad660,2,1747659943.0,0,0,/r/AskReddit/comments/1kptz1u/people_over_35_whats_something_you_genuinely_miss/mt4674d/,pullpush,women_relevant,1,2026-06-20T07:58:08.676634
so youre saying you got unbelievably lucky,Reddit,AskReddit,subreddit,AskReddit,mt4677b,1kok4ch,TristanTheRobloxian3,1,1747659943.0,0,0,/r/AskReddit/comments/1kok4ch/whats_a_one_in_a_million_thing_you_did_that_will/mt4677b/,pullpush,women_relevant,1,2026-06-20T07:58:08.676638
"My grandmother has had dementia following a stroke for about two years now, I live far and I've only visited once since. She was definitely different but didn't seem nearly as bad as my mom and aunt were making her out to be. I mentioned that to my aunt toward the end of my visit and she said that my grandmother was trying *really hard* for me and it was exhausting her. Like she was going to bed early and taking more rests just so she could rally as much as possible while I was there.

She really enjoyed watching my fiancé and I play connect four :)",Reddit,AskReddit,subreddit,AskReddit,mt4675h,1kq5633,AbbyTheConqueror,1897,1747659943.0,0,0,/r/AskReddit/comments/1kq5633/what_is_just_a_placebo_effect_but_most_people/mt4675h/,pullpush,women_relevant,1,2026-06-20T07:58:08.676641
The most illogical ways of doing simple things.,Reddit,AskReddit,subreddit,AskReddit,mt4675t,1kq98cn,Hobo_Drifter,3,1747659943.0,0,0,/r/AskReddit/comments/1kq98cn/what_has_society_normalised_that_you_just_cant/mt4675t/,pullpush,women_relevant,1,2026-06-20T07:58:08.676644
Kids.,Reddit,AskReddit,subreddit,AskReddit,mt4676a,1kq8c2l,No_Seat8357,1,1747659943.0,0,0,/r/AskReddit/comments/1kq8c2l/what_split_your_life_into_before_and_after/mt4676a/,pullpush,women_relevant,1,2026-06-20T07:58:08.676648
He’s good now btw 😊,Reddit,AskReddit,subreddit,AskReddit,mt46720,1kqb0jc,circusvetsara,2,1747659942.0,0,0,/r/AskReddit/comments/1kqb0jc/whats_the_scariest_experience_you_have_ever_had/mt46720/,pullpush,women_relevant,1,2026-06-20T07:58:08.676652
It’s not,Reddit,AskReddit,subreddit,AskReddit,mt4672o,1kq5633,enchanted-sorceress,162,1747659942.0,0,0,/r/AskReddit/comments/1kq5633/what_is_just_a_placebo_effect_but_most_people/mt4672o/,pullpush,women_relevant,1,2026-06-20T07:58:08.676655
"Late to the show but…

My cousin was kidnapped, raped, and stabbed 30+ times by two random strangers.  They weren’t able to prove it in court but there was strong evidence that one of the guys waited until she died to rape her.",Reddit,AskReddit,subreddit,AskReddit,mt466yl,1kpz8n7,MyWeedAccount9,1,1747659941.0,0,0,/r/AskReddit/comments/1kpz8n7/serious_whats_the_worst_way_you_know_someone_has/mt466yl/,pullpush,women_relevant,1,2026-06-20T07:58:08.676658
Capitalism,Reddit,AskReddit,subreddit,AskReddit,mt466x9,1kq98cn,greetings_imperial,6,1747659940.0,0,0,/r/AskReddit/comments/1kq98cn/what_has_society_normalised_that_you_just_cant/mt466x9/,pullpush,women_relevant,1,2026-06-20T07:58:08.676662
Would Bear Spray work for a situation like that?,Reddit,AskReddit,subreddit,AskReddit,mt466x8,1kpz8n7,Secret_Opinion7762,0,1747659940.0,0,0,/r/AskReddit/comments/1kpz8n7/serious_whats_the_worst_way_you_know_someone_has/mt466x8/,pullpush,women_relevant,1,2026-06-20T07:58:08.676666
So far so good…,Reddit,AskReddit,subreddit,AskReddit,mt466so,1gxb2aj,berrey7,1,1747659939.0,0,0,/r/AskReddit/comments/1gxb2aj/adults_of_reddit_do_you_actually_make_a_wish_when/mt466so/,pullpush,women_relevant,1,2026-06-20T07:58:08.676669
"Have multiple children with different dads and expect ppl to be happy for them every time they announce their pregnant , it’s not a flex",Reddit,AskReddit,subreddit,AskReddit,mt466o6,1kpwnr8,FickleCase8997,2,1747659938.0,0,0,/r/AskReddit/comments/1kpwnr8/whats_one_thing_that_irks_your_soul_that_people_do/mt466o6/,pullpush,women_relevant,1,2026-06-20T07:58:08.676673
Having real conversations around the dinner table,Reddit,AskReddit,subreddit,AskReddit,mt466lk,1kptz1u,TurbVisible,1,1747659937.0,0,0,/r/AskReddit/comments/1kptz1u/people_over_35_whats_something_you_genuinely_miss/mt466lk/,pullpush,women_relevant,1,2026-06-20T07:58:08.676676
Military,Reddit,AskReddit,subreddit,AskReddit,mt466io,1kq8c2l,SweetSexiestJesus,1,1747659936.0,0,0,/r/AskReddit/comments/1kq8c2l/what_split_your_life_into_before_and_after/mt466io/,pullpush,women_relevant,1,2026-06-20T07:58:08.676680
Seeing a specific person!,Reddit,AskReddit,subreddit,AskReddit,mt466ik,1kpy12n,Sticks_Downey,1,1747659936.0,0,0,/r/AskReddit/comments/1kpy12n/what_would_make_you_happy_right_now/mt466ik/,pullpush,women_relevant,1,2026-06-20T07:58:08.676683
Driving a stick shift car!,Reddit,AskReddit,subreddit,AskReddit,mt466e5,1kptz1u,Josephk_5690,1,1747659935.0,0,0,/r/AskReddit/comments/1kptz1u/people_over_35_whats_something_you_genuinely_miss/mt466e5/,pullpush,women_relevant,1,2026-06-20T07:58:08.676687
Lol what about what I said makes you think I don't have hobbies?  Do you think because I commented about watching porn that means I *only* watch porn?  Like I don't go outside or see friends or family?  I just sit at home and watch porn?,Reddit,AskReddit,subreddit,AskReddit,mt466gj,1kqaujp,NeedsItRough,1,1747659935.0,0,0,/r/AskReddit/comments/1kqaujp/how_do_you_feel_about_video_chatting_while/mt466gj/,pullpush,women_relevant,1,2026-06-20T07:58:08.676691
"Because marriage is not the mandatory ""end goal"", and celebrity relationships are infamously volatile",Reddit,AskReddit,subreddit,AskReddit,mt466c6,1kqb6gg,MiguelIstNeugierig,2,1747659934.0,0,0,/r/AskReddit/comments/1kqb6gg/what_might_be_the_reason_for_ronaldo_not_marrying/mt466c6/,pullpush,women_relevant,1,2026-06-20T07:58:08.676694
"I still get to at work, which is satisfying, but it doesn't have the audible ring when ya slam a digital handset now.",Reddit,AskReddit,subreddit,AskReddit,mt46693,1kptz1u,notarealperson319,1,1747659933.0,0,0,/r/AskReddit/comments/1kptz1u/people_over_35_whats_something_you_genuinely_miss/mt46693/,pullpush,women_relevant,1,2026-06-20T07:58:08.676698
My oldest sister,Reddit,AskReddit,subreddit,AskReddit,mt4668f,1kqagfu,heyyselene,1,1747659933.0,0,0,/r/AskReddit/comments/1kqagfu/who_is_the_most_influential_person_in_your_life/mt4668f/,pullpush,women_relevant,1,2026-06-20T07:58:08.676701
"I knew a guy in prison (casually, not a BFF) who had gotten out, and then 6 months later got arrested again. While waiting in the county jail for what was almost-certain to be a 10+ year new sentence, he paid a trustee (i.e. a jail orderly) to secure him a cup full of Drain-O (or some equivalent thereof), and drank it. Although it burned out his throat, it apparently took him a few days to die.",Reddit,AskReddit,subreddit,AskReddit,mt46695,1kpz8n7,ForQ2,1,1747659933.0,0,0,/r/AskReddit/comments/1kpz8n7/serious_whats_the_worst_way_you_know_someone_has/mt46695/,pullpush,women_relevant,1,2026-06-20T07:58:08.676705
"Technoblade, I still miss him",Reddit,AskReddit,subreddit,AskReddit,mt4664h,1kq2bbn,AnAntWithWifi,1,1747659932.0,0,0,/r/AskReddit/comments/1kq2bbn/what_was_the_first_celebrity_death_you_remember/mt4664h/,pullpush,women_relevant,1,2026-06-20T07:58:08.676708
Praying,Reddit,AskReddit,subreddit,AskReddit,mt46650,1kq79ld,Downtown_Passage4335,1,1747659932.0,0,0,/r/AskReddit/comments/1kq79ld/what_the_best_thing_to_do_right_after_you_wake_up/mt46650/,pullpush,women_relevant,1,2026-06-20T07:58:08.676711
He comes to mind for sure. I see him in a coworker I have and definitely know I made the right choice. He does the same stuff my ex used to do. Super bully,Reddit,AskReddit,subreddit,AskReddit,mt4666a,1kq823w,Traditional_Law_3342,1,1747659932.0,0,0,/r/AskReddit/comments/1kq823w/do_you_ever_think_about_your_ex_and_wonder_if_you/mt4666a/,pullpush,women_relevant,1,2026-06-20T07:58:08.676715
"Curt Cobain. It was years after his death but 7 year old me announced to my parents (while listening to Nirvana) that I was going to marry him when I grew up. My mom laughed and said ""good luck with that one, he's dead!"" Soul crushing.",Reddit,AskReddit,subreddit,AskReddit,mt4663n,1kq2bbn,Fine_Palpitation9128,1,1747659932.0,0,0,/r/AskReddit/comments/1kq2bbn/what_was_the_first_celebrity_death_you_remember/mt4663n/,pullpush,women_relevant,1,2026-06-20T07:58:08.676718
A friend knocking on your door asking your mum if you can come out to play was the best feeling in the world.,Reddit,AskReddit,subreddit,AskReddit,mt465sg,1kptz1u,Sashique,1,1747659929.0,0,0,/r/AskReddit/comments/1kptz1u/people_over_35_whats_something_you_genuinely_miss/mt465sg/,pullpush,women_relevant,1,2026-06-20T07:58:08.676722
When my son had testicular cancer twice. The second was more scary.,Reddit,AskReddit,subreddit,AskReddit,mt465pk,1kqb0jc,circusvetsara,2,1747659928.0,0,0,/r/AskReddit/comments/1kqb0jc/whats_the_scariest_experience_you_have_ever_had/mt465pk/,pullpush,women_relevant,1,2026-06-20T07:58:08.676725
"Hitchhiking. It was fun, met lots of cool people and got to travel a lot. Never had a problem.",Reddit,AskReddit,subreddit,AskReddit,mt465ml,1kptz1u,FlamingWhisk,1,1747659927.0,0,0,/r/AskReddit/comments/1kptz1u/people_over_35_whats_something_you_genuinely_miss/mt465ml/,pullpush,women_relevant,1,2026-06-20T07:58:08.676729
Steve Irwin,Reddit,AskReddit,subreddit,AskReddit,mt465ht,1kq2bbn,Rottenryebread,2,1747659925.0,0,0,/r/AskReddit/comments/1kq2bbn/what_was_the_first_celebrity_death_you_remember/mt465ht/,pullpush,women_relevant,1,2026-06-20T07:58:08.676732
This ! Definitely this ! 💯 this!,Reddit,AskReddit,subreddit,AskReddit,mt465cs,1kq8c2l,Ready-Screen1426,4,1747659924.0,0,0,/r/AskReddit/comments/1kq8c2l/what_split_your_life_into_before_and_after/mt465cs/,pullpush,women_relevant,1,2026-06-20T07:58:08.676736
Robin Williams.,Reddit,AskReddit,subreddit,AskReddit,mt465a6,1kq2bbn,Smeows,2,1747659923.0,0,0,/r/AskReddit/comments/1kq2bbn/what_was_the_first_celebrity_death_you_remember/mt465a6/,pullpush,women_relevant,1,2026-06-20T07:58:08.676739
