channel,message_id,date,text,views,forwards,replies,length
AlJazeeraEnglish,13346,2026-02-25 14:40:29+00:00,"'Phoenix of Gaza': Palestinian filmmaker captures Gaza’s life before Israel's genocide
@aljazeeraenglish",12599.0,17.0,0,104
AlJazeeraEnglish,13337,2026-01-16 16:57:12+00:00,"Remembering 2022: Iran’s Gen Z army and hashtag wars | The Take
@aljazeeraenglish",14561.0,14.0,0,81
AlJazeeraEnglish,13331,2025-11-25 19:15:00+00:00,"Did the UN just outsource Israel’s occupation? | The Take
@aljazeeraenglish",16467.0,8.0,0,75
AlJazeeraEnglish,13328,2025-11-15 08:05:53+00:00,"Jeffrey Epstein files: US House to vote on release of controversial files
@aljazeeraenglish",14754.0,12.0,0,91
AlJazeeraEnglish,13326,2025-11-08 14:28:32+00:00,"Gaza Health Crisis: Medicine Shortages & Hospital Damage
@aljazeeraenglish",13347.0,5.0,0,74
AlJazeeraEnglish,13229,2025-05-31 18:22:27+00:00,"Hamas statement includes three ‘unequivocal’ demands
@aljazeeraenglish",36812.0,30.0,0,70
AlJazeeraEnglish,13205,2025-05-09 18:07:41+00:00,"US air traffic control upgrade: Plan to revamp ageing system after series of mishaps
@aljazeeraenglish",36080.0,15.0,0,102
AlJazeeraEnglish,13204,2025-05-09 18:07:32+00:00,"What might follow from Pope Leo XIV's election? | Inside Story
@aljazeeraenglish",30753.0,4.0,0,80
AlJazeeraEnglish,13203,2025-05-09 18:06:08+00:00,"Russian Victory Day celebrations: No other World War II allies present in Moscow
@aljazeeraenglish",23398.0,5.0,0,98
AlJazeeraEnglish,13202,2025-05-09 18:05:59+00:00,"India-Pakistan Tensions Rise Amid Nuclear Fears
@aljazeeraenglish",19108.0,4.0,0,65
AlJazeeraEnglish,13201,2025-05-09 18:05:47+00:00,"Can India and Pakistan avoid a fourth war over Kashmir? | The Take
@aljazeeraenglish",16689.0,3.0,0,84
AlJazeeraEnglish,13200,2025-05-09 18:05:23+00:00,"A new pope for world's 1.4B Catholics: Americans react to first pontiff from the US
@aljazeeraenglish",17660.0,3.0,0,101
AlJazeeraEnglish,13199,2025-05-09 18:05:17+00:00,"Explosion in Rafah: 2 Israeli Soldiers Killed Amid Intense Clashes with Hamas
@aljazeeraenglish",16917.0,4.0,0,95
AlJazeeraEnglish,13198,2025-05-09 18:04:57+00:00,"Siren Sounds in Israel as Rocket Launched from Yemen
@aljazeeraenglish",11847.0,1.0,0,70
AlJazeeraEnglish,13197,2025-05-09 18:04:50+00:00,"India on High Alert: Drone Strikes, Shelling, and Escalating Tensions with Pakistan
@aljazeeraenglish",10644.0,3.0,0,101
AlJazeeraEnglish,13169,2025-01-22 20:21:12+00:00,"How is Trump likely to shape his policies in next four years? | Inside Story
@aljazeeraenglish",29172.0,21.0,0,94
AlJazeeraEnglish,13168,2025-01-22 17:14:32+00:00,"Israel’s top general resigns over Oct 7 failures | Al Jazeera Newsfeed
@aljazeeraenglish",26830.0,11.0,0,88
AlJazeeraEnglish,13167,2025-01-22 17:14:11+00:00,"Syrians return home after years, reuniting with loved ones but still searching for the missing
@aljazeeraenglish",19487.0,8.0,0,112
AlJazeeraEnglish,13166,2025-01-21 20:36:34+00:00,"Palestinian content creator documents daily life and the harsh realities of Gaza war
@aljazeeraenglish",15249.0,10.0,0,102
AlJazeeraEnglish,13165,2025-01-21 20:36:27+00:00,"How is the world viewing Donald Trump's inaugural address? | Inside Story
@aljazeeraenglish",14510.0,3.0,0,91
AlJazeeraEnglish,13164,2025-01-21 17:28:15+00:00,"Trump policies raise concern over Palestine’s future | Al Jazeera Newsfeed
@aljazeeraenglish",13258.0,4.0,0,92
AlJazeeraEnglish,13163,2025-01-21 17:28:08+00:00,"Aid flowing into Gaza on third day of ceasefire but challenges remain
@aljazeeraenglish",10181.0,3.0,0,87
AlJazeeraEnglish,13162,2025-01-21 17:28:01+00:00,"Inauguration 2025: The Trump world order | The Take
@aljazeeraenglish",9118.0,2.0,0,69
AlJazeeraEnglish,13161,2025-01-21 17:27:40+00:00,"Framing violence: How Israel shaped the narrative and its impact on Dutch politics | The Full Report
@aljazeeraenglish",6468.0,3.0,0,118
AlJazeeraEnglish,13160,2025-01-21 17:27:02+00:00,"At least seven killed and 35 injured in Israeli raid on Jenin in the occupied West Bank
@aljazeeraenglish",6691.0,2.0,0,105
AlJazeeraEnglish,13159,2025-01-21 17:26:47+00:00,"Rediscovering our connection to Earth | The call to Remember | earthrise documentary
@aljazeeraenglish",6304.0,4.0,0,102
AlJazeeraEnglish,13158,2025-01-21 17:25:30+00:00,"Trump says Putin ‘destroying’ Russia as Ukraine war drags on
@aljazeeraenglish",7219.0,0.0,0,78
AlJazeeraEnglish,13157,2025-01-21 17:25:18+00:00,"Trump’s Middle East policies not expected to be ‘coherent’, ‘linear’: Analysis
@aljazeeraenglish",6812.0,4.0,0,96
AlJazeeraEnglish,13156,2025-01-21 17:24:59+00:00,"New settlements in South Sudan emerge as thousands flee war-torn Sudan and receive emergency aid
@aljazeeraenglish",4950.0,1.0,0,114
AlJazeeraEnglish,13153,2025-01-21 01:33:42+00:00,"Irregular crossings at US-Mexico border at four-year low
@aljazeeraenglish",7502.0,2.0,0,74
AlJazeeraEnglish,13152,2025-01-20 19:34:12+00:00,"‘Golden age’: Donald Trump is sworn in as 47th president of the US
@aljazeeraenglish",7691.0,3.0,0,84
AlJazeeraEnglish,13151,2025-01-20 19:32:49+00:00,"The war in Gaza through the lens of a Palestinian influencer
@aljazeeraenglish",4980.0,4.0,0,78
AlJazeeraEnglish,13150,2025-01-20 19:32:38+00:00,"Greenland: Why does the US want it? | Pinch Point
@aljazeeraenglish",3704.0,5.0,0,67
AlJazeeraEnglish,13149,2025-01-20 16:23:43+00:00,"Politician leader Khalida Jarrar freed after months in solitary confinement
@aljazeeraenglish",3630.0,0.0,0,93
AlJazeeraEnglish,13148,2025-01-20 16:23:32+00:00,"Destruction at Kamal Adwan Hospital after months of Israeli fire and raids
@aljazeeraenglish",3859.0,1.0,0,92
AlJazeeraEnglish,13147,2025-01-20 16:23:19+00:00,"Drone footage shows Gaza in ruins after 15 months of war
@aljazeeraenglish",4071.0,5.0,0,74
AlJazeeraEnglish,13146,2025-01-20 16:23:07+00:00,"A look back at key Presidential inaugural speeches in US history
@aljazeeraenglish",3153.0,2.0,0,82
AlJazeeraEnglish,13145,2025-01-20 16:22:40+00:00,"Trump's emphasis on loyalty in cabinet selections as Senate confirmation hearings underway
@aljazeeraenglish",2806.0,0.0,0,108
AlJazeeraEnglish,13144,2025-01-20 13:08:47+00:00,"Southern Gaza’s Rafah left unrecognizable after months of Israeli bombardment
@aljazeeraenglish",2917.0,2.0,0,95
AlJazeeraEnglish,13143,2025-01-20 13:08:40+00:00,"Online dating’s untold dangers | Now You Know
@aljazeeraenglish",3476.0,4.0,0,63
AlJazeeraEnglish,13142,2025-01-20 13:07:39+00:00,"Trump's tariff threats could jeopardise Chinese investments in Africa, impacting local industries
@aljazeeraenglish",3642.0,3.0,0,115
AlJazeeraEnglish,13141,2025-01-20 06:24:07+00:00,"Hamas releases first three Israeli captives as Gaza ceasefire takes hold
@aljazeeraenglish",3152.0,1.0,0,90
AlJazeeraEnglish,13140,2025-01-19 21:00:32+00:00,"The only solution for the future of Gaza is Palestinian ‘national unity’: Mustafa Barghouti
@aljazeeraenglish",2864.0,1.0,0,109
AlJazeeraEnglish,13139,2025-01-19 21:00:19+00:00,"Gaza healthcare crisis: Israeli strikes push system to brink of collapse
@aljazeeraenglish",2886.0,1.0,0,90
AlJazeeraEnglish,13138,2025-01-19 17:54:48+00:00,"What does the resilience of Gaza's people tell the world? | Inside Story
@aljazeeraenglish",3293.0,4.0,0,90
AlJazeeraEnglish,13137,2025-01-19 17:53:46+00:00,"Chaotic scenes as Hamas releases Israeli captives to ICRC in Gaza | AJ#shorts
@aljazeeraenglish",3577.0,0.0,0,95
AlJazeeraEnglish,13136,2025-01-19 17:53:37+00:00,"‘Joy beyond measure’: Celebrations in Gaza as long-awaited ceasefire begins
@aljazeeraenglish",3024.0,5.0,0,93
AlJazeeraEnglish,13135,2025-01-19 17:53:26+00:00,"Injured Palestinians in Gaza desperate to travel abroad for life-saving treatment
@aljazeeraenglish",2254.0,2.0,0,99
AlJazeeraEnglish,13134,2025-01-19 17:53:19+00:00,"I'm a Latino preparing for Trump's mass deportation of migrants | Close Up
@aljazeeraenglish",2197.0,2.0,0,92
AlJazeeraEnglish,13132,2025-01-19 14:05:06+00:00,"Captives in Gaza: Mass protests urged Israeli government to act
@aljazeeraenglish",2172.0,0.0,0,81
AlJazeeraEnglish,13131,2025-01-19 10:41:34+00:00,"Israel-Hamas ceasefire in Gaza takes effect
@aljazeeraenglish",2203.0,2.0,0,61
AlJazeeraEnglish,13130,2025-01-19 10:41:22+00:00,"The stolen childhood in Gaza: The devastating toll of war on young Palestinians
@aljazeeraenglish",2145.0,3.0,0,97
AlJazeeraEnglish,13129,2025-01-19 10:40:42+00:00,"Netanyahu says ceasefire won’t begin until Hamas names captives to be freed: Report
@aljazeeraenglish",2144.0,1.0,0,101
AlJazeeraEnglish,13128,2025-01-19 07:19:59+00:00,"People’s march in DC: Thousands gather in US capital to protest Trump ahead of inauguration day
@aljazeeraenglish",2192.0,1.0,0,113
AlJazeeraEnglish,13127,2025-01-19 00:53:30+00:00,"Russian attack on Kyiv leaves 3 dead, damages metro and water pipeline
@aljazeeraenglish",2187.0,0.0,0,88
AlJazeeraEnglish,13126,2025-01-18 21:58:39+00:00,"Democratic defeat: Party officials begin reset to contest 2028 election
@aljazeeraenglish",2097.0,0.0,0,89
AlJazeeraEnglish,13125,2025-01-18 21:58:29+00:00,"South Korea faces turmoil as impeached president appears in court
@aljazeeraenglish",2021.0,0.0,0,83
AlJazeeraEnglish,13124,2025-01-18 19:02:07+00:00,"Israel will not proceed with Gaza ceasefire until it gets hostage list: Netanyahu
@aljazeeraenglish",1940.0,2.0,0,99
AlJazeeraEnglish,13123,2025-01-18 19:01:48+00:00,"A return to the white house: The republican party reshaped under Trump
@aljazeeraenglish",1766.0,1.0,0,88
AlJazeeraEnglish,13122,2025-01-18 19:01:41+00:00,"As wildfires ravage California, Elon Musk fans the flames of misinformation | The Listening Post
@aljazeeraenglish",1882.0,3.0,0,114
AlJazeeraEnglish,13121,2025-01-18 19:01:06+00:00,"Russia attacks Kyiv: At least three killed in Ukrainian capital
@aljazeeraenglish",1996.0,1.0,0,81
AlJazeeraEnglish,13120,2025-01-18 19:00:57+00:00,"Ceasefire deal: Palestinians hope they can return to northern Gaza
@aljazeeraenglish",1916.0,0.0,0,84
AlJazeeraEnglish,13119,2025-01-18 15:42:25+00:00,"The big questions over the ceasefire in Gaza | The Listening Post
@aljazeeraenglish",1846.0,3.0,0,83
AlJazeeraEnglish,13118,2025-01-18 15:41:27+00:00,"Demand shrinks for leather goods: Tanneries in Indian-administered Kashmir in decline
@aljazeeraenglish",1763.0,3.0,0,103
AlJazeeraEnglish,13117,2025-01-18 15:41:21+00:00,"Is Israel targeting children in Gaza? Fatima Bhutto & Victoria Rose | Reframe
@aljazeeraenglish",1715.0,3.0,0,95
AlJazeeraEnglish,13116,2025-01-18 15:40:51+00:00,"US-Cuba relations: Nations announce surprise deal
@aljazeeraenglish",1702.0,0.0,0,67
AlJazeeraEnglish,13115,2025-01-18 12:10:28+00:00,"Iran-Russia strategic partnership: New treaty deepens economic & defence ties
@aljazeeraenglish",1776.0,1.0,0,95
AlJazeeraEnglish,13114,2025-01-18 12:10:16+00:00,"Colombia suspends rebel peace talks: Surge of ELN violence wrecks policy of ""total peace""
@aljazeeraenglish",1810.0,0.0,0,107
AlJazeeraEnglish,13113,2025-01-18 12:10:07+00:00,"Israel approves ceasefire: Three-phase agreement will take effect on Sunday
@aljazeeraenglish",1727.0,1.0,0,93
AlJazeeraEnglish,13112,2025-01-18 08:18:00+00:00,"South Sudan protest: President calls for calm after anti-Sudanese unrest
@aljazeeraenglish",1630.0,0.0,0,90
AlJazeeraEnglish,13111,2025-01-18 08:17:46+00:00,"Gaza ceasefire deal to come into effect at 6:30 am GMT on Sunday
@aljazeeraenglish",1686.0,1.0,0,82
AlJazeeraEnglish,13110,2025-01-18 01:59:50+00:00,"Threatening Europe with tariffs: Companies unsettled by potential trade war
@aljazeeraenglish",1816.0,2.0,0,93
AlJazeeraEnglish,13109,2025-01-17 23:06:41+00:00,"US-Mexico relationship: Trump has threatened tariffs of 25 percent
@aljazeeraenglish",1807.0,2.0,0,84
AlJazeeraEnglish,13108,2025-01-17 19:46:49+00:00,"Macron in Lebanon: French president offers his support to new leaders
@aljazeeraenglish",1814.0,0.0,0,87
AlJazeeraEnglish,13107,2025-01-17 19:46:42+00:00,"Gabor Maté: Gaza, Zionism, and the ‘exploitation’ of Jewish trauma | The Take
@aljazeeraenglish",1669.0,3.0,0,95
AlJazeeraEnglish,13106,2025-01-17 16:36:11+00:00,"Netanyahu risks losing majority over security cabinet decision: Former Israeli negotiator
@aljazeeraenglish",1681.0,1.0,0,107
AlJazeeraEnglish,13105,2025-01-17 16:35:54+00:00,"Smotrich, Ben-Gvir’s opposition to deal leaves Netanyahu with three options: Ex-Israeli diplomat
@aljazeeraenglish",1711.0,2.0,0,114
AlJazeeraEnglish,13104,2025-01-17 13:26:18+00:00,"Israeli security cabinet to meet: Politicians divided on approval of ceasefire deal
@aljazeeraenglish",2023.0,1.0,0,101
AlJazeeraEnglish,13103,2025-01-17 10:05:16+00:00,"Russia-Iran relations: Allies to sign 20-year strategic partnership
@aljazeeraenglish",1943.0,1.0,0,85
AlJazeeraEnglish,13102,2025-01-17 06:33:55+00:00,"Sudan refugee crisis: 840,000 displaced to neighboring south Sudan
@aljazeeraenglish",1653.0,4.0,0,84
AlJazeeraEnglish,13101,2025-01-17 02:54:55+00:00,"The idea that Trump sealed Gaza ceasefire deal was ‘not correct’: Analysis
@aljazeeraenglish",1601.0,4.0,0,92
AlJazeeraEnglish,13100,2025-01-17 02:54:31+00:00,"Qatar’s PM calls on Israeli forces to withdraw from Syria buffer zone
@aljazeeraenglish",1449.0,3.0,0,87
AlJazeeraEnglish,13099,2025-01-17 02:54:24+00:00,"Israeli government has ‘no incentive’ to see ceasefire deal through: Marwan Bishara
@aljazeeraenglish",1390.0,0.0,0,101
AlJazeeraEnglish,13098,2025-01-16 23:51:24+00:00,"Israeli military could not break the Palestinian people: Mustafa Barghouti
@aljazeeraenglish",1366.0,1.0,0,92
AlJazeeraEnglish,13097,2025-01-16 23:51:00+00:00,"The future of kamala Harris: Paths forward for outgoing US vice-president
@aljazeeraenglish",1296.0,2.0,0,91
AlJazeeraEnglish,13096,2025-01-16 20:55:48+00:00,"Can the ceasefire agreement lead to lasting peace in Gaza? | Inside Story
@aljazeeraenglish",1292.0,0.0,0,91
AlJazeeraEnglish,13095,2025-01-16 20:54:44+00:00,"South Africa accused of ‘horrific’ crackdown as 78 bodies pulled from mine
@aljazeeraenglish",1488.0,1.0,0,92
AlJazeeraEnglish,13094,2025-01-16 20:54:36+00:00,"What does the Gaza ceasefire mean?  | The Take
@aljazeeraenglish",1337.0,0.0,0,64
AlJazeeraEnglish,13093,2025-01-16 20:53:39+00:00,"Deciphering Trump: How much is talk, how much is real? | The Bottom Line
@aljazeeraenglish",1266.0,1.0,0,90
AlJazeeraEnglish,13092,2025-01-16 16:28:18+00:00,"Rising chilli prices in Indonesia impact restaurants and farmers
@aljazeeraenglish",1256.0,1.0,0,82
AlJazeeraEnglish,13091,2025-01-16 16:28:09+00:00,"What would be the global impact of Trump’s economic policies? | Counting the Cost
@aljazeeraenglish",1186.0,2.0,0,99
AlJazeeraEnglish,13090,2025-01-16 16:27:08+00:00,"Egyptian ex-diplomat highlights outside ‘pressure’ to get Gaza deal
@aljazeeraenglish",1075.0,2.0,0,85
AlJazeeraEnglish,13089,2025-01-16 16:26:51+00:00,"Palestinian journalist Bisan Owda documents the destruction in Gaza
@aljazeeraenglish",1042.0,3.0,0,85
AlJazeeraEnglish,13088,2025-01-16 16:26:36+00:00,"This how the Gaza ceasefire announcement unfolded in Gaza and Israel | Al Jazeera Newsfeed
@aljazeeraenglish",1076.0,1.0,0,108
AlJazeeraEnglish,13087,2025-01-16 16:26:28+00:00,"Gaza aid surge will be challenging, ex-UN official says
@aljazeeraenglish",1003.0,0.0,0,73
AlJazeeraEnglish,13086,2025-01-16 12:46:13+00:00,"Israeli military intensifies attacks across Gaza since ceasefire announcement
@aljazeeraenglish",1238.0,4.0,0,95
AlJazeeraEnglish,13085,2025-01-16 12:46:02+00:00,"Netanyahu accuses Hamas of reneging on parts of ceasefire deal
@aljazeeraenglish",1149.0,2.0,0,80
AlJazeeraEnglish,13084,2025-01-16 12:45:51+00:00,"Why are California inmates deployed to help fight LA wildfires?
@aljazeeraenglish",1115.0,1.0,0,81
AlJazeeraEnglish,13083,2025-01-16 12:45:41+00:00,"Biden's final address: Outgoing US president makes last Oval Office speech
@aljazeeraenglish",1059.0,0.0,0,92
AlJazeeraEnglish,13082,2025-01-16 08:56:59+00:00,"‘Staying alive was luck’: Joy, despair in Gaza over Israel-Hamas ceasefire
@aljazeeraenglish",1156.0,1.0,0,92
AlJazeeraEnglish,13081,2025-01-16 08:56:53+00:00,"‘Comic’ behaviour of Biden, Trump both claiming Gaza ceasefire achievement: Analysis
@aljazeeraenglish",1148.0,0.0,0,102
AlJazeeraEnglish,13080,2025-01-16 05:44:36+00:00,"Returning home: Germany considers allowing Syrians to visit Syria
@aljazeeraenglish",1195.0,0.0,0,83
AlJazeeraEnglish,13079,2025-01-16 05:44:27+00:00,"Trump cabinet appointments: Confirmation hearings continue
@aljazeeraenglish",1095.0,0.0,0,76
AlJazeeraEnglish,13078,2025-01-16 05:44:13+00:00,"Syria-Turkiye relations: Foreign ministers meet to discuss a path forward
@aljazeeraenglish",1084.0,0.0,0,91
AlJazeeraEnglish,13077,2025-01-16 05:44:06+00:00,"Israeli captives await release: Fate of captives in Gaza drove massive protests
@aljazeeraenglish",1015.0,0.0,0,97
AlJazeeraEnglish,13076,2025-01-16 05:43:56+00:00,"Palestinians count losses of war: Displaced hold onto ruins and memories family
@aljazeeraenglish",1042.0,1.0,0,97
AlJazeeraEnglish,13075,2025-01-16 02:24:56+00:00,"The world's response to Gaza: Diplomacy and its failures under scrutiny
@aljazeeraenglish",1116.0,0.0,0,89
AlJazeeraEnglish,13074,2025-01-16 02:24:48+00:00,"Gaza ceasefire deal is a moment of relief for Palestinians: Mustafa Barghouti
@aljazeeraenglish",1083.0,0.0,0,95
AlJazeeraEnglish,13073,2025-01-15 23:14:33+00:00,"Palestinians will not forget Israeli atrocities: Hamas official
@aljazeeraenglish",1121.0,0.0,0,81
AlJazeeraEnglish,13072,2025-01-15 23:14:27+00:00,"Israel's war on Gaza: Palestinians endure 15 months of bloodshed
@aljazeeraenglish",1022.0,0.0,0,82
AlJazeeraEnglish,13071,2025-01-15 23:14:14+00:00,"Gaza deal ‘right move’ to bring captives back: Israel president
@aljazeeraenglish",1100.0,0.0,0,81
AlJazeeraEnglish,13070,2025-01-15 23:14:06+00:00,"Israel and Hamas agreed to timeline of Gaza deal: Qatar FM spokesman
@aljazeeraenglish",1015.0,0.0,0,86
AlJazeeraEnglish,13069,2025-01-15 23:13:53+00:00,"US, Israeli pressure on Hamas led to Gaza ceasefire: Biden
@aljazeeraenglish",934.0,0.0,0,76
AlJazeeraEnglish,13068,2025-01-15 20:03:18+00:00,"Israel and Hamas have agreed on a ceasefire deal to halt war: Qatari PM
@aljazeeraenglish",1043.0,2.0,0,89
AlJazeeraEnglish,13067,2025-01-15 20:02:45+00:00,"Celebrations taking place right across Gaza to welcome news of the ceasefire deal
@aljazeeraenglish",1012.0,2.0,0,99
AlJazeeraEnglish,13066,2025-01-15 20:02:25+00:00,"Netanyahu, a 'war criminal', cannot be trusted with a ceasefire: Marwan Bishara
@aljazeeraenglish",1030.0,1.0,0,97
AlJazeeraEnglish,13065,2025-01-15 20:02:12+00:00,"No letup in Israeli attacks on Gaza despite ceasefire deal progress
@aljazeeraenglish",982.0,0.0,0,85
AlJazeeraEnglish,13064,2025-01-15 20:02:04+00:00,"Russia, Iran to sign 20-year strategic partnership agreement | Inside Story
@aljazeeraenglish",1041.0,0.0,0,93
AlJazeeraEnglish,13063,2025-01-15 20:00:43+00:00,"What is fueling South Korea’s political drama?  | The Take
@aljazeeraenglish",1022.0,0.0,0,76
AlJazeeraEnglish,13062,2025-01-15 19:59:57+00:00,"Former UN aid chief says humanitarian deliveries weak point in proposed Gaza ceasefire
@aljazeeraenglish",1023.0,2.0,0,104
AlJazeeraEnglish,13061,2025-01-15 16:04:44+00:00,"Netanyahu could face domestic backlash if ceasefire leaves Hamas in power: Analysis
@aljazeeraenglish",1175.0,4.0,0,101
AlJazeeraEnglish,13060,2025-01-15 16:04:25+00:00,"Marco Rubio, Trump's pick for top diplomat, faces senate confirmation hearing
@aljazeeraenglish",1089.0,1.0,0,95
AlJazeeraEnglish,13058,2025-01-15 12:11:50+00:00,"UK obesity: Researchers urge overhaul of obesity diagnosis
@aljazeeraenglish",1077.0,0.0,0,76
AlJazeeraEnglish,13057,2025-01-15 12:11:41+00:00,"Russians in Kursk region ‘shaken’ as Ukraine launches new offensive
@aljazeeraenglish",1036.0,1.0,0,85
AlJazeeraEnglish,13056,2025-01-15 12:11:34+00:00,"South Korea president arrest: Police say Yoon is refusing to answer questions
@aljazeeraenglish",1083.0,0.0,0,95
AlJazeeraEnglish,13055,2025-01-15 12:11:27+00:00,"Mustafa Barghouti: Jenin drone strikes violate international law, aim at ethnic cleansing
@aljazeeraenglish",1041.0,0.0,0,107
AlJazeeraEnglish,13054,2025-01-15 12:11:10+00:00,"Turkiye boosts influence in Syria post-Assad, reopening embassy, pledging support and urging unity
@aljazeeraenglish",1001.0,0.0,0,116
AlJazeeraEnglish,13053,2025-01-15 08:13:52+00:00,"Los Angeles wildfires displace thousands, spark housing crisis amid emotional and community loss
@aljazeeraenglish",1077.0,0.0,0,114
AlJazeeraEnglish,13052,2025-01-15 04:48:57+00:00,"US confirmation hearing: Trump pick for defense secretary under scrutiny
@aljazeeraenglish",1090.0,0.0,0,90
AlJazeeraEnglish,13051,2025-01-15 04:48:44+00:00,"South Africa trapped miners: At least 36 dead bodies recovered in Stilfontein
@aljazeeraenglish",1061.0,1.0,0,95
AlJazeeraEnglish,13050,2025-01-15 04:48:36+00:00,"South Korea’s President Yoon arrested after ill-fated martial law attempt
@aljazeeraenglish",1035.0,0.0,0,91
AlJazeeraEnglish,13049,2025-01-15 04:48:22+00:00,"Ukraine missile strikes on Moscow: Kyiv's actions will 'not go unanswered'
@aljazeeraenglish",1004.0,0.0,0,92
AlJazeeraEnglish,13048,2025-01-15 01:44:33+00:00,"NATO launches new Baltic Sea mission to protect undersea cables
@aljazeeraenglish",972.0,0.0,0,81
AlJazeeraEnglish,13047,2025-01-15 01:44:27+00:00,"The world is tired of Israeli genocide and its crimes from Jenin to Jabalia : Marwan Bishara
@aljazeeraenglish",943.0,3.0,0,110
AlJazeeraEnglish,13046,2025-01-14 22:36:04+00:00,"The US has announced the lifting of the designation of Cuba as a state sponsor of terror
@aljazeeraenglish",993.0,0.0,0,106
AlJazeeraEnglish,13045,2025-01-14 22:35:54+00:00,"South Korea standoff: Authorities launch second attempt to arrest president
@aljazeeraenglish",989.0,1.0,0,93
AlJazeeraEnglish,13044,2025-01-14 22:35:43+00:00,"Israeli military says it attacked a target in Jenin
@aljazeeraenglish",970.0,0.0,0,69
AlJazeeraEnglish,13043,2025-01-14 22:35:33+00:00,"Mozambique post-election tension: Opposition continues to reject results
@aljazeeraenglish",894.0,0.0,0,90
AlJazeeraEnglish,13042,2025-01-14 19:47:18+00:00,"Israel maintains furious rate of attacks on Gaza amid hopes for ceasefire
@aljazeeraenglish",996.0,1.0,0,91
AlJazeeraEnglish,13041,2025-01-14 19:47:10+00:00,"Protester disrupts Blinken’s speech, accusing him of war crimes
@aljazeeraenglish",952.0,1.0,0,81
AlJazeeraEnglish,13040,2025-01-14 19:47:01+00:00,"Is a Gaza ceasefire deal possible this time? | Inside Story
@aljazeeraenglish",819.0,1.0,0,77
AlJazeeraEnglish,13039,2025-01-14 19:45:57+00:00,"Germany considers one-time trips for Syrian refugees without losing immigration status
@aljazeeraenglish",753.0,0.0,0,104
AlJazeeraEnglish,13038,2025-01-14 19:45:38+00:00,"Russia vows retaliation after Ukraine's largest missile strikes target military sites
@aljazeeraenglish",807.0,0.0,0,103
AlJazeeraEnglish,13037,2025-01-14 19:45:29+00:00,"Trump’s coming back and US media has a lot to look forward to | The Listening Post
@aljazeeraenglish",842.0,0.0,0,100
AlJazeeraEnglish,13036,2025-01-14 19:45:16+00:00,"What's next for Lebanon? | The Take
@aljazeeraenglish",823.0,0.0,0,53
AlJazeeraEnglish,13035,2025-01-14 19:44:09+00:00,"Biden will be remembered for genocide in Gaza | #AJOPINION
@aljazeeraenglish",987.0,3.0,0,76
AlJazeeraEnglish,13034,2025-01-14 19:44:02+00:00,"Israeli historian says Zionism entering its ‘last phase’ | Al Jazeera Newsfeed
@aljazeeraenglish",960.0,4.0,0,96
AlJazeeraEnglish,13033,2025-01-14 15:53:27+00:00,"Pete Hegseth, Trump’s Pentagon pick, faces Senate confirmation hearing
@aljazeeraenglish",925.0,0.0,0,88
AlJazeeraEnglish,13032,2025-01-14 15:53:20+00:00,"How the Ashaninka are healing the rainforest | Message from the Amazon | earthrise Documentary
@aljazeeraenglish",990.0,6.0,0,112
AlJazeeraEnglish,13031,2025-01-14 15:51:07+00:00,"Fire crews race to contain Los Angeles wildfires as death toll rises to 24
@aljazeeraenglish",1010.0,0.0,0,92
AlJazeeraEnglish,13030,2025-01-14 15:50:58+00:00,"Netanyahu to turn to centrists if Ben-Gvir, Smotrich quit over ceasefire deal: Ex-Israeli official
@aljazeeraenglish",967.0,2.0,0,116
AlJazeeraEnglish,13029,2025-01-14 12:03:14+00:00,"Mali tax dispute: Military govt seizes gold from Canadian mining giant
@aljazeeraenglish",931.0,1.0,0,88
AlJazeeraEnglish,13028,2025-01-14 12:03:04+00:00,"Residents of Syria's Darayya return to rebuild despite high costs and challenges
@aljazeeraenglish",913.0,1.0,0,98
AlJazeeraEnglish,13027,2025-01-14 12:02:49+00:00,"Meet the 'Heat Hawks': Locals supporting firefighters and evacuees amid California wildfires
@aljazeeraenglish",939.0,0.0,0,110
AlJazeeraEnglish,13026,2025-01-14 12:02:35+00:00,"Operation under way to rescue trapped miners from South African gold mine
@aljazeeraenglish",879.0,2.0,0,91
AlJazeeraEnglish,13025,2025-01-14 12:02:27+00:00,"Dina Boluarte’s plastic surgery controversy: Peru's president accused of abandoning her post
@aljazeeraenglish",867.0,0.0,0,110
AlJazeeraEnglish,13024,2025-01-14 07:50:14+00:00,"Mozambique opens new parliament amid opposition protests and boycotts
@aljazeeraenglish",955.0,0.0,0,87
AlJazeeraEnglish,13023,2025-01-14 07:50:03+00:00,"Palestinians under Israeli siege in north Gaza going days without clean water
@aljazeeraenglish",1065.0,1.0,0,95
AlJazeeraEnglish,13022,2025-01-14 07:49:51+00:00,"Lebanon’s president names ICJ judge Nawaf Salam as PM-designate
@aljazeeraenglish",1155.0,0.0,0,81
AlJazeeraEnglish,13021,2025-01-14 04:31:27+00:00,"Biden delivers final foreign policy speech as Gaza ceasefire talks continue
@aljazeeraenglish",1138.0,0.0,0,93
AlJazeeraEnglish,13020,2025-01-13 22:00:42+00:00,"Gaza ceasefire deal to be divided in three stages: Israeli media
@aljazeeraenglish",1096.0,3.0,0,82
AlJazeeraEnglish,13019,2025-01-13 22:00:29+00:00,"‘We are close to a deal’, US says as Gaza ceasefire negotiations continue
@aljazeeraenglish",1052.0,2.0,0,91
AlJazeeraEnglish,13018,2025-01-13 18:38:19+00:00,"European defence ministers meet in Poland to discuss Ukraine military aid
@aljazeeraenglish",1111.0,0.0,0,91
AlJazeeraEnglish,13017,2025-01-13 18:38:10+00:00,"Denmark willing to discuss the future of Greenland with Incoming Trump administration
@aljazeeraenglish",1106.0,4.0,0,103
AlJazeeraEnglish,13016,2025-01-13 18:38:02+00:00,"The push to lift Assad-era sanctions on Syria gains momentum | Inside Story
@aljazeeraenglish",948.0,0.0,0,93
AlJazeeraEnglish,13015,2025-01-13 18:36:21+00:00,"Israeli opposition leader Yair Lapid discusses potential Gaza ceasefire deal at the Knesset
@aljazeeraenglish",854.0,1.0,0,109
AlJazeeraEnglish,13014,2025-01-13 18:36:07+00:00,"What’s behind Big Tech’s embrace of Trump’s return? | The Take
@aljazeeraenglish",822.0,1.0,0,80
AlJazeeraEnglish,13013,2025-01-13 18:35:40+00:00,"At least two Palestinians killed in Israeli drone attack in Gaza City
@aljazeeraenglish",947.0,1.0,0,87
AlJazeeraEnglish,13012,2025-01-13 18:35:33+00:00,"Why is thyroid cancer more common in women? | Now You Know
@aljazeeraenglish",1045.0,1.0,0,76
AlJazeeraEnglish,13011,2025-01-13 18:34:31+00:00,"Israel's war on Gaza targets healthcare, spares no one on the front line: Analysis
@aljazeeraenglish",1070.0,2.0,0,100
AlJazeeraEnglish,13010,2025-01-13 14:07:58+00:00,"Second round of Iran nuclear talks begins in Geneva
@aljazeeraenglish",1157.0,1.0,0,69
AlJazeeraEnglish,13009,2025-01-13 10:34:15+00:00,"Philippine religious group rallies in Manila to oppose impeachment of VP Sara Duterte
@aljazeeraenglish",1158.0,1.0,0,103
AlJazeeraEnglish,13008,2025-01-13 07:03:33+00:00,"California wildfires: Community rallies as winds spark new blaze fears
@aljazeeraenglish",1151.0,0.0,0,88
AlJazeeraEnglish,13007,2025-01-13 07:03:11+00:00,"Army gains ground against M23 rebels in Eastern DRC, retakes Ngungu amid intensified fighting
@aljazeeraenglish",1125.0,1.0,0,111
AlJazeeraEnglish,13006,2025-01-13 07:02:59+00:00,"EU agrees to tackle Syria sanctions as Western, Arab leaders meet in Riyadh
@aljazeeraenglish",1084.0,0.0,0,93
AlJazeeraEnglish,13005,2025-01-13 07:02:52+00:00,"Israeli siege of north Gaza leaves 5,000 dead, missing after 100 days
@aljazeeraenglish",1038.0,1.0,0,87
AlJazeeraEnglish,13004,2025-01-12 21:29:38+00:00,"Artificial Intelligence accused of powering misinformation on social media
@aljazeeraenglish",1083.0,3.0,0,92
AlJazeeraEnglish,13003,2025-01-12 21:29:29+00:00,"US President Biden and Israeli PM Netanyahu discuss ceasefire talks
@aljazeeraenglish",1056.0,0.0,0,85
AlJazeeraEnglish,13002,2025-01-12 21:29:17+00:00,"Sudan army says its forces enter Wad Madani in push to retake city from RSF
@aljazeeraenglish",1057.0,1.0,0,93
AlJazeeraEnglish,13001,2025-01-12 21:29:06+00:00,"Doctors in Gaza continue saving lives despite personal losses and relentless bombing
@aljazeeraenglish",976.0,2.0,0,102
AlJazeeraEnglish,13000,2025-01-12 18:12:03+00:00,"Could Israel be planning a Gaza ‘ceasefire’ for optics only? | The Bottom Line
@aljazeeraenglish",990.0,2.0,0,96
AlJazeeraEnglish,12999,2025-01-12 18:10:22+00:00,"Dramatic rise of Germany's far-right AfD party raising concerns | Inside Story
@aljazeeraenglish",1000.0,0.0,0,96
AlJazeeraEnglish,12998,2025-01-12 18:08:18+00:00,"Trump envoy presses Netanyahu for Gaza ceasefire deal before January 20
@aljazeeraenglish",975.0,1.0,0,89
AlJazeeraEnglish,12997,2025-01-12 18:08:07+00:00,"California's insurance crisis deepens amid growing wildfire threats
@aljazeeraenglish",877.0,0.0,0,85
AlJazeeraEnglish,12996,2025-01-12 18:07:58+00:00,"EU and Arab leaders discuss Syria sanctions relief at Riyadh summit
@aljazeeraenglish",882.0,0.0,0,85
AlJazeeraEnglish,12995,2025-01-12 18:07:42+00:00,"Mental health crisis amongst Gaza children ‘unparalleled and unprecedented’: Analysis
@aljazeeraenglish",927.0,1.0,0,103
AlJazeeraEnglish,12994,2025-01-12 18:07:17+00:00,"Intense fighting in Kursk region as Russia repels Ukraine's counter-offensive
@aljazeeraenglish",969.0,0.0,0,95
AlJazeeraEnglish,12993,2025-01-12 13:54:26+00:00,"Faig Ahmed's rugs: weaving tradition and Surrealism in art | Talk to Al Jazeera
@aljazeeraenglish",1038.0,2.0,0,97
AlJazeeraEnglish,12992,2025-01-12 13:49:16+00:00,"At least eight killed in Israeli attack on school-turned-shelter in Jabalia
@aljazeeraenglish",1003.0,1.0,0,93
AlJazeeraEnglish,12991,2025-01-12 13:49:08+00:00,"Mozambique post-election: Businesses struggle to recover from damage
@aljazeeraenglish",987.0,1.0,0,86
AlJazeeraEnglish,12990,2025-01-12 13:48:49+00:00,"Funeral held for three Palestinians killed in drone attack as Israeli attacks on central Gaza
@aljazeeraenglish",972.0,3.0,0,111
AlJazeeraEnglish,12989,2025-01-12 09:48:03+00:00,"2025 Detroit Auto Show highlights EV boom, but challenges loom for electric vehicles' future
@aljazeeraenglish",1091.0,1.0,0,110
AlJazeeraEnglish,12988,2025-01-12 09:47:56+00:00,"Do boycotts against Israel work? Fatima Bhutto & Omar Barghouti | Reframe
@aljazeeraenglish",1092.0,3.0,0,91
AlJazeeraEnglish,12987,2025-01-12 09:46:54+00:00,"100 days in office: Mexico's first female president marks milestone
@aljazeeraenglish",1023.0,1.0,0,85
AlJazeeraEnglish,12986,2025-01-12 06:37:58+00:00,"Kenya abductions: Dozens missing since protests started in June 2024
@aljazeeraenglish",999.0,2.0,0,86
AlJazeeraEnglish,12985,2025-01-12 06:37:51+00:00,"The Khalistan Assassinations
@aljazeeraenglish",964.0,0.0,0,46
AlJazeeraEnglish,12984,2025-01-12 06:37:15+00:00,"Firefighters race to contain LA wildfires as winds expected to pick up
@aljazeeraenglish",943.0,0.0,0,88
AlJazeeraEnglish,12983,2025-01-12 06:37:05+00:00,"Immigration dominates German election as SPD struggles; CDU and AfD present diverging policies
@aljazeeraenglish",955.0,0.0,0,112
AlJazeeraEnglish,12982,2025-01-12 00:21:58+00:00,"AI revolutionizes media: Experts highlight opportunities and challenges at Doha conference
@aljazeeraenglish",1042.0,0.0,0,108
AlJazeeraEnglish,12981,2025-01-12 00:21:51+00:00,"Syria-Lebanon relations: Lebanese prime minister's visit marks new phase
@aljazeeraenglish",1000.0,0.0,0,90
AlJazeeraEnglish,12980,2025-01-11 21:28:50+00:00,"Palestine's Oscar submission: ‘From Ground Zero’ shortlisted for best intl feature
@aljazeeraenglish",1100.0,2.0,0,100
AlJazeeraEnglish,12979,2025-01-11 21:28:43+00:00,"Kharkiv Region Evacuations: Russian Attacks Pile Pressure on Ukraine's Defenses
@aljazeeraenglish",1047.0,0.0,0,97
AlJazeeraEnglish,12978,2025-01-11 21:28:36+00:00,"Israeli strike targets Jabalia: Children killed in attack on school-turned-shelter
@aljazeeraenglish",1079.0,2.0,0,100
AlJazeeraEnglish,12977,2025-01-11 17:44:03+00:00,"What's next for Yemen as Israel attacks again? | Inside Story
@aljazeeraenglish",1177.0,1.0,0,79
AlJazeeraEnglish,12976,2025-01-11 17:42:37+00:00,"Pakistan education emergency: Young students torn between school and work
@aljazeeraenglish",1024.0,0.0,0,91
AlJazeeraEnglish,12975,2025-01-11 17:42:30+00:00,"Two-state solution would remove need for UNRWA: Analysis
@aljazeeraenglish",1014.0,1.0,0,74
AlJazeeraEnglish,12974,2025-01-11 13:58:54+00:00,"‘Stop posting your war crimes on social media’ - Israeli army orders soldiers | The Listening Post
@aljazeeraenglish",1100.0,1.0,0,116
AlJazeeraEnglish,12973,2025-01-11 13:57:39+00:00,"Brief weather respite: Firefighters make headway in battle to contain blazes
@aljazeeraenglish",1033.0,1.0,0,94
AlJazeeraEnglish,12972,2025-01-11 13:57:29+00:00,"Hunger in Gaza: UN warns Israel is keeping food from civilians
@aljazeeraenglish",925.0,2.0,0,80
AlJazeeraEnglish,12971,2025-01-11 13:57:16+00:00,"Brazil economy: Race to lower inflation ahead of 2026 elections
@aljazeeraenglish",924.0,0.0,0,81
AlJazeeraEnglish,12970,2025-01-11 13:57:01+00:00,"Colourful demonstrations in Seoul: Protesters take their cues from K-pop stars
@aljazeeraenglish",991.0,0.0,0,96
AlJazeeraEnglish,12969,2025-01-11 13:56:48+00:00,"Trump sentencing hearing: President-elect given no fines or jail time
@aljazeeraenglish",1000.0,2.0,0,87
AlJazeeraEnglish,12968,2025-01-11 10:34:16+00:00,"Detroit auto show: Exhibition focuses on new technology in cars
@aljazeeraenglish",1026.0,2.0,0,81
AlJazeeraEnglish,12967,2025-01-11 10:34:07+00:00,"Venezuela presidential inauguration: Nicolas Maduro sworn in for disputed third term
@aljazeeraenglish",963.0,0.0,0,102
AlJazeeraEnglish,12966,2025-01-11 10:33:56+00:00,"Syria's political transition: Italy FM calls for sanctions to be lifted
@aljazeeraenglish",1021.0,0.0,0,89
AlJazeeraEnglish,12965,2025-01-11 06:46:49+00:00,"Yemen strikes: Israel targets Houthi infrastructure
@aljazeeraenglish",1095.0,1.0,0,69
AlJazeeraEnglish,12964,2025-01-11 06:46:41+00:00,"Sudan violence: Tens of thousands are fleeing to Al-Damazin
@aljazeeraenglish",1034.0,1.0,0,77
AlJazeeraEnglish,12963,2025-01-11 00:18:27+00:00,"Venezuela's opposition anger: Leaders accuse president Maduro of fraud
@aljazeeraenglish",1239.0,1.0,0,88
AlJazeeraEnglish,12962,2025-01-10 21:18:18+00:00,"France and Italy are two faces of European hypocrisy in Syria: Marwan Bishara
@aljazeeraenglish",1220.0,2.0,0,95
AlJazeeraEnglish,12961,2025-01-10 21:18:05+00:00,"Yemen strikes: Israel, US and UK attack Houthi targets
@aljazeeraenglish",1035.0,1.0,0,72
AlJazeeraEnglish,12960,2025-01-10 17:50:30+00:00,"Can a new president change Lebanon's fortunes? | Inside Story
@aljazeeraenglish",1020.0,0.0,0,79
AlJazeeraEnglish,12959,2025-01-10 17:49:23+00:00,"Why is Los Angeles on fire? | The Take
@aljazeeraenglish",966.0,2.0,0,56
AlJazeeraEnglish,12958,2025-01-10 17:48:47+00:00,"Moldova energy crisis: Thousands without heating as Russia cuts gas supplies
@aljazeeraenglish",1075.0,1.0,0,94
AlJazeeraEnglish,12957,2025-01-10 17:48:30+00:00,"Trump sentenced in New York hush-money case days before taking office
@aljazeeraenglish",1001.0,0.0,0,87
AlJazeeraEnglish,12956,2025-01-10 17:48:22+00:00,"Occupied West Bank arson: Israeli settlers attack Palestinian homes
@aljazeeraenglish",850.0,1.0,0,85
AlJazeeraEnglish,12955,2025-01-10 17:48:09+00:00,"Vanishing Voices: The Fight for Cultural Preservation | The Stream
@aljazeeraenglish",774.0,0.0,0,84
AlJazeeraEnglish,12954,2025-01-10 17:47:25+00:00,"Kashmir's water gondolas: Introduction of Ride-hailing Shikaras cause a stir
@aljazeeraenglish",739.0,0.0,0,94
AlJazeeraEnglish,12953,2025-01-10 17:47:13+00:00,"China economy: Trump weighs on Chinese economic sentiment
@aljazeeraenglish",740.0,0.0,0,75
AlJazeeraEnglish,12952,2025-01-10 17:47:06+00:00,"Syria's transition: Former security forces register for reintegration
@aljazeeraenglish",805.0,0.0,0,87
AlJazeeraEnglish,12951,2025-01-10 17:46:59+00:00,"Italy's foreign minister visits Syria to support post-Assad transition
@aljazeeraenglish",838.0,0.0,0,88
AlJazeeraEnglish,12950,2025-01-10 17:46:22+00:00,"13 Years of Attacks in Northwestern Nigeria: Abdullahi Tsamaye’s Story
@aljazeeraenglish",793.0,1.0,0,88
AlJazeeraEnglish,12949,2025-01-10 17:46:13+00:00,"Los Angeles wildfires: California National Guard to assist fire crews
@aljazeeraenglish",833.0,1.0,0,87
AlJazeeraEnglish,12948,2025-01-10 17:46:05+00:00,"Venezuela election dispute: Prominent opposition politician released after arrest
@aljazeeraenglish",982.0,0.0,0,99
AlJazeeraEnglish,12947,2025-01-10 17:45:50+00:00,"Challenges of disarming Hezbollah and ensuring stability in Lebanon: Analysis
@aljazeeraenglish",1107.0,1.0,0,95
AlJazeeraEnglish,12946,2025-01-10 17:45:36+00:00,"Jimmy Carter honoured with state funeral in Washington, DC
@aljazeeraenglish",1099.0,1.0,0,76
AlJazeeraEnglish,12944,2025-01-09 17:35:32+00:00,"Myanmar military deploys drones to counter rebels, using greater firepower and larger scale
@aljazeeraenglish",1299.0,0.0,0,109
AlJazeeraEnglish,12943,2025-01-09 17:35:25+00:00,"What is Jimmy Carter’s global legacy? | The Take
@aljazeeraenglish",1155.0,2.0,0,66
AlJazeeraEnglish,12942,2025-01-09 17:34:58+00:00,"Creating warm clothes for Gaza’s displaced children | Al Jazeera Newsfeed
@aljazeeraenglish",1126.0,3.0,0,91
AlJazeeraEnglish,12941,2025-01-09 17:34:51+00:00,"Can Syria's new leaders rebuild the nation? | Counting the Cost
@aljazeeraenglish",866.0,1.0,0,81
AlJazeeraEnglish,12940,2025-01-09 17:33:11+00:00,"Lebanon: Parliament elects army chief Joseph Aoun as president, ending a 2-year deadlock
@aljazeeraenglish",913.0,0.0,0,106
AlJazeeraEnglish,12939,2025-01-09 17:32:33+00:00,"‘President’ Elon Musk – what to make of the billionaire’s new political power? | Start Here
@aljazeeraenglish",928.0,2.0,0,109
AlJazeeraEnglish,12938,2025-01-09 17:32:00+00:00,"Syria's National Museum reopens: Visitors return to nation's oldest & largest museum
@aljazeeraenglish",923.0,0.0,0,102
AlJazeeraEnglish,12937,2025-01-09 10:08:08+00:00,"Soft Skin | DigiDocs
@aljazeeraenglish",1035.0,1.0,0,38
AlJazeeraEnglish,12936,2025-01-09 10:07:39+00:00,"Russia faces economic turmoil as war spending drives food prices up
@aljazeeraenglish",945.0,0.0,0,85
AlJazeeraEnglish,12935,2025-01-09 10:07:31+00:00,"International leaders engages with new govt to discuss sanctions and future of Syria
@aljazeeraenglish",990.0,0.0,0,102
AlJazeeraEnglish,12934,2025-01-09 10:07:24+00:00,"MSF sounds alarm over lack of fuel, saying patients in Gaza hospitals are ‘at risk’
@aljazeeraenglish",938.0,2.0,0,101
AlJazeeraEnglish,12933,2025-01-09 06:05:14+00:00,"Mozambique's opposition leader Mondlane expected to return from exile
@aljazeeraenglish",1112.0,0.0,0,87
AlJazeeraEnglish,12932,2025-01-09 06:05:06+00:00,"Five dead and thousands displaced as wildfires threaten Los Angeles area
@aljazeeraenglish",1295.0,3.0,0,90
AlJazeeraEnglish,12931,2025-01-09 06:04:58+00:00,"Syrians are marking one month since the regime of Bashar Al Assad was overthrown by opposition
@aljazeeraenglish",932.0,0.0,0,112
AlJazeeraEnglish,12930,2025-01-09 02:39:39+00:00,"Russian strike on Zaporizhzhia: At least 13 people killed and dozens injured
@aljazeeraenglish",981.0,0.0,0,94
AlJazeeraEnglish,12929,2025-01-09 02:39:32+00:00,"At least two people have been killed as three major: Wildfires sweep through suburbs of Los Angeles
@aljazeeraenglish",1090.0,2.0,0,117
AlJazeeraEnglish,12928,2025-01-09 02:39:23+00:00,"Gaza fuel shortage : Health ministry warns lives are at risk
@aljazeeraenglish",932.0,2.0,0,78
AlJazeeraEnglish,12927,2025-01-09 02:39:16+00:00,"Venezuela’s president to enter third term: Protests as opposition disputes the winner
@aljazeeraenglish",864.0,0.0,0,103
AlJazeeraEnglish,12926,2025-01-09 02:39:09+00:00,"Trump's threats to control Greenland: EU says it won't allow attacks on 'sovereign borders'
@aljazeeraenglish",732.0,0.0,0,109
AlJazeeraEnglish,12925,2025-01-09 02:39:03+00:00,"‘Devastating’ situation unfolding across Gaza as Israeli strikes intensify: AJE correspondent
@aljazeeraenglish",687.0,2.0,0,111
AlJazeeraEnglish,12924,2025-01-09 02:38:51+00:00,"How is Sudan's conflict worsening the humanitarian crisis? | Inside Story
@aljazeeraenglish",644.0,3.0,0,91
AlJazeeraEnglish,12923,2025-01-09 02:38:08+00:00,"Rebel leader tells Al Jazeera they’re ‘fighting for survival’ in DR Congo | Al Jazeera Newsfeed
@aljazeeraenglish",664.0,1.0,0,113
AlJazeeraEnglish,12922,2025-01-09 02:37:59+00:00,"Why is the Palestinian Authority targeting Palestinians?  | The Take
@aljazeeraenglish",641.0,2.0,0,86
AlJazeeraEnglish,12921,2025-01-09 02:37:19+00:00,"Lebanon political crisis: New attempt to elect first president since 2022
@aljazeeraenglish",701.0,1.0,0,91
AlJazeeraEnglish,12920,2025-01-09 02:37:10+00:00,"Currency trading thrives openly in Syria as restrictions ease, traders seize new opportunities
@aljazeeraenglish",688.0,0.0,0,112
AlJazeeraEnglish,12919,2025-01-09 02:37:03+00:00,"Trump hints at military moves in Middle East and Americas | Al Jazeera Newsfeed
@aljazeeraenglish",708.0,0.0,0,97
AlJazeeraEnglish,12918,2025-01-09 02:36:57+00:00,"Why I’m not giving up on Syria’s disappeared | Close Up
@aljazeeraenglish",863.0,0.0,0,73
AlJazeeraEnglish,12917,2025-01-09 02:36:39+00:00,"China launches relief and recovery efforts after deadly earthquake hits Tibet
@aljazeeraenglish",949.0,0.0,0,95
AlJazeeraEnglish,12916,2025-01-09 02:36:32+00:00,"Nigerian government forces intensify action against armed groups
@aljazeeraenglish",975.0,2.0,0,82
AlJazeeraEnglish,12915,2025-01-08 08:37:20+00:00,"Deadly Israeli attack on Gaza’s Khan Younis kills at least 20 Palestinians overnight
@aljazeeraenglish",1181.0,2.0,0,102
AlJazeeraEnglish,12914,2025-01-08 08:37:06+00:00,"One month since Assad's overthrow: Hope & uncertainty as Syrians look to future
@aljazeeraenglish",1173.0,0.0,0,97
AlJazeeraEnglish,12913,2025-01-08 08:36:59+00:00,"Indonesia launches free meal programme for children and pregnant women
@aljazeeraenglish",1103.0,1.0,0,88
AlJazeeraEnglish,12912,2025-01-08 08:36:51+00:00,"Uganda's Kizza Besigye appears in military court on terrorism charges
@aljazeeraenglish",920.0,1.0,0,87
AlJazeeraEnglish,12911,2025-01-08 05:00:29+00:00,"Thousands evacuated as Palisades fire razes homes in Los Angeles
@aljazeeraenglish",975.0,1.0,0,82
AlJazeeraEnglish,12910,2025-01-08 05:00:17+00:00,"Meta’s content moderation U-turn: Company to phase out active fact-checking
@aljazeeraenglish",887.0,0.0,0,93
AlJazeeraEnglish,12909,2025-01-08 05:00:10+00:00,"Israeli attack on Gaza's al Shati refugee camp kills five members of one family
@aljazeeraenglish",835.0,1.0,0,97
AlJazeeraEnglish,12908,2025-01-08 01:36:04+00:00,"The last thing we want to see is a Palestinian killing a Palestinian : Mustafa Barghouti
@aljazeeraenglish",867.0,1.0,0,106
AlJazeeraEnglish,12907,2025-01-08 01:35:33+00:00,"Charlie Hebdo attack 10th anniversary: Commemorations held in French capital
@aljazeeraenglish",928.0,0.0,0,94
AlJazeeraEnglish,12906,2025-01-08 01:35:24+00:00,"Damascus airport: First commercial flights resume into the capital
@aljazeeraenglish",923.0,0.0,0,84
AlJazeeraEnglish,12905,2025-01-07 22:38:32+00:00,"Austria political crisis: Far-right freedom party will begin coalition talks
@aljazeeraenglish",860.0,0.0,0,94
AlJazeeraEnglish,12904,2025-01-07 22:38:19+00:00,"Homs operation ends: Security forces launched search for Assad loyalists
@aljazeeraenglish",903.0,0.0,0,90
AlJazeeraEnglish,12903,2025-01-07 19:29:18+00:00,"‘All hell will break out in the Middle East’ if captives are not released: Trump
@aljazeeraenglish",1040.0,2.0,0,98
AlJazeeraEnglish,12902,2025-01-07 19:28:59+00:00,"Will Austria's Freedom Party form a coalition and create stable government? | Inside Story
@aljazeeraenglish",933.0,0.0,0,108
AlJazeeraEnglish,12901,2025-01-07 19:27:22+00:00,"Consumer Electronics Show 2025: Artificial intelligence dominates annual convention
@aljazeeraenglish",912.0,0.0,0,101
AlJazeeraEnglish,12900,2025-01-07 19:27:10+00:00,"Former French far-right politician Jean-Marie Le Pen dies at 96
@aljazeeraenglish",911.0,0.0,0,81
AlJazeeraEnglish,12899,2025-01-07 14:48:50+00:00,"Identity politics gone wrong (and how to fix it) | The Take
@aljazeeraenglish",1027.0,3.0,0,77
AlJazeeraEnglish,12898,2025-01-07 14:48:12+00:00,"The Silent Killer: Long-term Impact Of War | The Stream
@aljazeeraenglish",924.0,3.0,0,73
AlJazeeraEnglish,12897,2025-01-07 14:47:26+00:00,"At least 95 reported killed as powerful earthquake hits Tibet
@aljazeeraenglish",972.0,0.0,0,79
AlJazeeraEnglish,12896,2025-01-07 14:47:19+00:00,"Life on the UK’s notorious asylum barge | Witness Documentary
@aljazeeraenglish",906.0,2.0,0,79
AlJazeeraEnglish,12895,2025-01-07 14:46:30+00:00,"Trailer | True Crime Reports
@aljazeeraenglish",804.0,0.0,0,46
AlJazeeraEnglish,12894,2025-01-07 11:06:26+00:00,"Hope for a new Syria | Between Us
@aljazeeraenglish",932.0,2.0,0,51
AlJazeeraEnglish,12893,2025-01-07 11:06:14+00:00,"US announces it will temporarily ease some sanctions on Syria
@aljazeeraenglish",868.0,0.0,0,79
AlJazeeraEnglish,12892,2025-01-07 11:05:52+00:00,"Syria's new administration faces backlash after changing school curriculum
@aljazeeraenglish",898.0,0.0,0,92
AlJazeeraEnglish,12891,2025-01-07 11:05:45+00:00,"Indigenous languages under threat as Chileans struggle to keep traditions alive
@aljazeeraenglish",856.0,0.0,0,97
AlJazeeraEnglish,12890,2025-01-07 06:58:00+00:00,"Winter storm hammers eastern US; over 60 million face blizzard conditions
@aljazeeraenglish",865.0,0.0,0,91
AlJazeeraEnglish,12889,2025-01-07 06:57:50+00:00,"US President Biden paid his respects to victims of New Orleans truck attack
@aljazeeraenglish",818.0,0.0,0,93
AlJazeeraEnglish,12888,2025-01-07 06:57:35+00:00,"Famine spreading in war-torn Sudan, UN-backed report says
@aljazeeraenglish",850.0,0.0,0,75
AlJazeeraEnglish,12887,2025-01-07 06:57:25+00:00,"US Congress certifies Donald Trump’s victory in 2024 presidential election
@aljazeeraenglish",924.0,0.0,0,92
AlJazeeraEnglish,12886,2025-01-07 06:57:12+00:00,"Earthquake hits Tibet’s Shigatse, tremors also felt in Nepal and India
@aljazeeraenglish",915.0,0.0,0,88
AlJazeeraEnglish,12885,2025-01-07 06:57:05+00:00,"Canada’s Trudeau to step down as Liberal Party leader amid pressure
@aljazeeraenglish",945.0,0.0,0,85
AlJazeeraEnglish,12884,2025-01-06 21:20:23+00:00,"Austrian president tasks far-right leader with forming government
@aljazeeraenglish",1032.0,0.0,0,83
AlJazeeraEnglish,12883,2025-01-06 21:20:15+00:00,"Ex-French leader Sarkozy on trial over alleged Gaddafi funds
@aljazeeraenglish",915.0,0.0,0,78
AlJazeeraEnglish,12882,2025-01-06 21:20:08+00:00,"North Korea fires missile as Blinken meets South Korean officials
@aljazeeraenglish",943.0,1.0,0,83
AlJazeeraEnglish,12881,2025-01-06 21:20:01+00:00,"Syria's electricity crisis: New administration says it aims to resolve situation
@aljazeeraenglish",882.0,0.0,0,98
AlJazeeraEnglish,12880,2025-01-06 21:19:53+00:00,"How to end the conflict in eastern DRC? | Inside Story
@aljazeeraenglish",855.0,2.0,0,72
AlJazeeraEnglish,12879,2025-01-06 17:45:09+00:00,"What lies ahead for global politics in 2025? | The Take
@aljazeeraenglish",919.0,2.0,0,73
AlJazeeraEnglish,12878,2025-01-06 17:44:37+00:00,"Canada's Justin Trudeau announces plan to quit as party leader and prime minister
@aljazeeraenglish",905.0,0.0,0,99
AlJazeeraEnglish,12877,2025-01-06 17:44:22+00:00,"Gaza families struggle after Israel detains relatives; demand justice, details on missing loved ones
@aljazeeraenglish",901.0,1.0,0,118
AlJazeeraEnglish,12876,2025-01-06 17:44:14+00:00,"The First Woman to Conquer the Barkley Marathons | Now You Know
@aljazeeraenglish",970.0,1.0,0,81
AlJazeeraEnglish,12875,2025-01-06 17:43:28+00:00,"Nigerian army pushes back armed 'bandits' in the northwest, restoring calm & rebuilding local trust
@aljazeeraenglish",949.0,1.0,0,117
AlJazeeraEnglish,12874,2025-01-06 14:09:07+00:00,"Palestinians search for their loved ones under the rubble after Gaza City attack
@aljazeeraenglish",1052.0,2.0,0,98
AlJazeeraEnglish,12873,2025-01-06 10:42:13+00:00,"Three killed in bus shooting attack in the occupied West Bank
@aljazeeraenglish",1096.0,2.0,0,79
AlJazeeraEnglish,12871,2025-01-06 10:41:34+00:00,"Syria's foreign minister calls on US to lift sanctions
@aljazeeraenglish",924.0,1.0,0,72
AlJazeeraEnglish,12870,2025-01-06 10:41:08+00:00,"Israeli attacks continue across the Gaza Strip amid ceasefire talks
@aljazeeraenglish",910.0,1.0,0,85
AlJazeeraEnglish,12869,2025-01-06 06:47:16+00:00,"Syrians return to rebuild war-torn al-Asali neighborhood in Damascus
@aljazeeraenglish",1081.0,2.0,0,86
AlJazeeraEnglish,12868,2025-01-06 06:47:06+00:00,"Austrian President to meet FPO leader amid speculation of government formation
@aljazeeraenglish",1057.0,0.0,0,96
AlJazeeraEnglish,12867,2025-01-06 06:46:56+00:00,"Smell of blood, burned flesh at site of Israeli attack in Gaza City
@aljazeeraenglish",1013.0,1.0,0,85
AlJazeeraEnglish,12866,2025-01-05 21:44:41+00:00,"Gaza ceasefire talks: Hamas says it has approved Israel's list of 34 captives
@aljazeeraenglish",1036.0,0.0,0,95
AlJazeeraEnglish,12865,2025-01-05 18:45:45+00:00,"Ukraine launches new offensive in Russia’s Kursk as war casualties mount
@aljazeeraenglish",1098.0,1.0,0,90
AlJazeeraEnglish,12864,2025-01-05 18:45:37+00:00,"How can world powers stop Israel from attacking Gaza's medical facilities? | Inside Story
@aljazeeraenglish",1108.0,0.0,0,107
AlJazeeraEnglish,12863,2025-01-05 18:44:00+00:00,"‘Pressure cooker of despair’: Babies dying from extreme cold in Gaza
@aljazeeraenglish",1053.0,0.0,0,86
AlJazeeraEnglish,12862,2025-01-05 15:05:20+00:00,"Treasure hunt in Chile's Florido desert: Search for rare meteorite sparks global interest
@aljazeeraenglish",1067.0,1.0,0,107
AlJazeeraEnglish,12861,2025-01-05 15:05:11+00:00,"Nigeria’s defence chief on human rights abuse reports and security | Talk to Al Jazeera
@aljazeeraenglish",980.0,2.0,0,105
AlJazeeraEnglish,12860,2025-01-05 11:32:46+00:00,"Hong Kong housing: City plans to eliminate infamous 'coffin homes'
@aljazeeraenglish",1037.0,0.0,0,84
AlJazeeraEnglish,12859,2025-01-05 11:32:39+00:00,"Philippines education: Severe storms, flooding disrupt school classes
@aljazeeraenglish",994.0,0.0,0,87
AlJazeeraEnglish,12858,2025-01-05 11:32:27+00:00,"Syrian delegation arrives in Qatar to strengthen ties
@aljazeeraenglish",955.0,0.0,0,71
AlJazeeraEnglish,12857,2025-01-05 11:32:19+00:00,"Nigerian military’s effort to combat rebel groups in the Northwest
@aljazeeraenglish",913.0,2.0,0,84
AlJazeeraEnglish,12856,2025-01-05 07:35:07+00:00,"Israel's intense bombardment of Gaza kills nearly 200 Palestinians in just 3 days
@aljazeeraenglish",943.0,2.0,0,99
AlJazeeraEnglish,12855,2025-01-05 07:34:48+00:00,"Rescuers struggle to retrieve missing bodies after Israeli attacks on Gaza City
@aljazeeraenglish",989.0,1.0,0,97
AlJazeeraEnglish,12854,2025-01-05 07:34:41+00:00,"Thabo Bester: Prison Break
@aljazeeraenglish",1159.0,2.0,0,44
AlJazeeraEnglish,12853,2025-01-05 07:33:58+00:00,"Venezuela's exiled opposition leader Edmundo Gonzalez visits Argentina
@aljazeeraenglish",1110.0,0.0,0,88
AlJazeeraEnglish,12852,2025-01-05 01:06:17+00:00,"Eduardo Kobra: Murals that inspire global connection
@aljazeeraenglish",1008.0,0.0,0,70
AlJazeeraEnglish,12851,2025-01-04 22:04:45+00:00,"Israeli air strike in Gaza's Shujaiya neighbourhood kills 11 lives from one family
@aljazeeraenglish",1042.0,1.0,0,100
AlJazeeraEnglish,12850,2025-01-04 22:04:37+00:00,"The Biden administration proposes an $8 billion arms sale to Israel, including bombs and missiles
@aljazeeraenglish",1012.0,0.0,0,115
AlJazeeraEnglish,12849,2025-01-04 22:04:30+00:00,"Trump wants Gaza war over ‘in any possible way’: Analysis
@aljazeeraenglish",1112.0,0.0,0,75
AlJazeeraEnglish,12848,2025-01-04 22:04:17+00:00,"Attacks across the strip: Israeli forces kill dozens since dawn
@aljazeeraenglish",1034.0,0.0,0,81
AlJazeeraEnglish,12847,2025-01-04 22:04:08+00:00,"Can Europe and Syria do business and what does each want? | Inside Story
@aljazeeraenglish",756.0,0.0,0,90
AlJazeeraEnglish,12846,2025-01-04 22:02:53+00:00,"Nigeria's refugee crisis: Tens of thousands of Cameroonians flee conflict
@aljazeeraenglish",757.0,0.0,0,91
AlJazeeraEnglish,12845,2025-01-04 22:02:42+00:00,"Attempt to arrest impeached president: Thousands protest for and against Yoon Suk Yeol
@aljazeeraenglish",799.0,0.0,0,104
AlJazeeraEnglish,12844,2025-01-04 22:02:31+00:00,"Medical services under attack: injured doctor returns to duty
@aljazeeraenglish",786.0,0.0,0,79
AlJazeeraEnglish,12843,2025-01-04 22:02:25+00:00,"Digital war: Palestinian influencers documenting the conflict
@aljazeeraenglish",797.0,1.0,0,79
AlJazeeraEnglish,12842,2025-01-04 22:02:16+00:00,"Test of governance: mammoth task of governing entire country awaits admin
@aljazeeraenglish",770.0,0.0,0,91
AlJazeeraEnglish,12841,2025-01-04 22:02:08+00:00,"US House speaker vote: Mike Johnson re-elected to position
@aljazeeraenglish",767.0,0.0,0,76
AlJazeeraEnglish,12840,2025-01-04 22:01:58+00:00,"Hospital evacuation orders in Gaza: Call for Israel to protect medical facilities
@aljazeeraenglish",842.0,0.0,0,99
AlJazeeraEnglish,12839,2025-01-04 22:01:50+00:00,"Biden blocks sale of US steel: $14.9b Nippon Steel bid deemed national security risk
@aljazeeraenglish",1119.0,0.0,0,102
AlJazeeraEnglish,12838,2025-01-04 22:01:43+00:00,"Diplomatic talks in Damascus: French, German foreign ministers meet with new leader
@aljazeeraenglish",1226.0,1.0,0,101
AlJazeeraEnglish,12837,2025-01-04 22:01:37+00:00,"Israeli tanks on Syrian soil: AJE correspondent
@aljazeeraenglish",1239.0,1.0,0,65
AlJazeeraEnglish,12836,2025-01-03 12:20:11+00:00,"New Orleans attack: Security tight in wake of New Year's ramming incident
@aljazeeraenglish",1629.0,0.0,0,91
AlJazeeraEnglish,12835,2025-01-03 12:20:04+00:00,"Climate Change: Youth Voices | The Stream
@aljazeeraenglish",1447.0,1.0,0,59
AlJazeeraEnglish,12834,2025-01-03 12:18:33+00:00,"Suffering of children: War impacting mental health of Palestinian children
@aljazeeraenglish",1360.0,2.0,0,92
AlJazeeraEnglish,12833,2025-01-03 08:25:05+00:00,"Genocide in Gaza: Al-Mawasi targeted southern Gaza 'safe zone' hit by Israeli force
@aljazeeraenglish",1214.0,2.0,0,101
AlJazeeraEnglish,12832,2025-01-03 08:24:52+00:00,"Trump transition: Budget battles in loom over Republicans
@aljazeeraenglish",1135.0,0.0,0,75
AlJazeeraEnglish,12831,2025-01-03 08:24:26+00:00,"Trump's mass deportation plan: Honduras warns of shutting US military bases
@aljazeeraenglish",1070.0,0.0,0,93
AlJazeeraEnglish,12830,2025-01-03 04:50:58+00:00,"Millions fled Syria since the 2011 war, but hopes rise for returns after Assad's fall
@aljazeeraenglish",1145.0,2.0,0,103
AlJazeeraEnglish,12829,2025-01-03 04:50:44+00:00,"Yoon Suk Yeol arrest warrant: Police prepare to detain the impeached president
@aljazeeraenglish",1060.0,1.0,0,96
AlJazeeraEnglish,12828,2025-01-03 01:28:17+00:00,"Hunger threatens refugees: Over 60% of Sudanese refugees in chad are children
@aljazeeraenglish",1044.0,1.0,0,95
AlJazeeraEnglish,12827,2025-01-02 22:19:04+00:00,"The arrest of Dr Hossam Abu-Safiyya and a wife's desperate plea
@aljazeeraenglish",1057.0,2.0,0,81
AlJazeeraEnglish,12826,2025-01-02 22:18:57+00:00,"Syria works to rebuild heritage, end artefact smuggling and preserve historic sites
@aljazeeraenglish",1048.0,0.0,0,101
AlJazeeraEnglish,12825,2025-01-02 19:08:17+00:00,"Argentina's Buenos Aires struggles to balance preserving historic sites with rapid urban development
@aljazeeraenglish",1133.0,1.0,0,118
AlJazeeraEnglish,12824,2025-01-02 19:08:09+00:00,"Deadly cross-border attacks taking toll on Pakistan, Afghanistan | Al Jazeera Newsfeed
@aljazeeraenglish",1051.0,0.0,0,104
AlJazeeraEnglish,12823,2025-01-02 19:08:02+00:00,"Are Ukraine war sanctions hurting the EU more than Russia? | Inside Story
@aljazeeraenglish",938.0,0.0,0,91
AlJazeeraEnglish,12822,2025-01-02 19:06:45+00:00,"Former inmate describes brutal torture in Syria's Sednaya prison
@aljazeeraenglish",1048.0,1.0,0,82
AlJazeeraEnglish,12821,2025-01-02 19:06:35+00:00,"Gaza police chief among at least 52 Palestinians killed by Israel
@aljazeeraenglish",1087.0,2.0,0,83
AlJazeeraEnglish,12820,2025-01-02 15:12:13+00:00,"Dan Perry: ‘There is no starvation in Gaza’
@aljazeeraenglish",1142.0,0.0,0,61
AlJazeeraEnglish,12819,2025-01-02 15:11:58+00:00,"2024 in Review: Israel attacks Lebanon | The Take
@aljazeeraenglish",1089.0,0.0,0,67
AlJazeeraEnglish,12818,2025-01-02 11:26:58+00:00,"Female rodeo riders gain global popularity in Mexico's traditional sport
@aljazeeraenglish",1101.0,2.0,0,90
AlJazeeraEnglish,12817,2025-01-02 11:26:50+00:00,"What is hypothermia and why is it killing Gaza’s children? | Analysis
@aljazeeraenglish",1029.0,2.0,0,87
AlJazeeraEnglish,12816,2025-01-02 11:26:31+00:00,"Winter rains and cold compound misery for Palestinian children in Gaza
@aljazeeraenglish",1038.0,2.0,0,88
AlJazeeraEnglish,12815,2025-01-02 11:26:24+00:00,"PA’s ban on Al Jazeera silences the Palestinian voice: Analysis
@aljazeeraenglish",958.0,2.0,0,81
AlJazeeraEnglish,12814,2025-01-02 07:51:36+00:00,"Philippines faces economic challenges from falling birth rate and aging population
@aljazeeraenglish",1068.0,1.0,0,100
AlJazeeraEnglish,12813,2025-01-02 07:51:28+00:00,"Syrian delegation arrives in Saudi Arabia: New govt seeking regional and international support
@aljazeeraenglish",1081.0,0.0,0,112
AlJazeeraEnglish,12812,2025-01-02 04:29:28+00:00,"At least 15 killed in New Orleans truck attack linked to ISIL
@aljazeeraenglish",1096.0,0.0,0,79
AlJazeeraEnglish,12811,2025-01-02 04:29:16+00:00,"Biden speaks on New Orleans attack: ISIS link investigated
@aljazeeraenglish",1006.0,0.0,0,76
AlJazeeraEnglish,12810,2025-01-02 01:11:19+00:00,"CPJ urges reversal of Palestinian authority’s decision against Al Jazeera
@aljazeeraenglish",1028.0,0.0,0,91
AlJazeeraEnglish,12809,2025-01-02 01:11:08+00:00,"Refugees in Chad: Warning not enough resources to support displaced
@aljazeeraenglish",1010.0,0.0,0,85
AlJazeeraEnglish,12808,2025-01-01 22:05:04+00:00,"PA’s decision to shutdown Al Jazeera is shocking but hardly surprising: Marwan Bishara
@aljazeeraenglish",1002.0,1.0,0,104
AlJazeeraEnglish,12807,2025-01-01 22:04:48+00:00,"Russian gas exports to Europe: Natural gas flows via Ukraine halted as deal ends
@aljazeeraenglish",942.0,0.0,0,98
AlJazeeraEnglish,12806,2025-01-01 22:04:42+00:00,"Palestinian Authority suspends broadcast of Al Jazeera
@aljazeeraenglish",1063.0,1.0,0,72
AlJazeeraEnglish,12805,2025-01-01 22:04:18+00:00,"Popeye and Tintin among Us copyrights entering the public domain now that 2025 has begun
@aljazeeraenglish",997.0,1.0,0,106
AlJazeeraEnglish,12804,2025-01-01 19:05:11+00:00,"Ivory Coast says French troops to leave the country after decades
@aljazeeraenglish",949.0,1.0,0,83
AlJazeeraEnglish,12803,2025-01-01 19:05:04+00:00,"British politics in 2024: Starmer's approval drops as economic struggles and policy backlash grow
@aljazeeraenglish",981.0,0.0,0,115
AlJazeeraEnglish,12802,2025-01-01 19:04:57+00:00,"Syria’s Foreign Minister: Rebuilding a nation after al-Assad’s fall | Talk to Al Jazeera
@aljazeeraenglish",962.0,1.0,0,106
AlJazeeraEnglish,12801,2025-01-01 19:03:55+00:00,"Russia launches New Year’s Day drone attack on Kyiv, killing two
@aljazeeraenglish",871.0,1.0,0,82
AlJazeeraEnglish,12800,2025-01-01 15:57:35+00:00,"Gaza families endure winter hardships in fragile shelters amid displacement and constant threats
@aljazeeraenglish",970.0,2.0,0,114
AlJazeeraEnglish,12799,2025-01-01 15:57:22+00:00,"At least 10 dead, dozens injured as vehicle crashes into New Orleans crowd
@aljazeeraenglish",966.0,2.0,0,92
AlJazeeraEnglish,12798,2025-01-01 15:57:13+00:00,"2024 in Review: The global silence on Sudan’s civil war | The Take
@aljazeeraenglish",974.0,2.0,0,84
AlJazeeraEnglish,12797,2025-01-01 15:56:22+00:00,"Israelis celebrate the new year while their army kills Palestinians in Gaza | Al Jazeera Newsfeed
@aljazeeraenglish",936.0,3.0,0,115
AlJazeeraEnglish,12796,2025-01-01 08:58:41+00:00,"Water quality survey reveals ‘alarming rates’ of contamination in Gaza
@aljazeeraenglish",1013.0,1.0,0,88
AlJazeeraEnglish,12795,2025-01-01 08:58:03+00:00,"No respite for Palestinians as Israeli attacks continue on New Year’s Day
@aljazeeraenglish",1035.0,2.0,0,91
AlJazeeraEnglish,12794,2025-01-01 08:57:45+00:00,"New Syrian administration brings hope for preserving heritage sites
@aljazeeraenglish",982.0,1.0,0,85
AlJazeeraEnglish,12793,2025-01-01 08:57:37+00:00,"Sudan war in 2024: An overview of fighting and hardship
@aljazeeraenglish",912.0,0.0,0,73
AlJazeeraEnglish,12792,2025-01-01 05:37:06+00:00,"Panama commemorates canal handover despite Trump’s call for US control
@aljazeeraenglish",997.0,2.0,0,88
AlJazeeraEnglish,12791,2025-01-01 05:36:53+00:00,"Winter takes hold: Rain floods tents of forcibly displaced Palestinians
@aljazeeraenglish",941.0,1.0,0,89
AlJazeeraEnglish,12790,2025-01-01 05:36:42+00:00,"Syria's FM Asaad Al Shaibani says his administration has helped defuse tension in region
@aljazeeraenglish",1004.0,0.0,0,106
AlJazeeraEnglish,12789,2025-01-01 02:07:02+00:00,"New year for Syria: Excitement in capital Damascus in new post-Assad era
@aljazeeraenglish",1058.0,0.0,0,90
AlJazeeraEnglish,12788,2025-01-01 02:06:49+00:00,"Aleppo’s industrial future: Overcoming power and labor shortages in Syria
@aljazeeraenglish",1048.0,0.0,0,91
AlJazeeraEnglish,12787,2024-12-31 23:09:51+00:00,"Winter in Gaza: Tents across the strip and a field hospital flood
@aljazeeraenglish",1042.0,4.0,0,83
AlJazeeraEnglish,12786,2024-12-31 20:18:38+00:00,"Insufficient evidence for Israel's Gaza hospital attacks raises legal concerns: Analysis
@aljazeeraenglish",1019.0,0.0,0,106
AlJazeeraEnglish,12785,2024-12-31 20:18:28+00:00,"What defined 2024 - and what's in store for 2025? | Inside Story
@aljazeeraenglish",1013.0,2.0,0,82
AlJazeeraEnglish,12784,2024-12-31 20:17:05+00:00,"Yemen’s Houthis defiant after new US strikes
@aljazeeraenglish",1006.0,0.0,0,62
AlJazeeraEnglish,12783,2024-12-31 16:30:31+00:00,"Rebuilding Syria: Latakia port workers aim to restore the port's former glory
@aljazeeraenglish",998.0,1.0,0,95
AlJazeeraEnglish,12782,2024-12-31 16:30:24+00:00,"Freezing conditions are killing babies in Gaza | Al Jazeera Newsfeed
@aljazeeraenglish",943.0,1.0,0,86
AlJazeeraEnglish,12781,2024-12-31 16:30:18+00:00,"A Year of Censorship: Social Media Crackdown | The Stream
@aljazeeraenglish",913.0,3.0,0,75
AlJazeeraEnglish,12780,2024-12-31 16:29:22+00:00,"Mexico in 2024: Historic presidency amid crisis
@aljazeeraenglish",891.0,0.0,0,65
AlJazeeraEnglish,12779,2024-12-31 16:29:14+00:00,"2024 in Review: The aftermath of Venezuela’s contested election | The Take
@aljazeeraenglish",901.0,0.0,0,92
AlJazeeraEnglish,12777,2024-12-31 12:54:35+00:00,"Syria prepares for major conference that aims to shape the future of the country
@aljazeeraenglish",1000.0,0.0,0,98
AlJazeeraEnglish,12776,2024-12-31 12:54:27+00:00,"Dr Hussam Abu Safiya's son calls on international community to secure release ‘before it’s too late’
@aljazeeraenglish",973.0,0.0,0,118
AlJazeeraEnglish,12775,2024-12-31 12:54:14+00:00,"South Korea authorities seek arrest of Yoon over martial law declaration
@aljazeeraenglish",935.0,0.0,0,90
AlJazeeraEnglish,12774,2024-12-31 09:01:09+00:00,"Pollution in Lake Chivero worsens Zimbabwe’s water crisis
@aljazeeraenglish",965.0,0.0,0,75
AlJazeeraEnglish,12773,2024-12-31 09:01:01+00:00,"At least seven Palestinians died of hypothermia in Gaza as temperatures plummet
@aljazeeraenglish",1003.0,1.0,0,97
AlJazeeraEnglish,12772,2024-12-31 09:00:45+00:00,"Rebuilding Aleppo after years of war in Syria
@aljazeeraenglish",1091.0,0.0,0,63
AlJazeeraEnglish,12771,2024-12-31 09:00:37+00:00,"China in 2024: Space triumphs and economic challenges
@aljazeeraenglish",1076.0,0.0,0,71
AlJazeeraEnglish,12770,2024-12-31 05:24:20+00:00,"Ukrainian and Arab delegations held high-level talks with Syria's new government
@aljazeeraenglish",1074.0,1.0,0,98
AlJazeeraEnglish,12769,2024-12-30 19:59:22+00:00,"What's behind Israel's siege of north Gaza and is Gaza City next? | Inside Story
@aljazeeraenglish",1135.0,1.0,0,98
AlJazeeraEnglish,12768,2024-12-30 19:58:15+00:00,"Searching for my father in Syria | Between Us
@aljazeeraenglish",1131.0,0.0,0,63
AlJazeeraEnglish,12767,2024-12-30 19:57:52+00:00,"Uruguay’s Sierra de los Caracoles wind farm drives 98% renewable energy, boosting self-sufficiency
@aljazeeraenglish",1110.0,0.0,0,116
AlJazeeraEnglish,12766,2024-12-30 19:57:41+00:00,"Calls for the release of Gaza hospital director detained by Israel
@aljazeeraenglish",1108.0,1.0,0,84
AlJazeeraEnglish,12765,2024-12-30 16:04:49+00:00,"Syrian forces establish checkpoints near Russian base amid operations against Assad regime loyalists
@aljazeeraenglish",1201.0,0.0,0,118
AlJazeeraEnglish,12764,2024-12-30 16:04:41+00:00,"2024 in Review: Russia’s war on Ukraine enters uncharted territory | The Take
@aljazeeraenglish",1043.0,1.0,0,95
AlJazeeraEnglish,12763,2024-12-30 12:10:01+00:00,"Syria after Assad | Pinch Point
@aljazeeraenglish",1114.0,0.0,0,49
AlJazeeraEnglish,12762,2024-12-30 12:09:47+00:00,"South Korea mourns plane crash victims amid investigation and political turmoil
@aljazeeraenglish",1119.0,2.0,0,97
AlJazeeraEnglish,12761,2024-12-30 12:09:40+00:00,"Doner kebab: Beloved dish at the center of Germany-Turkiye food fight
@aljazeeraenglish",1055.0,1.0,0,87
AlJazeeraEnglish,12760,2024-12-30 12:09:33+00:00,"A look back at Kenya's defining wave of demonstrations in 2024
@aljazeeraenglish",971.0,2.0,0,80
AlJazeeraEnglish,12759,2024-12-30 08:43:50+00:00,"Israel failed to provide evidence that Kamal Adwan Hospital was being used by Hamas: Analysis
@aljazeeraenglish",1057.0,1.0,0,111
AlJazeeraEnglish,12758,2024-12-30 08:43:29+00:00,"Syria's new administration launches campaign to recover looted weapons
@aljazeeraenglish",1047.0,0.0,0,88
AlJazeeraEnglish,12757,2024-12-30 08:43:22+00:00,"Kamal Adwan Hospital raid: Israeli video shows moments before director's arrest
@aljazeeraenglish",1060.0,2.0,0,97
AlJazeeraEnglish,12756,2024-12-30 08:43:03+00:00,"Remembering late Jimmy Carter's post-presidential peace efforts
@aljazeeraenglish",1041.0,1.0,0,81
AlJazeeraEnglish,12755,2024-12-30 05:19:55+00:00,"Israel attacks two more hospitals as winter adds to suffering in Gaza
@aljazeeraenglish",1067.0,1.0,0,87
AlJazeeraEnglish,12754,2024-12-30 05:19:37+00:00,"Jimmy Carter: Nobel-winning humanitarian and ex-US president dies aged 100
@aljazeeraenglish",1036.0,0.0,0,92
AlJazeeraEnglish,12753,2024-12-29 22:52:06+00:00,"What did 2024 tell us about US voters?
@aljazeeraenglish",1133.0,1.0,0,56
AlJazeeraEnglish,12752,2024-12-29 22:51:53+00:00,"New Georgian president sworn in as predecessor refuses to stand aside
@aljazeeraenglish",1042.0,0.0,0,87
AlJazeeraEnglish,12751,2024-12-29 22:51:45+00:00,"Why are relations between Pakistan and Afghanistan so tense? | Inside Story
@aljazeeraenglish",993.0,4.0,0,93
AlJazeeraEnglish,12750,2024-12-29 19:47:46+00:00,"Voting under way in Chad’s contentious parliamentary election
@aljazeeraenglish",1009.0,0.0,0,79
AlJazeeraEnglish,12749,2024-12-29 19:47:35+00:00,"War on Gaza: Several Palestinians killed in Israeli strikes on al-Wafaa Hospital
@aljazeeraenglish",1045.0,1.0,0,98
AlJazeeraEnglish,12748,2024-12-29 19:47:28+00:00,"Why China isn’t worried about Trump’s threat of a trade war | The Bottom Line
@aljazeeraenglish",1070.0,4.0,0,95
AlJazeeraEnglish,12747,2024-12-29 16:01:16+00:00,"South Korea plane crash: Jeju Air disaster kills 179; investigators recover black boxes
@aljazeeraenglish",1117.0,3.0,0,105
AlJazeeraEnglish,12746,2024-12-29 16:01:08+00:00,"Senegal’s foreign minister on sovereignty, alliances, and change | Talk to Al Jazeera
@aljazeeraenglish",1028.0,1.0,0,103
AlJazeeraEnglish,12745,2024-12-29 16:00:15+00:00,"Syria's new forces intensify military operations in former Assad strongholds, Latakia and Tartous
@aljazeeraenglish",941.0,2.0,0,115
AlJazeeraEnglish,12744,2024-12-29 11:00:22+00:00,"Palestinian journalist killed during clashes in occupied West Bank
@aljazeeraenglish",1081.0,3.0,0,84
AlJazeeraEnglish,12743,2024-12-29 11:00:16+00:00,"Mass coral bleaching: Divers in Thailand try to heal reef damage
@aljazeeraenglish",1033.0,1.0,0,82
AlJazeeraEnglish,12742,2024-12-29 11:00:07+00:00,"Syrians in Germany contemplate returning to their country
@aljazeeraenglish",901.0,0.0,0,75
AlJazeeraEnglish,12741,2024-12-29 11:00:00+00:00,"A Year of Youth Protests: Reclaiming Power | The Stream
@aljazeeraenglish",825.0,2.0,0,73
AlJazeeraEnglish,12740,2024-12-29 10:58:40+00:00,"Syria's new intelligence chief: Anas Khattab promises sweeping reforms
@aljazeeraenglish",805.0,0.0,0,88
AlJazeeraEnglish,12739,2024-12-29 10:58:17+00:00,"At least 120 killed in South Korea as plane crashes on landing at Muan airport
@aljazeeraenglish",926.0,0.0,0,96
AlJazeeraEnglish,12738,2024-12-29 10:58:11+00:00,"Nigeria's Calabar Carnival: A vibrant celebration amidst economic challenge
@aljazeeraenglish",904.0,1.0,0,93
AlJazeeraEnglish,12737,2024-12-29 10:57:49+00:00,"A look back at Russia in 2024 as Moscow faced some of its biggest challenges in years
@aljazeeraenglish",819.0,1.0,0,103
AlJazeeraEnglish,12736,2024-12-29 06:50:59+00:00,"US prison assault: New York Attorney General investigates inmate death
@aljazeeraenglish",922.0,1.0,0,88
AlJazeeraEnglish,12735,2024-12-29 06:50:50+00:00,"Israel detains Dr Hussam Abu Safia after raiding Kamal Adwan Hospital in northern Gaza
@aljazeeraenglish",908.0,2.0,0,104
AlJazeeraEnglish,12734,2024-12-29 06:50:30+00:00,"Voting begins in Chad as opposition parties call for election boycott
@aljazeeraenglish",924.0,0.0,0,87
AlJazeeraEnglish,12733,2024-12-29 06:50:19+00:00,"Putin apologises to Azerbaijan’s president over ‘tragic’ plane crash
@aljazeeraenglish",923.0,0.0,0,86
AlJazeeraEnglish,12732,2024-12-29 06:50:12+00:00,"Dozens of passengers killed as plane crash-lands in South Korea
@aljazeeraenglish",956.0,2.0,0,81
AlJazeeraEnglish,12731,2024-12-29 00:22:40+00:00,"Afghan Taliban hit ‘several points’ in Pakistan in retaliation for attacks
@aljazeeraenglish",979.0,0.0,0,92
AlJazeeraEnglish,12730,2024-12-29 00:22:30+00:00,"Israeli forces plan to drive out Palestinians from northern Gaza: Analysis
@aljazeeraenglish",876.0,0.0,0,92
AlJazeeraEnglish,12729,2024-12-28 21:22:20+00:00,"Mass displacement: Thousands of Palestinians flee northern Gaza
@aljazeeraenglish",960.0,1.0,0,81
AlJazeeraEnglish,12728,2024-12-28 21:22:11+00:00,"Winter in Gaza: Displaced Palestinians suffering in the cold
@aljazeeraenglish",957.0,3.0,0,78
AlJazeeraEnglish,12727,2024-12-28 21:21:54+00:00,"Argentina immigration crackdown: Foreign residents face new fees and restrictions
@aljazeeraenglish",996.0,1.0,0,99
AlJazeeraEnglish,12726,2024-12-28 18:14:19+00:00,"How serious are the implications of South Korea's political crisis? | Inside Story
@aljazeeraenglish",1050.0,2.0,0,100
AlJazeeraEnglish,12725,2024-12-28 18:12:04+00:00,"Georgia political turmoil: Disputed president Kavelashvili to be inaugurated
@aljazeeraenglish",1026.0,1.0,0,94
AlJazeeraEnglish,12724,2024-12-28 14:35:49+00:00,"Israeli forces attack Gaza hospital: Medical sources say five health workers were killed
@aljazeeraenglish",1033.0,3.0,0,106
AlJazeeraEnglish,12723,2024-12-28 14:35:39+00:00,"Renewed protests in Mozambique: 134 people have been killed since court ruling
@aljazeeraenglish",896.0,0.0,0,96
AlJazeeraEnglish,12722,2024-12-28 14:35:25+00:00,"Putin apologises to Aliyev over 'tragic incident' with Azerbaijan Airlines plane crash
@aljazeeraenglish",860.0,1.0,0,104
AlJazeeraEnglish,12721,2024-12-28 14:35:12+00:00,"Chad parliamentary elections: Opposition parties threaten to boycott vote
@aljazeeraenglish",735.0,0.0,0,91
AlJazeeraEnglish,12720,2024-12-28 14:35:02+00:00,"France's political turmoil: President Macron deals faces election fallout
@aljazeeraenglish",777.0,0.0,0,91
AlJazeeraEnglish,12719,2024-12-28 14:34:53+00:00,"Russia's economic outlook: Country's economy continues to grow despite sanctions
@aljazeeraenglish",759.0,0.0,0,98
AlJazeeraEnglish,12718,2024-12-28 14:34:45+00:00,"Thailand's new megastar: Moo Deng conquers millions of hearts
@aljazeeraenglish",699.0,0.0,0,79
AlJazeeraEnglish,12717,2024-12-28 14:34:32+00:00,"Follow the sun: Nasa spacecraft completes successful fly by
@aljazeeraenglish",909.0,0.0,0,77
AlJazeeraEnglish,12716,2024-12-28 14:34:25+00:00,"Security in Syria: Some people wary of new administration
@aljazeeraenglish",966.0,1.0,0,75
AlJazeeraEnglish,12715,2024-12-28 14:34:15+00:00,"Cutting edge tech: Kyiv’s synthetic diamond industry expands
@aljazeeraenglish",1001.0,1.0,0,78
AlJazeeraEnglish,12714,2024-12-28 06:32:49+00:00,"Syria declares day of mourning: Thousands gather across the country
@aljazeeraenglish",1169.0,1.0,0,85
AlJazeeraEnglish,12713,2024-12-28 00:21:25+00:00,"Gaza hospital on fire: Israeli forces attack Kamal Adwan facility
@aljazeeraenglish",1178.0,3.0,0,83
AlJazeeraEnglish,12712,2024-12-28 00:21:17+00:00,"Disappearance of four children in Ecuador sparks public protests
@aljazeeraenglish",1090.0,2.0,0,82
AlJazeeraEnglish,12711,2024-12-28 00:21:08+00:00,"Azerbaijan plane crash: Airline says probe shows 'external interference'
@aljazeeraenglish",981.0,0.0,0,90
AlJazeeraEnglish,12710,2024-12-27 21:26:10+00:00,"Wo sailors die in Sydney Hobart race: First fatalities in the event since 1998
@aljazeeraenglish",1064.0,0.0,0,96
AlJazeeraEnglish,12709,2024-12-27 21:25:58+00:00,"Occupied east Jerusalem demolitions: 436 homes and buildings destroyed by Israel
@aljazeeraenglish",1029.0,1.0,0,98
AlJazeeraEnglish,12708,2024-12-27 21:25:48+00:00,"Mozambique unrest: Capital looted and burned amid political violence
@aljazeeraenglish",956.0,4.0,0,86
AlJazeeraEnglish,12707,2024-12-27 17:43:41+00:00,"Is Israel seeking war with Yemen's Houthis? | Inside Story
@aljazeeraenglish",953.0,3.0,0,76
AlJazeeraEnglish,12706,2024-12-27 17:42:01+00:00,"South Korea impeachments: Lawmakers vote to impeach acting president
@aljazeeraenglish",899.0,0.0,0,86
AlJazeeraEnglish,12705,2024-12-27 17:41:53+00:00,"Colombia mass graves: History of human rights violations unearthed
@aljazeeraenglish",814.0,1.0,0,84
AlJazeeraEnglish,12704,2024-12-27 17:41:45+00:00,"Israel hits Yemen: Air strikes on Sanaa airport
@aljazeeraenglish",761.0,0.0,0,65
AlJazeeraEnglish,12703,2024-12-27 17:41:38+00:00,"Will AI drive explosive economic growth or is it just hype? | Counting the Cost
@aljazeeraenglish",790.0,0.0,0,97
AlJazeeraEnglish,12702,2024-12-27 17:40:46+00:00,"Security deployed across Syria: Sectarian violence threatens progress of new govt
@aljazeeraenglish",771.0,0.0,0,99
AlJazeeraEnglish,12701,2024-12-27 17:40:39+00:00,"Greece heat: Rising temperatures wipe out agricultural crops
@aljazeeraenglish",799.0,0.0,0,78
AlJazeeraEnglish,12700,2024-12-27 17:40:30+00:00,"Gaza health ministry press conference: Officials speaking after Israeli attacks on hospitals
@aljazeeraenglish",904.0,1.0,0,110
AlJazeeraEnglish,12699,2024-12-27 17:40:23+00:00,"2024 in Review: The warnings of the Democratic National Convention | The Take
@aljazeeraenglish",945.0,1.0,0,95
AlJazeeraEnglish,12698,2024-12-27 17:39:47+00:00,"Douma 2018 chemical attack: Survivors speak out about what happened
@aljazeeraenglish",986.0,1.0,0,85
AlJazeeraEnglish,12697,2024-12-27 09:34:36+00:00,"South Korea impeachment: Parliaments votes to impeach acting president
@aljazeeraenglish",1094.0,1.0,0,88
AlJazeeraEnglish,12696,2024-12-27 09:34:30+00:00,"Israeli military storms Kamal Adwan Hospital
@aljazeeraenglish",1106.0,1.0,0,62
AlJazeeraEnglish,12695,2024-12-27 09:32:23+00:00,"Azerbaijan plane crash: Baku launches criminal investigation
@aljazeeraenglish",1090.0,0.0,0,78
AlJazeeraEnglish,12694,2024-12-27 02:10:34+00:00,"Azerbaijan launches criminal probe into the crash of passenger plane
@aljazeeraenglish",1149.0,0.0,0,86
AlJazeeraEnglish,12693,2024-12-27 02:10:06+00:00,"Baltic sea cable damage: Finland seizes Russian ship suspected of sabotage
@aljazeeraenglish",1085.0,1.0,0,92
AlJazeeraEnglish,12692,2024-12-27 02:09:48+00:00,"Mozambique jailbreak: 1,500 inmates escape during prison riot in Maputo
@aljazeeraenglish",938.0,0.0,0,89
AlJazeeraEnglish,12691,2024-12-26 23:13:05+00:00,"UN addresses the media in the wake of Israeli attacks in Sanaa and ports along Yemen's west coast
@aljazeeraenglish",896.0,2.0,0,115
AlJazeeraEnglish,12690,2024-12-26 23:12:20+00:00,"Escalation with Israel could further strain humanitarian situation in Yemen: Analysis
@aljazeeraenglish",864.0,1.0,0,103
AlJazeeraEnglish,12689,2024-12-26 23:11:55+00:00,"Colombian coffee farmers thrive on high prices but face volatile markets and climate uncertainty
@aljazeeraenglish",815.0,0.0,0,114
AlJazeeraEnglish,12688,2024-12-26 23:11:30+00:00,"India’s former PM Manmohan Singh dies aged 92
@aljazeeraenglish",830.0,0.0,0,63
AlJazeeraEnglish,12687,2024-12-26 23:11:01+00:00,"Indian Ocean tsunami survivors honour victims and reflect on resilience, 20 years on
@aljazeeraenglish",828.0,1.0,0,102
AlJazeeraEnglish,12686,2024-12-26 23:10:52+00:00,"Is Israel using starvation as a war tactic in Gaza? | Inside Story
@aljazeeraenglish",976.0,3.0,0,84
AlJazeeraEnglish,12685,2024-12-26 23:07:46+00:00,"Azerbaijan observes day of mourning for air crash victims
@aljazeeraenglish",1019.0,0.0,0,75
AlJazeeraEnglish,12684,2024-12-26 23:07:33+00:00,"Israel strikes Yemen’s Sanaa airport, Hodeidah power plant: Reports
@aljazeeraenglish",1122.0,0.0,0,85
AlJazeeraEnglish,12683,2024-12-26 15:43:13+00:00,"Syria: Palestinian refugees return to destroyed homes in Yarmouk camp
@aljazeeraenglish",1365.0,2.0,0,87
AlJazeeraEnglish,12682,2024-12-26 15:42:48+00:00,"2024 in Review: Bangladesh’s political earthquake | The Take
@aljazeeraenglish",1234.0,1.0,0,78
AlJazeeraEnglish,12681,2024-12-26 05:12:45+00:00,"Palestinian choristers mark a sad Christmas from Bethlehem to Gaza
@aljazeeraenglish",1267.0,2.0,0,84
AlJazeeraEnglish,12680,2024-12-26 05:12:19+00:00,"Five journalists killed in Israeli strike near hospital, authorities say
@aljazeeraenglish",1241.0,1.0,0,90
IndiaToday,11931,2023-09-01 08:25:15+00:00,__This message couldn't be displayed on your device due to copyright infringement.__,,,0,84
timesofindia,1731,2022-10-14 03:33:16+00:00,#Pictory #Gurgaon #Gurgaonupdates #Story #Dailyupdates,306352.0,75.0,0,54
timesofindia,1729,2022-10-07 05:53:55+00:00,#Gurgaon #Dates #Photography #Pictory,240934.0,35.0,0,37
timesofindia,1725,2022-09-26 00:53:00+00:00,Wishing our readers a happy Navratri!,125934.0,5.0,0,37
timesofindia,1724,2022-09-25 15:52:58+00:00,#Pictory #WeMakeGurgaon #Artist #Sculptor #photography,114862.0,8.0,0,54
timesofindia,1721,2022-09-13 06:34:46+00:00,Read more on www.toigurgaon.com,78009.0,12.0,0,31
timesofindia,1717,2022-09-09 04:53:54+00:00,#Encroached footpaths of Gurgaon,54179.0,1.0,0,32
timesofindia,1713,2022-09-04 04:46:22+00:00,Share you story on www.toigurgaon.com,35614.0,4.0,0,37
timesofindia,1711,2022-09-03 05:08:47+00:00,"What experience in Gurgaon has got you excited or made you want to change it? Submit a photo or story on www.toigurgaon.com

#WeMakeGurgaon #Gurgaon #Gurugrammers #TimesofIndia",29338.0,2.0,0,176
timesofindia,1708,2022-09-02 08:11:40+00:00,#TheTrustofIndia #PrintImprints #TheTimesofIndia,26567.0,2.0,0,48
timesofindia,1700,2022-08-13 03:23:57+00:00,"To sign up as an organ donor, give a missed call on 8506020020 or visit OrganDonationDay.in",29771.0,7.0,0,91
timesofindia,1696,2022-03-14 06:54:39+00:00,#HSBCGoGreenCyclothon_TOI #LetDelhiBreathe,60177.0,22.0,0,42
timesofindia,1693,2022-03-10 10:18:44+00:00,#HSBCGoGreenCyclothon_TOI for #LetDelhiBreathe,41433.0,14.0,0,46
timesofindia,1691,2022-03-04 12:26:04+00:00,"There are so many reasons to love cycling ! For some it’s fitness and for others it’s the sheer joy of experiencing the wind in your hair as you pedal under the blue skies.  To continue spreading this love for the ride and to promote a green and clean city for our community, we’re bringing you a first of its kind cyclothon on 13th March at the JLN Stadium, Delhi.  Tell us why you love cycling in the comments below and register now on www.GoGreenCyclothon.com to participate in a fun filled morning for #LetDelhiBreathe",39083.0,9.0,0,522
timesofindia,1690,2022-03-01 03:11:23+00:00,"Inviting all responsible cycling enthusiasts for a first of its kind cycling event where e-cyclists and cyclists from Delhi NCR will come together and pedal for cleaner skies and greener cities on 13th March from the JLN Stadium, Delhi.​

Register for the HSBC Go Green Cyclothon – an initiative by The Times of India on gogreencyclothon.com​

HSBC #HSBCGoGreenCyclothon_TOI #TheTimesOfIndia #LetDelhiBreathe #HSBCIndia",35422.0,2.0,0,419
timesofindia,1682,2021-08-24 11:27:52+00:00,Start a conversation. Log on to www.TheTrustOfIndia.com,58612.0,17.0,0,55
timesofindia,1679,2021-08-23 05:19:36+00:00,"To see the schedule and register, visit www.TimesLitfest.com",44278.0,5.0,0,60
timesofindia,1675,2021-08-23 03:57:20+00:00,#daily #horoscope,35433.0,4.0,0,17
timesofindia,1651,2021-08-23 03:19:54+00:00,#frontpage,19913.0,6.0,0,10
timesofindia,1604,2021-08-18 04:21:22+00:00,"To sign up as an organ donor,  
visit organdonationday.in or give  
a missed call on 8882110088",2765.0,2.0,0,95
timesofindia,1584,2021-08-17 04:57:23+00:00,"Join @TimesKeepLearning for news & updates on kids, schools, colleges, exams and admissions",2066.0,0.0,0,91
timesofindia,1353,2021-07-31 04:12:12+00:00,Join @TimesKeepLearning for news on CBSE results & other education updates,1291.0,0.0,0,74
timesofindia,1334,2021-07-30 03:54:38+00:00,"Join @TimesKeepLearning for news & updates on schools, colleges, exams and admissions",1370.0,0.0,0,85
timesofindia,1326,2021-07-30 03:18:43+00:00,Visit www.toirsvp.com/1,936.0,1.0,0,23
timesofindia,1315,2021-07-29 05:19:42+00:00,"Join @TimesKeepLearning for updates on education, exams and admissions",1258.0,0.0,0,70
timesofindia,1295,2021-07-28 06:00:27+00:00,Tell us about the welfare measures your society has taken during lockdown and we will feature the best ones in TOI. Visit www.toi.in/mysocietypride to share details,1355.0,0.0,0,164
timesofindia,1294,2021-07-28 03:50:05+00:00,Join @TimesKeepLearning for updates on education and admission,1332.0,0.0,0,62
timesofindia,1250,2021-07-26 03:00:24+00:00,Join @TimesKeepLearning channel for education news and updates,860.0,0.0,0,62
memesouterspace1,11275,2026-03-28 17:04:22+00:00,@memesouterspace1,1883.0,16.0,7,17
memesouterspace1,11227,2024-04-14 15:20:40+00:00,"**If there is anyone, either a freelancer or an individual, who has USD in their Payoneer account and is looking for a reliable option to convert it to ETB at a fair rate, please do not hesitate to contact me.** @alazarwoldu",10407.0,1.0,1,224
memesouterspace1,10941,2023-06-15 17:24:38+00:00,@memeouterspace1,5299.0,48.0,0,16
memesouterspace1,10863,2022-12-29 18:32:53+00:00,@Memesouterspace1,15604.0,73.0,0,17
memesouterspace1,10805,2022-09-09 06:55:53+00:00,@memesouterspace1 R.I.P init 💀 😂,12408.0,20.0,2,32
memesouterspace1,10782,2022-08-15 11:56:56+00:00,"@ariftradeer

@ARIFTRADERJOINVIP

Our VIP is Free !!!",10746.0,2.0,0,53
memesouterspace1,10780,2022-08-15 11:56:33+00:00,"NOTICE ‼️

All Forex Traders our channel is bringing you a limited time offer, Our Trading📈 and VIP⚜ channels are going free for just a couple days.

Do not miss out.

Join, Share & Earn💸💵💸",9631.0,1.0,0,189
memesouterspace1,10749,2022-07-16 19:00:42+00:00,"Women. 
@memesouterspace1",11968.0,24.0,15,25
memesouterspace1,10706,2022-06-13 18:40:17+00:00,"Excuse me?
@memesouterspace1",10931.0,48.0,3,28
ig_meme_templatesofficial,781,2026-05-05 11:32:29+00:00,Angry Birds New Meme Template,2467.0,2.0,0,29
ig_meme_templatesofficial,780,2026-05-03 04:51:34+00:00,New Meme Template,3203.0,2.0,0,17
ig_meme_templatesofficial,778,2025-07-28 13:26:13+00:00,James doakes Stare Meme Template 👀👀,24156.0,54.0,0,35
ig_meme_templatesofficial,777,2025-07-17 02:33:17+00:00,Answering the Reports Meme Template 😬🤣,24377.0,37.0,0,38
ig_meme_templatesofficial,776,2025-07-17 02:24:22+00:00,Punjabi Govinda Meme Template 😂🙏,22637.0,34.0,0,32
ig_meme_templatesofficial,775,2025-07-13 11:30:24+00:00,Lonely Boy Meme Template 💔💔,19707.0,15.0,0,27
ig_meme_templatesofficial,770,2025-07-01 13:40:11+00:00,Kid on Boat Meme Template 😎😎⛵🛶,17502.0,18.0,0,30
ig_meme_templatesofficial,769,2025-07-01 13:40:03+00:00,Kids on Boat Meme Template 😎😎⛵🛶,14817.0,6.0,0,31
ig_meme_templatesofficial,764,2025-06-21 15:27:46+00:00,Dil per Chalai Chhuriya Meme Template 👏👏💔,19421.0,20.0,0,41
ig_meme_templatesofficial,763,2025-06-21 12:15:51+00:00,Sus Meme Template 😭😭,14444.0,13.0,0,20
ig_meme_templatesofficial,762,2025-06-21 12:15:12+00:00,Dancing Meme Template 💃🕺,12859.0,15.0,0,24
ig_meme_templatesofficial,759,2025-06-19 08:06:49+00:00,Aacha La*de Meme Template 😂😂🙏 (Low Quality on High Demand),12964.0,7.0,0,58
ig_meme_templatesofficial,756,2025-06-18 14:38:24+00:00,Running Meme Template 🏃‍♂️🏃💨💨,11777.0,17.0,0,29
ig_meme_templatesofficial,755,2025-06-17 11:01:51+00:00,Aacha La*de Meme Template 😂😂🙏,11241.0,13.0,0,29
ig_meme_templatesofficial,754,2025-06-17 11:01:27+00:00,Speed Saw Messi Meme Template 😮😲,10845.0,11.0,0,32
ig_meme_templatesofficial,751,2025-06-15 11:27:00+00:00,New Meme Template ♥️♥️💯🙏,10972.0,10.0,0,24
ig_meme_templatesofficial,750,2025-06-15 11:26:06+00:00,Dancing Meme Template 🕺💃🔥💯,10401.0,32.0,0,26
ig_meme_templatesofficial,749,2025-06-15 11:25:35+00:00,Pookie Meme Template ♥️🔥🎀,10250.0,11.0,0,25
ig_meme_templatesofficial,745,2025-06-11 13:01:26+00:00,Chess Meme Template ♟️🙏,10072.0,23.0,0,23
ig_meme_templatesofficial,744,2025-06-11 12:35:53+00:00,Pakda Gaya Meme Template 💀💀,8912.0,15.0,0,27
ig_meme_templatesofficial,739,2025-06-09 08:03:17+00:00,Sleeping Dog Meme Template 🐕,9740.0,28.0,0,28
ig_meme_templatesofficial,738,2025-06-09 08:02:16+00:00,Kid Dancing Meme Template 🔥💯,8835.0,24.0,0,28
ig_meme_templatesofficial,736,2025-06-06 11:30:20+00:00,New Meme Template 💀☠️,8993.0,27.0,0,21
ig_meme_templatesofficial,733,2025-06-05 13:35:56+00:00,RCB Fan Celebration Meme Template #2 🤣🤣🙏,8911.0,13.0,0,40
ig_meme_templatesofficial,732,2025-06-05 12:33:26+00:00,RCB Fan Celebration Meme Template 🔥💯,8587.0,15.0,0,36
ig_meme_templatesofficial,731,2025-06-05 12:32:24+00:00,Gaand Jali Meme Template 🔥🔥🔥,7524.0,18.0,0,28
ig_meme_templatesofficial,730,2025-06-05 12:31:29+00:00,New Meme Template 🔥💯,7451.0,6.0,0,20
ig_meme_templatesofficial,729,2025-06-05 12:30:49+00:00,Lesbian Meme Template 🏳️‍🌈,7370.0,8.0,0,26
ig_meme_templatesofficial,726,2025-06-03 18:38:47+00:00,Virat Kohli Celebration Meme Template 🙏🔥💯,8450.0,17.0,0,41
ig_meme_templatesofficial,725,2025-06-03 18:28:04+00:00,RCB Won Status for you 😎💪♥️,7534.0,0.0,0,27
ig_meme_templatesofficial,723,2025-06-03 13:08:57+00:00,New Meme Template 🙏,7223.0,13.0,0,19
ig_meme_templatesofficial,718,2025-06-01 07:07:13+00:00,Aule le le kitna bhola baacha hai ye CID Meme Template 😂😂,7816.0,22.0,0,57
ig_meme_templatesofficial,717,2025-06-01 07:06:28+00:00,Arpit Bala Chup Meme Template 🤫,7026.0,17.0,0,31
ig_meme_templatesofficial,716,2025-05-31 11:59:50+00:00,Kangaroo Meme Template 🦘,7049.0,15.0,0,24
ig_meme_templatesofficial,715,2025-05-31 10:45:27+00:00,Cat Meme Template 😾,6940.0,21.0,0,19
ig_meme_templatesofficial,712,2025-05-29 16:35:35+00:00,Virat Kohli Celebration Meme Template 🔥👑🎉🎊,8227.0,7.0,0,42
ig_meme_templatesofficial,711,2025-05-29 16:31:56+00:00,Virat Kohli Today's Match Meme Template 👑💯🔥,7725.0,4.0,0,43
ig_meme_templatesofficial,708,2025-05-27 05:44:02+00:00,Mannequin Meme Template 😂🙏💯,8097.0,13.0,0,27
ig_meme_templatesofficial,707,2025-05-27 05:41:58+00:00,Pretty Zinta Meme Template 😍💯🔥,7197.0,12.0,0,30
ig_meme_templatesofficial,706,2025-05-27 05:38:51+00:00,Technalogia Meme Template 😂🙏,6752.0,13.0,0,28
ig_meme_templatesofficial,703,2025-05-25 13:26:37+00:00,Me with My Homies 😍 Meme Template,7740.0,20.0,0,33
ig_meme_templatesofficial,700,2025-05-23 13:48:01+00:00,Balloons Meme Template 🎈🎈,8460.0,10.0,0,25
ig_meme_templatesofficial,699,2025-05-23 13:44:55+00:00,Sad Meme Template 💔,6750.0,16.0,0,19
ig_meme_templatesofficial,698,2025-05-23 13:44:15+00:00,Explaining to Wall Meme Template 😂,6381.0,19.0,0,34
ig_meme_templatesofficial,696,2025-05-22 13:26:25+00:00,Batman vs Superman 🦸🦇🔥,6997.0,19.0,0,22
ig_meme_templatesofficial,695,2025-05-22 07:05:24+00:00,Football Save Meme Template ⚽,6448.0,8.0,0,29
ig_meme_templatesofficial,690,2025-05-21 08:29:55+00:00,Cricketers Meme Template with Examples 😎,6043.0,11.0,0,40
ig_meme_templatesofficial,689,2025-05-21 08:26:33+00:00,Allu Arjun Meme Template 🙏💀,6142.0,13.0,0,27
ig_meme_templatesofficial,688,2025-05-21 08:25:53+00:00,Kid Meme Template 😎,6096.0,8.0,0,19
ig_meme_templatesofficial,684,2025-05-17 15:06:13+00:00,Security/Bodyguard Meme Template 😎💪,7045.0,14.0,0,35
ig_meme_templatesofficial,682,2025-05-16 13:19:41+00:00,Meri Selection ho gai hai Meme Template 😎🔥,6881.0,20.0,0,42
ig_meme_templatesofficial,681,2025-05-16 13:16:54+00:00,Rich Oggy Meme Template 💲💵,6081.0,14.0,0,26
ig_meme_templatesofficial,679,2025-05-16 04:36:38+00:00,Security Guard/Watchman Meme Template 😎💯,6340.0,16.0,0,40
ig_meme_templatesofficial,676,2025-05-14 13:17:39+00:00,Modi Ji,7066.0,10.0,0,7
ig_meme_templatesofficial,673,2025-05-12 13:07:04+00:00,Tere Naino Mein Meme Template 😍🔥,7212.0,18.0,0,32
ig_meme_templatesofficial,672,2025-05-12 06:10:08+00:00,New Dog Meme Template 🐶🐕,6725.0,21.0,0,24
ig_meme_templatesofficial,671,2025-05-10 19:27:45+00:00,New Meme Template 💪,6812.0,5.0,0,19
ig_meme_templatesofficial,667,2025-05-09 14:52:27+00:00,Pak People 😂,6686.0,4.0,0,12
ig_meme_templatesofficial,661,2025-05-06 13:41:21+00:00,New Meme Template 😂💯🙏,7227.0,11.0,0,21
ig_meme_templatesofficial,658,2025-05-03 04:58:22+00:00,Sanni Dancer Meme Template 🕺🕺,7968.0,29.0,0,29
ig_meme_templatesofficial,654,2025-05-02 12:35:45+00:00,Daredevil Meme Template 😈💯,7048.0,3.0,0,26
ig_meme_templatesofficial,653,2025-05-02 12:35:19+00:00,Lafda Meme Template 💪😎🗿,6991.0,10.0,0,23
ig_meme_templatesofficial,648,2025-04-26 13:20:53+00:00,"""Le mutt diya thare...."" Meme Template",9345.0,14.0,0,38
ig_meme_templatesofficial,647,2025-04-26 09:37:19+00:00,Virat (King) Meme Template 👑,8473.0,13.0,0,28
ig_meme_templatesofficial,646,2025-04-26 09:36:46+00:00,Indus Water Treaty Meme Template 💦💧😂💯,7631.0,6.0,0,37
ig_meme_templatesofficial,641,2025-04-23 09:43:11+00:00,Batman In Rain Meme Template,8534.0,40.0,0,28
ig_meme_templatesofficial,640,2025-04-23 09:42:32+00:00,Singers name Meme Template Green Screen,7285.0,9.0,0,39
ig_meme_templatesofficial,639,2025-04-23 09:42:06+00:00,Singers Names Meme Template,6826.0,1.0,0,27
ig_meme_templatesofficial,637,2025-04-22 08:48:37+00:00,Dekh Beta to a Blind Boy Meme Template 😂😂,7772.0,14.0,0,41
ig_meme_templatesofficial,636,2025-04-22 08:47:24+00:00,Time lagega Meme Template 😂🔥,7208.0,20.0,0,28
ig_meme_templatesofficial,634,2025-04-21 05:06:06+00:00,Man in rain meme template,7438.0,21.0,0,25
ig_meme_templatesofficial,633,2025-04-19 15:44:22+00:00,Animals Meme Template,7166.0,17.0,0,21
ig_meme_templatesofficial,632,2025-04-19 15:43:49+00:00,Men Smiling Meme Template,7382.0,33.0,0,25
ig_meme_templatesofficial,631,2025-04-19 15:43:48+00:00,Sensations meme template,6763.0,8.0,0,24
ig_meme_templatesofficial,628,2025-04-17 09:50:21+00:00,Dancing Dolls Meme Template,7653.0,16.0,0,27
ig_meme_templatesofficial,627,2025-04-17 09:50:09+00:00,Jethalal Meme Template,7319.0,17.0,0,22
ig_meme_templatesofficial,626,2025-04-17 09:48:39+00:00,Musical Meme Template,7433.0,29.0,0,21
ig_meme_templatesofficial,620,2025-04-09 08:40:57+00:00,Ritesh and Tushar Meme Template,9935.0,18.0,0,31
ig_meme_templatesofficial,619,2025-04-09 07:07:23+00:00,Bike Riding Diddy Meme Template #2 🏍️,8603.0,15.0,0,37
ig_meme_templatesofficial,618,2025-04-09 07:07:14+00:00,Bike Riding Diddy Meme Template #1 🏍️,7438.0,29.0,0,37
ig_meme_templatesofficial,616,2025-04-08 13:02:04+00:00,Sanjay Dutt Walk Meme Template 🔥💪😎,7853.0,18.0,0,34
ig_meme_templatesofficial,615,2025-04-08 13:00:02+00:00,Rage Meme Template 🥊,7112.0,7.0,0,20
ig_meme_templatesofficial,613,2025-04-06 06:50:44+00:00,सट्टा Part 2 Meme Template 💵💸,7891.0,25.0,0,29
ig_meme_templatesofficial,612,2025-04-06 06:50:30+00:00,सट्टा Part 1 Meme Template 💵💸,6957.0,13.0,0,29
ig_meme_templatesofficial,610,2025-04-04 11:58:48+00:00,Dog Dancing Meme Template 🐶🐕,7859.0,12.0,0,28
ig_meme_templatesofficial,609,2025-04-04 11:57:47+00:00,Mumbai Indians Fan Crying Meme Template 😭🙏,7242.0,18.0,0,42
ig_meme_templatesofficial,606,2025-04-02 08:40:12+00:00,Lucky Bhai Meme Template 🐕🐶,8118.0,17.0,0,27
ig_meme_templatesofficial,603,2025-03-31 12:57:29+00:00,No Meme Template ❌🙅‍♂️,8103.0,20.0,0,22
ig_meme_templatesofficial,602,2025-03-31 12:57:07+00:00,Back to Life Meme Template 🙌🔥,6984.0,31.0,0,29
ig_meme_templatesofficial,600,2025-03-28 12:09:39+00:00,Guy Riding Horse Meme Template 🔥🤩,7402.0,8.0,0,33
ig_meme_templatesofficial,599,2025-03-28 12:08:07+00:00,David Warner Meme Template 🔥💯,7173.0,12.0,0,29
ig_meme_templatesofficial,598,2025-03-28 12:06:23+00:00,Pushpa Movie Meme Template 😂,7089.0,14.0,0,28
ig_meme_templatesofficial,597,2025-03-27 14:21:15+00:00,New Meme Template 🤙🤙,6932.0,13.0,0,20
ig_meme_templatesofficial,591,2025-03-26 15:24:00+00:00,Love Birds Meme Template ♥️❣️,7243.0,23.0,0,29
ig_meme_templatesofficial,590,2025-03-26 15:18:50+00:00,New Meme Template 💓,6911.0,6.0,0,19
ig_meme_templatesofficial,586,2025-03-21 08:41:16+00:00,Sher Meme Template 🦁🦁,8978.0,22.0,0,21
ig_meme_templatesofficial,584,2025-03-19 14:18:51+00:00,Attitude Meme Template 🥴🥴,8155.0,8.0,0,25
ig_meme_templatesofficial,583,2025-03-19 08:58:58+00:00,New Meme Template 🕺🕺,7912.0,9.0,0,20
ig_meme_templatesofficial,578,2025-03-12 10:04:52+00:00,Holi Meme Templates,10250.0,6.0,0,19
ig_meme_templatesofficial,574,2025-03-11 15:35:00+00:00,Holi Meme Templates (Girls vs Boys),7689.0,7.0,0,35
ig_meme_templatesofficial,573,2025-03-11 15:34:41+00:00,Holi Meme Template,7589.0,2.0,0,18
ig_meme_templatesofficial,571,2025-03-11 03:21:17+00:00,Peter Meme Template 😁,8207.0,25.0,0,21
ig_meme_templatesofficial,569,2025-03-07 13:49:20+00:00,Jethalal Sad Meme Template 😭💔,9127.0,19.0,0,29
ig_meme_templatesofficial,568,2025-03-07 13:48:37+00:00,Dog Meme Template 🐶🐕,8163.0,11.0,0,20
ig_meme_templatesofficial,565,2025-03-06 06:59:10+00:00,Jethalal New Meme Template 🥺,8737.0,12.0,0,28
ig_meme_templatesofficial,564,2025-03-06 06:57:58+00:00,Jethalal Happy Dance Meme Template 🕺 💯🔥,7897.0,30.0,0,39
ig_meme_templatesofficial,563,2025-03-06 06:57:07+00:00,Hrithik Roshan Sad Meme Template 😢😭,7483.0,17.0,0,35
ig_meme_templatesofficial,561,2025-03-03 12:00:24+00:00,Unedited 👆 Cat Meme Template 🐱🐈,8217.0,13.0,0,31
ig_meme_templatesofficial,560,2025-03-03 12:00:04+00:00,Edited 👆 Cat Meme Template 🐱🐈,7943.0,23.0,0,29
ig_meme_templatesofficial,559,2025-03-03 05:18:20+00:00,IIT Baba Meme Template,7989.0,11.0,0,22
ig_meme_templatesofficial,557,2025-02-27 11:58:22+00:00,CID 🏃💨 Meme Template,9464.0,19.0,0,20
ig_meme_templatesofficial,556,2025-02-25 03:37:12+00:00,"Cats Dancing and Singing Meme Template, 🤩🥰♥️",9904.0,16.0,0,44
ig_meme_templatesofficial,552,2025-02-22 12:19:52+00:00,Happy Meme Template 🤩🔥💯,9686.0,16.0,0,23
ig_meme_templatesofficial,551,2025-02-20 11:39:59+00:00,New or Old Meme Template?? 💯🔥,9629.0,24.0,0,29
ig_meme_templatesofficial,550,2025-02-19 14:34:26+00:00,New Meme Template 🎀,9409.0,44.0,0,19
ig_meme_templatesofficial,548,2025-02-18 13:46:45+00:00,More variation of the Template,9487.0,0.0,0,30
ig_meme_templatesofficial,541,2025-02-15 12:54:58+00:00,Berserk Meme Template 🎀🗿,10039.0,25.0,0,24
ig_meme_templatesofficial,539,2025-02-13 13:38:14+00:00,Berserk Meme Template 🤩💯🔥🗿,10127.0,7.0,0,26
ig_meme_templatesofficial,538,2025-02-12 07:05:26+00:00,Samay and Ranveer Meme Template,10329.0,7.0,0,31
ig_meme_templatesofficial,536,2025-02-10 11:56:59+00:00,Salman Bhai Relatable Meme Template 😢🥺,10038.0,16.0,0,38
ig_meme_templatesofficial,535,2025-02-08 12:03:54+00:00,Doremon Relatable Meme Template 😢🥺,10025.0,32.0,0,34
ig_meme_templatesofficial,533,2025-02-06 14:09:14+00:00,Ch*d Gaye Guru Meme Template🐵🐒,11102.0,24.0,0,30
ig_meme_templatesofficial,532,2025-02-05 08:29:07+00:00,CID Meme Template 💯🐐,11358.0,7.0,0,20
ig_meme_templatesofficial,531,2025-02-03 12:55:08+00:00,Pregnant 🤰 Meme Template,11387.0,28.0,0,24
ig_meme_templatesofficial,530,2025-01-25 06:46:14+00:00,Ronaldo looking at Mohamed Salah Meme Template ⚽🐐🔥💯,13373.0,17.0,0,51
ig_meme_templatesofficial,529,2025-01-13 12:00:38+00:00,Trending Song Meme Template 🗿💯🤩🔥,15348.0,21.0,0,32
ig_meme_templatesofficial,528,2025-01-13 08:51:29+00:00,New Meme Template 🗿🔥💯,14138.0,41.0,0,21
ig_meme_templatesofficial,527,2025-01-09 15:20:48+00:00,"Boys vs Girls New Meme Template, 💯🔥🗿",14575.0,16.0,0,36
ig_meme_templatesofficial,526,2025-01-08 12:24:58+00:00,TMKOC MEME TEMPLATE 🥺😢,13878.0,33.0,0,22
ig_meme_templatesofficial,525,2025-01-06 05:05:56+00:00,Ramdev Baba Running Meme Template 🏃🏃‍♂️🥇,13591.0,37.0,0,40
ig_meme_templatesofficial,524,2025-01-01 06:40:21+00:00,Squid Games S2 Thanos Meme Template,14671.0,15.0,0,35
ig_meme_templatesofficial,523,2024-12-31 09:11:27+00:00,Signature Pose of Men Meme Template,15306.0,51.0,0,35
ig_meme_templatesofficial,522,2024-12-31 09:10:57+00:00,Pushpa Meme Template,14252.0,16.0,0,20
ig_meme_templatesofficial,521,2024-12-29 08:53:24+00:00,Chris Evans Meme Template,13242.0,30.0,0,25
ig_meme_templatesofficial,520,2024-12-28 04:39:21+00:00,Honey Singh Meme Template,14263.0,9.0,0,25
ig_meme_templatesofficial,519,2024-12-24 06:23:39+00:00,Yassshuuu Meme Template,14019.0,21.0,0,23
ig_meme_templatesofficial,518,2024-12-22 15:18:40+00:00,Superman New Meme Template,13514.0,9.0,0,26
ig_meme_templatesofficial,517,2024-12-21 17:40:39+00:00,Fear of mard jaat Meme Template,14211.0,12.0,0,31
ig_meme_templatesofficial,516,2024-12-21 17:40:31+00:00,Savage Boys entry (Ranbir) Meme Template,12455.0,11.0,0,40
ig_meme_templatesofficial,515,2024-12-21 17:38:57+00:00,Cute kid meme Template #2,12566.0,28.0,0,25
ig_meme_templatesofficial,514,2024-12-21 17:38:47+00:00,Cute kid Meme Template,12696.0,15.0,0,22
ig_meme_templatesofficial,513,2024-12-15 04:20:16+00:00,Pookie Baba Meme Template,14638.0,9.0,0,25
ig_meme_templatesofficial,512,2024-12-15 04:18:19+00:00,Flash vs Dhammal Race Meme Template,13904.0,12.0,0,35
ig_meme_templatesofficial,511,2024-12-15 04:18:09+00:00,Animal Meme Template,12457.0,9.0,0,20
ig_meme_templatesofficial,510,2024-12-15 04:18:00+00:00,Badshah Meme Template,12129.0,3.0,0,21
ig_meme_templatesofficial,509,2024-12-08 12:47:22+00:00,Hulk and Thor Meme Template 🗿✔️🔥,12953.0,11.0,0,32
ig_meme_templatesofficial,508,2024-12-07 13:04:55+00:00,Not so Chill Guy Meme Template 🔥💯😝,12656.0,10.0,0,34
ig_meme_templatesofficial,507,2024-12-02 12:06:26+00:00,Tending Audio with examples ☝️👆🗿,13870.0,0.0,0,32
ig_meme_templatesofficial,502,2024-12-02 12:04:35+00:00,Samay Meme Template 🔥🤩😂,13335.0,21.0,0,23
ig_meme_templatesofficial,501,2024-12-01 14:18:15+00:00,Arpit Bala Free Fire Khelna hai Meme Template 🔥💯,12620.0,35.0,0,48
ig_meme_templatesofficial,500,2024-11-30 12:35:43+00:00,Kaam Band hai Kaam Band hai Meme Template 🤣🙏,11168.0,18.0,0,44
ig_meme_templatesofficial,499,2024-11-30 12:33:23+00:00,Chill Guy Meme Template 🔥💯,10807.0,22.0,0,26
ig_meme_templatesofficial,498,2024-11-30 12:26:19+00:00,Chill Guy Meme Template 🔥🔥💯,10646.0,20.0,0,27
ig_meme_templatesofficial,480,2024-11-22 14:01:12+00:00,Chill Meme Template,10811.0,19.0,0,19
ig_meme_templatesofficial,479,2024-11-21 08:56:23+00:00,Lady in Parliament Meme Template,11312.0,17.0,0,32
ig_meme_templatesofficial,478,2024-11-21 08:55:26+00:00,Meme Template,11091.0,7.0,0,13
ig_meme_templatesofficial,477,2024-11-21 08:55:06+00:00,Arpit Bala Meme Template,11240.0,26.0,0,24
ig_meme_templatesofficial,475,2024-10-24 11:10:25+00:00,Juice Pila do Mausambi ka Meme Template😂😂,15903.0,33.0,0,41
ig_meme_templatesofficial,474,2024-10-19 05:32:41+00:00,3 Idiots Meme Template💯😎🔥,16784.0,18.0,0,25
ig_meme_templatesofficial,472,2024-10-17 16:10:42+00:00,Confused Guy Meme Template 😵⁉️,16054.0,54.0,0,30
ig_meme_templatesofficial,471,2024-10-15 16:22:44+00:00,"If you know the episode number, DM me with number on Instagram",14401.0,0.0,0,62
ig_meme_templatesofficial,470,2024-10-15 16:22:29+00:00,ACP Pradyuman Meme Template 😎,15070.0,30.0,0,29
ig_meme_templatesofficial,469,2024-10-07 14:56:48+00:00,Aapnu Khali Technique batayega Meme Template😎💯🔥,16741.0,23.0,0,47
ig_meme_templatesofficial,468,2024-10-05 12:44:44+00:00,New Meme Template 😎🔥💯,16046.0,30.0,0,21
ig_meme_templatesofficial,467,2024-10-04 04:55:02+00:00,ए मुर्ख अपनी छवि सुधर Meme Template💯😎🔥,15054.0,31.0,0,38
ig_meme_templatesofficial,464,2024-09-30 21:52:32+00:00,Awaaz na aye teri Meme Template 🐶🤫,16169.0,23.0,0,34
ig_meme_templatesofficial,463,2024-09-29 08:01:47+00:00,Sapna Meme Template ♥️😍,15924.0,30.0,0,23
ig_meme_templatesofficial,462,2024-09-27 05:48:01+00:00,"LinkedIn Premium at discounted rates!! 
DM me to get yours!!",15201.0,0.0,0,60
ig_meme_templatesofficial,461,2024-09-25 12:28:45+00:00,Lady's Aura Meme Template💯😎🔥,14719.0,18.0,0,28
ig_meme_templatesofficial,459,2024-09-20 14:42:43+00:00,Sapne Dekhna 💭🔥🤩 Meme Template,16344.0,37.0,0,30
ig_meme_templatesofficial,458,2024-09-18 12:06:35+00:00,New Meme Template 💯🔥,16225.0,38.0,0,20
ig_meme_templatesofficial,457,2024-09-17 13:08:55+00:00,Sad to Motivation Meme Template💯😎🔥🤝,16945.0,84.0,0,35
ig_meme_templatesofficial,456,2024-09-16 13:09:55+00:00,New Dancing 🕺🕺 Meme Template,15886.0,37.0,0,28
ig_meme_templatesofficial,453,2024-09-13 08:56:28+00:00,Shinchan Meme Template 💯♥️🔥,14526.0,29.0,0,27
ig_meme_templatesofficial,452,2024-09-11 20:08:51+00:00,"Hello Guys, 
WE ARE FUGKING BACK!!! ❤️😍🔥

Our Instagram page has been unbanned and restored !! 

I don't know how to express my feelings right now. 
Almost 2 mahine se I am trying to recover this account with almost 100s of ways. 
And Finallllyyyyy Ganapati Bappa ke aate hi account wapas aagaya. 
I am so glad and happy that we recovered this account.
It took my a lot of money to recover this, but that is secondary. 
I am excited to start posting again and give you all the latest and interesting meme templates and new trends!! 

This is a fresh new start. Keep supporting and Thanks for all the loyalty and support so far ❤️❤️❤️
I Love you all!!

A sincere request to all :
Follow my backup Page on Instagram just in case anything happens again

@meme_templatesofficial_backup",14895.0,1.0,0,781
ig_meme_templatesofficial,451,2024-08-23 08:58:24+00:00,Original CID Meme Template 😝,18757.0,41.0,0,28
ig_meme_templatesofficial,450,2024-08-19 05:33:46+00:00,Raksha Bandhan Special Meme Template 😍,19129.0,13.0,0,38
ig_meme_templatesofficial,448,2024-08-18 05:43:22+00:00,Dog Riding Template Part 2♥️💯,17641.0,27.0,0,29
ig_meme_templatesofficial,447,2024-08-11 05:42:49+00:00,Monkey Riding Cycle Meme Template 🐒🐵,18043.0,32.0,0,36
ig_meme_templatesofficial,446,2024-08-03 08:54:41+00:00,Paragliding 2.0 Meme Template🙋🙆‍♀️💃,18913.0,31.0,0,35
ig_meme_templatesofficial,445,2024-08-01 07:39:07+00:00,Jim Carrey Savage Walk Meme Template 🚶🚶‍♂️,18552.0,29.0,0,42
ig_meme_templatesofficial,444,2024-07-31 06:02:53+00:00,Ted Meme Template 🐻🧸,17779.0,29.0,0,20
ig_meme_templatesofficial,443,2024-07-30 14:45:53+00:00,"New Meme Template 🔥💯🤝,",15910.0,24.0,0,22
ig_meme_templatesofficial,442,2024-07-29 14:14:03+00:00,Batman 🦇💯 Meme Template,16451.0,43.0,0,23
ig_meme_templatesofficial,441,2024-07-28 14:51:10+00:00,Robert Downey Jr ♥️💪👑 Meme Template,15292.0,15.0,0,35
ig_meme_templatesofficial,440,2024-07-28 08:18:46+00:00,Deadpool and Wolverine Meme Template ♥️💯🔥,15117.0,17.0,0,41
ig_meme_templatesofficial,439,2024-07-27 07:23:38+00:00,Captain America vs Soldier Boy 💪♥️ Meme Template,14705.0,8.0,0,48
ig_meme_templatesofficial,438,2024-07-25 14:35:50+00:00,Cheen Ta Paak Meme Template 😂🔥,15037.0,35.0,0,30
ig_meme_templatesofficial,437,2024-07-23 06:13:19+00:00,The Boys (Hindi Dub) 😂💯🔥,16462.0,22.0,0,24
ig_meme_templatesofficial,436,2024-07-21 12:03:56+00:00,CarryMinati as Bill Gates Meme Template 🔥💯,16747.0,31.0,0,42
ig_meme_templatesofficial,435,2024-07-20 13:08:15+00:00,Virat Kohli (KING 👑) Meme Template,15716.0,19.0,0,34
ig_meme_templatesofficial,434,2024-07-18 14:54:31+00:00,Chhinal 😂 Meme Template,15600.0,24.0,0,23
ig_meme_templatesofficial,433,2024-07-15 14:55:28+00:00,SRK Meme Template ♥️🔥💯,16284.0,34.0,0,22
ig_meme_templatesofficial,432,2024-07-14 06:49:00+00:00,Don't Limit The Cross 😡😠 Meme Template,15921.0,33.0,0,38
ig_meme_templatesofficial,431,2024-07-12 13:16:55+00:00,"Check out @modixbox on IG for such amazing Mugs, Keychains and many more...♥️💯🔥

Trusted and Humble Guy 💪✌️

Get your Personalized Mug Print like we did♥️🥰",15886.0,2.0,0,155
ig_meme_templatesofficial,430,2024-07-10 06:44:53+00:00,The Boys Meme Template 💯🥰,15848.0,38.0,0,25
ig_meme_templatesofficial,429,2024-07-05 05:05:08+00:00,Need Your Support ♥️💯,16945.0,0.0,0,21
ig_meme_templatesofficial,427,2024-07-04 13:06:51+00:00,Amrish Puri Meme Template,17115.0,37.0,0,25
ig_meme_templatesofficial,426,2024-07-03 16:57:36+00:00,Jethalal & Bhagha Meme Template 💯♥️,17633.0,11.0,0,35
ig_meme_templatesofficial,425,2024-06-29 17:35:33+00:00,Demon Slayer (Muzan Walk)🚶 Meme Template 🔥💯,18480.0,29.0,0,43
ig_meme_templatesofficial,424,2024-06-25 13:52:42+00:00,#GOT Meme Template 💯😎,17956.0,13.0,0,21
ig_meme_templatesofficial,421,2024-06-24 09:04:24+00:00,The Boys Homelander Meme Template 💯♥️,17338.0,29.0,0,37
ig_meme_templatesofficial,420,2024-06-22 06:49:23+00:00,The Boys 💯♥️🔥 (Jhatu Log) Meme Template,15884.0,16.0,0,39
ig_meme_templatesofficial,419,2024-06-20 11:57:35+00:00,Mr. Perfect 👌💯 Meme Template,15870.0,29.0,0,28
ig_meme_templatesofficial,418,2024-06-19 15:10:22+00:00,Anime Girl 2 Meme Template,15847.0,16.0,0,26
ig_meme_templatesofficial,417,2024-06-19 15:10:10+00:00,Anime Girl 1 Meme Template,15431.0,27.0,0,26
ig_meme_templatesofficial,416,2024-06-18 12:19:24+00:00,Rajpal Yadav Meme Template 💯😎,15045.0,17.0,0,29
ig_meme_templatesofficial,414,2024-06-15 14:49:13+00:00,Dog Riding Meme Template 🐕🐶,15622.0,49.0,0,27
ig_meme_templatesofficial,413,2024-06-09 13:29:49+00:00,Aaha Tamatar Bade Mazedaar Meme Template 😂😂😂,16785.0,40.0,0,44
ig_meme_templatesofficial,412,2024-06-08 12:02:45+00:00,MUST WATCH 😂👆,15860.0,0.0,0,13
ig_meme_templatesofficial,410,2024-06-08 08:12:45+00:00,Old Meme Template ♥️,18378.0,47.0,0,20
ig_meme_templatesofficial,409,2024-05-31 06:43:23+00:00,Dancing Cartoons Meme Template ♥️,18890.0,18.0,0,33
ig_meme_templatesofficial,406,2024-05-26 07:00:34+00:00,Kamini Meme Template 😂,18878.0,22.0,0,22
ig_meme_templatesofficial,405,2024-05-25 12:19:44+00:00,KKR Meme Template 💜,18286.0,13.0,0,19
ig_meme_templatesofficial,404,2024-05-24 13:52:55+00:00,Johnny English Meme Template 🗣️,17054.0,21.0,0,31
ig_meme_templatesofficial,403,2024-05-24 13:50:37+00:00,Neck cuff Meme Template ☠️💀,16096.0,14.0,0,27
ig_meme_templatesofficial,402,2024-05-24 13:49:50+00:00,Heeramandi Meme Template 🗣️,15026.0,18.0,0,27
ig_meme_templatesofficial,401,2024-05-24 13:48:35+00:00,Couple Meme Template ♥️🥰,15012.0,26.0,0,24
ig_meme_templatesofficial,400,2024-05-21 07:00:31+00:00,New Meme Template ♥️🔥,16555.0,31.0,0,21
ig_meme_templatesofficial,399,2024-05-17 14:54:05+00:00,Ghost Meme Template 💀🔥,16895.0,35.0,0,22
ig_meme_templatesofficial,398,2024-05-13 12:36:16+00:00,Oggy and Jack Phone Conversation Meme Template **(HD)**🔥💯,17842.0,22.0,0,57
ig_meme_templatesofficial,397,2024-05-11 18:19:41+00:00,Jogindar Meme Template,19253.0,50.0,0,22
ig_meme_templatesofficial,396,2024-05-11 18:18:58+00:00,Vibhuti Meme Template 🕴️🕴️,16789.0,31.0,0,26
ig_meme_templatesofficial,395,2024-05-05 06:29:06+00:00,JJK Meme Template ♥️🔥,18722.0,30.0,0,21
ig_meme_templatesofficial,394,2024-05-05 06:27:28+00:00,New Meme Template ♥️🔥💯,17669.0,21.0,0,22
ig_meme_templatesofficial,393,2024-05-05 06:24:27+00:00,Sad Oggy Meme Template 🥺,17067.0,39.0,0,24
ig_meme_templatesofficial,392,2024-04-30 19:03:40+00:00,Aaye Haye Oye Hoye,18702.0,44.0,0,18
ig_meme_templatesofficial,391,2024-04-27 14:07:16+00:00,Mai Gunda hu par mere bhi kuch asool hai - Meme Template 🔥💯,19978.0,47.0,0,59
ig_meme_templatesofficial,390,2024-04-25 11:44:09+00:00,CSK VS LSG MEME TEMPLATE,17997.0,24.0,0,24
ig_meme_templatesofficial,389,2024-04-24 12:36:44+00:00,Deadpool × Wolverine Meme Template,17790.0,27.0,0,34
ig_meme_templatesofficial,388,2024-04-24 12:35:38+00:00,Pedro Pedro Meme Template,16187.0,30.0,0,25
ig_meme_templatesofficial,387,2024-04-21 15:17:01+00:00,Virat Kohli Meme Template 👑,16410.0,33.0,0,27
ig_meme_templatesofficial,385,2024-04-21 15:15:26+00:00,Batman 🦇 Meme Template,16103.0,35.0,0,22
ig_meme_templatesofficial,384,2024-04-21 15:13:31+00:00,SRK and Amitabh Bachchan,15449.0,38.0,0,24
ig_meme_templatesofficial,383,2024-04-17 15:19:55+00:00,"In the memory of Angry Rantman 🙏

The guy who gave us this Epic Meme Template ♥️",16984.0,24.0,0,80
ig_meme_templatesofficial,381,2024-04-16 15:20:54+00:00,Lil Yachty Meme Template,15099.0,14.0,0,24
ig_meme_templatesofficial,380,2024-04-14 07:22:02+00:00,Chad Oggy Meme Template 🗿🗿,17963.0,33.0,0,26
ig_meme_templatesofficial,379,2024-04-14 07:21:51+00:00,Sad AK Meme Template,16157.0,33.0,0,20
ig_meme_templatesofficial,378,2024-04-13 12:02:39+00:00,LGTV Anime Meme Template,15703.0,18.0,0,24
ig_meme_templatesofficial,377,2024-04-10 04:30:40+00:00,Swaad Meme Template,17117.0,29.0,0,19
ig_meme_templatesofficial,376,2024-04-08 12:13:59+00:00,Cute Hamster Meme Template 🐹,15931.0,40.0,0,28
ig_meme_templatesofficial,373,2024-04-06 12:02:46+00:00,Check out this amazing product! Order Now!! 🤗,14594.0,0.0,0,45
ig_meme_templatesofficial,371,2024-04-06 11:44:11+00:00,Sleepy Oggy Meme Template 😴💤,15929.0,47.0,0,28
ig_meme_templatesofficial,370,2024-04-05 10:24:04+00:00,Dhoni Meme Template 💯♥️,14182.0,29.0,0,23
ig_meme_templatesofficial,369,2024-04-04 14:27:51+00:00,SRK Meme Template 💯,13941.0,35.0,0,19
ig_meme_templatesofficial,368,2024-04-03 17:18:25+00:00,Nobita Meme Template,14242.0,38.0,0,20
ig_meme_templatesofficial,367,2024-04-03 17:17:20+00:00,Jack Meme Template,13300.0,47.0,0,18
ig_meme_templatesofficial,366,2024-04-03 17:17:20+00:00,Jack with Juice Meme Template,12983.0,49.0,0,29
ig_meme_templatesofficial,365,2024-04-03 13:57:36+00:00,Oggy going to Jail Meme Template,12799.0,35.0,0,32
ig_meme_templatesofficial,364,2024-04-02 14:49:03+00:00,Paise Meme Template 💸💵,14193.0,33.0,0,22
ig_meme_templatesofficial,363,2024-03-30 14:22:16+00:00,Batman VS Superman Meme Template,14409.0,55.0,0,32
ig_meme_templatesofficial,362,2024-03-30 04:41:23+00:00,Rajat Dalal Meme Template 🗿,13928.0,18.0,0,27
ig_meme_templatesofficial,360,2024-03-26 11:53:47+00:00,Frog Meme Template,14169.0,29.0,0,18
ig_meme_templatesofficial,359,2024-03-26 11:53:46+00:00,Modiji Meme Template,14124.0,29.0,0,20
ig_meme_templatesofficial,358,2024-03-26 11:53:14+00:00,CID Meme template,14269.0,38.0,0,17
ig_meme_templatesofficial,356,2024-03-23 19:17:23+00:00,CID Meme Template,13657.0,32.0,0,17
ig_meme_templatesofficial,355,2024-03-23 04:34:16+00:00,Mahi Bhai Meme Template 🦁🔥,13981.0,16.0,0,26
ig_meme_templatesofficial,354,2024-03-23 04:33:26+00:00,Bahut Maara IPL Meme Template 🏆,13328.0,24.0,0,31
ig_meme_templatesofficial,353,2024-03-20 10:01:22+00:00,Jay Shah Meme Template 👍,15085.0,47.0,0,24
ig_meme_templatesofficial,352,2024-03-19 11:45:57+00:00,Bhai Meme Template 🗿,14188.0,23.0,0,20
ig_meme_templatesofficial,351,2024-03-17 06:27:34+00:00,Rise from Downfall Meme Template 🔥🔥,14784.0,36.0,0,35
ig_meme_templatesofficial,350,2024-03-16 12:35:08+00:00,Hello Kitty Meme Template,14485.0,16.0,0,25
ig_meme_templatesofficial,349,2024-03-16 04:11:03+00:00,Nazey Meme Template,13843.0,39.0,0,19
ig_meme_templatesofficial,348,2024-03-15 12:03:01+00:00,Big Cat Meme Template 🐆,14460.0,29.0,0,23
ig_meme_templatesofficial,347,2024-03-15 09:42:03+00:00,CATS Meme Template 😺😸,13336.0,18.0,0,21
ig_meme_templatesofficial,346,2024-03-14 08:25:48+00:00,Ed Sheeran & SRK Signature Pose,13764.0,7.0,0,31
ig_meme_templatesofficial,345,2024-03-14 04:56:01+00:00,Rajat Dalal Walking Meme Template,13024.0,26.0,0,33
ig_meme_templatesofficial,344,2024-03-13 04:22:07+00:00,Death Note Meme Template,12789.0,22.0,0,24
ig_meme_templatesofficial,343,2024-03-12 16:15:39+00:00,SRK Meme Template,12285.0,11.0,0,17
ig_meme_templatesofficial,342,2024-03-12 12:51:39+00:00,Aamir Khan Meme Template,12641.0,54.0,0,24
ig_meme_templatesofficial,341,2024-03-12 06:22:00+00:00,Kermit The Frog Meme Template 🐸,12186.0,28.0,0,31
ig_meme_templatesofficial,340,2024-03-12 03:51:38+00:00,John Cena at Oscar 2024 presenting the award for best costume design,11881.0,4.0,0,68
ig_meme_templatesofficial,339,2024-03-11 22:16:14+00:00,OM Shanti OM Template,11898.0,28.0,0,21
ig_meme_templatesofficial,338,2024-03-11 04:03:23+00:00,Lau*a Airlines Meme Template. Send it to your dear friends 🙂,12985.0,30.0,0,60
ig_meme_templatesofficial,337,2024-03-10 08:34:17+00:00,Magnus Carlsen And Alia Bhatt  Meme Template,12074.0,14.0,0,44
ig_meme_templatesofficial,335,2024-03-05 15:08:39+00:00,Oggy and the Cockroaches Meme Template,13593.0,22.0,0,38
ig_meme_templatesofficial,333,2024-03-03 11:46:42+00:00,Follow for daily tech and AI content,13001.0,0.0,0,36
ig_meme_templatesofficial,331,2024-03-02 06:32:53+00:00,Iron Man Meme Template,15194.0,19.0,0,22
ig_meme_templatesofficial,330,2024-03-01 11:54:20+00:00,1st April,15763.0,0.0,0,9
ig_meme_templatesofficial,329,2024-03-01 11:54:12+00:00,Giveaway Alert 🚨,15693.0,0.0,0,16
ig_meme_templatesofficial,327,2024-02-26 05:06:49+00:00,Gojo and Geto Meme Template,18162.0,8.0,0,27
ig_meme_templatesofficial,326,2024-02-23 08:03:00+00:00,Tag @boatxaman to find out what's in the note 👀,15883.0,1.0,0,47
ig_meme_templatesofficial,321,2024-02-11 14:29:00+00:00,Batman Meme Template,18085.0,39.0,0,20
ig_meme_templatesofficial,315,2024-01-25 19:02:21+00:00,Happy Republic Day 🇮🇳🇮🇳,19057.0,0.0,0,23
ig_meme_templatesofficial,314,2024-01-17 04:21:12+00:00,CID New Meme Template,23119.0,54.0,0,21
ig_meme_templatesofficial,313,2024-01-15 15:43:10+00:00,Kid Dancing Meme Template,21521.0,56.0,0,25
ig_meme_templatesofficial,306,2023-12-24 14:19:49+00:00,"Loki Meme Template
Add your own Audio
#Wholesome",19304.0,30.0,0,48
ig_meme_templatesofficial,305,2023-12-22 17:33:17+00:00,Srk meme template,20871.0,18.0,0,17
ig_meme_templatesofficial,303,2023-12-21 16:59:45+00:00,Ajay Devgan Getting Arrested and Praised Meme Template,17402.0,33.0,0,54
ig_meme_templatesofficial,302,2023-12-21 16:59:34+00:00,Superman Meme Template,18372.0,59.0,0,22
ig_meme_templatesofficial,301,2023-12-21 16:58:48+00:00,Lord Bobby Meme Template,16967.0,25.0,0,24
ig_meme_templatesofficial,297,2023-12-18 13:04:24+00:00,Squirtle Pokemon Meme Template,17268.0,33.0,0,30
ig_meme_templatesofficial,289,2023-12-18 05:05:04+00:00,Arpit Bala,15803.0,160.0,0,10
ig_meme_templatesofficial,288,2023-12-12 04:16:14+00:00,Govinda Meme Template,16670.0,32.0,0,21
ig_meme_templatesofficial,287,2023-12-11 13:14:51+00:00,Nawazuddin Siddiqui Meme Template,16475.0,21.0,0,33
ig_meme_templatesofficial,282,2023-12-08 19:25:12+00:00,Lord Bobby Template,14292.0,15.0,0,19
ig_meme_templatesofficial,279,2023-12-05 06:07:41+00:00,"Anupama Meme Template (BG me audio lagana koi, directly mat post karna insta par)",14966.0,23.0,0,81
ig_meme_templatesofficial,277,2023-12-05 00:40:59+00:00,Sher Meme Template,13913.0,19.0,0,18
ig_meme_templatesofficial,276,2023-11-29 15:48:06+00:00,Exam meme template,15855.0,32.0,0,18
ig_meme_templatesofficial,275,2023-11-29 15:47:54+00:00,Bjp dress meme template,14785.0,23.0,0,23
ig_meme_templatesofficial,273,2023-11-27 16:37:52+00:00,Chapri Dance Meme Template,15432.0,49.0,0,26
ig_meme_templatesofficial,272,2023-11-26 15:01:52+00:00,“Who hurt this guy 😂”,14491.0,11.0,0,21
ig_meme_templatesofficial,271,2023-11-24 18:25:12+00:00,Pat Cummins OG AD trim and use it as per your need,14214.0,18.0,0,50
ig_meme_templatesofficial,270,2023-11-24 14:18:55+00:00,Buurrraaaahh Meme Template 🕺🕺,14222.0,40.0,0,29
ig_meme_templatesofficial,269,2023-11-24 06:04:54+00:00,Vegeta Meme Template,13680.0,32.0,0,20
ig_meme_templatesofficial,268,2023-11-23 15:43:45+00:00,Oggy and the cockroaches Meme Template,14860.0,53.0,0,38
ig_meme_templatesofficial,267,2023-11-22 11:22:49+00:00,Rajnikant Sir Meme Template,15159.0,27.0,0,27
ig_meme_templatesofficial,266,2023-11-22 11:21:52+00:00,Bhai Dancing Meme Template,14761.0,18.0,0,26
ig_meme_templatesofficial,264,2023-11-22 05:39:12+00:00,Lego Batman Meme Template,14911.0,61.0,0,25
ig_meme_templatesofficial,260,2023-11-18 07:57:01+00:00,Pahadi Dance Template,13844.0,29.0,0,21
ig_meme_templatesofficial,258,2023-11-16 05:04:10+00:00,Salman Khan Meme Template,13729.0,46.0,0,25
ig_meme_templatesofficial,256,2023-11-12 04:09:45+00:00,Happy Diwali from Jethalal,14803.0,19.0,0,26
ig_meme_templatesofficial,255,2023-11-11 07:41:24+00:00,LOKI Handshake Meme Template,15371.0,41.0,0,28
ig_meme_templatesofficial,254,2023-11-10 17:46:24+00:00,Ajay Devgan ne aukat dikha di,15055.0,19.0,0,29
ig_meme_templatesofficial,253,2023-11-09 08:09:20+00:00,Khao Maa Kasam,14158.0,37.0,0,14
kenyan_memess,11387,2026-05-21 12:32:01+00:00,@kenyan_memess,3043.0,2.0,0,14
kenyan_memess,11087,2025-10-16 07:38:43+00:00,@kenyanmemeschannel,16034.0,1.0,1,19
kenyan_memess,11085,2025-10-16 05:04:09+00:00,@Kenyanmemeschannel,13745.0,1.0,0,19
kenyan_memess,10827,2025-07-19 10:00:33+00:00,Click on the button below to join the best channels on Telegram via one tap.,11194.0,0.0,0,76
kenyan_memess,10696,2025-05-29 09:02:37+00:00,"Earn Easy Cash with Kimani LinkedIn Renting Company! ￼
￼ Turn your LinkedIn account into a money-making tool! We rent accounts to connect foreign job finders with clients, while keeping your followers safe. 

￼ Qualifications & Guidelines:
￼ Account must be 1+ years old.
￼ Must have 50+ connections.
￼ No logins allowed during rental.
￼ Accounts paid after 3 days of use, weekly.
￼ Payments on the 1st, 3rd, and 5th day of each week. 

￼ How We Use Your Account:
We link foreign job finders to clients—your followers remain untouched! 

￼ Payment Rates: 

<100 connections: $5 

100-200: $10 

200-500: $15 

500-1000: $20 

1000-2000: $25 

2000-4000: $30 

4000-5000: $35 

5000-10000: $40 

10000+: $50

￼ Payment Methods: 

OKX, Binance, Bitget (TRC20) 

M-Pesa

￼ Ready to Start?
￼ Contact us on Telegram: 

@rishard12


￼ Join our WhatsApp group for more info: Click Here 

Start earning with Kimani today—your LinkedIn, your income! ￼",15254.0,2.0,1,942
memes,10070,2023-09-01 08:01:00+00:00,DAMN I HATE SCHOOL,84057.0,25.0,0,18
memes,10002,2023-08-02 23:17:52+00:00,Admin face reveal,42993.0,72.0,0,17
memes,9994,2023-07-29 21:02:42+00:00,**__Sponsored by__** 🎰🎰🎰🎰🎰,43708.0,21.0,0,26
memes,9679,2022-11-25 00:26:49+00:00,"`⣿⣿⡇⠀⠀⠀⠀⠀⠀⠀⠈⢿⣿⣿⣿⣿⣿⠋⠀⠀
⢹⣿⡇⠀⠀⠀⠀⠀⠀⠀⠀⠘⣿⣿⣿⠏⠀⠀⠀⠀
⠈⣿⡇⠀⠀⠀⡀⠀⠀⠀⠀⠀⠿⣿⣿⠀⠀⠀⠀⠀
⡀⢹⣧⠀⠀⠰⠋⠁⠀⠀⠀⠀⠀⠈⣉⡐⠀⠀⠀⠀
⠁⠈⣿⣧⠀⠀⠀`👁`⠀⠀`👁`⢸⣿⣿⣿⠀⠀⠀⠀
⡂⠀⢹⣿⣆⠀⠀⠀⠀⠀⠀  ⢠⣿⣿⣿⣿⣦⠀⠀⠀
⠁⠀⠀⠻⣿⡆⠸⣶⣤⡀`🐽`⣸⣿⣿⣿⣿⣿⣷⣧⠀
⠬⠀⠀⠀⢿⣷⠀⣻⣿⣿⣿🫧🫧⣿⣿⣿⣿⣿⣿⣧
⣷⠁⢐⠀⠈⣿⣿⣿⣿⣿⣿⣿⣿🫧⣿⣿⣿⣿⣿⣿
⣿⣶⣶⣦⠀⢹⣿⣿⣿⣿⣿⣿⣿⣿⣿⣿⣿⣿⣿⣿`",57653.0,534.0,0,218
shitpost,62365,2026-05-24 05:33:10+00:00,@shitpost,439.0,11.0,0,9
UKM_Confession,140,2024-08-05 10:03:01+00:00,"Looking for 1-2 housemates (women only) to rent together around kajang 2. List of choices are provided (< rm1.2k) with viewing appointment around the corner. For further details pls contact: (01135299091)
Thank you!!",1233.0,0.0,0,216
UKM_Confession,135,2024-08-04 09:23:54+00:00,"Looking for 1-2 housemates (women only) to rent together around kajang 2. List of choices are provided with viewing appointment around the corner. For further details pls contact (01135299091-mashii)
Thank you!!",807.0,0.0,0,211
UKM_Confession,124,2024-07-31 09:42:56+00:00,"MENCARI SEORANG HOUSEMATES PEREMPUAN  🏠

KEMASUKAN AWAL AUGUST 2024 ‼️‼️‼️

BANGI GATEWAY SERVICE APPARTMENT, 43600 BANDAR BARU BANGI 

DETAILS : 

3 BILIK 
2 TANDAS
PETI AIS
AIRCOND SETIAP BILIK DAN RUANG TAMU
TV
DAPUR 
PARKING PROVIDED 

*FACILITIES*
MAMAK
KEDAI RUNCIT 
DOBI
NIGHT MARKET
SWIMMING POOL 
GYM
SURAU 
FUTSAL COURT
KPTM BANGI [ 2.7 KM ]
UKM [ 4.4 KM ]




anything just chat 01165588696",466.0,0.0,0,401
UKM_Confession,123,2024-07-31 09:40:57+00:00,"RUMAH UNTUK DISEWA ‼️
(KEMASUKAN SEGERA)‼️

📍Savanna Southville, Bangi

RM1,500/Month

Accept FEMALE Tenant ONLY

Details:
- 4 air-conditioners
- 2 water heaters
- Freezer
- Washing Machine
- Kitchen cabinet
- Sofa
- Dining table + 4 chairs
- Block C
- 956sqft (No Balcony)
- 3Bedroom 2Bathroom
- 2 Carpark

Facilities:
- Swimming Pool
- Reflexology Park
- Gym
- Playground
- Multipurpose Hall
- BBQ area

Requirements For Tenant :
- 2 Months Security Deposit
- 1 Month Advance Rental
- Half Month Utilities Deposit
- Tenancy Agreement Fees

Near to Bangi, Kajang, Dengkil. Near to UKM KTM station

Convenient with a lots of cafes, restaurants, clinics, schools, supermarket

pm - 0194131856 (ARIF)",423.0,0.0,0,698
UKM_Confession,118,2024-07-30 13:13:56+00:00,"hi,perlukan seorang perempuan lagi yg nk sewa kat bangi gateway service apartment if interested hmu :)",357.0,0.0,0,102
UKM_Confession,109,2024-07-26 00:04:14+00:00,"RESIDENSI OSTIA BANDAR BARU BANGI UNTUK DISEWA🏡
• *lagi dua jer (girls only)*
• ⁠fully furnished

•RM290 PER PERSON (excluding electric and water bill)
•BILIK QUEEN 
•BOOKING 390 JER seorang termasuk sewa bulanan pertama

DEPOSIT
-2 MONTHS SECURITY DEPOSIT
-1 MONTH RENTAL
-0.5 UTILITIES
-TENANCY AGREEMENT FEES

•27/07 (SABTU) boleh masuk dah
•KEMASUKAN AUGUST 2024

DETAILS BOLEH PM🫶🏻
0197921879 (dhira)
01119089635 (ain)",376.0,0.0,0,423
UKM_Confession,106,2024-07-25 02:41:20+00:00,"RESIDENSI OSTIA BANDAR BARU BANGI UNTUK DISEWA🏡
• *lagi dua jer (girls only)*
• ⁠fully furnished

🏡 4 BEDROOMS
🏡 2 BATHROOMS
🏡 2 PARKING LOTS
🏡 SERVICE APARTMENT

FACILITIES
-SWIMMING POOL
-GYMNASIUM
-PLAYGROUND
-SURAU

•BILIK QUEEN 
•RENTAL RM2500 (excluding electric and water bill)

DEPOSIT
-2 MONTHS SECURITY DEPOSIT
-1 MONTH RENTAL
-0.5 UTILITIES
-TENANCY AGREEMENT FEES


•KEMASUKAN AUGUST 2024
•ATAU 27/07 SABTU

DETAILS BOLEH PM🫶🏻
0197921879 (dhira)
01119089635 (ain)",375.0,0.0,0,475
UKM_Confession,104,2024-07-23 07:22:36+00:00,"RESIDENSI OSTIA BANDAR BARU BANGI UNTUK DISEWA🏡
• *lagi dua jer (girls only)*
• ⁠fully furnished

🏡 4 BEDROOMS
🏡 2 BATHROOMS
🏡 2 PARKING LOTS
🏡 SERVICE APARTMENT

FACILITIES
-SWIMMING POOL
-GYMNASIUM
-PLAYGROUND
-SURAU

•RENTAL RM2500 (excluding electric and water bill)
•SEWA SEBULAN RM250 JER
•TOTAL RM935 seorang termasuk sewa bulanan pertama

DEPOSIT
-2 MONTHS SECURITY DEPOSIT
-1 MONTH RENTAL
-0.5 UTILITIES
-TENANCY AGREEMENT FEES


•KEMASUKAN AUGUST 2024

DETAILS BOLEH PM🫶🏻
0197921879 (dhira)
01119089635 (ain)",356.0,1.0,0,518
UKM_Confession,96,2024-07-18 11:59:21+00:00,"Near Sekolah Al Amin Fully Furnished 2 Storey Terrace House Jalan Tropika 5 Sg Tangkas Bangi For Rent

*PERLUKAN 5 ORANG LAGI ( PEREMPUAN )*

Details 
=========
- Type : Double Storey 
- Build Up : 1460 sqft (20x73)
- Bedroom : 4
- Bathroom : 3
- Wardrobe 
- Fridge 
- Sofa
- Kitchen cabinet / Table Top
- Plaster Ceiling 
- 3 Queen Bed
- Dinning Table
- Aircond
- Water Heater



Amenities 
=========
-Primary School Sri Al -  Amin
- Sg Tangkas Police 
  Station 
- Comuter Station UKM
- Kwsp Office /
   Hentian Kajang 
- German Malaysian 
  Institute (GMI) 
- UKM 
- ⁠KPTM less 20min
- ⁠99 Speedmart, KK, Dobi, Kedai Tomyam, Mamak, Klinik, Kedai Runcit, Gerai Tepi Jalan

Accessibility 
=========
- Accessibility to south and North via PLUS  highway
- LEKAS highway 
- SILK Highway 

======================
Asking Rental : RM 185 per person
======================

for more details, pm this number
01140437231",419.0,0.0,0,912
UKM_Confession,95,2024-07-18 11:56:17+00:00,"Near Sekolah Al Amin Fully Furnished 2 Storey Terrace House Jalan Tropika 5 Sg Tangkas Bangi For Rent

Details 
=========
- Type : Double Storey 
- Build Up : 1460 sqft (20x73)
- Bedroom : 4
- Bathroom : 3
- Wardrobe 
- Fridge 
- Sofa
- Kitchen cabinet / Table Top
- Plaster Ceiling 
- 3 Queen Bed
- Dinning Table
- Aircond
- Water Heater



Amenities 
=========
-Primary School Sri Al -  Amin
- Sg Tangkas Police 
  Station 
- Comuter Station UKM
- Kwsp Office /
   Hentian Kajang 
- German Malaysian 
  Institute (GMI) 
- UKM 
- ⁠KPTM less 20min
- ⁠99 Speedmart, KK, Dobi, Kedai Tomyam, Mamak, Klinik, Kedai Runcit, Gerai Tepi Jalan

Accessibility 
=========
- Accessibility to south and North via PLUS  highway
- LEKAS highway 
- SILK Highway 

======================
Asking Rental : RM 185 per person
======================",418.0,3.0,0,827
UKM_Confession,93,2024-07-16 15:08:01+00:00,"LOOKING FOR HOUSEMATE URGENT (FEMALE ONLY) ‼️ 

Rumah fully furnished di RESIDENSI MUTIARA KAJANG 2 
Near : 
KTM UKM, Bangi dan Kajang  
Econsave 
Downtown jalan reko 

need 3 person (sharing room) bilik ada bathroom  ASAP ❗️

Rumah swimming pool view ! 
deposit 4984.92 
RM498.50 (sorang) 
not include bil api air 

Kemudahan tersedia :
- katil , mattress
- kipas, lampu 
- ⁠2 aircond di ruang tamu dan masterbedroom
- flat TV
- Washing machine automatic
- Dining table
- Sofa 
- 4Doors fridge
- kitchen cabinet 
- Dapur ,tong gas 
- lif, gym dan swimming pool
- Wifi available
- maintenance fee semua dah include sewa

*rental monthly*
RM1500

keutamaan untuk yang ada transport 🚗🛵

for more details, pm this number
0172510389",522.0,3.0,0,728
UKM_Confession,91,2024-07-16 11:38:29+00:00,ukm confession buat group baru ke,480.0,0.0,0,33
UKM_Confession,90,2024-07-16 09:02:21+00:00,Mana pegi group confesseion ukm?,499.0,0.0,0,32
UKM_Confession,89,2024-07-16 08:34:47+00:00,"Hai, urgent sangat2.... ade tak.sesiapa yang dapat kolej untuk penginapan luar semester tapi tidak duduk di kolej??? Saya nak sewa bilik, harga boleh nego... nanti tolong drop tele awak. (Im a girl btw)",503.0,1.0,0,202
UKM_Confession,88,2024-07-15 14:36:21+00:00,"LOOKING FOR HOUSEMATE URGENT (FEMALE ONLY) ‼️ 

Rumah fully furnished di RESIDENSI MUTIARA KAJANG 2 berhampiran KTM UKM, Bangi dan Kajang , Econsave , downtown jalan reko ) 

need 7-8 girls ASAP ❗️
3rooms  , 3bathrooms. 
Rumah swimming pool view ! 
deposit 4984.92 
RM498.50 (sorang) 
not include bil api air 


Kemudahan tersedia :
- katil , mattress
- kipas, lampu 
- ⁠2 aircond di ruang tamu dan masterbedroom
- flat TV
- Washing machine automatic
- Dining table
- Sofa 
- 4Doors fridge
- kitchen cabinet 
- Dapur ,tong gas 
- lif, gym dan swimming pool
- Wifi available
- maintenance fee semua dah include sewa

*rental monthly*
RM1500

keutamaan untuk yang ada transport 🚗🛵

for more details, pm this number
0172510389",620.0,1.0,0,723
UKM_Confession,84,2024-07-14 08:35:52+00:00,"Hi, ada girl 2 orang yg nak join hangout tak?",523.0,0.0,0,45
UKM_Confession,83,2024-07-13 23:33:33+00:00,"Kepada awak yang kerja waktu dinner mat kaf, saya nak kata yang awak COMELNYAAAAAA",546.0,0.0,0,82
UKM_Confession,82,2024-07-10 17:09:32+00:00,"Assalamualaikum nak tanya . Saya dan kawan-kawan berniat untuk sambung master di UKM . Jadinya , nak bertanya anyone tahu tak kerja part-time area situ . Hehe terima kasih . Jazakumullah khaira kathira .",682.0,0.0,0,203
UKM_Confession,77,2024-07-06 03:50:37+00:00,"+60 13-612 6563

+60 13-612 6563

+60 13-612 6563

Scammer ke ni? Ada tak yg pernah beli jersi uitm dari dia?

rep: taktaulah tapi dia pernah call saya sekali eventhough saya takdek beli baju pape pon then when i check the number kat getcontact dia tulis ""baju uitm"" so idk dia real ke scammer

R: iyee saya pon ada beli baju dari number tuuu. Dah tanya banyak kali tapi kena palau 🥲

R: samalah, dah beli, full payment pastu sampai harini tak reply chat 🥲🥲 kita kena scam ke....🥲🥲🥲

R: kawan saya ada try chat tanya pasal baju tu available ke tak, dia elokkk je reply tapi chat kita tak reply haha ....

Updated: abang tu dah reply!!! Dia cakap dalam jumaat ni dah dapat...so maybe dia bukan scammer...?? Maybe je la hm...

Updated (6/7) : hahaha... Abang tu janji last week yang jumaat (yesterday) pos baju tu tapi sampai ke sudah diam....... So dia ni memang scammer la kan 😊😊😊😊😊😊😊😊 dari bulan 4 weh, sekarang ni bulan 7, tak lama lagi nak balik, gais pls reply this if u guys pun pernah order dari +60 13-612 6563 MOHD SYAHIRAN BIN MOHD ARIFF",730.0,0.0,0,1046
UKM_Confession,75,2024-07-06 02:04:08+00:00,"Kerja Pembantu Event Dewan Sutera
13 July 2024
7- 12pm
UKM Bangi, Dewan Sutera, Baju Hitam
RM60 wasap 0176811592",585.0,0.0,0,112
UKM_Confession,73,2024-07-04 06:39:38+00:00,"hm lapar, kawan tak bagi sikit mknn :( , dptt rm3 pun tkpe dh :(, 155050540995 -mybnk",621.0,0.0,0,85
UKM_Confession,70,2024-07-02 03:17:55+00:00,"MENCARI 1 ORANG HOUSEMATE PEREMPUAN 
*VILLA TROPIKA*
KEMASUKAN BULAN 7

Fully Furnished Apartment Villa Tropika near KTM UKM 
( Walking Distance) [untuk disewa]

Type : Apartment (Level 8 )
Location : Villa Tropika Apartment
Sewa Bulanan: RM 162.50 per person ( tak termasuk wifi/bill)
BILIK 1 : 3 ORANG (Master Bed Room)

Property Details:
- Malay Owner
- 870 sqft
- 3 Bedrooms + 2 Bathrooms
- Parking Lot (Need to add on)
- Partly Furnished 
+ Grill
+ Fridge
+ Stove
+ Dishrack
+ Kettle 
+ Shoes Rack
+ Wardrobe 

.
Facilities 
- Security Guard
- Surau
- Taska
- Lift 

.
Amenities:
- Shoplots (eg: Speedmart, 7-Eleven, etc)
- Econsave, Bangi Gateway, Kipmall, PKNS Bangi, Evo Mall
- Universiti Kebangsaan Malaysia (UKM), German Malaysia Institue (GMI), Twintech College, Malaysia France Institute (MFI), Koleh Polytech MARA
- Al Amin Islamic Primary & Secondary Schools, Bandar Baru Bangi Primary & Secondary Schools
- UKM Komuter station, Kajang Bus Terminal (Hentian Kajang), MRT Kajang
- 10 mins Kajang Town
- 10 mins Bandar Baru Bangi
- 20 mins Putrajaya, Cyberjaya 

.
Accessibilities:
- PLUS Highway
- SILK

pm 0187893016",596.0,0.0,0,1130
UKM_Confession,68,2024-06-21 15:58:21+00:00,sape ada link tele confession yang ramai subscriber tu?,849.0,0.0,0,55
UKM_Confession,67,2024-06-20 17:01:41+00:00,Mamak NKE yang jaga cashier tu makin lama makin biadap je aku tengok perangai. Buat muka macam aku mengemis makanan kat dia pulak anj*,918.0,0.0,0,134
UKM_Confession,65,2024-06-12 13:00:49+00:00,Hi is there anyone interested to be an emcee and moderator(english)?,1052.0,0.0,0,68
UKM_Confession,64,2024-06-10 08:27:02+00:00,"apa pendapat anda tentang wifi ukm, i before this dari UiTM pun lagi okay capaian internet. kat sini hampeh😭",1151.0,0.0,0,108
UKM_Confession,63,2024-06-06 22:16:44+00:00,"Servis Turnitin (plagiarisme check) ✅

RM1 (1 Doc)

Boleh terus contact wassap.my/01120790175",1332.0,0.0,0,93
UKM_Confession,60,2024-06-02 17:27:32+00:00,"I ada suka this one guy , for now yg I have seen hes the real definition of perfection , pandai , alim , a social butterfly , active in uni and plus point agak good looking . Mmg bila crush ni hati jadi berbunga but somehow I rasa my self esteem jadi down. Apa la yang I ada sangat pun. These few days I have been thinking that “he deserves someone whos a lot better than me” , I keep comparing myself with other people and it made myself rasa macam sedih , macam nak revenge dgn diri sendiri pun ada sbb always being the low-key ones , kalau sebut nama i siapa je sangat yg kenal. But on the other hand ,theres one great thing about having a crush is somehow they motivates you to move forward , and thats what i like abt it, although dia tak kenal i betul ii , but only following each other on ig. 

One question , I sumpah tatau camne nak make first move, kita ni dahla species nak tegur or reply story pun satu badan bergetar sejuk huhu but maybe thats it for mula ii kan",1284.0,0.0,0,975
UKM_Confession,58,2024-05-31 17:24:36+00:00,kalau ada tlg jawab,1265.0,0.0,0,19
UKM_Confession,57,2024-05-31 17:23:53+00:00,ada buat ds ka dalam ni,1310.0,0.0,0,23
UKM_Confession,43,2024-01-14 05:59:37+00:00,Ameeruddin kau kat mna ?,2089.0,0.0,0,24
UKM_Confession,42,2024-01-14 05:54:47+00:00,"Kepada si rambut maggi goreng, sila cari laki lain untuk kacau aq xnak kau gay gay kat sini",2127.0,0.0,0,91
UKM_Confession,41,2024-01-14 05:53:08+00:00,"Aku tengok muka kau aq dah nak tumbuk, dari first MAW sampai sekarang aku dah tak suka kau, kau tunggu (A) sebelum exam nanti kau akan mati

Re: Nak fight cakap depan2 la. Apahal nak menyorok kat confession pulak. Kau ni all talk no walk",2154.0,0.0,0,237
UKM_Confession,40,2024-01-14 05:52:59+00:00,HANG ADE 2 GF WTF? JANGAN KACAU LA GF CHIK BABI!,2021.0,0.0,0,48
UKM_Confession,39,2024-01-14 05:45:24+00:00,"Aku tengok muka kau aq dah nak tumbuk, dari first MAW sampai sekarang aku dah tak suka kau, kau tunggu (A) sebelum exam nanti kau akan mati",2010.0,0.0,0,139
UKM_Confession,37,2023-12-06 03:48:52+00:00,"*[WILDCARD TICKET FOR PERLIS GO-KART ENDURANCE CHALLENGE (PGEC) 2023]*

Assalamualaikum dan salam sejahtera kepada semua‼️

Jangan lepaskan peluang anda dengan sertai perlumbaan ini😍

📆: 8 Disember 2023
🕘: 9am - 11.30am
Yuran Penyertaan: RM60/seorang
Umur: 20 tahun ke atas

📌SETIAP PENYERTAAN LAYAK MENERIMA BAJU KELUARAN TERHAD PGEC‼️🥰

*Terhad kepada 30 peserta TERAWAL sahaja‼️*

Top 3 layak mendapat ke slot Wildcard yang bernilai RM580 secara *PERCUMA‼️😍*

Sebarang info boleh layari media sosial kami☺️.

Sekian, terima kasih. 

#communiclick #GoKarting #GoKartGlory #unimap #Perlis #GoKartPerlis #VisitPerlis24-25",1923.0,0.0,0,621
UKM_Confession,35,2023-10-19 10:47:53+00:00,"Ada sesiapa yang rasa dia kereta warna hijau (sbb ada kesan cat hijau) dan langgar kereta orang time tengah nak park or keluar park. Please contact aku. 

Detail kejadian:
Parking belakang pusan (kereta aku park mmg betul dalam kotak dan aku kereta axia je mmg kecil dan bnyak ruang parking lebih depan n blakang)
Waktu: around pkul 2pm sampai 5.30pm
Hari: Khamis (19/10/23)

No contact: finaz (010-8294285)

Nak mintak tolong pm just mengaku je sbb nak reasons utk menjawab mak bapak. Mohon sangat2 saya terdesak nak balik kg hujung mnggu ni.",1802.0,0.0,0,543
UKM_Confession,33,2023-10-11 14:50:54+00:00,Any tips hidup kt ukm ni? Tgok semua mcm eajin je😭,1789.0,0.0,0,50
UKM_Confession,32,2023-10-11 08:34:13+00:00,Perangg dectarrrrrrr,1827.0,0.0,0,20
UKM_Confession,31,2023-10-04 08:09:47+00:00,MAW tahun ni best tk?,1978.0,0.0,0,21
UKM_Confession,29,2023-09-25 13:45:30+00:00,Info2 kolej masuk bila,2184.0,0.0,0,22
UKM_Confession,28,2023-09-25 13:29:23+00:00,Kolej masuk bile eh?,2205.0,0.0,0,20
UKM_Confession,27,2023-09-25 13:25:59+00:00,Salam siswa,2199.0,0.0,0,11
UKM_Confession,26,2023-09-25 11:20:20+00:00,Enjoy your sharing here and be nice to others😘,2181.0,0.0,0,46
anonymousconfess,221,2026-05-18 14:12:06+00:00,"Confession #104

Confession:

Hi.. I'm 19 year old guy lives in small city.. a few weeks back my world destroyed. Now I don't believe in family.. so the scene is it was Sunday and my mom and dad was away for trip I was alone in home and I saw my dad's laptop so I opened it.. 
I saw all the old pictures of family and others things and suddenly i saw one folder named priya(my mom) and I opened.. what I saw was most ugliest thing..
I saw my mom fucking another person and my dad is cuck and taking photos and filming them..they did with young boy to married man and filmed it and what was more disturbing that my mom was so horny there she was like slut taking it in every holes.. and they even did gangbang which was worst again 
And that day they gone for trip now I know why also I can see everything now like my friend coming to our house and spending time with mom dad at night and also they has wild fantasy to do with young boys",121.0,0.0,0,936
anonymousconfess,220,2026-05-16 12:21:08+00:00,"Confession #103

I think my sister is super sexy, and I have a crush on her…",163.0,0.0,0,76
anonymousconfess,217,2026-04-28 20:28:38+00:00,"Confession #102

I want to be raped again. The first time was scary at first and I was fighting it,  but when I accepted the fact that I was being raped, it started to feel good. I kinda yearn for that terrified excitement inside. Maybe I’ll walk through a dark alleyway or something late at night and just put myself into the situation to be taken and used. Or maybe I’ll go to a bar and ask someone to drug me and take me back to their place. I want to be the coffee table ornament that everyone at the party walks by and fucks as I’m drugged and tied up. I want 30 loads of cum inside my tight asshole…. On my face, all over my body. Humiliated, embarrassed, used, disrespected, and raped again.",427.0,0.0,0,698
anonymousconfess,216,2026-04-25 18:56:06+00:00,"Confession #101

I had to take off her cheerleading uniform to have sex with her today. I still have her thong…",474.0,0.0,0,111
anonymousconfess,214,2026-04-24 08:01:39+00:00,"Confession #100

I allow my 14 year old daughter to have sex with her boyfriend at my house. They’re going to do it anyway, so why not set some ground rules and let them fuck in her room???  Sometimes I stand outside the door and listen to both of them moan. And then sometimes the door cracks…. Oops… gotta say, her bf is well blessed for a teenager….",486.0,0.0,0,352
anonymousconfess,212,2026-04-23 14:14:30+00:00,"Confession #99

I reallly really have a thing for married women! And usually I befriend the husband and have sex with his wife while he’s at work. It’s such a rush, but not as fun if he knows and is okay with it! Whenever I find my true lady, I will let her sleep with another man while I watch. My dream wife will be one who sleeps around on me then tells me about the experience while I’m about to finish inside her. My sister is the next married woman that I want to have sex with. I’ve gotten nudes from ex boyfriends before and she is so hot! We were  drunk one night and told her I wanted to have sex with her and started rubbing her pussy through her shorts, then she realized what was happening. Since then it’s been a little awkward.",477.0,0.0,0,742
anonymousconfess,210,2026-04-22 08:38:30+00:00,"Confession #98

I desperately want my wife to cheat on me and to become her cuckold. She's so faithful to me, but I'm the only one she has ever been with. She grew up as a deep South Christian, and still is so she would never cheat unfortunately. She has no idea how good her body can be made to feel. She has wanted a child, but I've struggled to give it to her on account of low sperm and of poor quality. Not to mention the being fat with a small dick, low T, and issues getting it up. Nature's way of telling me I'm a cuck. 

I picture her spreading her legs for another man, that soft gasp as a new dick enters her for the first time and her just letting go and letting them inseminate her and its the only thing that gets me going. It feels natural. When she masturbates, which I know she does in secret, I hope she's fantasizing about the same.",431.0,0.0,0,851
anonymousconfess,209,2026-04-21 19:18:27+00:00,"Confession #97

I go out sometimes to find a homeless person, male or female, and I bring them home, let them shower, rest, feed them, i give them money for their extra “curricular activities” then I pay them a little money and ask them  to have sex with me. If the male is straight I usually just suck him off until he busts in my mouth, or I let him put his penis inside me while I ride him. Having sex with random strangers is fun to me.",420.0,0.0,0,440
anonymousconfess,207,2026-04-18 17:31:11+00:00,"Confession #96

Growing up my cousins and I used to explore each other's bodies and ended up having sex for years. All grown up now but caught up with one of them recently and for some reason the energy from those days came back. I think I'm going to fuck my cousin again",497.0,0.0,0,271
anonymousconfess,205,2026-04-17 21:29:46+00:00,"Confession #95

I used to always steal my sisters panties out the hamper and sniff them, and often times would wear them. Definitely the reason I only wear women’s panties to this day.",496.0,0.0,0,184
anonymousconfess,203,2026-04-07 12:09:59+00:00,"Confession #94

I am 23 but still i am virgin. I want to lose my virginity but don't know how.
I want someone who is experienced who can help me and teach me everything.

I hope i find someone",637.0,0.0,0,192
anonymousconfess,197,2026-02-11 10:39:02+00:00,"Confession #93

Found my two cousins M10 and M11 sucking each other through a video in their phone",1358.0,0.0,0,98
anonymousconfess,195,2026-02-08 11:23:44+00:00,"Confession #92

Okay guys hear me out! I always wanted to share this story with someone. I grew up in a village more like a small town. When I was about 14 years of age a elder girl more like a didi called me to her house to play she was about 22 or 23 years at that time. So she stared playing with me and then suddenly took of her clothes and made me do the same. I did too, after that I was told to finger her so I did sad told. Then she told me to spank her in the ass and I did that too. I sucked her boobs and then continue to spank her, my 🍆 was small but I don't recall putting it in but she did made some weird sound which I was unaware off. It continued for at least 4 years her pussy really stank very bad.. Now she is married happily in America and I haven't see got the chance to see a pussy neither had sex ever. I am currently 24 years of age and still remember the fun I had. Guess I won't see those days ever. I still do have her no but we hardly talk.....",1378.0,0.0,0,973
anonymousconfess,192,2026-01-24 11:20:14+00:00,"Confession #91

""A shopkeeper from a shop I used to order stuff from started sending me inappropriate texts after seeing what I look like in person. I had stopped after he started trying to flirt with me on WA and kept calling me.
Recently I had a huge fight with my bf because of him fooling around with many girls. I was very sad and got drunk at home and began flirting with strangers anonymously. The shopkeeper texted me and I foolishly sent him a topless pic with my face in it. My hands were covering my breasts but I was topless. I went to sleep after turning off my phone. I only realized how stupid this was when I sobered up in the morning. I immediately deleted the pic but he is now sending sexual texts to me. I feel so embarrassed and vulnerable from this. He probably thinks I'm inviting him.""",1351.0,0.0,0,809
anonymousconfess,190,2026-01-23 09:25:40+00:00,"Confession #90

It was a very long time ago in 2011. My sister and I were twins and we were 12 year olds at that time. And at that time she used to keep her hair very short like mine so we looked like 1:1 copies of each other.  We were kinda naughty and had explored with each other's body(not sex). We used to take baths together till we were 14 so that only enabled it more. During summer of that year our school took us to a trip to Marina beach in Chennai. Before dressing up in swimming wear, we decided to swap places. I wore her swimsuit which looked like this 🩱 and she wore my swim shorts which was small v shaped. Nobody got to know about it till the end of the day. I ended up getting a boner after coming out of the water and my dick just slipped out before we went to our cubicles to get dressed in the girl's dressing room. Thankfully no one snitched, infact they were kinda fascinated cuz they saw one for the first time prolly. Some were shy but the bold ones surrounded me and asked questions about it and stuff. My sister was lucky, no one got to know about her. It was an embarrassing but thrilling experience. We changed places like that multiple times since then.",1227.0,0.0,0,1184
anonymousconfess,188,2026-01-20 14:32:55+00:00,"Confession #89

I’m 14 and I had sex with my friends 12 year old sister I couldn’t help myself she walks around in booty shirts  that a 12 year old shouldn’t wear and she was actually teasing me she always smiled when she caught me staring at her ass and she kept purposely bending over in front of me but I’ll explain how it turn into sex it was me my friend and his sister alone at his house and my friend fell asleep so I went to sit in the living room and she was in there so I sat down next to her and she stood up and sat in my lap and when she did that I got hard and she felt it so she started moving on it but something took over me and I started massaging her ass in her little short short pj shorts then she turned and said let me suck it and she got up and got on her knees and pulled it out then she started licking it and then licking it turned into sucking it and she was really good for a young girl she tried to take it deeper but she couldn’t but it still felt amazing",1023.0,0.0,0,986
anonymousconfess,187,2026-01-20 14:30:06+00:00,"Damn sorry, many confessions are pending, sending them one by one now",1002.0,0.0,0,69
anonymousconfess,182,2025-12-01 13:38:14+00:00,"Whoever sent this, please also mention gender and who you're looking for",1773.0,0.0,0,72
anonymousconfess,181,2025-12-01 13:37:37+00:00,"Confession #88

""Not like confession it's just Let me just open up tonight
I am in Lagos single and honestly looking for someone I can vibe with on every level
I want that friend that I can talk to laugh with chill with and also get intimate with when the tension gets too sweet to hold back
I am not looking for complicated relationship stress just pure connection mutual desire and a partner that loves good energy and good body chemistry
If you are in Lagos and you want something real raw and enjoyable just drop a comment
I will move to your DM from there
Let us see how deep the vibe can go""""""",1816.0,1.0,0,599
anonymousconfess,179,2025-11-11 13:33:22+00:00,"Confession #87

I am 15 year old boy. I went to the streets at 1 a.m and got naked for the thrills in a dark field and some dogs came to me. I was petting them and giving belly rubs. The were licking me all over my body and even my dick. I even got humped by some dogs.",2003.0,0.0,0,269
anonymousconfess,173,2025-09-28 11:22:22+00:00,Links are of the images provided,3929.0,0.0,0,32
anonymousconfess,170,2025-09-21 08:49:00+00:00,"Confession #85

I love drugged up girls",3894.0,0.0,0,39
anonymousconfess,168,2025-09-06 09:45:13+00:00,"Confession #84

During the summer, my teen nephew always stared at my wife when at the beach. That got me really angry and hot. Now, i cant keep off my mind the idea of him groping her when i have sex with her",3991.0,0.0,0,209
anonymousconfess,164,2025-08-28 13:37:41+00:00,"Confession #83

For 5 years I have been seeing asian escorts but around 3 years ago I have began having a bug urge to try sex without condom but most of these asian escorts don't allow that. So I decided to just take matters into my own hands and force it. Went to go see a asian escort I knew worked alone and forcefully fucked her without a condom. Since it was my first time doing it Raw I couldn't hold my self and came inside her. Ever since then I have been raping asian escorts and cumming inside them without consent. I've done this to about over 100 escorts for over 3 years and I know deep down I have even got some of them pregnant. Been trying to stop this horrible habit but every time I take breaks i just constantly think about raping another escort and forcefully impregnating them. It's gotten to the point where I have even followed some escorts home and raped them in there own apartments. Majority I've raped were asians but some have been Latinas. Trying to stop but just don't know how",3764.0,1.0,0,1007
anonymousconfess,163,2025-07-29 20:50:15+00:00,"Confession #82

I cannot stop thinking about my almost 30 year old daughter. I never had these thoughts when she was younger, but now that she is a grown woman, i want to go down on her so bad and let her juices flood my face. I Masturbate to her at least once a week. One time i found a pare of her panties and god so hard when i smelled to smell of her pussy. The taste of her pussy made me leak precum, but when i rubbed the tip of my dick across her early morning juices, i had the best Orgasm of my life. I would like to make love to her, but i know i would last longer just by going down on her!",3462.0,1.0,0,601
anonymousconfess,161,2025-06-27 12:33:00+00:00,"So first thing, I can't create a group or something like that because it'll ruin the 'Anonymous thing' and most people don't want to reveal their identity 

Secondly, reactions are ON so people can already react to the confessions freely without exposing their identity 

Third, I've updated the form a bit, if anyone wants to share anything additional can do on the form now, will share here everything",3476.0,0.0,0,403
anonymousconfess,160,2025-06-27 12:30:42+00:00,"Confession #81

""Dam bro iam athulya message boy , it was fucking hard, I typed nearly 40 mints a big really big message to this link,  even I got wet while doing that, but with a unexpected click all vanished, it was flicking hard, fuckk fuckk fuck,  who will write this hard bro

First
1) try to make it easy
2) every one wants to share, his or her. Ex cropped photos, so think about that, such that I can show athulya boobs to everyone.
3) maake it easy, like just messaging in whstasp or telegram then some one will do and I will get a joy when everyone reacts and share there feel on it.
4) Allow to give comments Bro, such that anyone can express there feelings and keep engaging, who will do this hard. Mean while everyone forgets these group """,3276.0,0.0,0,751
anonymousconfess,156,2025-06-05 11:11:53+00:00,"Confession #80

""My Cousin Athulya (part-1), she was 17, with huge milky boobs and milky body
How it stated :

For me :- We all went for bath,while her mom wrapping her after her bath, I saw her complete nude, my mind went off and I did mastrubated in the pond itself. 

One Day We all slept on the terrace during hot summer, in the middle of the night I came downstairs and slept on the bed, after sometime she came down ( it was completely unintentional for me) she slept beside me, after sometime I kept my hand onher navel, like iam acting as iam in deep sleep, the shock was :- she removed my hand from navel and kept on her boobs(Iam not sure weither she was in conscious or not) , I still feel that situation, then I slowly started pressing her boobs, then she pull her top down to open up her milky boobs, then I understand completely that she gave green signal, then i walkup and kept the milky boobs in my mouth, I never felt that feeling, that was my first time, my mouth was. Full of her boobs, her boobs went wet, I didn't opened the dress completely or I didn't went down to vagina, it was all done all in approx 1:30 hour from coming down, I literally enjoyed her Boobs that day, she said it was already 3:30am so our parents may walkup, so I said ok and she went up, this was our first scene. Later that we had many sessions like this so athulya part - 2 will come soon when I had time. """,3239.0,2.0,0,1404
anonymousconfess,148,2025-04-26 09:50:45+00:00,If you are not the first choice thn you should make a new choice,3032.0,0.0,0,64
anonymousconfess,146,2025-04-26 09:50:16+00:00,Regarding this:,3138.0,0.0,0,15
anonymousconfess,143,2025-04-25 20:24:44+00:00,"Confession #79

""I feel so helpless. My boyfriend cheated on me for three years. When I confronted him, he said he was ready to do whatever I wanted. After that, we met, and I even stayed in contact with the girl he cheated on me with. Despite everything, both of us remained in contact with her because she was so heart broken and I understand her pain. 

I allow my bf to meet her and confess whatever he feels for her, and he asked the other girl to move on, But after they met , his behavior changed completely. He started ignoring both me and the other girl. I’m really confused about what to do. I still wanted to be with him, but now he’s asking me to move on. He left both of us and now he is saying that he want to live peacefully he is not able to handle things and now he is not well and he want to keep his 1st priority to his work and asked both of us to move on. I’m so depressed now I don’t know what to do, I’m unable to move on.. please someone give me suggestion? I need help 
""",3181.0,0.0,0,996
anonymousconfess,140,2025-04-05 05:57:06+00:00,"Confession #78

""I met a girl in office kajol sundrani (name changed ) in Pune , she is cute and beautiful,seemed she is innocent so I started making moves to make eye contact , and from mutual friends we became friends, she gave me lot of sexual seductive touches while taking and on coffee date once .

And then one day after office she asked me to come to her flat and we got drunk and i got into sexual relationship with kajol sundrani (name changed)  and then everytime we have sex she gives the best blowjob and very famous for it as I heard from other guys too """,3144.0,0.0,0,569
anonymousconfess,135,2025-02-28 07:27:54+00:00,If anyone wanna discuss something can dm me too @thesilencespeaks,3128.0,0.0,0,65
anonymousconfess,134,2025-02-28 07:24:36+00:00,"Confession #77

Hi I’m [20F] a northeast girl and recently joined a gym. They said girls could join too but there weren’t many. Sometimes I’m the only girl there and the guys would constantly stare at me because of the way I dressed, which was mostly sports bra and tight pants.  I mean I don’t mind the attention but at first the guys looked so creepy. I eventually got used to it even though I have never interacted with them. 
Recently idk why but I’ve been feeling so horny lately. Like after a few workouts and some cardio, I feel so turned on for no reason. The smell of the male sweat as well as the way they stare at me also make it worse. I keep imagining scenarios where I end up fucking one of the guys in the gym washroom or in the showers. Then there’s those hairy muscular guys with veiny arms and dark skin. I think they’re haryanvi or something because they keep blasting such music on the speakers. I can’t make eye contact with them. They make me so nervous. Like I want to talk to them but also scared to do so. Once I asked a guy for help with the correct form for squats and the way he was touching me gave me dirty thoughts. I ended up fingering myself in the toilet while imagining him fucking me in front of everyone. Idk what’s wrong with me. And I’m scared that if any one of them hits on me, I’ll probably let him fuck me.",3014.0,0.0,0,1349
anonymousconfess,132,2025-02-27 13:36:45+00:00,"Confession #76

Once i touched my sisters boobs while she was sleeping",3231.0,0.0,0,70
anonymousconfess,130,2025-01-24 13:34:33+00:00,"Confession #75

Ye kuch saal phle ki baat h.mere ghar ke samne 2 ladki rheti hn dono bhut mast hn but wo mere se kum age ki hn.ek baar wo ladki ghar aayi thi meri bhen ke saath khelne.toh wo mere bgal me hi leti thi.fir pta nhi kese mene uski ass par haath rakh diya I enjoyed it .aur mene socha nhi tha usko bhi acha lga pta nhi kese wo toh abhi choti thi.fir mene uski ass ko aur dabaya.kya maza aaya . fir mene uski underwear ke andar haath ghusaya aur uski chut ko ragda aur kiss kiya.wo mujhe aur karne k bol rhi thi.but mere bhar nikal gya.muje regret hota h mene kyon kiya ye but pta nhi apne aap ho gya",3492.0,0.0,0,610
anonymousconfess,124,2024-12-27 13:35:02+00:00,"Confession #74

""Ok so I’m a black 39 year old dominate male but behind closed doors I worship trannys, cd’s, fems, chubs. I love when they can cum on me. Like it’s bad, it’s all
I think about any my phone is full
Porn. Like I’m a gay ass pervert freak when I’m with them. I always go for white ones and I make them call me N199er repeatedly! I love it more than anything tho. I’ve paid white hookers money just to sit and call me a monkey while I jerk off. I make them call me a faggot and I’ll give extra money if they pee in me. I have a serious problem but I love it. Like I have a fantasy of white twinks and fem boys and trans taking turns on me. I want them to always say anything derogatory against black ppl and I really I love this shit tho. Like I have a gf but I love boi/tran pussy more than anything. I love suckin them off and just being a straight up bitch. Like it’s so bad🤦🏾‍♂️ 
I have a fantasy of finding a woman, who’s just as sexually fckd up and freaky as me and we will be married but on our day of marriage I want a me and my wife to be supremely Dominated by a huge dic tranny and we’ll do tht every year. Also if any black women are into being called out there name and love it please hit me up so we can swap stories.""",2936.0,0.0,0,1246
anonymousconfess,122,2024-12-14 21:21:53+00:00,Or you can dm me -> @thesilencespeaks,2592.0,0.0,0,37
anonymousconfess,121,2024-12-14 21:17:46+00:00,Share your confessions here,2630.0,0.0,0,27
anonymousconfess,120,2024-12-14 21:17:36+00:00,"Someone sent this:
""I m shy""

Don't be, it's completely anonymous, you can mention your telegram/Instagram If you want, still it'll be kept anonymous",2663.0,0.0,0,149
anonymousconfess,116,2024-10-28 13:54:15+00:00,"Confession #73

A long time ago, I had a one night stand with a guy I met at a club. He was handsome, tall and muscular. And the best thing was his cock. It was very long and it curved upward. The longest ever I had at the time. By the time we were at my place, I was so turned on and desperate for a hard pounding. And he didn’t disappoint. He crushed me with his weight and drilled into me. When I looked down below my flat stomach, I saw his abs between my legs, connected to me with his hard rod disappearing into my sensitive little hole. It looked so vulgar, so sinful and made me so aroused. As he kept thrusting into me, I begged him to go faster. But he kept going at a constant rhythm. In and out, in and out, never missing a beat. It drove me crazy I thought I was gonna lose my mind. He was relentless. Soon, I felt something build up inside me, becoming more and more intense, until I couldn’t take it anymore and I came hard. It was the first time I squirted. I was so embarrassed yet I couldn’t stop moving my hips into him. When my orgasm subsided, I was a mess. And my bed was a mess too. My face was covered in sweat and tears. I covered my face in shame but he kissed me. I kissed back as he continued thrusting into me. I locked my legs behind him expecting him to shoot inside me and make me his. I had forgotten he was wearing a condom. Thinking back, I wish he hadn’t. Because I had, at that time, undoubtedly fallen in love with this stranger. When he was done, I held him and didn’t let him pull out of me. I wanted him to stay inside me forever. But that wasn’t possible. I never saw him again and we never exchanged numbers. Even now, no matter who I’m dating, during sex I still think about him. If only I had the courage to ask for his number.",2821.0,1.0,0,1772
anonymousconfess,115,2024-10-28 13:53:40+00:00,"""Update from confession #72 
Me and my sis in law have now been trying secretly to get her pregnant and last night I’m pretty sure I knocked her up. We went to a cheap hotel and had sex on and off the entire stay. We barely slept and she has me exhausted. But tbh the sex is so much better than sex with my wife! I’m pretty sure we are gonna have an affair the entire time she’s pregnant if she’s knocked up. We will see! 
""",2438.0,0.0,0,424
anonymousconfess,113,2024-08-09 10:42:46+00:00,"Confession #72

This is by far the hottest thing to ever happen to me! I’m male 25 married with kids but my super hot sis-in-law recently started making sexual advances and hints to me during family gatherings. Yesterday she finally followed me to the bathroom after she was already rubbing up against me all morning from when she would walk by me. And when she followed me she got real serious and told me that her and her bf were trying for a baby but he doesn’t really want to have kids and she wants them within the next year so she’s desperate to get pregnant. Since I have 3 kids she apparently thinks I have good seed I guess lol. But long story short she begged me to think about it and she would sort it all out and find a way to hide the affair if I’m up for it. She then proceeded to rub my (now) hard boner and pull a titty out and says to me that it would be the best sex ever and she would do more than just getting creampied! At this point my boner is raging out of control and I’m trying to be good but I told her I’d think about it and now I have to jerk off to clear my head. So she almost literally ripped off my belt and pulled my pants down and I told her to stop cause we would get caught but she gave me head right there in the bathroom so fast and intense I didn’t even know what to do. I came in minutes down her throat and I didn’t even know what just happened. She then said now you have to give me a baby next time we get a chance. She’s been texting me with plans on where and when to go to this hotel and apparently get her pregnant next week cause she’ll be ovulating apparently. Should I do it? I don’t want to get involved in a crazy situation willingly!",2727.0,0.0,0,1687
anonymousconfess,109,2024-04-27 17:53:25+00:00,Yes please send more,3796.0,0.0,0,20
anonymousconfess,108,2024-04-27 17:53:17+00:00,"Confession #71

""My wife was a home body, raising our kids while I was on the road. I came home almost every weekend but my i was just told I could go back home early. After being gone for a few weeks i was a bit Randy! So I didn't let her know I was coming home early.   
To make a long story short...
When I got home, i knew the kids were in school so I went on in an was starting to call her when I hear her up stairs saying good boy! That's my boy. 
I crepe up stairs to our son's room and as I was peeking around the door i was shocked! And relieved at the same time. Do you want to read more?""",3785.0,1.0,0,599
anonymousconfess,100,2024-03-22 20:03:25+00:00,"Confession #70

I got a girl who’s obsessed with me. Rich family, only child, naive as fuck, but damn pretty with a smoking hot body. She let me fuck on the first date. Made her come hard as fuck. After that she was obsessed with my cock. I fucked her for a few days and got bored with her so I told her we should break up. Bitch started crying and begging me to not dump her. I beat her and told her to get lost. But the bitch said she’d let me do anything I wanted. My head was full of ideas at this point. So I fucked her again. Next day I dressed her up all nice like a slut in a tiny dress. No underwear. Then I drove her to a shitty part of town late at night. Everything was closed by now but there were some small dhaabas with some dirty and drunk looking uncles and some chapri looking guys. They kept staring at her like they were ready to jump any moment. I told her to get naked and that if she doesn’t, I’ll leave her with these horny dudes who will rape her until morning. Tears rolled down her cheeks as she dropped her dress in front of the men. They clicked pics and started hooting like wild animals. When some guys started walking to her, I shouted at her to get inside. She left her dress in panic and we drove away. In the car she bawled her eyes out like a baby holding herself with her arms. I just couldn’t stop laughing. I fucked her on the empty road and bitch came twice even while crying. I’m having so much fun with her. What other things should I do with her? Any ideas?",4568.0,1.0,0,1500
anonymousconfess,97,2024-03-14 17:40:42+00:00,🥹 please drop a better confession,3883.0,0.0,0,33
anonymousconfess,96,2024-03-14 17:40:25+00:00,"Confession #69

Nothing",3839.0,0.0,0,23
anonymousconfess,94,2024-03-05 15:09:35+00:00,"Confession #68

I’ve been married to my wife for 2 years and together for 5. Since the day we met we’ve both been very open about our sexual past and I know for a fact she’s only been with 4 guys including me. But just recently I finally got a confession from her about who was the biggest of all her partners. In all these years she swears I was the biggest but I’m not even that big. I’m at best 5.5 inches and average girth. She let it slip when we were doing some foreplay. I was fingering her and while she was moaning and squirming I asked her who was the biggest dick she’s had. And without thinking she said the name of the guy she lost her virginity too. But instead of getting mind blown I kept asking questions about him. Long story short she knew she had let the cat out of the bag a decided to be completely honest. She told me that her first time was actually a one night stand out of spite of a break up from a guy who chose to be a priest instead be with her. So she gave it up to a friend from her college class who lived near by. She told me details about how the had sex and that he was about 8.5” and equally as girthy as me but it hurt at first. But that in the end she let him creampie her and she felt like a total slut and cried for weeks. I don’t know what to do with this information but I can’t help but feel so turned on about some of the details tbh.",3770.0,0.0,0,1379
anonymousconfess,93,2024-03-05 15:09:21+00:00,"Confession #67

I fucked a girl I had been with in the past for awhile and it wasn’t regular but close. One night asked if I’d fuck her friend too. Shows up it’s her sister.",3170.0,0.0,0,173
anonymousconfess,91,2024-01-30 06:00:28+00:00,"Confession #66

Iam 23 and my cousin 19 had fun she likes me s lot n she stays in vsp and i stays 50km away frm her.she desperately wants me to do sex with her and she wants me to go forward in this first.one fine day we jst went fr a bike ride at eve 7pm and she started talking and she also started keeping hands on me and went out of controlll..sge wants me to pull out when iam abt to come at the end.",3608.0,0.0,0,405
anonymousconfess,90,2024-01-29 08:50:54+00:00,Send new confessions 🤫,3318.0,0.0,0,22
anonymousconfess,88,2024-01-28 10:17:19+00:00,"Confession #66

I gave my brother an oral sex while he was asleep",3764.0,0.0,0,65
anonymousconfess,87,2024-01-28 10:16:15+00:00,"Confession #65

Today my hot coworker and I had some crazy hot sex! The crazy part is that she’s engaged and I’m married but since we met we’ve had some crazy sexual attraction to each other and she came to me recently about her cheating with some other guy but it was only oral sex. Next thing you know the conversation got out of hand and we were talking about what our sex lives in detail and we both started to confess about how we felt there was a weird sexual tension between us. She asked me if I would cheat on my wife but I said no at the time. She then started to flirt with me every day for about 2 weeks very sexually. She would keep coming to talk to me about her fiancé not fulfilling her needs and why she had to cheat on him because she thinks he’s cheating on her also. Somehow later that week she got my Snapchat and just started sending very revealing pics of her body but nothing nude. Finally a few days ago I had a fight with the wife unrelated to this and my wife actually told me she wants a divorce because I don’t make enough money for her and some other personal stuff. So in all the rage and anger I started flirting back as my now wife is moving out I started sexting my coworker. And just last night and today we met up and have been fucking like rabbits to say the least! The only problem is what kind of mess have I gotten into. The divorce is gonna me messy and her split up is gonna a shit show but at least the sex is grade A+ lol. Let’s see what happens next",3470.0,0.0,0,1494
anonymousconfess,84,2023-12-07 08:25:41+00:00,"We need more confessions guys, share the channel or whatever, bring more stories yo?",4348.0,0.0,0,84
anonymousconfess,82,2023-11-13 22:20:00+00:00,"Confession #64

So just needed a place to get this off my chest. I’ve been fucking my sister in law for almost a year now and I’m pretty sure my wife knows and doesn’t care!?! I don’t know for sure but I think my wife and her planned it out from the beginning to try this because they talk about everything. Long story short she came on to me last Christmas by claiming she hasn’t had a orgasm with sex in her 2 year long relationship and she needed one and she has heard me fuck my wife (her sister) from across our house the night before and she wanted me to fuck her the same way. I hesitated but I couldn’t resist because her sister is crazy sexy. And now every holiday we get together we sneak off and fuck. The reason I think my wife knows is because since before the first time me and the sis-in-law fucked they were having secret conversations right next to me and my wife brought up the subject of sex and foreplay with me and her that night before the affair. I’m also not certain but I think my wife showed her my dick pics. Either way my sister in law is amazing in bed lol",3841.0,0.0,0,1085
anonymousconfess,81,2023-10-12 20:59:07+00:00,"Confession #63

The girl I had a crush on asked me to drive her somewhere. We were friends so I agreed. She showed up in a spaghetti top without any bra. I could see inside her top because of her small tits. I saw that she was wearing pasties to cover her nipples and I got a boner seeing her like that. She was so sexy. I thought about commenting on her clothes but I felt shy thinking that she would dress like this for me. But when we arrived at the place, there was a guy waiting for her. Turns out, she was meeting him. She had a wide smile when she saw him. I didn't want her to be with him so I asked her if she wanted to go somewhere nice. She said no and told me to go back home. I told her to call me when she wants to head back so I can pick her up. She said okay but she never did. I called her many times that night to ask her where she was but she never picked up her phone. I don't think she went back home that day because I called her flat-mate and she wasn't there. I feel so depressed to think that she went to that guy's place dressed like that. I hope she didn't have sex with him.",3531.0,1.0,0,1102
anonymousconfess,80,2023-10-05 18:35:54+00:00,Tell us your story anonymously 🌝,3131.0,0.0,0,32
anonymousconfess,78,2023-10-05 18:35:13+00:00,"Confession #62

fucking until i wanted to cum . I pulled out to stop . When the sensation had gone . I slid in to Pat . They both told me not to cum inntheir pussy . When i pulled out of Pat . I told them i needed to cum . Lynne told me to fuck her , pull out when i wanted to cum . I was fucking Lynne and wanted to cum . So i pulled out . Pat was sitting next to us . She finished me off with her hand . We had a few more times like this . Then me and Lynne split up . A few days later i saw Pat . She told me that she fancied me , and had wanted to go with me . We started going out . She lived next to a large wood . As it was the summer . We walked in the wood , to find a quiet place . We lay on the grass . Me removing my shorts , and Pat lifted her dress . Taking her pants of . I licked her and pushed my fingers in her pussy . Giving her an orgasm . Then she let me fuck her . When i pulled out , she finished me with her mouth . Sometimes if we were not sure how safe it was . We would feel each other , i would fuck her bending over . Pulling out and finishing by masturbating . Things got better when my mum started work . Both my parents were out at work . We could go to my house . Not as much fun as having them both . Still enjoyable . I talked to her about sex . She told me her and Lynne had been having sex with each other . They wanted to have sex with me , so they had planned what happened . At the end of the summer , i stopped seeing her . Back to school . We were both at different schools . Her 2 miles away , mine 6 miles in the other direction . We never officially split up . It happened .",3245.0,1.0,0,1619
anonymousconfess,76,2023-10-02 20:38:59+00:00,"Confession #61

I have a wild fantasy of seeing my sister getting r∆ped in front of me ...",2672.0,0.0,0,90
anonymousconfess,75,2023-10-02 20:38:31+00:00,"Confession #60

Actually iam frm vizianagaram, i and my mardhal vwent to a very dark place and had so much crazy fun and she encouraged me to do that fun even iam controlling and she cant....she is very horny at that time and i grabed her closely and she cant bear with what iam doing...and finally she said  i want to do that with u....",2761.0,0.0,0,337
anonymousconfess,73,2023-09-01 08:09:11+00:00,^^ get your confessions going on! Submit now,2919.0,0.0,0,44
anonymousconfess,72,2023-08-21 10:53:23+00:00,"Confession #59

This happened today so I was traveling in bus from college back to home and on the way a girl with really good sized boobs . The bus was jam packed so she was standings next to me and I was sitting on a seat so I pretend to fall asleep and whenever the bus applied the breaks I would purposely fall sideways and fall on her and my god those where so soft and juicy that I got really hard and started to get horny then as that girl's stop came  I got up and grabbed her ass and it was so soft and then I leaked inside my pants 🤦🤦",3184.0,2.0,0,544
anonymousconfess,71,2023-08-21 10:53:02+00:00,"Confession #58

Once i fucked my aunt when she was sleeping peacefully... For a min she was uncomfortable but after some time she enjoyed it pretty much... We were alone at our home. That experience was awesome",3100.0,1.0,0,210
anonymousconfess,70,2023-08-21 10:52:50+00:00,"Confession #57

I want to fuck my Neighbour.",3039.0,0.0,0,44
anonymousconfess,69,2023-08-21 10:52:37+00:00,"Confession #56

I had sex with my best friend since births mother made her squirt and convulse into a state she knocked",3010.0,0.0,0,119
anonymousconfess,66,2023-08-02 18:42:58+00:00,"Confession #55

Mene apni sister (13yr old) ko soty huay touch kia tha full haath uski paant mein daal kar and mene finger thori si daali and usko taste kia. It was salty 🥵",3701.0,0.0,0,172
anonymousconfess,65,2023-08-02 18:42:19+00:00,"Confession #54

One day my gf called to her home i dont know why she is calling first but i went to her house ...nobody was there and she was all alone...we have chit chat and we had fun talking about someone and smthng  by seeing tv after sometime we were so horny that we couldnt stop and went in the room firstly i touched her big boobs and she refused and then i got angry went out of the room.and i saw main door was unclocked and i shocked fr 1min by thinking intentionally my gf only left unclocked after thinking i locked the door i took my gf into the room and fucked her so hard and she was ready to have sex at that time.....toh m beech m bola ki aajaaayenge yaar aur unn boli ki kaun b 1hour tk nai aayenge mat darnaa m hoo na!!i got more energy by those words...and fucked hard...",3135.0,1.0,0,793
anonymousconfess,63,2023-07-29 10:05:00+00:00,"Confession #53

""Ek baar me apni family k sath apne ek cousin (jiske sath mera pehle se physical relationship tha ) ke ghar gya huaa tha. Me upr uske room me chala gya usko padane k liy uske mid term exam chal rhe the . Humne room lock kiya or me let gya wo mere upr baith gayi cow girl style me. Tabhi gate knock huaa..... mene jldi se kapde pehne condom dicj pr he laga tha fir Gate khola to uska chhota bhai or dadaji the bahar uske dada wo doubt hi gya tha hum pr . Us din meri bahut fat gayi thi. Ki ab sabko pta chal jayega or soch rha tha ki iske sath kabhi kuch nii karunga and all but unhone kisi se kuch nii kaha kyuki unhe confirm nii tha uske ek din baad dono family ghumne k liy ek hill station gaye wala weather itna sexy tha ki mujhse wait nii ho rha tha ki kab raat ho . Raat ko sabke sone k baaf humne waha pr v sex kiya or bahut maje kiye jab ghumne nikle gypsi me to wo mere pasa baithi thi to sabse chhup mene uske boobs dabaye usne mere hath k upr stall daal rakha tha jis se kisi ko kuch dekha nii 
""",2311.0,2.0,0,1022
anonymousconfess,62,2023-07-29 10:03:57+00:00,"Confession #52

""There was a girl in my class when I was in 11th standard. She was very shy and beautiful. All the boys were like """" Bhai kya maal hai yrr"""" . To impress my friends I started talking to that girl and to be surprised she was not that shy . She was very open and comfortable with me. Later she started talking about  her past relationship and all, and told me about her fantasies. Then only I decided that this girl can give me sex, I have to try at all cost. So after fee days i started calling her at my home for project work and for watching movies etc.  She started coming to my home in about 2-3 days gap. 
One day when no one was at my home, I called her to  come at my place for chat and fun. She came. And after that we started talking and after some time for God's sake what happened to me i pressed her boobs. She was shocked shed said"""" Dude what are you doing? """" 
I said I never touched any girl's boobs so i just wanted to feel yours(lied of course😅). 
She first resisted but after some time she said ok but for short time i pressed her and after appreciating her I suddenly hold her and gave a French kiss 👄👅. This time she said noting, I feel that she enjoyed that.  Then we  kissed again and again and I got to press her boobs and ass  and after some time  BANG she was naked. 
She was very curious to see my dick and feel because she never had sex before. When I showed her she was shocked to see a real dick because before that she watched only on porn.   

I then invited her to give me a blow job but she refused then I started liking her pussy and after she became horny she agreed to give me a blowjob. What a blow job it was man!!!!! 
Then I said her that i am now going to fuck her till she comes and begs me to stop. 
She was excited but as soon as I put my dick  inside she was like  yeeaahhhhhhhh!!!!!!! Pls   fuck me  . 
Fuckkk meee!!!!!!!!! 
The after few shots she can ass it was her first time but due to  masturbation her seal was already broken so less pain and more enjoyment . Tha en after around few shots   she hold my fick and started liking it's top and I started to feel like I am about to cum but I thought not to tell her I will raise inside her mouth
 When I was about to release, I hold her head she started resisting I made my dick go near her thoda that then BOOM!!!  I  released all my sperms insider her throat. She was verry upset with that but after some time she was horny again I fucked her again but I can on her vagina  and then fir 2 -3 shits  I again got inside her and pissed inside her . She was like  dude I have never felt that it is hot from inside. Then after few hours after we showers together she gone to her home. And after new day when ever we meet in school she smiles at me and everyone thinks that we are in relationship 😂😂""",2200.0,4.0,0,2809
anonymousconfess,61,2023-07-26 06:02:39+00:00,"Confession #51

One day I had forced my cousin to give me a bj",1831.0,0.0,0,62
anonymousconfess,59,2023-07-08 06:39:34+00:00,"Confession #50

""When I was 17 when my mom left my step dad for the """"love of her life"""". I met my moms boyfriend not long after and he was seemingly ok, but he had a daughter (Evelyn), she was 12 at the time. I instantly had a crush, she had already filled out in her breasts, hip and ass. Her booty was to die for and at the same time, she was so petite and short! I could tell she returned interest, exchanging flirty looks on occasion, but nothing really happened for a few years. Fast forward to my graduating high school and shipping off to army basic training. I get home on leave and my mom had moved with her boyfriend to another town, they lived in a camper quite literally in the middle of a field which was someone's front yard lol. 

By this time I am 19 and was staying there while on leave with my mom and her BF as well as my younger sister. Then I found out that his daughter would be visiting and staying the night, she was 13 by now. I can't really express my level of excitement lol. She arrives and looks as stunning as ever, we talked and laughed and just hung out. 

That night, it turns out that she would be sleeping next to me on the floor of the one-bedroom camper. My sister was sleeping on the couch, and Eve and I on the floor side by side. I couldn't sleep and so I just lay there in the dark listening to eve breathing. Suddenly my curiosity got the better of me, I wanted to know if her booty felt as good as it looked. I began to grope her ass over the covers, it was amazing! Suddenly she wakes up, I pretend to be asleep, pulling my hand away quickly. I'm laying facing her, eyes squinted to look closed but still try to see if she was asleep again. As I slowly opened my eyes, I found myself staring into her open eyes 😳

My heart was racing, and I was sure I was caught... but all I could manage to do was say """"hi, hard time sleeping?"""" She smiled and said yes, then we began a whispering and short little talk about nothing really substantial, but leading to my asking about her experiences with boys. She admitted she was still a Virginia and had not yet even kissed someone. In a joking tone, but quite seriously, I told her that I could teach her. She agreed and for the next hour we went from making out, to my having my hands all over her body except for her vagina. I also managed to suck on her breaststroke and dry hump her from front and rear. Easily one of the sexiest and most exotic nights of my life to this day where I am now 37. """,2192.0,2.0,0,2485
anonymousconfess,58,2023-07-08 06:39:16+00:00,"Confession #49

""I want to fuck my neighbour's daughter
Because she is too hot 
And her boobs and ass are very big 
Even if an old man see her , his cock will also rise up 🥵""",1781.0,0.0,0,174
anonymousconfess,57,2023-07-08 06:38:50+00:00,"Confession #48

Ek din bus se travel kr rha tha. Usse pehle maine 2-3 baar hi akele bus se long travel kiya tha. To mere samne wali jo seat thi uspe ek auntie and uske side wale seat pe uska husband baitha hua tha. After some time uska husband sogaya and wo jagi hui thi. Fir thodi der baad maine apne legs sidhe kiye jisse ki mujhe seat ka back part knees pe lage na. Sidhe krne pe mere toes sidha aunt ke side mai . Jaise hi time gaya 2-3 baar us aunt ke toes mujhe touch kiye firstly mujhe laga ki coincidence hoga but us aunt ne uske baad smile krna shuru kiya mudke. Later on she kept seducing like that and bus rukne ke baad she even came to sit next to me as the bus was empty.",1750.0,1.0,0,684
anonymousconfess,56,2023-07-08 06:38:19+00:00,"Confession #47

""Hello guys toh starting from the beginning meri 4 real bhene h , sabb bdi h 3 married and 4th one is engaged now, so basically all of them are very slutty and ye batei mujhe badme pta chli when i grew up, toh sabse bdi didi and sabse choti didi (1st & 4th ) similar hai figure, and bhot pretty h 2nd & 3rd thori dusky h complexion me bt unka bhi fig acha h toh ek baar me apni 4th vali didi ke laptop se assignment bna rha tha and mujhe folders mile mene open kre toh i was shocked to see mere didi ke nudes , dick picks ke sath and vhi pr chat ke ss bhi the mene thore bhot import kre jaldi jaldi mai me bhot dara hua tha, bt also exited, later on mene unko padha toh i got her google password, and mene didi ki google photos login kri and tb i was more shocked to se the real  lifestyle my sis was living in, she was getting fucked with some other religion guys as well and had all sort of pics bt later on jab mene kuch chat ke ss padhe tb i got to know some guy who has been fucking my sis usne sabse bdi didi ke sath bhi kafi kia hua h and he had pics of her too and unko dikha kr 4th vali didi ko temp krta tha and fasaya, and use kia, but ab my sis was willing getting fucked like some slut. So yah this was my experience , which i never have imagined ki someone i know from the start can be so slutty and different. Abhi bdi didi ki shadi hogai h still she goes out with him. 
""",1676.0,1.0,0,1403
anonymousconfess,55,2023-07-08 06:37:36+00:00,"Confession #46

""I am a 32y male, since beginning I easily get attracted to girls i come in contact with.  Though, i haven't been in company with many girls as i completed my schooling from a boys' school, then Engineering in Mechanical followed by job in production firm, so, i haven't really had so much exposure to the opposite gender.  However, since college time I have come in contact with 5 girls, 2 of them turned out my girlfriends (not at the same time), I became physical with them. Then, subsequent to them, I got really attracted to the core to one of the remainings, I expressed my feelings to her, she laughed, it hurt a lot, so I decided to keep away from her, it seemed best course of action as it might hurt for some days but the pain will diminish, she tried to contact me but I kept myself strong, she might also have realised that i was avoiding her. The same happened again, i started to like the fourth girl of the remainings i mentioned earlier.  But, then i got hold on myself and didn't express anything and maintained distance from her.  The remaining last of them, i didn't got attracted strongly as i felt with the earlier ones, but i tried to be playful, she also liked me I guess, but we both maintained distance.

Then I got married, it was arranged but not like Village type arranged, we met several times before marriage, liked each other.  Now we have a 1.5 year old daughter, nothing serious bad or fight has occured yet, things are going good.

Now comes the real part for which I am writing this, i can't share this with anyone.
It is happening again,  I've a new immediate boss for a couple of weeks now, she's a few number of  years older than me, she is beautiful and unmarried.  She is kind of introvert but i think she likes to talk to me as she doesn't talk anything extra with anyone else in my section/ office, but I am the only one she talk other than just official work.  I am not saying she like me or anything like that, but i think I've started to like her.  I keep thinking about her all day, though i don't want to.

I don't wanna cheat on my wife,. All the things i wrote above might give a negative impression of me but i never cheated anyone, never abused any girl i mentioned.  I am a good guy in respect of human nature, that's why those girls liked me even though i not that great in looks and all of them always said i am different than other guys,, my wife consider me a good guy too.

So, that's it, it's all i wanted to offload.  What to do now?
Anyone have any comment, suggestion or anything is welcomed.""",1663.0,0.0,0,2570
anonymousconfess,54,2023-07-08 06:37:02+00:00,"Confession #45

""I have four sisters 3 are married 4th one ki sagai hui h  and iam the only brother and iam very much loved and pampered one as iam the youngest toh jada pta nahi chla chizon ka bt meri sari didi mujhe kaffi bdi h... Jumping on to that i was normally using my eldest sisters phone and esi hi i checked the photos , and i was shocked to see my sisters nudes in her phone it was wild, like she has her ass, pussy boobs in all angles, taking dicks, yes not only her husband bt also other boyfriend she had i was scared and same time horny i searched more and went thorough her chats she was having one night stands i was thrilled to see this, my sis as a slut... So days passed mt perspective changed and after it i searched all of my sisters phones and i dont know why bt all of them had there nudes in their phones with their husbands the 3 one had videos doing some crazy stuff, now i was on fire... I checked my youngest sis, also wht i thought i found some nudes she was also fucking random dudes and i dont know why bt she wasinto older guys, she had 3-4 dick pics with condoms and cum i didn't get to see her pussy ass or chat bt iam still trying... 
""",1422.0,1.0,0,1172
anonymousconfess,53,2023-07-08 06:36:18+00:00,"Confession #44

Just want to fuck my land lady she is 36 yrs old and very attractive and big melons just thinking about her gives me boner",1347.0,0.0,0,138
anonymousconfess,52,2023-07-08 06:36:05+00:00,"Confession #43

I'm going to have sex after long time",1375.0,0.0,0,53
anonymousconfess,51,2023-07-06 20:14:12+00:00,"Confession #42

Itni tadap kyu hoti h chudai ki 👶🥴",1468.0,0.0,0,50
anonymousconfess,50,2023-07-06 20:13:57+00:00,"Confession #41

My colleague's wife wants a child from me😶",1472.0,0.0,0,58
anonymousconfess,49,2023-07-02 05:34:49+00:00,"Confession link is in bio, let the confessions rolling!",1602.0,0.0,0,55
anonymousconfess,48,2023-03-13 06:15:57+00:00,"Confession #40

""My gf is cheated on me once, unn dino we were not talking thoda jhagda tha hmare bich even Mai bhi kisi aur se baat krne lga tha... but mujje pta chala ki meei gf mere senior ke flat me jaati thi aur chudwati thi, ye sab 2 m9nth chala... but then hum again saath me ho gye patchup... abhi Mai meri gf saath me haii ....aur Maine usse ye nhi btaya ki I know all this about her and senior
But now I started to feel cuckold and wants her to cheat more with my frnds her frnds.

It's crazy but makes me excites""",2757.0,2.0,0,524
anonymousconfess,47,2023-03-13 06:15:45+00:00,"Confession #39

When i was in 12th standard i grabbed one of my teacher's boobs they were extremely soft....",2618.0,0.0,0,108
anonymousconfess,46,2023-03-13 06:15:26+00:00,"Confession #38

I m currently 21yrs old . When I was 17 ,once my cousin her age was 21 then came at my house to give some sort of exam and we slept in a same room, it was a winter night I was sleeping with her in her blanket at night all of sudden I woke up and saw her in dim light her lips were too close to mine . I got closer and kissed her then I d k what happened she got closer to me then I could feel her breath near me I got horny and I had a boner then I took off my shorts and placed her hand on my cock then she turned in sleep keeping her  back facing me I was afraid ki woh jag na jae the I took advantage of her sleep and placed my hand on her boobs fr inside her tshirt pretending I m asleep it was so soft . Then she woke up and moved my hand and placed it on her waist . I got more horny then I took off her lower and placed my cockand rubbed over her ass and tried to push my cock inside h pussy she woke up with pain and got angry on me the i tried to convince her it wasnt intentional.  After then later i felt she fell for me we had sex couple of times but la when she found out about my gf  we don't talk anymore .",2664.0,5.0,0,1137
anonymousconfess,45,2023-03-10 13:57:52+00:00,"Confession #37

One day me and three of my female best friends and gone out to a resort to stay without our parents. I had got us a few drinks and then we all drank and all of us got intoxicated and then we had a foursome sex. A month later we found our that one of them got pregnant.",2311.0,0.0,0,284
anonymousconfess,44,2023-03-10 01:05:28+00:00,"It's been three months and I haven't heard from her since then. I am not able to date anymore because of trauma and self esteem issues. All of this was my fault and I don't think I'm ever going to be able to live this down.""",2280.0,2.0,0,224
anonymousconfess,43,2023-03-10 01:05:28+00:00,"Confession #36

""I (25M) got a job last year and started dating a junior girl from my college. She was the hottest girl in college and every guy was after her. But she chose me. I felt proud about it and I was totally in love with her. 

We started having sex in her final semester and she was nothing like I had expected her to be. She was a sex freak. After some foreplay, I could pound her to orgasm in just a few minutes. She would scream and claw at my back so hard that I would bleed. God, she was so hot. She lived in Delhi and I was in Gurugram. We visit each other often but for sex, it was always at her place cause she lived alone and I, with my parents.

One day, while we were both naked after fucking, her window was open and I could hear some laborers chatting outside. Her flat was on the ground floor and people could see inside her window. We weren't in their line of sight though, so they couldn't see us. Then I had a very naughty idea. I told her to go and close the window and the curtains. She reached for a shirt but I snatched it away. I told her to do it naked. She knew what that meant. Those people would see her in all her naked glory

She looked at me, shocked and didn't agree at first. But I was stern, letting her know that she had to do it. Reluctantly but with a little smile, she slowly tiptoed toward the window. As she got closer, their chattering stopped. I knew they could see her now. She stood there for a few seconds, twirling her hair like a nervous little girl letting them enjoy the view. Her chest heaved up and down from her nervous breathing. As she reached out for the window, her tits jiggled. She quickly closed it along with the curtains and ran to me, grinning wide and giggling. We fucked like there was no tomorrow. We were so turned on from this, especially her, and when she came, her body trembled. She told me she loved me.

But this little stunt of mine was a big mistake. Those laborers lived nearby and saw her regularly. She told me that she was getting catcalled and having obscene things shouted at her. They would whistle at her even when I was with her. I didn't know what to do. She would look at me like she expected me to fight back or say something to them. But I was too scared to do anything. We gradually grew distant. She would rarely reply to my texts or even pick up my calls. She blamed me and she was right. It is my fault that this happened.

As one final attempt to win her back I went to her place on her birthday as a surprise. The door was open so I let myself in. I heard moaning from inside. It was her voice. My heart sank. I slowly got closer without making any sound. What I saw horrified me. She was naked on her back and one of the laborers who saw her was on top, pinning her arms down, and raping her.

I was about to charge when she pushed him down and climbed on top. It became clear to me right then but I didn't want to believe it. She wasn't being raped. She was fucking him willingly. Even today, I remember every detail of it. She rode him up and down, her tits jiggling. She took his hand and brought it to them.

Then she saw me. But she didn't stop. She kept going up and down. """"I'm sorry"""", was all she could say as she kept grinding on his dick. I just stood there not knowing what to do. The guy sat up, looked at me and put his mouth around her nipple. She moaned and caressed his hair. Then I heard a familiar sound escape from her. The groan that I would hear whenever she cums. Her body quivered all over as she closed her eyes and kissed his filthy mouth like she loved him. It seemed that she actually was in love with him.

After he came too, he pushed her off of him and got up. He wasn't wearing a condom. He put his rags of clothes back on, patted my head like I was a kid, and went out. She was crying like a child caught stealing. I didn't say anything to her and left.",2310.0,2.0,0,3889
anonymousconfess,42,2023-03-10 01:05:07+00:00,"Confession #35

Once I grabbed one my sisters boobs",1771.0,0.0,0,51
anonymousconfess,41,2023-03-10 01:04:51+00:00,"Confession #34

I once put my hand in one of my cousin pussy",1777.0,0.0,0,60
anonymousconfess,40,2023-03-10 01:04:26+00:00,"Confession #33

I'm seedha saada ldka but i don't know why, ek married lady mere piche padi huyi h .. mujhe ye sb thik nhi lgta or m in sbse bachna chahta hu .. but sometimes hormones mujhe baat krne PR majbut kr dete h usse.",1868.0,1.0,0,225
anonymousconfess,39,2023-03-10 01:03:58+00:00,"Confession #32

Hamare society me ek bhabhi ai hai ayyy hayyy 😚😚kya pataka lagti hai ek bar to maine usko nighty me dekha tha uski gand dekh k mera lund khada ho gaya tha to usne dekh liya tha to haske chali gai fir rat ko me gaya to usko tabyet se choda",1832.0,0.0,0,254
anonymousconfess,38,2023-03-10 01:03:32+00:00,"Confession #31

I have my ex gf boobs pic still....i kept in samsung safe vault....",1720.0,0.0,0,83
anonymousconfess,37,2023-02-26 17:52:08+00:00,"Confession #30

Meri best friend ek bahut badi randi h bhen ki lodi nashe me mere se roz chudhti h usse bade bade boobs chuskr mza aa jata h uski raseele gand ahaaa ha haaaa if kisi ki uski id chahiye toh ek confession daal dena number k sath girls also allowed h",2029.0,0.0,0,263
anonymousconfess,36,2023-02-26 08:06:43+00:00,"Confession #29

I have a cute nd curvy gf, but i still jerk off to my ex gf's nudes... and i get very excited on the idea of sharing her nd my current gf's nudes with random people..but i havnt done it",2165.0,0.0,0,201
anonymousconfess,35,2023-02-26 08:06:27+00:00,"Confession #28

""Mere maamu ki beti hein woh bahut masth lagti he aur uski age 19 years and mera age 24years he aur ek din maamu ke gaon me function tha toh humare Ghar Wale sab Maamu ke gaon ko Gaye jab maamu ki beti itna sexy lagi ki udar hi meri nikal gayi usko dekhne ke baad👈👌👈👌👈💦💦💦,
raat ko phir se woh nighty pe dikhi 🥵🥵🥵🥵
Us raat ko sab sone ke baad usko ek kiss Kiya💋💋 phir baadme bathroom me Gaya aur udar maamu ki beti kaa panty thaa usko soong liya aur Nasha Chad gayi🥵🥵 thodi der masturbate Kiya 👈👌👈👌👈💦💦💦.""",2332.0,0.0,0,519
anonymousconfess,34,2023-02-26 08:05:28+00:00,"Confession #27

Iam a boy aged 22 i have a gf chubby girl i think she had sex with someone because she is not interested in me as before she does....she just wants money...whoever he have more money she keeps relation with her....that fucking bitch... i tested once without giving any money to her since 1yr and now she doesnt talk to me and finally blocked my number. She only came and proposed to me...and now that fucking bitch doesnt even care abt me..mai baut acha rehtaa thaa...ache se baat kartaa tha aur ache se gumaataa tha...i have also given so much respect what she deserves at that time..but acha rehne se chutiya banaata h na ye duniya k logo ne...ye mera first relationship tha...(83********) ye number ko hi karti thi laundi...mije phone bi nai dikaati thi uskaa....m b nai poostaa tha kyunki vaa pr trust tha...",2060.0,0.0,0,828
anonymousconfess,33,2023-02-24 16:32:47+00:00,I promise yeh maine nahi bola hai 🥲😂,1975.0,0.0,0,36
anonymousconfess,32,2023-02-24 16:32:30+00:00,"Confession #26

I'm boy (25).. i don't have any gf..and I'm dying to have sex ..",2123.0,0.0,0,80
anonymousconfess,31,2023-02-24 16:32:14+00:00,"Confession #25

My sister is small she is just 13 years know but I always jerk on her by imagining her forced gangbang by some slum people above 35 aged , and wanted to listen her screaming",2100.0,0.0,0,189
anonymousconfess,30,2023-02-24 16:31:41+00:00,"Confession #24

My cousin is married and had 8yrs babby girl but my cousin is still cool and sexy and her b**bs size are extremely daaam bigger one and her skin tone is not sooo upto the mark but ok...i want to fuckk herr....she works in a software...and she stays in belgium with her fam. She likes me and talks me in a tempting manner.she controls by seeing my half naked body because of the white skin tone. What if i go 1 step forward....but im scared of that... but daam that her chest size is so so bigger.....",2159.0,0.0,0,516
anonymousconfess,29,2023-02-22 13:00:10+00:00,"Confession #23

Dated 6 girls",1904.0,0.0,0,29
anonymousconfess,28,2023-02-22 12:59:51+00:00,"Confession #22

""Mujhe apni chhoti chachi ko chodna h
Vo gaav m rhti h
Vo thodi gehri neend m soti h to m soch rha hu agli baar gaav jau to raat m unke ghr so kr unka didh piu or unko chodu. 
Aage Jo hoga dekha jayega""",1814.0,0.0,0,218
anonymousconfess,27,2023-02-22 12:59:29+00:00,"Confession #21

I have a cousin aged 28 and iam 22 she is very cool and sexyy..but my height is bigger than her. We usually play jokes on each other...and the wildest thing is the i slept with her in  my childhood without any clothes...but i want it to do it now...iam scared  if she takes advantage of it....",1828.0,0.0,0,309
anonymousconfess,26,2023-02-22 12:59:17+00:00,"Confession #20

My gf had sex with my friend just because I was not available",1788.0,0.0,0,77
anonymousconfess,25,2023-02-14 18:10:12+00:00,"Confession #19

I have a college friend and I really want to eat her pussy and sometimes when I'm at her house I go to her washroom and smell her dirty used panties from the basket",1923.0,1.0,0,180
anonymousconfess,24,2023-02-14 18:10:06+00:00,"Confession #18

My gf had sex with my friend just because I was not available",1930.0,0.0,0,77
anonymousconfess,23,2023-02-02 09:54:37+00:00,"Confession #17

Ye 15 number pkka koi ldka hai or baki sab k mje le rha hai 🤣🤣🤣",2189.0,0.0,0,79
anonymousconfess,22,2023-02-02 09:54:29+00:00,"Confession #16

I am a guy and i have a cousin who I'm really attracted to and kind of get the feeling that she likes me too but just scared if i make a move i might fuck up things for myself",2191.0,1.0,0,191
anonymousconfess,21,2023-02-01 17:16:07+00:00,"Confession #15

""I'm a girl and need to get fucked so hard, been wanting it for long time
Big tits and full shaved 😽 """,2118.0,0.0,0,118
anonymousconfess,20,2023-01-28 12:05:36+00:00,"Confession #14

""Muje meri ek dost jo ladki hai uski mummy bohot sexy lagti hai 
Muje unko chodne ka man har roj hota hai wo here Ghar me ake bhi Beth jati hai mere side mai aur jab jab hath lagti hai mere khada ho jata hai unke boobs aur ass itni tight hoti hai ki jo bhi kapde pehene sab mai ek dam mast curve dikhta hai unka """,2125.0,0.0,0,329
anonymousconfess,19,2023-01-26 14:02:16+00:00,"Confession #13

I had some crazy day with my aunt 🥵",2020.0,0.0,0,51
anonymousconfess,18,2023-01-22 00:59:55+00:00,"Confession #12

Want to see my sis getting fucked hard, saw her once sucking his bf dick, now i always get hard seeing her, also haven't seen her full naked bt her bobs are so bouncy just want to watch them sucked and get her fucked.",2306.0,1.0,0,233
anonymousconfess,17,2023-01-20 22:00:05+00:00,"Confession #11

Mujhe apni dost ki bhen ki dost ko chodna h choti h pr booobs bde h uski",2362.0,0.0,0,88
anonymousconfess,16,2023-01-19 23:54:39+00:00,"Confession #10

I am 20 but still i am virgin. I want to lose my virginity but don't know how. Also i don't have any girlfriend. But i have crush on a girl but she is married. Kya kru samajh nhi aa rha.",2278.0,0.0,0,202
anonymousconfess,15,2023-01-18 10:01:56+00:00,"Confession #9

""I want to fuck choti mami she is very hot 🥵
""",2304.0,0.0,0,61
anonymousconfess,14,2023-01-12 22:46:50+00:00,"Confession #8

Many apni tuition wali teacher ko buhut bar choda hai. Us ka pati dubai huta hai or aksar ma us k ghr late class k bhany rukta hu or hum mazay krty hai. Wo blowjob b deti ha mujy or ma us k dodh b chosta hu. Wo buhut hot hai",2370.0,0.0,0,239
anonymousconfess,13,2023-01-12 15:10:50+00:00,"Confession #7

I want someone 🥺",2315.0,0.0,0,31
anonymousconfess,12,2023-01-12 14:00:35+00:00,"Confession #6

I want to have a threesome with my aunt (choti mami) and my cousin (bari mami ki larki) they both are hot as fuck i always jerk off while thinking of them. I have spayed on them while they are having a bath and I once touched and sucked on my cousin while she was sleeping. I love them both so much and someday wanna fuck them so hard.🤤🍆🍑",2259.0,2.0,0,353
anonymousconfess,11,2023-01-10 10:32:29+00:00,Confessions bhejo bey dating site thodi h 😂,2181.0,0.0,0,43
anonymousconfess,10,2023-01-10 10:31:59+00:00,"Confession #5

No string attached secret relation in chandigarh??",2136.0,0.0,0,65
anonymousconfess,9,2023-01-10 09:24:08+00:00,"Confession #4

Need a girl",2115.0,0.0,0,26
anonymousconfess,7,2023-01-10 08:58:42+00:00,Same though 🥲,2095.0,0.0,0,13
anonymousconfess,6,2023-01-10 08:58:35+00:00,"Confession #3

I want a girl to talk",2078.0,0.0,0,36
anonymousconfess,5,2023-01-08 17:14:07+00:00,"Confession #2

i kinda have a crush on my sir. idk what to do....",2148.0,0.0,0,65
anonymousconfess,4,2023-01-08 08:35:47+00:00,"Confession #1

I want a girl for a 1 night stand 🤧🤧",2139.0,0.0,0,51
anonymousconfess,2,2023-01-06 23:09:49+00:00,Will post anonymous confessions here,2077.0,0.0,0,36
indiansconfessions,227,2023-07-09 04:09:48+00:00,"I used to tex random girl on telegram .I few get some girl to chat .one day I messaged to girl but after chating I got to know that she is mother of her but having daughters name and dp.
Her mother name is rupali.she is talking like she knew me .what happened that my name and rupali friend name is same. I got to know that rupalis husband is died .I asked for pic she sent.after chating I found that her friend is her boyfriend type used to do sex.and know both families each other.i asked for nude she said no Frist but after time se sent me 5-6 nude.after next day she found that I am not her boyfriend.she blocked me.",20194.0,10.0,405,621
indiansconfessions,226,2023-07-08 03:42:44+00:00,"My little sister has just passed her 10th class she's 15 year old. I came to know that she has a boyfriend from her classes. I got to know this from her phone.. I saw a video of her sitting on his lap.. Then i opened her instagram n was freaked to see her chat with him... I never thought she will speak such a vulgar language. At home she behaves so innocent.
I am really confused should i inform this to my parents? Please advice me",19911.0,7.0,75,434
indiansconfessions,224,2023-06-19 16:47:30+00:00,"Want to get something off your chest? what better way than to send us a confession. 

Faceless confessions would also help you with insights from our members. Maybe someone else can relate to your story and you and him/her can know you are not alone!",17907.0,2.0,26,250
indiansconfessions,223,2023-05-08 08:54:18+00:00,"I'm 19 year old 
Scored 84% in 10th board 
76.33 in 11th 
89.20% in 12th 
Tried NDA
But couldn't make it 
Now Just did attempt NEET 2023 
But it wasn't good
So sure not gonna make it
Actually i didn't study at all.
My Last 4-5 years are complete wastage
I didn't study at all.
My family hates me now.
My father asked me to die ( he's good guy , he loves me very much but i broke his trust and he's hurt by that , he always thought that I'm gonna do somthing good) 
My cousin brother said u broke trust of all 
You are just a crap .
You are just burden on family.
Why don't u go and work on petrol pump and make some money.",17594.0,1.0,28,622
indiansconfessions,222,2023-03-02 11:36:34+00:00,"So sometime ago husband of my best friend called me up and started telling me about their matrimonial issues. He started accusing my friend of being unfaithful to him and that he forgave her on multiple occasions. He wants me to not tell my friend that he called me and still wants me to convince her to do what he wants her to. 
Should I be telling my friend that i got a call or i should try to talk to her and make her into doing what her husband wants.",15645.0,1.0,15,456
indiansconfessions,221,2023-02-20 02:40:10+00:00,"Hi guys!!

M,21,  here,
I am a straight male, always got almost everything wanted in life.
6 months ago broke up with my gf coz she wasn't much exploring and thinks that her academics are getting weak coz of our relationship which wasn't the case in my situation. I am still getting good grades in clg. As it's my last year, I am finding new things which led to me to explore the incest things. 
I am started growing to get fetish on girls more. 
Infact, i always thinks of getting slave of a girl and time by time it grews more. I am always been dominating in bed but I want to try new this time and wants to get dominated by a girl.
Doesn't matter the age, it will be ok in any manner whether she's a younger girl,of same age or old one.
I can't handle this feeling anymore. 
I tried many a times on the neighborhood aunts but everytime either they don't want to engage in or if 1-2 accept the proposal then her family came out of nowhere.",14833.0,2.0,23,941
indiansconfessions,220,2023-02-09 02:05:21+00:00,"Hi.  So I would like to share a confession.
31, male.
The incident I'm going to share, dates back to the year 2003, I was in 7th standard than. I had an addiction of playing computer games than, and used to often go to my friends place. My parents, many times used to get angry on that and the same scolding and all.
One day it was too much for me, and I ran away from my home ( don't know what came into my mind). So were in a place called m.h.o.w,( located in madhya pradesh) from their I went to Indore. ( 23.5 km away).
I travelled by Local train, for the first time, I travelled on my own, without any purpose, without any money in pocket. I remember, for the whole night I didn't ate anything. 
Now reaching Indore, I realised I'm damn far away from home. I stepped out of station, roamed around, thinking of what to do, than went inside, sat in railway station, and than , waited till morning ( all tired, hungry), took the very first Local train back.
Whatever I did, I haven't forgotten it in so many years. Whatever happened in home is a different story. 
I wrote, because I haven't been able to get it out of my head since than.
They say move on!!!
But sometimes I guess, we get struck at some places...",13047.0,0.0,20,1214
indiansconfessions,219,2023-02-04 10:19:56+00:00,Also feel free to share a confession anytime!!👍,11327.0,0.0,4,47
indiansconfessions,218,2023-02-04 10:19:42+00:00,If you like our channel please share it eith your friends,11094.0,0.0,0,57
indiansconfessions,217,2023-02-03 11:39:57+00:00,"F 26

I have never tried in real but I have fantasy to be a salve of some guy elder than me for a week. Follow his rules outside and in home too. He can make use of me for his needs or earn money by making use of me as he wishes.. How to start with it can people on this group advice?

Just don’t mention DM to know or any one liner in comments.. Please explain details and your rules comments so that I can connect with you to make it happen in real..",10958.0,0.0,45,452
indiansconfessions,216,2023-01-24 14:00:03+00:00,"I'm a 33 year old small town man. Recently divorced... However a while back i developed feelings for a coworker. Her caring attitude and cuteness took me over. However the problem is that her parents are orthodox type and have fixed her wedding to some friend's son( aaiye iss dosti ko rishtedari me badalte hain types ). 

Now that girl says she likes me, loves to talk to me alot cares for me but she speaks to that other guy as well. At times i feel she is in a very convenient position of lingering me over. Any advice as to should I stay over or move on.",10489.0,1.0,7,559
indiansconfessions,215,2023-01-22 18:42:23+00:00,"I started working in company after I got selected in an interview in the company.

I was new so I used to make mistakes while working but my manager being strict used to shout on me a lot.

So one day after office, I went to his cabin and gave him a blowjob along with showing of my naked body.

Since then he has been having sex with me till I got married.

I got married 2 years ago.

Now after marriage also, he has become friends with my husband and he comes to my house when he is not at home.

He fucks me in my mangalsutra and i also enjoy it.",9694.0,8.0,69,550
indiansconfessions,214,2023-01-01 08:30:06+00:00,"28 f working professional. I have never done in real so just confessing desires.. I wish I can help many of friends needs..

So we all have needs, and since becoming separated women.. my divorce is not yet complete for some reasons.. I wish that I could sure my friends are sexually satisfied. I'll suck their cocks, let them use my face for there pleasure. I'll then tell them too relax while I sit on there cock and ride the night away.. i kinda wish I had more friends like that though 😈",9017.0,3.0,42,490
indiansconfessions,213,2022-11-09 12:58:09+00:00,It's about my wife. Me n my wife both were College lovers n then got married. I love her but the thought of seeing her get fucked makes me hard. I've shared her nudes with strangers before but after marriage during our honeymoon we went to goa got super drunk i was still in senses but she was completely out when we reached hotel late at night hotel boy helped me get my wife to the room and when we got to room. We put my wife in bed her dress was got all up and her thighs were all visible. To this the hotel boy was shy and was about to leave but for some fucked up reason i didn't let him leave and asked him if he could help me get my wife change. He was more than happy to do it and i got my wife up again and he started unzipping my wife's dress got her in bra panty and he was groping my wife got my wife naked dimmed the lights then watched him pump wife he finished inside her. My wife next morning thought we had sex last night n everything went normal fast forward to month later she's pregnant and now I'm horrified what if it's not my child. I can't tell her to abort and now I'm stuck I don't know what to do?,10260.0,6.0,19,1125
indiansconfessions,212,2022-10-29 08:43:58+00:00,"I dont know how to talk about this. Me and my gf have been in a relationship for more than 6 yrs. Recently, almost 6 months ago i came to know that she got assaulted by her cousin bro. This assault happened before our relationship.  But unfortunately she always talks about him and he is the most favorite relatives among all of them. After i knew about this incident i began to doubt her. Because, how can someone talk to a guy so friendly even after her sexualy assaulted her. We began to fight a lot. One day when we were fighting through phon. I asked her about the way he touched her. And this conversation gradually turn in to a sexual way and she end up masturbating herself. All those things make her horney. And she told me that his dick is so big like the guys on porn. And we used to make phone sex and include him on our fantasy and fantsize in detail and in descriptive ways.   I am so confused is she really into him. They really had any sex before. Etc etc. I dont know y i confess this in here. May be I needed a place to vent my shit!",10300.0,5.0,9,1051
indiansconfessions,211,2022-10-11 04:09:26+00:00,"Don't know how to start with, but sooner or later we do realise that we had lot's and lot's of wrong in our lives.
We chalk out a plan, and think that it would always work, never even thinking once that things can go downhill any moment.
I did the same, practiced, prepared, dvelved into it, but sometimes staryed it from the objective for a considerable time.
But tried to always get back as fast as possible.
Still things went downhill, always and everytime.
In retrospect, I wonder where I went wrong, or what I wanted was not destinied for me.
Today by god's grace I do have certain things but not what I always wanted, or what o wanted to be!!",7867.0,1.0,2,648
indiansconfessions,209,2022-10-05 08:10:47+00:00,"This is another confession of mine, I have never discussed it with anyone before, the memory haunts me. The incidence dates back to march 2012, I was at that time staying in Chandigarh, and for some work purpose, I had to be in Pune in next 48 hrs.
The best option for me was to board train.
I started from Chandigarh and reached ambala by bus. From ambala, I had to board jhelum express, which had to depart from ambala at 5 in the morning.
I was sitting at railway station and wiling my time away. Waiting excitedly for the train , around 2 while I was sitting on bench, a very old lady ( must be 80 +) , came and sat their besides me, I felt bad for her. Luckily their was a vendor their who was giving food and tea, I got one for her, and gave it to her. She took it after some hesitation, and went away from their, while she was going from their, she had taken some steps and vanished.
Yes she just vanished, as If like she was never their.
Whenever I think about this I'm unable to comprehend what it was.
It definitely gave me chills at that time, but all along I remember it as an unexplainable experience.",7097.0,0.0,0,1114
indiansconfessions,208,2022-10-03 14:35:34+00:00,"I'm single male from Jammu, but have stayed all over India, and that gave me a chance to meet lot's and lot's of people, but what I'm going to share is totally way ward , I like every human being, had a wish of falling in love, and it materialised too, and after a period of time, it ended, I was 21 than, after that I have been in continuous relationship till date, every time I think it's love, but with time I realise it's not anywhere around love. 
I'm confused, the very heart to love a person, unconditionally is missing in me, or probably I'm yet to reach to that level.
I don't know.
I think about this, I don't reach to any conclusion.
Putting up here, was a recap of past thoughts and actions.",9816.0,0.0,2,703
indiansconfessions,207,2022-07-31 10:54:25+00:00,"i’m married male from US, born and raised in Chandigarh. i love sharing my wife with other dudes. this thought came to my mind when I saw a threesome porn of a married couple on onlyfans

Well it was little weird when i asked her that but with time she felt comfortable to talk to me about it. she was totally opposite of this though tbh but with time she gets into this.

we used to talk about other people all the time especially when we go out for like shopping or dinner or beach or you can say almost everywhere. i used to say see that guy is looking at you maybe he wanna fuck you tonight, she laughs and starts looking for girls and used to say see that girl is so hot, look at her booty etc etc etc.

now, we love having threesomes",7880.0,1.0,13,739
indiansconfessions,206,2022-07-23 06:31:12+00:00,We have a new confession!,6249.0,0.0,4,25
indiansconfessions,205,2021-12-19 15:09:16+00:00,"While  was working in MNC in Gurugram,there was this girl always wearing mask and staying with three of her friends. I was a kind of curious to know more about her and initiate a talk. But, as destined she turned out to be from other religion and i couldn't muster courage further. However, my attraction kept on increasing as I saw her daily at the time of attendance. I thought its one sided as there wasn't any response from other side. But recently I found her staring at me whenever I looked randomly in the class. So, my hopes became a sort of alive. But later I found out that its very unlikely that she already don't have a boyfriend and all the things came down crashing. I decided to quit job because of some exam prep and I don't know whether I should be thinking further about it or not..??",7294.0,1.0,3,802
indiansconfessions,204,2021-12-19 15:09:13+00:00,New Confession!!,6812.0,0.0,0,16
indiansconfessions,203,2021-12-09 03:03:03+00:00,"I am a 26 year athletic male working in a software firm with good financial condition. I had never dated anyone before. My parents were forcing me to get married and showed me a lot of girls but I rejected almost all until 4 months back they showed me pic of one girl. She was so innocent looking, bold by nature, good personality, I feel for her at first sight. We met and I asked her about her ambitions and all. I asked her about her past and she said she was in a relationship but her family was against the relationship, so she blocked him from everywhere. She had told me that she had only 1 year relation with him. And that she hasn't talked to him from the last 1 year. So slowly and gradually we fell in love with each other, we dated and all things were going smooth. We had our marriage date fixed and banquet hall also fixed and other arrangements were also done. I was very happy and feeling fortunate to get a girl like her as my soulmate. 
And than boom, there comes a day when his ex found my fb profile and texted me. He asked me to meet him privately. I went to meet him and was shocked to see the chats and call details going on between them. She had never stopped talking to him and used to talk to him after 3am. I was furious so was he, because he didn't knew anything about her marriage and all the stuff with me. 
He showed me some inappropriate pics and videos of them as well. 
I was so shocked and frustrated. Why is so that girls can't speak their Heart out clearly. I am continuously thinking why was she cheating on me. Had she hinted me once I would have silently walked out of her life. I than asked my parents that I'll not marry her and I cancelled all the arrangements so far made by my family. 
I trusted her blindly that was my only mistake. But I learned that u can't tell whats going on in other persons mind and heart. I am still wandering how can someone show such fake love, fake care, fake promises, and fake things when they actually don't mean all that.
I literally am heart broken as I loved her a lot and with geniune intentions. I managed to spend the last 20 days without taking to her and now I have to manage the rest of my life in the same manner. I now have developed trust issues. 
Hope I also find my true love and true soulmate one fine day 😞",7527.0,3.0,10,2298
indiansconfessions,201,2021-11-22 19:30:54+00:00,We have a new confession!!!,6349.0,0.0,0,27
indiansconfessions,200,2021-07-27 23:38:57+00:00,"A classmate that I considered a friend once told me to stop smiling cuz my smile looked weird.

I already know I got tiny lips that don't really curve upwards while smiling and I have always been conscious of them and I put in an effort to make sure it doesn't look weird

To have it pointed out and told to not smile traumatized me and the worst part was that I didn't even realise it until years later when another friend asked me why I always covered my mouth while smiling/laughing. My mind instantly took me back to that particular moment and made me rethink on why I've let a few words affect me so much.

I'm definitely much more immune now to crappy people like that but I just wanted to share it with you all in an effort to maybe request you to reconsider your words before speaking them out loud cuz sometimes they can hurt a person to an extent you never even think of. Thank you for reading😅😅",7018.0,0.0,3,905
indiansconfessions,199,2021-07-27 23:38:42+00:00,We have another confession!!,6304.0,0.0,1,28
indiansconfessions,198,2021-05-24 17:42:20+00:00,"I really do not know how to start this and I am not even fully ready yet to start speaking about this. 
When the first lockdown started in March of 2020 it did not affect my life much but as the months went by having to constantly share the living space 24x7 with my own family of 4 became unbearable. 
I'm a person that does not like to interact with other and except for my parents and my sibling I only ever actively speak with a handful of people. 
One of those few is my cousin sister. 
She has always been a huge part of my life to the point where I have drawn my confidence from her for speaking with someone new.
The most I ever interacted with has been her but due to the lockdown I ended up being frustrated the most with her as well. It got to the point where I decided to slowly drift apart from her. 
Diwali arrived and my sister's health started to degrade. On last day of Diwali, she visited a doctor for her check-up and she was informed that she may have some serious health issues regarding her heart and she decided to get admitted immediately.
She stayed at the hospital for about 2 weeks before she returned back home deciding to continue her treatment at home as she couldn't deal with the hospital's atmosphere and also cuz she couldn't afford the bills anymore.
Her health only kept on degrading further. It got to the point where she stopped responding almost completely one morning and was immediately rushed to hospital once again.
On the night of December 27 we were informed that she might not make it till next morning. She left us at dawn on 28th. And I didn't get to make up with her. I didn't get to bake our Christmas cakes that we struggled to get the recipe for and made it our yearly tradition. I didn't get to share all the juicy gossips that I had been holding in just for her to get better so that I could bombard her with it cuz there's no one else I wanted to share it with as much as her. 
She has always been a part of my everything and now that she's not here, I don't wanna do anything. I can't even talk about her in past tense. This is the first time since she left us that I've spoken about it and this isn't even the start of what I feel. 

Tonight, this is my first step towards accepting her absence.",7056.0,2.0,8,2252
indiansconfessions,197,2021-05-24 17:42:01+00:00,"We have a wild card entry in the confessions, this one is heart touching.",6413.0,0.0,3,73
indiansconfessions,195,2021-05-24 15:36:22+00:00,EK AUR NSFW CONFESSION!!,6245.0,0.0,0,24
indiansconfessions,194,2021-05-18 08:20:24+00:00,"Im ok, I'm 21 year old guy from India, my dad is 50 my mom is 43, They both are working dad is a banker mom is a senior manager in a software firm.

So few days ago one of my friend called me with comcen n told me to check a link he had sent, I saw n I was shoked 😳 , it was pics of mom shld have been taken atleast 5 to 6 years earlier , mom in minimal clothes tiny thongs n some nude  pics as well, it was in some adult pics site

It was not our home wer the pics were taken seems like some hotel or lodge ,  n dad was working abroad for almost 10 years n moved back only 2 years ago , n one pic she is standing nude in a stair case 😥, I never knew mom was so cheap

I don't know wat to think its stressing me out, as a mom she is great takes care n loving n as a family we are really happy

How do I take it forward ? How do I deal with it ? Should I inform and talk with my mom ?",6395.0,3.0,13,883
indiansconfessions,193,2021-05-17 21:00:08+00:00,"Send ur confessions to the admin of the page 👉 @nadityaonline.
Confessions shall be kept anonymous👤
No names in confessions please🙏
Thank you.
Please support the channel by sharing the link below
@indiansconfessions",5647.0,0.0,1,215
indiansconfessions,191,2021-05-17 20:58:46+00:00,It is raining NSFW confessions,5468.0,0.0,1,30
indiansconfessions,190,2021-05-12 02:40:15+00:00,"It's about my mother.she is a 46-year-old woman and . she is workout freak. She is having a physical relationship with a black guy whoes name Abdul who is 15 years younger to her.who is her personal gym trainer. I got suspicious when I saw her photo with her friend.In which he presses on her ass loudly.And there was no reaction on her face, on the contrary, she looked happy. And one day I saw a video in her phone in which she was giving him a blow job.When  I confronted her, she confessed that she had a physical relationship with the man for the last one and a half month. She further said that they used to meet and have sex. Once, she even stayed with him in a hotel for two nights . She admitted that it was a mistake but I know it was all pre-planned and was done as per her wish. I have been spending sleepless nights for the serval months.",5554.0,2.0,9,851
indiansconfessions,188,2021-05-11 17:39:48+00:00,There is one more NSFW confession,5047.0,0.0,0,33
indiansconfessions,187,2021-04-12 10:28:55+00:00,"Me n my wife once went to Lonavala on our anniversary..we were totally drunk our anniversary night n my wife had passed out naked. I was hungry n called room service for food..room service guy came n saw my wife naked lying on bed..it aroused me..i asked him whether he want to jerk off on her..n he said yes..so we together jerked over my wife n cummed on her beautiful sleeping face.. my wife woke in morning unaware of entire incident n was wondering what happened in the night

I hope she is not subscribed to this channel",5260.0,2.0,8,526
indiansconfessions,186,2021-04-12 10:27:51+00:00,"This confession is a NSFW 18+ confession
(Not Safe For Work) 🔞
Viewer discretion is advised",5027.0,1.0,0,91
indiansconfessions,185,2021-04-12 10:27:00+00:00,We have one more confession!! Stay Tuned!,4962.0,0.0,0,41
indiansconfessions,182,2021-03-03 15:42:05+00:00,"I am currently in my final year engineering and I need help!!

I have got my admission letter from one of the best universities in USA and I also have cleared the written for a government job but its interview is still left. 

The job is my dream but the chances of me getting are uncertain. The college confirmation needs to be given in a month and the interview will not be done by then.

The job will give me the power and personality I need and the university will give me the knowledge and awareness I need.

My heart votes for the job but my brain for the university. 

Help me choose...",5218.0,0.0,7,593
indiansconfessions,181,2021-03-03 15:41:01+00:00,"We have to help our group member with her life decision, 
We want your valuable opinions. Please share your inputs in comments",4936.0,0.0,0,126
indiansconfessions,180,2021-01-21 12:48:42+00:00,"I have this strange obsession towards women older than me. It excites me to have some fun with them. I love to mutually enjoy with aunties in crowd like bus , vegetable market, shared auto. It is always above the clothes and it is never forced.

First , I test if an aunty is cooperative or not ,if they are game , I proceed to slowly caress them with my palm and  arouse them. I tend get carried away most of the time and poke their tits with my elbow or put my throbing dick onto their ass. 

My only consolation is that  i have a strict rule of backing off if somebody is not interested.",5076.0,3.0,10,590
indiansconfessions,177,2021-01-21 05:28:28+00:00,"A new confession will be posted in the channel, stay tuned",4672.0,0.0,0,58
indiansconfessions,176,2021-01-04 07:30:07+00:00,"Some secrets,

Some mistakes,

Some dreams,

Some fun-filled memories,

Some intimate sexcapades😉,

Share with us your confessions anonymously

Ping @nadityaonline
Your identities are safe with me 🔒🤫",4804.0,1.0,1,199
indiansconfessions,174,2020-12-23 14:44:34+00:00,"By then I had started visiting her at her home. That's where I met her cousin. He and I hit it off great. And our tiny group expanded to three of us. This is where the actual problem starts. 

Apparently she and him were very close and I and him being buddies didn't sit well with her. Only topic him and I ever discussed was her but to her, it seemed like I was trying to steal her brother away from her. I can't really fault her for obsessing over him. She had a hard time opening up to others so she held tightly onto those she had in her life. She had started to distance herself from me and I hated it. I couldn't make out what went wrong. Whenever I tried speaking with her about it, she would just brush it off. 

He to noticed these changes in her. We both were worried about her. She would start fights over the smallest of things and we both started to get wary of her. We figured it may be cuz of our friendship so we both minimised our conversations while she was around. He too had become a good friend of mine, I couldn't just stop all conversation with him. 

There were times when I was so frustrated that I wanted to let go of all of it and move on from her. I even tried to break my friendship with him just cuz I didn't want to loose her. This caused him to fight with me. 

I stayed for three years, in hopes that her tantrums might die down once she realises that I only wanted her friendship. Silently suffered through them all because I loved her and wanted her to at least be good to me, same as before. 

I too was an idiot to not notice the same as her. I believed her behaviour was irrational and childish cuz I had no other explanation to it cuz he too thought the same. I was in love and the only person I could see was her. But she saw her brother's attraction towards me which I completely failed to notice. It took me three years to notice he wanted more than friendship from me. It took me three years to reach my breaking point. 

I walked away from both of them. And she still believes it was her brother, I was after.",4755.0,0.0,2,2053
indiansconfessions,173,2020-11-23 10:10:21+00:00,"It was the first day of a new academic year. We were waiting for our lecture to start when she walked in. She was new. Awkward, uncomfortable, shy and quietly waiting alone at the back of the class. I had planned to spend that year alone but, seeing her reminded me of my old self who would have been the same if I hadn't decided to change. I approached her and started a conversation. It was kinda awkward but I decided to stick around her and she had no other option than me anyway as no one interested in having a new member in their already formed groups. She told me that she had to drop out of college because of health issues and hadn't fully recovered yet but was able to return after a year break. She certainly was weak and needed help from time to time and I helped her any way I could. 

One day she asked me to become her best friend. I didn't want to hurt her so I agreed with a condition to not expect much from me as I wasn't even interested in being friends with the rest of the class. I started to care too much about her, took me a while to realize what I was heading towards. I realized I was bisexual and I was very much interested in exploring our relationship further with her. She was straight though. I kept my feelings to myself.",4681.0,0.0,1,1255
indiansconfessions,170,2020-10-24 03:17:43+00:00,"Second part contd. from the last confession

At the start, I was wary and didn't really try to get along. They were to stick around only till the end of that academic year, why try? I was almost rude and indifferent towards them. I almost succeeded in them thinking of abandoning me within weeks if us hanging out together. 

One day, we found ourselves sitting in an empty classroom and having an heartfelt conversation. And, I had a lot to apologize about. That conversation strengthened our friendship. It also made me want to become a better friend and to put efforts into making our friendship work.

We've had a few bumps along the way, but we've managed to stick together and are still going strong with almost 6 years already behind us. They made me rethink friendship and to take efforts to make a bond last.  

At the end of last year, I got a chance of meeting a bully of mine from high school. He wanted us to reconnect and also to meet his new doggo. He knew I love animals. I didn't want to meet him but, I had promised myself to be a better person. It still took me quite a few months before I gave in to his multiple invites. 

We met, he introduced me to his doggo, we played with it, had an easy conversation flowing. It made me want to ask him why he bullied me all those years ago and I did.

He said he thought I was smart and cool, that he could use some help with his studies and would like to be my friend too. He said, I ignored him. I wouldn't spare him a second glance so he resorted to teasing. Just to get a reaction out of me and to notice him and to talk to him as I wouldn't otherwise.

I was shocked to hear that. I always thought he hated me cause elders would always compare us. Next question I asked him was why didn't he tell me he wanted us to be friends. He said I was scary and hard to approach. Said he believed that I would look down on him and humiliate him for even consider trying to be my friend. He said he didn't believe that I would find him worthy enough. 

This shook me to my core. Made me wonder if I had really been that kind of a stuck up asshole. I always thought people didn't like me because they considered me to be weird and wanted to avoid me. I still couldn't believe what he said. I didn't want to believe it.


Next, I got a chance to speak with a childhood friend. Not really a friend but I don't know how to better describe that person. She told me I was scary to approach. Almost the same as what he said. 

One person can be wrong. But, I had two people telling me the same exact thing. Now that I look back, it probably was all my fault. I never tried to be friends with anyone cause I assumed they hated me. And it was the same for others as well I guess. They probably thought I didn't consider them worthy enough of my time. 

I do know I intimidate people now. But, knowing I was the same since childhood scares even me. Life could have been so different for me If only I'd have tried.",4589.0,2.0,0,2958
indiansconfessions,169,2020-10-21 03:07:41+00:00,"Please share our channel link with your friends, who knows they might share a confession about you!

@indiansconfessions",4121.0,0.0,0,120
indiansconfessions,168,2020-10-17 05:43:47+00:00,"Even as a kid, I knew I was different from the rest of the kids my age. Biggest and most noticeable difference were my interests, I found running around giggling to be useless. Other kids didn't like to have me around either and I was okay with it. I didn't need them anyway when I had my interests to occupy me. I never really had much friends growing up. And, I found it tiring to be around other humans so I spent my time around animals, my uncle's pets and even the strays. 

My best childhood friendship memories are of a stray dog. I don't really remember much as I was around 5 or 6 at that time but, I still remember him running towards me whenever I called him by his name. And after him I had my uncle's pets to spend my time with.

I tried to make friends before but I always felt like people hung around me only because they wanted to use me and it was often the case than not. Being an outcast from an early age, I didn't have much experience when it came to interacting with others. So, I spent most of my time observing others and how they interact. This helped me to mirror their behaviours. It was an extremely amusing pastime I found myself indulging in and it also helped me interact with others by behaving similar to them. 

I made my first real human friends at the age of 17. It was the same with them as others at the beginning. I wasn't much invested into our friendship as I expected it to end soon too.",4190.0,3.0,1,1429
indiansconfessions,167,2020-10-16 03:00:02+00:00,"New confession is here!!

Who will it be?",3940.0,0.0,0,41
indiansconfessions,165,2020-10-06 14:15:21+00:00,"So, I known this guy for 5–6 years. We went to the same school together but are quite opposite. He is intellectual, intelligent and hard working though average looking while I am lazy and pretty much average in every way. After school we went to different college in different states in India.

I have started to develop feelings for him 2 years back. I don't know one day after having conversation something just clicked. But as bad luck would have it my exams came and I got busy in my studies and we went out of touch.

Few months later we started to chat once again. But lost him for the first time as he was madly in love with someone else. I decided to help him get that girl and keep my self interest aside. I was happy for him even though I had nobody to share my side of the story.

They broke up after a year. Even though I wasn't thrilled that they broke up but I wasn't sad about it either. We started to talk on a regular basis again and my unsaid feelings started to grow day by day. I thought I could keep it under control. But little did I know, I couldn't.

Once we were flirting a little bit and one thing led to another and we ended up having a sex chat. He clearly said that he just want a friends with benefit relationship but i.. I want much more than that.. I also have a very strong feeling he is sleeping with someone else. I have tried indirectly asking him about this but he denied every time.

My likeness for him has grown so much that I have stayed awake thinking about him and going to sleep thinking about him. I even changed my sleep cycle so that it can sync to his and I can talk more to him.

I have told two of my friends about this. I want to tell him but I'm not sure that I should or not. Because we are good friends and I don't want to loose the friend ship at this expense. It's killing me right now. I don't think I can keep it to myself any longer. I'm trying hard to avoid him but only to fail in vain.",4016.0,0.0,4,1947
indiansconfessions,162,2020-10-01 08:05:08+00:00,"We now have a discussion chat group, I hope you people use it for healthy discussions. Peace!",4349.0,0.0,0,93
indiansconfessions,159,2020-09-07 06:26:55+00:00,"Contd. from the last confession

""I don't know what she is upto,what's in her mind, what does she want to prove ? After almost 4-5 days when I thought that she doesn't want me to connect with me anymore I received a text 'r u there'. These three words literally excites me everytime I receive from her. Not to forget, when they are from a strange girl. So, I just replied by asking about her health. I thought i am the only target of god. But, seeing her condition I feels somewhat relaxed. Champ has been on bed for more than a week thanks to her Cold milk. Now, she is getting better. Getting back to where I was. Everyone wish to have someone in the life with whom he can share deep emotions, grief, sadness and much more. I was trying to find that one in her provided she wanted too. She randomly called in the afternoon unexpectedly 'r u there'. I am in a sort of depression or sad state as I was not able to handle things around me. Neither, I have a job in hand nor enough money. I just spitted out my unconsciousness on chat. What she said made me confused ""Give this exam properly and you will have fun throughout the life."" I was furiated at this as I wasn't able to focus. Porn, movies and all sort of rubbish things have taken control of my hindbrain which obviously I can't control. But, the way she is helping me for this exam I can't let her down. At Least I have to give a good try. After few days, out chat from fb shifted to Telegram. The worst part of telegram is that you don't receive notifications. She mentioned that she is struck on a single subject and is not able to proceed. I advised her that it may be the the academic things are getting monotonous and she should give herself some time laughing, enjoying with friends or buddies. Anyway, so far I don't fall in either of the categories. Lets see ahead..""",4171.0,0.0,0,1834
indiansconfessions,158,2020-08-27 17:07:08+00:00,Who do you think is the confessor?,3551.0,0.0,0,34
indiansconfessions,157,2020-08-27 17:06:42+00:00,We have a new confession,3518.0,0.0,0,24
indiansconfessions,156,2020-08-27 04:43:28+00:00,Tell us about your experience that is similar to this and we will post it as a confession,5056.0,0.0,0,89
indiansconfessions,155,2020-08-27 04:42:45+00:00,"I tried to sneak into her life like any other two friends do who are curious to know about each other. But, it seems she is a kind of reserved person who limits herself for the purpose we became friends. Few days back she took cold milk and she is suffering now. She is even not able to speak properly. She mentioned that she had a bad running nose issue. May be she has still not recovered from Bronchitis issue in last 3 years. Initially I used to begin with conversation like asking about her well being or early morning-late night wishes. But, she always had a sort of cold response. As per till day chats, I can make out that she is a kind of self centered person when it comes to discuss or reveal any personal issues. I mean she will say her issues but merely listen to others most of the times. And so I decided to respond appropriately. I wanted to have a girl as a close friend but not a half hearted one which she seems to be. Now, I resort myself from sending any messages unless of utmost importance. Its like if she doesn't want to talk, I shouldn't bother her and why should I be. After all, both the wheel in a bike have important role.

To be contd.",5124.0,1.0,0,1166
indiansconfessions,154,2020-08-24 18:01:28+00:00,who do you think is the confessor,3468.0,0.0,0,33
indiansconfessions,153,2020-08-24 18:00:54+00:00,We have a new confession🎉,3453.0,0.0,0,25
indiansconfessions,148,2020-06-26 08:54:34+00:00,"To clarify with all members



Confession hindi me bhi chalega",3847.0,0.0,0,62
indiansconfessions,146,2020-04-14 16:57:42+00:00,"👆👆👆
All suggestions here will be anonymous to the sender. Hope you can help him get out of the problem",4402.0,0.0,0,102
indiansconfessions,145,2020-04-14 16:56:31+00:00,"her using mom's)


I need suggestions to get out of this. You can send your suggestions to the admin.",4374.0,0.0,0,101
indiansconfessions,144,2020-04-14 16:56:31+00:00,"Hello everyone! I'M 29, she is 34, mother of 2. Her son used to play cricket with me. V rarely talk bcz of the age gap. Her son is in 10th n daughter in 11th. At a times her son used to txt me for match timings nothing more than that. One day he fell in home and his finger got fractured. So being at home he started casual chat. It continued for 2 days and then his mom started continuing as he was using her cell. Days passed v got to knw eachother. It went on for 3 months and txt used to b only btwn me n his mom. Lets call her PQ. Everyday the chat used to end at 10pm bt that day it continued.Midnight chats dig up everything and u start to reveal al ua secrets. She had faced domestic abuse and now she rarely talks to her hubby, even sleeps in diffrnt room. Her story was full of tragedy. Then she started praising me for being good wid her son. I used to lend him my old story books. It was her son's school day function n i had went there. He introduced her to me. She looked gorgeous. She was like d santoor add mom. Young energetic and i fell in love. Now my chat intentions turned into different path. Somehow i gathered courage and asked her for vdo call and she agreed. After seeing her I was dumbstuck. Her smile was awesome. Her husband had a shop closeby. When nobody is at home v used to cal n chat a lot. Those days i dint have a job. I was busy roaming and getting thrown by watchmen. One fine day i txted her ""I LoVE you"" and waited for the msg to b seen. As soon as the msg was read i deleted that. PQ: I read that.. Me: angry? PQ: no.. even i love to spend time wid u. I cant imagine a day without chatting wid u. Now i was in cloud 9. This continued for 3-4 days. After that i started sexting. It seemed she dint like bt only for me she used to converse. I asked her to meet bt she denied. It went on for months. Even i forced her for nudes bt she sent al with 2 piece. After 7 mnths v met. Did those hanky panky bt no sex not even oral. V dint find place. After that day v were too close than before. I was waiting for another chance. Nw her txts,calls increased. At a times i used to get irritated. I was preparing for job interview and she kept calling might b 20-30times . I tild her d reason bt then she was like i cant b alone. So i shouted back to her and said v gonna end this.. e1 she said okay. I continued preparing for job interview. After an hour she sent a msg..M commiting suicide. I got scared. I called her bt she dint recieve. I tried calling frm different nos bt it was al in vain. Finally after lot of attempts she picked up and i started pleading her asking sorry every now and then. I said i wont leave her plz dont end up ua life. She said its okay and again we continued our relationship. If i reply late then she would give a cal and then start doubting, saying u were busy with some girls, b happy wid them, i wont disturb and then bye. After tgat she would do something like make a vdo of her eating some tablets or cutting through blades and snd me. After seeing such things i would pee..  sometimes its so terrible that i feel like ending up my life but then start thinking abt my family i would b mum. I know goin for married woman was wrong bt then it was my first love, date and it was like college time fantasy turning ture where v would b like married woman r good in bed, no commitments , money etc. Niw after goung through this I am totally fucked up. She is really beautiful. Bt at a times even i get tempted and start chatting whole night even hv visited her house at night when al were slept and made her come out of house and in back corridor we were having hankpanky and e1 blow job. I never got opportunity for sex as her hubby qstns a lot and her children accompany her for al visits. I want to end this relationship. If i convince her to end then she wil stop for a week and then she txts saying i cant leave without u. If i say m getting married then she says til marriage day wil txt and then wil stop. If i change my no she wil txt to my mom's no at late night( out if eagerness when my phone was out for repair i had called",4492.0,8.0,0,4096
indiansconfessions,143,2020-04-07 05:48:05+00:00,Just for information tapping the 👆👆👆buttons will only encourage more people to come forward and share their story. It is completely anonymous!!,3638.0,0.0,0,143
indiansconfessions,142,2020-04-06 06:08:26+00:00,Who do you think is the new confessor?,3602.0,0.0,0,38
indiansconfessions,141,2020-04-06 06:07:56+00:00,We have a new confession!!,3574.0,0.0,0,26
indiansconfessions,140,2019-10-17 11:22:54+00:00,"Channel is now open for new anonymous confessions

Submit yours at @nadityaonline",4512.0,1.0,0,81
indiansconfessions,139,2019-10-16 05:39:03+00:00,"Hey everyone . This will be my first and last confession in tele. I met a guy in online, started to chat don't know when i fell in love with him. So when i realised i started to create problem in his group ( coz i wanted to move away from him) till one of the member didn't kick me out. I fell more for him. Recently i confessed my feelings for him and told him that i love him. I know the truth that we both can't be together. Still i can't stop my heart from beating for him. Am I insane? Did i lost all my sense ?
So i decided to leave my house and change my number then no one will be able to reach me.. 
What should i do ?",4503.0,0.0,0,627
indiansconfessions,138,2019-10-15 15:10:01+00:00,Who do you think is the next person?,4298.0,0.0,0,36
indiansconfessions,137,2019-10-15 15:06:20+00:00,We have a confession!!📥🤫,4200.0,0.0,0,24
indiansconfessions,136,2019-10-15 15:03:34+00:00,"Let's revamp the channel


Baate kuch ankahi si..
Kuch ansuni si hone lagi..

So if you feel like that 
Then open up here.. No one will judge you.. And everyone is ready to listen you without knowing your identity.. 
Confession will be anonymous...
Send your confessions to @nadityaonline",4204.0,0.0,0,288
indiansconfessions,135,2018-10-18 18:57:14+00:00,"Hello friends this is my story about attempts to get my love. And struggle I am going through for that. Well my story starts here from school days where we both use to study in same school and I saw her there. It was like love at first sight. I was intelligent in my school days. I never scored less than 80% in school ...not less than 90 in maths.Then at high school..I never scored 65+ in terminal 😂 Then in 2nd year ... I failed in physics and chemistry ... But in final I scored 81 again 😂
My finals are always better. I am a shy guy. So in school I rarely talk to her ..I remember 4-5 times in 6 years time 😂 .. just she used to ask for help in exam.Then . in high school ..I talked once a year .. only when the board exam results came out.After 4 months in Australia I talked to her 2-3 times .. just say Hi and How are you? But, now we talk almost everyday ..been a month I guess .. at least 3-4 times a week.. I like to talk with her and wish even she will be online everytime to chat with me. I failed my semester but still think about her. I tried everything from my side. 
I opened up my feelings for her but she told me that she can't think about liking now because she wants to complete her studies. So I took a daring step to confess my love for her. It was failed. Now I am in a place from where I can't go back now..

I am thinking to take second dare to confess my love for her.
 As soon as she will be online I will tell her that "" I Love You"".
I am still waiting and she is offline.....",4826.0,2.0,0,1505
indiansconfessions,133,2018-10-18 06:43:47+00:00,Hellooooo.. everyone.. Time to break the ice of silent... Soon a confession about to reach here. I want you to let me know what you think about the  confession,4368.0,0.0,0,159
indiansconfessions,132,2018-09-13 06:44:18+00:00,"Hey hey..... Good afternoon... Wake up wake up... It's time to share which you can't share with others coz it's Vinayak Chaturthi 😍😍😍.. May God bless you all.. If you have anything to tell then you know you can  whisper at @nadityaonline and 
@MiitGlen .. As promise your name will be anonymous to everyone",4331.0,0.0,0,306
indiansconfessions,131,2018-05-21 04:53:40+00:00,"Hello.. Good Morning.. Good Afternoon😅.. Good Evening 😅.. Salaam Namaste.. 
Now now everyone will think🤔 what happened to this person ?? 😅 Actually something scared me 😂. Yesterday I visited hospital along with my friend and there I saw a doctor carrying dangerous weapon which is INJECTION 😰.. With in a second I ran away from there 😅😌 and took breath as soon as I reached home. 🤣🤣

So what is that thing which scare😫 you most and sometimes you find it's funny🤣🤣.. Share with us and as we told your name will be anonymous
@nadityaonline @MiitGlen",4411.0,0.0,0,547
indiansconfessions,130,2018-04-21 11:21:12+00:00,Have you ever been a victim of sexual abuse?,4175.0,0.0,0,44
indiansconfessions,129,2018-04-20 16:33:07+00:00,"My name is Betty and am 19 now. I started to live in depression when i was a little girl. I didn't know any thing back then, even how to identify what is real and not. My life shifted to some where because of sexually abuse that i have received when i was a 5 year by an outsider old man.
Second when I was 11year old a family member of mine put me into depression reason the two man. I lived my life of 8 year in depression, I isolated my self from the environment, started to live in unknown (not real) world  . I tried to kill my self I thought may be  my heart feel rest if I cut my vein. But I realised now that God doesn't want. I started to  live again after that incidence. 

 And now am a woman with strength and love.  I forgave evething what they done to me.. I moved on, living happy life and made it to the  unthinkable.  😁😁",4152.0,1.0,0,837
indiansconfessions,128,2018-04-20 15:23:59+00:00,Time ⌚to break the ice of silence.. Yes.. Soon we are having new confession.. Which may lead you to think 🤔 about the safety of yourself.,3926.0,0.0,0,137
indiansconfessions,126,2018-03-08 13:15:53+00:00,"👆👆👆
People the votes are anonymous",3959.0,0.0,0,34
indiansconfessions,125,2018-03-08 11:54:45+00:00,Have you experienced any such kind of experience amongst your cousins?,3949.0,0.0,0,70
indiansconfessions,124,2018-03-08 11:50:54+00:00,"hello admin and other members

I am a 25 years old woman and I want to share this experience which is eating me up with you all and maybe it might help me feel less bad about it. 
It is about my cousin brother. He is much younger to me. We used to meet whenever we visited the village for traditional occasions. We used to play around. I was newly introduced by my friends in school to the world of porn and was having all kinds of urges (you know when the puberty hits you with all those hormones). So I used to please myself, but strangely everytime in my mind I pictured my cousin brother. So, this time when I visited him I planned on doing something with him.

Mind you he was really small, and the fear of getting pregnant was too much (I didn't know much at that time) so I decided all is to be done is to be done in the upper area.

When we met we played normally for a while, and I took him to the basement and told him that we are going to play a new game (you know kids, they get so excited when they hear something about keeping a secret). So, I told him to tell no one about it and he happily nodded. I asked him to kiss me on my breasts, and press them as they are paining a bit, and he did.

we also did it in the shop when his family visited us. That time I was sitting behind the counter attending customers and he was sitting besides me and I had taken a long dupatta to hide whats going on.

This continued for a couple of years untill one day when I called him to play in the basement and he refused to come.Maybe he came to know about what I was doing with him and got shit scared that he will tell everyone. But, later I realised that he will not as he was too scared of scoldings from uncle as he was very scared of him.

He never talked to me properly after that.

So after a couple of years, his hormones started kicking. But we were no more kids now to play in the basement, thus he tried to grab my ass when I was sitting with him and watching a movie on my Laptop and no one was in the room, I had got the hint when he asked to join me in watching the movie and kept moving closer to me, but was afraid that my mind is just playing with me. It was a surprise for me when he did that and I got wet so suddenly, but then I pushed his hand away firmly to make him stop. Maybe he realised that I didn't want it and was scared to act upon it too thus he stopped.

Now when I think about it I think I have made him into a pervert which he was not, and I feel bad about it.

It felt good to vent all this since to the date no one ever has known this.

Thank you.",4007.0,2.0,0,2583
indiansconfessions,123,2018-03-08 11:15:43+00:00,A new confession is here🎊,3559.0,0.0,0,25
indiansconfessions,122,2018-01-07 06:36:44+00:00,"Good afternoon.. 
We have first suggestion by 

Mahaveer Kilak:
To start morning walk,maahi should find a partner,a good company may start it and later morning walk will become a habit.
Hearty thank you for your suggestion 😀",3610.0,0.0,0,224
indiansconfessions,120,2018-01-05 14:44:51+00:00,Time to break ice..,3496.0,0.0,0,19
indiansconfessions,119,2018-01-02 15:05:50+00:00,"I guess this gonna be genuine resolution.. My friend told that
he will  flirt a little less(bt only a lilt 😑)
🤣😋 I guess I am gonna do opposite of that 😂😂",3485.0,0.0,0,154
indiansconfessions,118,2018-01-02 08:06:15+00:00,"Here's another one
Rashi is gonna stop biting her nails😂",3468.0,0.0,0,56
indiansconfessions,116,2018-01-01 14:29:49+00:00,"Here's our first resolution Dinesh is going to stop sleeping at work😁
That's my problem too😅",3421.0,0.0,0,92
indiansconfessions,115,2018-01-01 09:34:48+00:00,Let's see who has made the most genuine resolution!!,3397.0,0.0,0,52
indiansconfessions,114,2018-01-01 09:34:21+00:00,👆👆👆Submit your new year resolutions to admins,3346.0,0.0,0,45
indiansconfessions,109,2017-09-24 18:37:26+00:00,have you found your true love yet?,3641.0,0.0,0,34
indiansconfessions,108,2017-09-24 15:07:13+00:00,"I am a girl. I am 19. I am a person who is good at heart and respects people for who they are.  I have gone through numerous cases of sexual harassment in school and later. Iv had my ex tell me that 'I wasn't the kinda girl' he wanted cz 'I didn't send him nudes'
So I had lost hope in relationships.. I had no friends. One day I decided let's give tinder(the dating app) a try.. And there were many likes. But the guys wer looking for just you know a one night stand or friends with benefits. And I was looking for a friend. Why tinder for friends ? Cz I'm a tomboy and I don't get along well with girls..  I just don't, for some weird reason.  And I came across this guy.  Normal shy and the first thing he said to me was ""I'm hurt"" I was kinda worried cz well did I do something or say something.. N then he said ""I fell down and scraped my knee trying to break the ice"" It was a cheesy pick up line but the innocence that I felt in that line was so humbling. 
I spoke to him for a while and then eventually we started dating..  And we were really good for a few months.. We had to work out a long distance thing cz I was in pune and he was in goa..  I am doing my chartered accountancy.. And my exam was in a month..  And I couldn't handle the stress and I got mad at him for no reason and the smallest of things I would pick on him a fight..  I would blame him for no reason and one day I broke up with him.. It was hell living without him..  And one day I got weak and at around 2:00 AM I called him..  I didn't expect him to answer..  But he did..  I cried hysterically and begged him to take me back.. I didn't expect him to..  Cz well.. What I had done was unforgivable..  He took 10 days to decide..  But he took me back.. And now, aftr the incident, we are together for 1.5 years... 
If this has thought me anything..  It's not to give up on people or hope..  If they really care for u.. Be calm and patient and talk to them..  Don't push people away..",3622.0,0.0,0,1963
indiansconfessions,107,2017-09-24 15:06:32+00:00,A new confession is here,3222.0,0.0,0,24
indiansconfessions,106,2017-09-23 14:06:16+00:00,Members are requested to support the channel by sharing it with your friends and family,3207.0,0.0,0,87
indiansconfessions,105,2017-09-23 14:05:50+00:00,"Another mind boggling confession is round the corner
This one is really good too🎊🎊",3222.0,0.0,0,82
indiansconfessions,104,2017-09-23 11:05:20+00:00,"**Given the opportunity like above will you ever try to make a move on your best friend's bf/gf?**
__anonymous poll__

No, I'll never do that. – 27
👍👍👍👍👍👍👍 61%

Not sure – 8
👍👍 18%

Yes, only if he is handsome/she's smart – 6
👍👍 14%

Yes, already did it in the past – 3
👍 7%

👥 44 people voted so far.",3217.0,0.0,0,301
indiansconfessions,103,2017-09-23 10:53:31+00:00,"Hello everybody. Here is my confession.

I once went wid my frnd to meet her then bf. We were waiting fr her bf to arrive n he was taking a bit too long. I was bored so I started looking around coz it was the frst tym I visited that place. Wen I was jst abt to turn back towards my frnd, I saw this very handsome fellow, in formals(my weekness wen it comes to guys😅) n I started admiring him wid my eyes. I started from his face to his shoes n den back up. Wen I looked at his face again I didn't know that he was checking me out as well. Me being me I gave him a flirty smirk(got one in return as well), checked him out once again n turned towards my frnd thinking it was the end of my checking out session. As I turned towards her, I noticed her calling her bf, he received her call then, they had a very small talk and then she informed me that he arrived n pointed behind me n started walking towards someone. Wen I turned around my jaw literally dropped (it really did) I guess fr a whole 15 secs trying to figure out hw the fuck I ended up flirting wid my frnds bf????

Her bf n I didn't say a word abt that incident in front of my frnd but then after a few days her bf texted me n tried on me. I showed my frnd the chats, she n I myself both wanted to believe that sm1 else texted me frm her bf's no. So I called him, put call on loud speaker n asked him abt the chat n he fucking said that he wants to be wid me n stuff.

I lost a frnd that day n even though it was her bf's fault I smwat blame myself fr her breakup",3084.0,3.0,0,1524
indiansconfessions,102,2017-09-22 17:28:19+00:00,"We have a new confession...
Who do you think is the confessor?",2886.0,0.0,0,62
indiansconfessions,98,2017-09-07 07:24:35+00:00,"Few sad memories , few bad memories.. when it's hidden, it will become a burden.. funny moments and happy incidences bring smile on someone's face.. So share to care.. Your name will be anonymous.. 😊",2963.0,0.0,0,199
indiansconfessions,97,2017-09-02 16:54:11+00:00,Just so you know that these polls are anonymous👆👆,3021.0,0.0,0,49
indiansconfessions,96,2017-09-02 16:53:43+00:00,"**How many of you have heard some noises like these in reality? (Not with your partner, and certainly not in porn)**
__anonymous poll__

Nope never did – 31
👍👍👍👍👍👍👍 65%

I've heard them – 17
👍👍👍👍 35%

👥 48 people voted so far.",3203.0,0.0,0,226
indiansconfessions,95,2017-09-02 16:51:05+00:00,"Hi everyone I am a guy from India and I want to confess something
I saw a couple having it (sex) silently in night under the bedsheet.
I was staying in their home in nearby town for studies.
And I heard their moans and I shagged my dick and cummed in my innerwear.",3000.0,0.0,0,264
indiansconfessions,91,2017-08-23 15:35:34+00:00,"**Is Anybody from our members is still a too decent guy/girl who does not understand double meaning/non veg jokes?**
__anonymous poll__

No, I understand them all the time – 24
👍👍👍👍👍👍👍 46%

I understand them but can't laugh at them when someone of opposite sex is also in conversation – 9
👍👍👍 17%

I understand a very few of them – 8
👍👍 15%

I dont get them at all – 6
👍👍 12%

I understand them but pretend that I don't – 5
👍 10%

👥 52 people voted so far.",3092.0,0.0,0,456
indiansconfessions,90,2017-08-23 10:51:47+00:00,"Hello everyone, I have been a part of this group since beginning and it's time that I share my confession (needless to say I have read every confession posted here)
I am a guy and we are always on fire (aroused I mean) so this is about that and the embarrassment that I faced due to it (not publicly but in my friend's eyes yes)
So let me start from my school time. I was in a school where girls wouldn't talk to guys with some exceptions regarding school work, so when I entered college (it was rather a too liberal college) I was taken aback by all the casual relationships or the ease of and the subjects of talkings (which I till then considered as only to be discussed among guys). It was all soo new to me.
For all the sexual queries I relied on wikipedia (it's the best source you know) but I felt very unrealistic when it came to the statistics of girls watching porn (I told you I was really unknown to that area because of the damn school)
So I asked one of the friends (guys) and they were all making fun of me since I didn't know. I thought they are fooling me and will make more fun of me if I believe them, and then I tried to verify it on my own.
So there's this friend of mine (girl) who was in hostel and one of the hostel guys always made double meaning jokes around her. Thus I chose to ask her.
I got her number and in holidays I texted her from my mom's phone (I didn't have one untill the end of my first year degree course).
I literally begged her (more than once) not to make fun of me or not to be upset if I ask her something. And when I did her reply was ""ROFL"".
The second day she asks me about sites that give you free access to download movies, and my mind (as any guy's mind) predicts it to be porn... So I give her some names and she's still laughing at me and says she meant clean movies...
Till date she laughs at the incidence and I feel embarrassed...
Thanks for this channel now I feel I am a part of it too.
Please dont post my Identity she's on telegram and she might read it.",3096.0,1.0,0,2015
indiansconfessions,87,2017-08-18 17:01:18+00:00,"Baate kuch ankahi si..
Kuch ansuni si hone lagi..

So if you feel like that 
Then open up here.. No one will judge you.. And everyone is ready to listen you without knowing your identity.. 
Confession will be anonymous...",2955.0,0.0,0,221
indiansconfessions,85,2017-08-12 15:22:18+00:00,Running away from the problem is never best solution.. keeping burden and moving on is also not the best solution... So why not share your burden.. Bringing smile on someone face by sharing joyful moment.. Feel free to open.. And Confession will be anonymous 😊😊,2927.0,0.0,0,261
indiansconfessions,79,2017-08-08 16:56:08+00:00,"**What did you do when you bunked your classes?**
__anonymous poll__

Small hangout with friends – 20
👍👍👍👍👍👍👍 37%

Saw movies – 13
👍👍👍👍👍 24%

Go home and sleep – 12
👍👍👍👍 22%

Never ever bunked classes – 7
👍👍 13%

None of the above – 2
👍 4%

👥 54 people voted so far.",2762.0,0.0,0,266
indiansconfessions,78,2017-08-08 15:42:16+00:00,"School days.. one of the best days or year of my life. I still find this incidence as funny and little scary. Funny because I bunked my class and scary because caught by my economics teacher and our class girls leader ditched us 😑😑. I was in class 11th it was morning session 3rd period we were happy 😀😁because it was games class. So we were busy in playing games both boys n girls together as games class was  over we need to go to class due to economics class. Then our girls leader told our economics teacher is on leave so let's continue games. After 15 min ⌚ we noticed our economics teacher marching towards us with boys. We were scared  because our teacher told us to follow her till Principal's cabin. She literally scolded me hence I was bunking class but I told her it was our leader told us. She asked about leader as I turned back and noticed 😱 class leader herself was missing😒😣. Then next moment girls leader was coming towards us holding books on her hand 😑. When question was asked to leader she denied to accept anything that she told us about  leave of teacher 😡. At last I told sorry to teacher and begged 😭😭 her not to take us to Principal. Hence she agreed and warned us not to repeat in future. 
From that day I took oath 🙏 🙏  not to bunk and listen to class leader 😇😇😇",2594.0,0.0,0,1291
indiansconfessions,77,2017-08-08 13:02:35+00:00,A new confession will be here soon🎊,2511.0,0.0,0,35
indiansconfessions,76,2017-08-07 18:49:19+00:00,you may avoid facing the rest of the world but you have to face yourself every moment...,2510.0,0.0,0,88
indiansconfessions,73,2017-08-06 11:51:32+00:00,Hi. I'm really sad cuz I messed up in entrance exam of universities😔 I want to confess that I really tried to deach my parents when they asked me to study and when ever I was asked to study I came to my room but always playing with my phone😔now I'm really shy and I Don know what should I tell them  I just wanted to confess cuz in this path I just can share my problem with other and may help my heart not to be that heavy.,2556.0,0.0,0,424
indiansconfessions,72,2017-08-06 11:51:19+00:00,New confession is here🎊🎊,2466.0,0.0,0,24
indiansconfessions,71,2017-08-03 16:58:01+00:00,"👆👆
Comments are all anonymous",2526.0,0.0,0,29
indiansconfessions,70,2017-08-03 16:57:48+00:00,What do you think about Ragging?,2522.0,0.0,0,32
indiansconfessions,69,2017-08-03 16:38:31+00:00,"**How many of you have been a victim of such practice of ragging??**
__anonymous poll__

No, I didn't face it yet – 15
👍👍👍👍👍👍👍 45%

Yes, I have – 9
👍👍👍👍 27%

No, but I witnessed/heard about someone facing it – 9
👍👍👍👍 27%

👥 33 people voted so far.",2557.0,0.0,0,247
indiansconfessions,68,2017-08-03 16:35:32+00:00,"I moved from a city in Maharashtra to Hyderabad where u dont even know the local language is what happened 
31st of july
The day i entered the hostel room mom nd dad with me my dad kept the stuff nd mom helped me put the bed
We went downstairs then into the cafeteria where mom nd dad drank coffee nd waited for sometime and it was time to bid good loved I could see other children crying i dont know why but i didn't feel like crying i considered myself strong then
As parents left i went back to my room nd started unpacking nd putting things back into the cupboards thats when someone knocks nd i go out as they call us all of us are suddenly in a jam packed room with a little place in the middle and it we were asked to do something nd we realise the innocent faces are juniors nd others seniors nd they asked us to do something to entertain them nd leave
We all started looking at each others faces wondering whats happening cuz the institution has a strict anti ragging policy.
Some students did dance while others including me remained there but as it was dinner time they had to let us go
After dinner we had to collect our keys so we went to the reception but as noone was there me nd three of my new frnds decided to explore the campus we started walking nd we were caught by two seniors who asked who asked our names nd then our biodata this felt really strange because yea we didnt realise it was ragging till they asked us to do what our talents were in a wrong way..
Nd i being far away from home now got super scared nd there were tears in my eye 
Mom nd dad had already boarded fr Aurangabad so couldnt call them either. 
All night i cried thinking clg has not yet started nd m already in this situation
Maybe noone might so sensitive as me nd cry but ragging should be checked because we were just four girls nd about ten seniors in front of us 
It just feels bad cuz u cant even complain to anybody neither can u tell your parents cuz thats gonna make matters worse

Every college claims to be ragging free but none are!!!",2528.0,2.0,0,2041
indiansconfessions,67,2017-08-03 09:35:02+00:00,A new confession is coming up🎊🎊,2418.0,0.0,0,31
indiansconfessions,62,2017-07-28 19:49:58+00:00,"👆👆
The comments are anonymous too",2395.0,0.0,0,33
indiansconfessions,61,2017-07-28 19:49:39+00:00,What do you think is the best way to move on after an unsuccessful relationship?,2387.0,0.0,0,80
indiansconfessions,60,2017-07-28 19:47:45+00:00,"I am a boy and i am from bihar,  i had moved to bangalore  couple  of years before.  I had come to bangalore  for my 10+ studies and further B-tech. There my story starts,  the first day of college  and sulked a lot.  No friends nothing and then there i met her our eyes  met,  our eyes said thousand words together. We started texting  and calling each other day and night,  we had become really  close.  But i took a wrong turn and within few months  love was in the air, everyone started  screaming  our names out when any love like word use to come in the textbook. And being a bihari boy and a  rich brat i took a wrong turn of proposing  her. I felt love  but that wasn't  in her side.  She told she saw me as a really  sweet  and caring friend. 
after being heartbroken i went silent,  no studies  no playing,  no peace of mind,  i went to college  just to show  my parents, i never  picked any call,  stayed away from everyone.  Then i messed my 12 results. My parents  weren't  happy  and they felt that there is some loop.  I didn't  give any clue to them,  i never spoke  to them why i  became  like that. 
After 6 months,  my phone beeped and i saw a notification and she requested  to follow  me,  my heart skipped  a beat and i stood there silent  looking  at the  notification for quite a couple  of  minutes.  I accepted  that follow request and at the same time i received  her text ""HI,  HOW ARE YOU??"" 
 I was broken and she asked  how are you!!  

Our text's and calls  started  again and my love for her had not changed  still. 
She was in goa and she sent me her pictures.  It reminded  me of her times when we went to wonderla,  in the pool of her apartment. I was sad and she happy with her boy friend.  

I am still   there,  in love with her and she happy posting  pictures  of her with her  boyfriend!! 

Her pictures  are still with me but  she is not with me.  Neither we are in touch.",2389.0,0.0,0,1914
indiansconfessions,58,2017-07-28 08:37:14+00:00,We have a new confession❤️,2089.0,0.0,0,26
indiansconfessions,56,2017-07-25 20:06:41+00:00,"**Who do you think is more influenced by the physical appearance in a relationship?**
__anonymous poll__

The girl – 15
👍👍👍👍👍👍👍 39%

Neither, if they are truly in love❤️ – 13
👍👍👍👍👍👍 34%

The guy – 10
👍👍👍👍👍 26%

👥 38 people voted so far.",2151.0,0.0,0,236
indiansconfessions,53,2017-07-25 18:11:20+00:00,"Sometimes I think 🤔🤔why  people becomes selfish? Why they used others to get somewhere? Hi I am 22 year old. This incident which happens with my friend during school when we were in 11th grade. My friend is very chubby , fair and cute but she was fat. She though use to like a guy in our school but never express because of being fat. We use to encourage her to express her feeling. But she use to refuse. So one day that guy came and compliment about her cute face 😊. They started to date each other. After 6 month suddenly that guy started to avoid her. These things went till holidays. After school reopen we noticed him with other girl from same class 😒. Whenever my friend use to go he use to avoid her. One day my friend was crying badly so we went and asked her reason. She showed us 1 letter. He literally called her hippo. And told that you are like elephant, wear big and thick glasses, always like balloon etc. No one likes you. It was just time pass and I was never serious about you because I was never interested about you. We felt so bad and fought with him.. that incidence changes the thinking of my view towards boys. Still I get angry because of that guy. You may be thinking that this is movie plot or my own fake story but no , it's a real life incidence which happened with my friend. Thanks for reading this..",2106.0,0.0,0,1332
indiansconfessions,49,2017-07-18 01:47:56+00:00,Confessions to be submitted to the admin👉 @nadityaonline,2113.0,0.0,0,56
indiansconfessions,48,2017-07-18 01:46:42+00:00,"**When we confess, we liberate/spread some part of the guilt/happiness that we possess with us... Sharing is caring📣 Members are requested to share their confessions...🙏**
__anonymous poll__

Yes, I will share in future – 11
👍👍👍👍👍👍👍 58%

No, i won't share yet – 5
👍👍👍 26%

Yes, I will submit my confession now – 3
👍👍 16%

👥 19 people voted so far.",2123.0,0.0,0,347
indiansconfessions,47,2017-07-14 02:34:38+00:00,"**How many of us were backbenchers?**
__anonymous poll__

Yes, all the time – 28
👍👍👍👍👍👍👍 56%

Yes, but not in school – 10
👍👍👍 20%

No, I've never been a backbencher – 9
👍👍 18%

Yes, but not in college/university – 3
👍 6%

👥 50 people voted so far.",2018.0,0.0,0,247
indiansconfessions,46,2017-07-14 02:27:15+00:00,"**New confession**:
Hi everybody I am a 27 years old guys and have a confessionto share
This is when I was going to my 9th standard. I was a notorious back bencher in our school since beginning
Our school was small and located in the heart of the city and very few students came by bus/rickshaw. We had the concept of sick room (room made of students who are feeling sick, having beds for them to sleep).
It wad the last lecture we had and there was a physical bell (ghanti) like we have in temples and school used to run on the ringing  of that bell.
So oneday I made an excuse of being sick and instead of going to sick room started to roam around the campus, then I realised that there is no one to watch out for the bell,and my mind started to work,finally after 5 mins of thinking I came to the conclusion that stealing it is gonna make my school staff go mad and that's what I am gonna do
So what I did was I removed that bell from it's hook and hid it someplace only few of my friends knew but no one went there often. And the very nest day I arranged to take it home with the help of a cake box.
No one ever discovered this mischief of mine. And It became a mystery for the staff and students. and finally they decided to install an electronic bell.
I still have it in my basement and I laugh about it whenever my parents ask me about it.

P.s. hide my identity coz I think one of my school friends is here
#new #confession",1997.0,1.0,0,1431
indiansconfessions,41,2017-07-12 16:25:01+00:00,A new confession is coming up🎊,1905.0,0.0,0,30
indiansconfessions,40,2017-07-11 10:03:45+00:00,New members scroll up for confessions👆👆👆,1940.0,0.0,0,40
indiansconfessions,39,2017-07-11 09:26:56+00:00,"**Do you think there should be a question at the end of every confession?**
__anonymous poll__

Yes – 29
👍👍👍👍👍👍👍 66%

Doesn't matter – 9
👍👍 20%

No – 6
👍 14%

👥 44 people voted so far.",1961.0,0.0,0,184
indiansconfessions,38,2017-07-09 16:50:55+00:00,Members can share in Hindi too and I will try my best to give it's English version in this channel as well,1911.0,0.0,0,106
indiansconfessions,37,2017-07-09 16:50:08+00:00,"Share!
Because,When we share, our burden gets shared...
We tend to feel more free and awkwardness gradually gets reduced, also does the complex in our minds.....
Anonymity adds the safety from it's consequences and we can be free of the worries...
Thank you.",1920.0,0.0,0,258
indiansconfessions,36,2017-07-08 12:32:59+00:00,We reached 50 members today🎊,1948.0,0.0,0,28
indiansconfessions,34,2017-07-08 05:29:48+00:00,How many of you have experienced such a deep bond of friendship within only a few days?,1922.0,0.0,0,87
indiansconfessions,32,2017-07-07 19:12:05+00:00,"Hii.. I want to share a sweet and little but true friendship story.
We both met each other through social site rarely online at a time but one day we both were online so decided to talk on whatsapp with each other.
Soon we started to talk and calls. One night we spoke till morning 4 am 😱. It was morning so we told bye and head to bed. After a week we decided to meet at his house because he was making breakfast for me. Although I was little scared but fully prepared if anything goes wrong. I reached at his place on time. Never felt like that I met him first time. That day went so awesome I had fun with him. So we started to meet and in no time we became best friends with in 15 days. 
I still remember the date 24th Oct was last when I chat with him after that no msg from him. On 27th Oct I went to his workplace to give surprise but who knows something will be waiting for me their. After that what I heard just prayed that it should not be true but when I reached his place that news was true. He was expired on 24th Oct night due to heart attack. No courage with me to go and talk with his house owner. I cried alot then my mother told me remember the best moment of your friendship.
I can forgot anyone but I can't forgot him. 
Thanks for reading this and request you not to judge me or him.",2015.0,0.0,0,1303
indiansconfessions,29,2017-07-04 07:46:40+00:00,How many of you think that they need to clean their minds?,1859.0,0.0,0,58
indiansconfessions,28,2017-07-04 07:40:47+00:00,"Hey Aditya bro I am a 21 year old guy and I want to confess here about a recent happening in my life which has left me thinking...
When I was in 4th std. we had this stupid teacher (she was my class teacher too). We (all the classmates) were asked to bring some book or so, and I forgot to bring mine...everybody else had it and I was alone who forgot...
So this teacher called me and my class monitor in front and asked this class monitor to slap me in front of the whole class..and he did, which left my spectacles halfway across my face and it must be a funny sight for everyone looking coz everybody laughed...I was shattered into pieces...but then my mind told me that my teacher would console me and I looked at her with a look that a child needs symapathy or consolation but she too couldn't stop and had an evil grin on her face...she asked me to go and sit at my place...
This incidence was engraved in my memory...and recently was brought up...as I bumped into the class monitor after so many years...
He was lagging behind in the same course that I was in...and had undergone two accidents eating up almost 1.5 years of his life...all in all he was not in good condition and that's why he had come to the course (the course we met in was kinda meditation/selfhelp course).
After knowing him and his story if it were anyone else, all I could have felt was pity or sympathy, but the person being him my feelings of pity had a tint of evil happiness, which surprised me as I have never felt this way about anyone, or wished anything bad to happen to anyone...
I was taken aback by my own thoughts and was angry on myself...
I think I need more of internal cleaning to wash my mind free of any prejudices about people coming from the incidences in past...
Thank you",1923.0,0.0,0,1772
indiansconfessions,27,2017-07-03 09:15:54+00:00,"One more confession is on it's way, who do you think is the confessor?",1801.0,0.0,0,70
indiansconfessions,26,2017-06-29 09:36:19+00:00,Does the actual sexual encounter differ from that shown in porn?,1839.0,0.0,0,64
indiansconfessions,25,2017-06-29 09:31:56+00:00,"Hi everybody I am a 20 year old girl and I want to share one of my experiences here. Thanks admin for this channel as I dare not share this with anyone I know...
So this one day I was watching a funny youtube video of All India B...... in which one of the guy mentioned a porn site. I was 19 then and knew everything (I guess you all know that us girls come to know these things quite earlier than you guys).
So I knew it already but the curiosity in me(which was already there) made me restless and even after thousand attempts to stop myself I visited that site.
All the precautions were taken care of, I locked the room door, I switched off the lights to create an impression that I am sleeping, I plugged in my headphones and turned the volume to the lowest (in fear of someone standing out might hear it...lol). And I started Chrome in Incognito mode...
I was a bit hasty and went for the first thumbnail which was like 15 mins video.
It started off and before I know it I was actually watching the whole thing.
At first it was fine with the foreplay and all but the main reason to my confession comes here when the oral sex with girl on her knees and the man standing started I almost wanted to puke instantly (I thought everybody saw and liked that part and this being my firsthand experience I didn't forward the same or it didn't come to my mind) so this thing goes on for like 4 to 5 mins and, It took a lot of effort on my side to control myself.
The issue is even if the later part was exciting a bit but the oral thing has created a phobia in me regarding men...
I know I'm not being rational here but I don't know how I always remember that filthy stuff whenever a guy wants to talk to me...
I am considering to turn to homosexuality now😅...
Please keep my ID hidden.
Thanks
P.s. I have not watched any such videos since then but sometimes I read stories🙂",1946.0,3.0,0,1869
indiansconfessions,24,2017-06-29 09:31:26+00:00,🎊 new confession👇👇,1760.0,0.0,0,18
indiansconfessions,23,2017-06-29 02:21:11+00:00,"Indian confessions:

We Indians are curious about others lives😅, then why not take a peek / open up a bit. Join this channel @indiansconfessions today and share with your friends and family to multiply the fun👍",1742.0,0.0,0,210
indiansconfessions,22,2017-06-29 02:18:20+00:00,"Thank You all for being supportive.
Please share the link of this channel to your Indian friends, family and ask them to join too👍",747.0,0.0,0,130
indiansconfessions,21,2017-06-29 01:09:38+00:00,The next confession is on it's way what do think who would our next confessor be?,1701.0,0.0,0,81
indiansconfessions,20,2017-06-26 04:30:45+00:00,Have you seen the new display picture of our channel? Howzit?,1775.0,0.0,0,61
indiansconfessions,17,2017-06-25 13:23:31+00:00,The best things about anonymous confessions is not being worried about people judging you👍,1713.0,0.0,0,90
indiansconfessions,16,2017-06-25 03:52:00+00:00,New members swipe up to read confessions 👆👆👆,1660.0,0.0,0,44
indiansconfessions,15,2017-06-24 11:00:35+00:00,"Hello Guys, I am Aditya👱 and I have created this channel for all of us to share 🗣those moments in our lives 🚶which we will not openly discuss with someone 👀...
But as the time 🕗goes on some of these moments pile up and create an unnecessary burden on our chests😣 so why not share them anonymously.🤐
The sharing will help you release that burden 😄😄and will help others to know and learn from them🤗.
Also the confessions need not only be about miseries🤕😕 and the hard times 😔they can also be about something funny😅 that happened to you so we all can have a good laugh🤣 at the incidence (and not at you😊) lol
With that being said let's CONFESS!!👍
Send ur confessions to the admin of the page 👉 @nadityaonline
Confessions shall be kept anonymous👤
No names in confessions please🙏
Thank you.
@indiansconfessions",1691.0,0.0,0,805
indiansconfessions,13,2017-06-23 07:32:49+00:00,Have you ever been so curious about the past like this?,1610.0,0.0,0,55
indiansconfessions,12,2017-06-23 05:58:36+00:00,"Hello everyone I want to share a funny or strange incidence with you all.
Travelling from place to place leaving few memory behind and friends also everyone moves in their life something happened with me.
We few friends reunited 
Specially me , J (female) and P (male) use to talk with each other alot. So one day P told I cannot talk with you people at home for long time because my wife spy me alot though I told you both are my friends.
So me and J decided to teach lesson to his wife and I took number from P of his wife. His wife is arrogant and proudish so when I called she asked me who are you, why you called my husband so I replied I am his friend but she didn't believe so I told I am his gf 😂😂. And the issue started for so long from that day later when I came to know it reached till the divorce between them. She thought of sucide. 😱 
But again the things was cleared by us. Now that lady is my friend but still she calls me and while talking try to find out whether seriously I was his gf 🕵🕵. 😂",1642.0,1.0,0,1009
indiansconfessions,11,2017-06-23 05:58:16+00:00,📣📣And we have another confession. Cheers to the first lady/girl who has shared on this channel👇👇👇,1517.0,0.0,0,97
indiansconfessions,10,2017-06-22 14:11:08+00:00,"""Dump your baggage. Move on, Don't get stuck. It's vital to stay fresh. You just have to shake it up""
- unknown",1503.0,0.0,0,111
indiansconfessions,8,2017-06-19 07:30:05+00:00,Please support the channel by sharing the link below👇👇,1486.0,0.0,0,54
indiansconfessions,7,2017-06-18 16:47:53+00:00,"Hello friends I am a 24 years old  guy. I want to share with you an incidence of my life...
First of all thank you admin for creating group like this and please hide my identity...
When I was 15 years old my friends and I had a hangout of sorts, we had our evening snacks and then were sitting around the campfire chatting laughing basically having a good time.
Now this one friend of mine wants to play a game in which we all close our eyes and have to imagine something weird about the object decided and the most weird imaginator wins the round...
So we all were sitting in a circle with our eyes closed...
Let me describe my group first there are 4 guys and 3 girls in our group of which two of them are average but the third one is HOT so yeah at that age all of the boys in our colony used to steal glances at her when she used to pass...
This time we were sitting in a circle with our eyes closed and each one was describing his/her imagination turn by turn and in great detail so we were engrossed in the game.
Some bug bit me and I opened my eyes, and boy she was looking really really hot with her top revealing a bit of cleavage, my evil mind took over me and I stood up really slowly to peek in, and I couldn't stop there I started taking really really small steps towards her (mind you I have really light feet so I can still do that without making any sound) I stood almost one and a half feet far from her and tried to get the best look...
And then the inevitable happened the girl next to her somehow sensed that something was wrong and opened her eyes, I was doomed...
My quick reaction was to signal her to keep quiet by putting my finger on my lips as a gesture... She somehow managed not to react but gave me a disgusted look...
I was partially relieved that I will atleast be same guy in the others minds...
But I lost her and she was close to me. I used to look at her like a companion but she poured all her hate in our relation of friendship... She wouldn't talk to me even when we were in the group and used to stay far away from me, but she did not tell the others about the incidence...
Time passed by and 3 months ago she met me accidentally at a station we had a friendly chat (she said let bygones be bygones to release me from the awkwardness), we  exchanged numbers and had some chats...
Turns out that she is now hinting me through her chats about 'those' things and I don't want anything to ruin our friendship again so I am in a major dillema here.
They say time is the greatest problem solver I'm gonna give this some time and see what decision I come up with...
P.s. I really think girls have sixth sense whereby they can sense if somebody is looking at them...",1559.0,0.0,0,2698
indiansconfessions,6,2017-06-18 16:47:33+00:00,"Hello guys we have 26 members and it has only been few hours and we already have a confession 👍
So cheers to the first bloke who dared to confess👏👏🙌",1477.0,0.0,0,148
indiansconfessions,5,2017-06-17 06:57:03+00:00,"And to those who have not
WHAT ARE YOU WAITING FOR?",1470.0,1.0,0,51
indiansconfessions,4,2017-06-17 06:56:44+00:00,Those who have joined please support the channel and share the link,1465.0,2.0,0,67
indiansconfessions,3,2017-06-17 04:31:16+00:00,Members are requested to be patient soon enough we will gain members,1466.0,1.0,0,68
indiansconfessions,2,2017-06-16 21:07:56+00:00,"Hello Guys, I am Aditya👱 and I have created this group for all of us to share 🗣those moments in our lives 🚶which we will not openly discuss with someone 👀...
But as the time 🕗goes on some of these moments pile up and create an unnecessary burden on our chests😣 so why not share them anonymously.🤐
The sharing will help you release that burden 😄😄and will help others to know and learn from them🤗.
Also the confessions need not only be about miseries🤕😕 and the hard times 😔they can also be about something funny😅 that happened to you so we all can have a good laugh🤣 at the incidence (not you😊) lol
With that being said let's CONFESS!!👍",1496.0,1.0,0,634
badoocom,11859041,2026-05-24 07:04:12+00:00,All servics availbl here,,,0,24
badoocom,11859040,2026-05-24 07:03:19+00:00,add me,,,0,6
badoocom,11859039,2026-05-24 07:02:55+00:00,I'm horny 🥵,,,1,11
badoocom,11859037,2026-05-24 07:02:07+00:00,Hello girls text ??,,,0,19
badoocom,11859027,2026-05-24 06:49:17+00:00,I'm so horny ad me 🥵💋,,,1,21
badoocom,11859026,2026-05-24 06:48:48+00:00,"Shhh... quiet now.
Muted [💜](tg://user?id=7431472109) for 3 days.
Reason:
Unmute 30$",,,0,84
badoocom,11859023,2026-05-24 06:46:36+00:00,"Shhh... quiet now.
Muted [Kerala Bull](tg://user?id=8716744625) for 3 days.
Reason:
Unmute 30$",,,0,94
badoocom,11859021,2026-05-24 06:45:26+00:00,Add me,,,0,6
badoocom,11859013,2026-05-24 06:37:28+00:00,Hi there I’m just so bored maybe we can good fun chatting ? ❤️,,,0,62
badoocom,11859012,2026-05-24 06:37:28+00:00,"Shhh... quiet now.
Muted [Saniya](tg://user?id=8004567663) for 3 days.
Reason:
Unmute 30$",,,0,89
badoocom,11859009,2026-05-24 06:37:03+00:00,Bullman Here In Dubai,,,0,21
badoocom,11859002,2026-05-24 06:30:36+00:00,Hello girls,,,0,11
badoocom,11858993,2026-05-24 06:26:37+00:00,Hi i am horny now,,,1,17
badoocom,11858989,2026-05-24 06:24:22+00:00,"Hello Girls and Married Women,
Is anyone looking for friendship, a relationship, timepass, or more? Please DM me.
I'm a 21 year old male",,,0,136
badoocom,11858987,2026-05-24 06:23:55+00:00,Hello,,,0,5
badoocom,11858982,2026-05-24 06:15:52+00:00,Hrny f18 here hit me up for VC,,,0,30
badoocom,11858977,2026-05-24 06:12:41+00:00,Added... Dm,,,0,11
badoocom,11858969,2026-05-24 06:00:41+00:00,Anyone interested in VC facetime cam2cam??? Dm,,,0,46
badoocom,11858968,2026-05-24 06:00:08+00:00,Any house wife for secret fun GIF Talk.,,,3,39
badoocom,11858963,2026-05-24 05:57:01+00:00,"Shhh... quiet now.
Muted [Ritesh](tg://user?id=5863894060) for 3 days.
Reason:
Unmute 30$",,,0,89
badoocom,11858960,2026-05-24 05:56:26+00:00,"Shhh... quiet now.
Muted [Ω 🐉匚卄乇ㄒ卂几🐉 δ](tg://user?id=2097847349) for 3 days.
Reason:
Unmute 30$",,,0,95
badoocom,11858957,2026-05-24 05:55:07+00:00,Im 8inch long,,,0,13
badoocom,11858954,2026-05-24 05:54:02+00:00,I am 20 years old and single.,,,0,29
badoocom,11858951,2026-05-24 05:51:27+00:00,Hi daddies F26 here DM for hookup and hot stuff 🔥 and I want a straight forward man no games 😏,,,1,94
badoocom,11858948,2026-05-24 05:47:52+00:00,Casual chat any girl,,,0,20
badoocom,11858944,2026-05-24 05:43:08+00:00,Experienced MILF,,,0,16
badoocom,11858941,2026-05-24 05:41:27+00:00,Message me,,,0,10
badoocom,11858939,2026-05-24 05:38:50+00:00,Hello everyone,,,0,14
badoocom,11858933,2026-05-24 05:27:54+00:00,Guten Morgen,,,0,12
badoocom,11858931,2026-05-24 05:27:10+00:00,Horny daddy DM for VC facetime cam2cam live???,,,0,46
badoocom,11858925,2026-05-24 05:20:08+00:00,Who would like to chat?😇,,,0,24
badoocom,11858924,2026-05-24 05:20:08+00:00,Dm me for fun,,,0,13
badoocom,11858922,2026-05-24 05:19:43+00:00,"Shhh... quiet now.
Muted [Mo](tg://user?id=7600849142) for 3 days.
Reason:
Unmute 30$",,,0,85
badoocom,11858916,2026-05-24 05:12:51+00:00,Add me 🥵💋,,,0,9
badoocom,11858915,2026-05-24 05:12:37+00:00,"Mature ladies or girls up for some fun can msg me, M 27 here",,,0,60
badoocom,11858902,2026-05-24 04:59:04+00:00,Added,,,0,5
badoocom,11858900,2026-05-24 04:57:37+00:00,I'm so horny ad me 💋🥵,,,1,21
badoocom,11858896,2026-05-24 04:52:47+00:00,Any female interested in bdsm dm,,,0,32
badoocom,11858895,2026-05-24 04:52:27+00:00,Good morning,,,0,12
badoocom,11858893,2026-05-24 04:51:21+00:00,I am back i,,,0,11
badoocom,11858889,2026-05-24 04:47:08+00:00,Any Indian girl msg to me,,,0,25
badoocom,11858888,2026-05-24 04:46:38+00:00,19 Year Hot Boy Dm if any ineteresting one,,,0,42
badoocom,11858884,2026-05-24 04:43:27+00:00,Hi everyone😇,,,0,12
badoocom,11858882,2026-05-24 04:41:43+00:00,he touches my neck,,,0,18
badoocom,11858874,2026-05-24 04:34:41+00:00,Text me I'm bored,,,0,17
badoocom,11858870,2026-05-24 04:31:35+00:00,"Shhh... quiet now.
Muted [Kayla](tg://user?id=7996550800) for 3 days.
Reason:
Unmute 30$",,,0,88
badoocom,11858861,2026-05-24 04:27:50+00:00,"Shhh... quiet now.
Muted [Seller 💯](tg://user?id=8737198958) for 3 days.
Reason:
Unmute 30$",,,0,91
badoocom,11858857,2026-05-24 04:26:10+00:00,Message me boy and girl,,,0,23
badoocom,11858856,2026-05-24 04:25:00+00:00,Casual chat any girl...?,,,0,24
badoocom,11858849,2026-05-24 04:23:25+00:00,A 20-year-old Chinese girl who idolizes foreigners without any boundaries,,,1,73
badoocom,11858848,2026-05-24 04:23:20+00:00,"Shhh... quiet now.
Muted [Samini](tg://user?id=8771665130) for 3 days.
Reason:
Unmute 30$",,,0,89
badoocom,11858846,2026-05-24 04:22:41+00:00,"Hey Taruna 
Added you dm",,,0,24
badoocom,11858843,2026-05-24 04:22:21+00:00,"Shhh... quiet now.
Muted [Qwerty](tg://user?id=1041341471) for 3 days.
Reason:
Unmute 30$",,,0,89
badoocom,11858841,2026-05-24 04:21:37+00:00,Female 27,,,1,9
badoocom,11858839,2026-05-24 04:18:26+00:00,Dm me chatting girl,,,0,19
badoocom,11858836,2026-05-24 04:16:50+00:00,Added you dm,,,0,12
badoocom,11858835,2026-05-24 04:16:04+00:00,"Shhh... quiet now.
Muted [Veyan](tg://user?id=5863059736) for 3 days.
Reason:
Unmute 30$",,,0,88
badoocom,11858833,2026-05-24 04:15:40+00:00,Good Night,,,1,10
badoocom,11858820,2026-05-24 04:06:25+00:00,Message me if you want to chat,,,0,30
badoocom,11858815,2026-05-24 04:02:27+00:00,"Hey anyone from UK, USA, Germany, Canada, Poland, Australia, Netherlands,italy dm me got something to show",,,1,106
badoocom,11858808,2026-05-24 03:53:45+00:00,Hi Free chatting with girls,,,0,27
badoocom,11858807,2026-05-24 03:53:16+00:00,"Any girl that wants to be dominated and treated rough by two 29yo men in threeesommmee?

Very intense and sexxxxyyyyy seeeex, willl be treated like a sluttttt",,,0,158
badoocom,11858805,2026-05-24 03:51:51+00:00,"Shhh... quiet now.
Muted [Dimonye](tg://user?id=6823321165) for 3 days.
Reason:
Unmute 30$",,,0,90
badoocom,11858801,2026-05-24 03:50:38+00:00,I need a woman to call me a fa&&ot,,,0,34
badoocom,11858786,2026-05-24 03:31:09+00:00,"Shhh... quiet now.
Muted [Konan03X](tg://user?id=7784939705) for 3 days.
Reason:
Unmute 30$",,,0,91
badoocom,11858782,2026-05-24 03:27:35+00:00,Feeling dirty tonight,,,0,21
badoocom,11858761,2026-05-24 03:09:29+00:00,Horny darling,,,1,13
badoocom,11858760,2026-05-24 03:04:20+00:00,Any women in west mids want company?,,,0,36
badoocom,11858754,2026-05-24 03:02:55+00:00,bb I'm horny new ad me,,,0,22
badoocom,11858750,2026-05-24 03:02:13+00:00,Hey Hrny hot F19 dm for hot fun am Hrny atm,,,0,43
badoocom,11858742,2026-05-24 02:55:47+00:00,Ts sluts add me,,,0,15
badoocom,11858739,2026-05-24 02:55:23+00:00,"Shhh... quiet now.
Muted [James](tg://user?id=8263380242) for 3 days.
Reason:
Unmute 30$",,,0,88
badoocom,11858737,2026-05-24 02:54:17+00:00,she smiles,,,0,10
badoocom,11858730,2026-05-24 02:49:03+00:00,he sleeps,,,0,9
badoocom,11858727,2026-05-24 02:47:34+00:00,Hey dm to add,,,0,13
badoocom,11858724,2026-05-24 02:45:29+00:00,Hello! where are stepsis and stepmom,,,1,36
badoocom,11858715,2026-05-24 02:37:00+00:00,DM added,,,0,8
badoocom,11858712,2026-05-24 02:32:55+00:00,I love horny night dogs sex I'm super horny DM me,,,1,49
badoocom,11858708,2026-05-24 02:29:27+00:00,Hey beautiful text me added you or add me,,,0,41
badoocom,11858707,2026-05-24 02:28:20+00:00,I'm single,,,0,10
badoocom,11858706,2026-05-24 02:28:13+00:00,Hello 👋,,,2,7
badoocom,11858705,2026-05-24 02:27:49+00:00,"Shhh... quiet now.
Muted [🎀 𝑀🏵𝓂𝓂𝓎 𝒦𝒾𝓇𝓇𝒶 🎀](tg://user?id=8182054440) for 3 days.
Reason:
Unmute 30$",,,0,98
badoocom,11858701,2026-05-24 02:26:09+00:00,Free for f,,,0,10
badoocom,11858697,2026-05-24 02:23:23+00:00,Available for fun,,,0,17
badoocom,11858696,2026-05-24 02:23:06+00:00,"Shhh... quiet now.
Muted [babayaga](tg://user?id=8139752721) for 3 days.
Reason:
Unmute 30$",,,0,91
badoocom,11858687,2026-05-24 02:15:42+00:00,"Hey there, any women DM me",,,0,26
badoocom,11858673,2026-05-24 02:03:02+00:00,Hi all,,,0,6
badoocom,11858666,2026-05-24 01:56:11+00:00,"Hey hot Hrny F19 here ,I can make you kum , DM if interested",,,0,60
badoocom,11858662,2026-05-24 01:48:42+00:00,Yeah sure babe 😋,,,0,16
badoocom,11858658,2026-05-24 01:46:31+00:00,Big black juicy tool here age 40,,,0,32
badoocom,11858657,2026-05-24 01:46:08+00:00,I am looking for someone who will bury his face on my pussy!,,,0,60
badoocom,11858650,2026-05-24 01:38:14+00:00,"Hey add or dm
Added you",,,0,23
badoocom,11858649,2026-05-24 01:38:01+00:00,If anyone wants to see my chachi and my sex msg me,,,1,50
badoocom,11858647,2026-05-24 01:34:19+00:00,Hi dm let chat,,,0,14
badoocom,11858643,2026-05-24 01:31:35+00:00,"Hey, am looking for older woman for relationship. Dm me",,,0,55
badoocom,11858639,2026-05-24 01:30:13+00:00,Horny rn who wants to cum together,,,0,34
badoocom,11858638,2026-05-24 01:29:26+00:00,Available now 💦,,,0,15
badoocom,11858625,2026-05-24 01:13:11+00:00,"Shhh... quiet now.
Muted [Lillna](tg://user?id=6994000715) for 3 days.
Reason:
Unmute 30$",,,0,89
badoocom,11858620,2026-05-24 01:08:13+00:00,"Shhh... quiet now.
Muted [R72Ronn](tg://user?id=8877062727) for 3 days.
Reason:
Unmute 30$",,,0,90
badoocom,11858617,2026-05-24 01:06:49+00:00,If anyone wants to see my wife big tits DM me,,,1,45
badoocom,11858615,2026-05-24 01:05:36+00:00,"Hello everyone
Am new here, hope am welcomed 😊",,,0,46
badoocom,11858610,2026-05-24 00:59:55+00:00,F here hit me up for some naughty stuff,,,0,39
badoocom,11858607,2026-05-24 00:58:31+00:00,Any girls in here ? Dm,,,0,22
badoocom,11858603,2026-05-24 00:53:41+00:00,i feel you,,,0,10
badoocom,11858602,2026-05-24 00:53:30+00:00,F here 28,,,0,9
badoocom,11858598,2026-05-24 00:48:57+00:00,Hi anyone looking for a relationship ? I'm a gay  btm'  i'm from Nigeria,,,0,72
badoocom,11858597,2026-05-24 00:48:47+00:00,if you're a girl DM me let's talk,,,0,33
badoocom,11858596,2026-05-24 00:48:43+00:00,"Shhh... quiet now.
Muted [🙇🏻Martin](tg://user?id=8576587632) for 3 days.
Reason:
Unmute 30$",,,0,91
badoocom,11858594,2026-05-24 00:48:01+00:00,i want you now,,,0,14
badoocom,11858591,2026-05-24 00:47:23+00:00,Good morning friend's,,,2,21
badoocom,11858590,2026-05-24 00:47:17+00:00,Hello looking for a relationship in france? I'm a man'  i'm from france,,,0,71
badoocom,11858585,2026-05-24 00:41:56+00:00,you touch softly,,,0,16
badoocom,11858578,2026-05-24 00:38:39+00:00,Hi everyone,,,1,11
badoocom,11858576,2026-05-24 00:36:37+00:00,birds fly,,,0,9
badoocom,11858573,2026-05-24 00:34:35+00:00,M18 here Toronto 7 inch,,,0,23
badoocom,11858570,2026-05-24 00:32:56+00:00,"Shhh... quiet now.
Muted [Jenxxx](tg://user?id=5999479489) for 3 days.
Reason:
Unmute 30$",,,0,89
badoocom,11858565,2026-05-24 00:27:51+00:00,Trading I’m 51 🔄,,,0,16
badoocom,11858561,2026-05-24 00:26:38+00:00,"Any women here, add me",,,1,22
badoocom,11858558,2026-05-24 00:26:05+00:00,"Is there a boy here, ? Add me",,,1,29
badoocom,11858544,2026-05-24 00:17:29+00:00,"Shhh... quiet now.
Muted [Mia](tg://user?id=7840746228) for 3 days.
Reason:
Unmute 30$",,,0,86
badoocom,11858540,2026-05-24 00:16:56+00:00,"Added, add me",,,0,13
badoocom,11858538,2026-05-24 00:16:31+00:00,Trading,,,0,7
badoocom,11858531,2026-05-24 00:12:18+00:00,"⚠️⚠️⚠️
__Message from Administration:__
**Promo Here Is Paid. Message Admin for Price. Unpaid promo - permanent Ban**
⚠️⚠️⚠️",,,0,124
badoocom,11858513,2026-05-24 00:02:37+00:00,"Shhh... quiet now.
Muted [Chole](tg://user?id=8081296283) for 3 days.
Reason:
Unmute 30$",,,0,88
badoocom,11858508,2026-05-24 00:01:18+00:00,Jerk buddy girl?,,,0,16
badoocom,11858507,2026-05-24 00:01:14+00:00,Any around Qatar,,,0,16
badoocom,11858498,2026-05-23 23:54:01+00:00,"I added you, add me hun",,,0,23
badoocom,11858496,2026-05-23 23:52:23+00:00,Hey I'm so horny add me tele,,,0,28
badoocom,11858493,2026-05-23 23:50:17+00:00,F 25 fun,,,0,8
badoocom,11858491,2026-05-23 23:47:33+00:00,"Hello
any cute girl wanna chat dm",,,0,33
badoocom,11858490,2026-05-23 23:47:05+00:00,I am horny gril. Plz add me,,,0,27
badoocom,11858484,2026-05-23 23:43:00+00:00,Girls add me,,,0,12
badoocom,11858482,2026-05-23 23:42:18+00:00,"Hii, you a girl?",,,0,16
badoocom,11858475,2026-05-23 23:36:52+00:00,"Looking for older women, M25 here, add me",,,4,41
badoocom,11858467,2026-05-23 23:34:14+00:00,Hey everyone am new here,,,1,24
badoocom,11858464,2026-05-23 23:31:55+00:00,Hey everyone,,,0,12
badoocom,11858463,2026-05-23 23:31:20+00:00,"Shhh... quiet now.
Muted [Chester](tg://user?id=7338624499) for 3 days.
Reason:
Unmute 30$",,,0,90
badoocom,11858444,2026-05-23 23:13:50+00:00,Looking for some fun,,,0,20
badoocom,11858442,2026-05-23 23:11:45+00:00,Hello looking for a relationship in france? I'm a man,,,0,53
badoocom,11858435,2026-05-23 23:06:41+00:00,Hello looking for a relationship in france?,,,0,43
badoocom,11858433,2026-05-23 23:04:04+00:00,D.m or add me,,,0,13
badoocom,11858431,2026-05-23 23:02:22+00:00,"Shhh... quiet now.
Muted [Vee-Lisaa](tg://user?id=7157882480) for 3 days.
Reason:
Unmute 30$",,,0,92
badoocom,11858422,2026-05-23 22:57:10+00:00,Any girl interested in African boy,,,0,34
badoocom,11858420,2026-05-23 22:56:09+00:00,Hey I’m tgirl hrny right now hit me uppp,,,0,40
badoocom,11858418,2026-05-23 22:54:28+00:00,Looking for fun like genuinely real nott timepass girls dm,,,0,58
badoocom,11858416,2026-05-23 22:53:01+00:00,I'm looking for serious relationship with real girl,,,0,51
badoocom,11858415,2026-05-23 22:52:55+00:00,Add me up,,,0,9
badoocom,11858413,2026-05-23 22:52:24+00:00,Any  sexy lady available tonight?,,,0,33
badoocom,11858410,2026-05-23 22:50:25+00:00,Looking for some girl to rp,,,1,27
badoocom,11858405,2026-05-23 22:47:05+00:00,Any girl wanna chat or be friends pm me,,,0,39
badoocom,11858400,2026-05-23 22:45:29+00:00,Hey handsome 😘,,,0,14
badoocom,11858391,2026-05-23 22:38:10+00:00,"Shhh... quiet now.
Muted [HarshVardhan](tg://user?id=8652688815) for 3 days.
Reason:
Unmute 30$",,,0,95
badoocom,11858387,2026-05-23 22:36:21+00:00,Add mee,,,0,7
badoocom,11858386,2026-05-23 22:36:09+00:00,Hey everyone am new,,,2,19
badoocom,11858377,2026-05-23 22:29:56+00:00,Do you want sex com now baby 👅👅,,,0,31
badoocom,11858375,2026-05-23 22:29:10+00:00,Hello bambi add me up added you,,,0,31
badoocom,11858373,2026-05-23 22:28:33+00:00,Looking for free photos,,,0,23
badoocom,11858364,2026-05-23 22:19:51+00:00,Is here some goth girl ready to be owned?,,,0,41
badoocom,11858358,2026-05-23 22:12:39+00:00,Hey 👋,,,0,5
badoocom,11858356,2026-05-23 22:11:35+00:00,Hi Penny,,,0,8
badoocom,11858352,2026-05-23 22:07:13+00:00,Looking for a good girl,,,0,23
badoocom,11858338,2026-05-23 21:52:14+00:00,"Shhh... quiet now.
Muted [Y](tg://user?id=7206512708) for 3 days.
Reason:
Unmute 30$",,,0,84
Religiousdebate,4478,2026-05-12 18:50:09+00:00,dead sahur chat,,,0,15
Religiousdebate,4465,2026-04-08 16:26:49+00:00,F you,,,0,5
Religiousdebate,4447,2026-02-24 17:19:16+00:00,Hello I have a good platform that you can earn from daily they offer 2.0% hourly you can withdraw your profit daily you can also withdraw your capital at the end of 5days if you are interested inbox me privately for the platform link,,,0,233
Religiousdebate,4444,2026-02-13 04:02:29+00:00,"Hello everyone 🤗
A while ago, I was going through a financially stressful period. Expenses kept rising, and I knew I needed to explore additional income streams instead of relying on just one source.
After doing my own research and taking my time to understand how everything worked, I decided to try Trade Tribe Assets with a small amount I could afford. I didn’t rush in, and I didn’t expect overnight miracles — I simply wanted something structured and transparent.
Over time, I began seeing steady results. What made the difference for me was the community support, the educational sessions, and being able to monitor my account activity clearly. I also appreciated being able to withdraw without complications.
I’m sharing this because I know many people are looking for smarter ways to diversify their income this year.
If you’d like to know what I learned and how I approached it carefully, feel free to send me a direct message with “TTA” and I’ll add you to the group chat",,,0,981
Religiousdebate,4426,2026-01-17 23:58:37+00:00,Is this real?,128.0,3.0,0,13
Religiousdebate,4425,2026-01-17 23:58:17+00:00,This is what a productive conversation looks like,112.0,1.0,0,49
Religiousdebate,4424,2026-01-17 23:57:48+00:00,Credit to @bludysnuff,177.0,6.0,0,21
Religiousdebate,4415,2026-01-09 17:58:03+00:00,Anyone wants to debate on whether god exists or not ?,,,0,53
Religiousdebate,4402,2025-12-21 19:07:12+00:00,maybe you're just full of sh@t?😉,,,0,32
Religiousdebate,4401,2025-12-14 01:51:38+00:00,I'm the og founder,,,0,18
Religiousdebate,4400,2025-12-10 12:42:05+00:00,dead ahh group,,,1,14
Religiousdebate,4394,2025-12-09 20:24:31+00:00,@humblebedouin hello,,,0,20
Religiousdebate,4358,2025-07-06 19:21:01+00:00,Fuck you doing here,,,0,19
Religiousdebate,4350,2025-06-19 17:42:16+00:00,"Uhm, how about the perpetual virginity of Mary? I say that's a complete nonsense",,,0,80
Religiousdebate,4349,2025-06-18 20:31:14+00:00,Anyone wanna chat,,,0,17
Religiousdebate,4345,2025-06-16 15:24:23+00:00,I am willing to debate,,,0,22
Religiousdebate,4339,2025-06-08 21:51:55+00:00,I am a Catholic and am willing to debate on any topic,,,1,53
Religiousdebate,4338,2025-06-08 21:51:40+00:00,"Hello Everyone, nice to meet you",,,0,32
Religiousdebate,4333,2025-06-03 15:07:41+00:00,Stop believing as if ai is divine,,,0,33
Religiousdebate,4332,2025-06-03 15:06:37+00:00,"Muslims really don't know how ai system works?

Ai don't have any faith and they're neutral 
Those videos doesn't make any sense",,,0,128
Religiousdebate,4315,2025-05-29 18:44:30+00:00,"T__rue Alchemy begins with the Shadow__
FREE Workshop/ Seminar:
Either this coming Sunday or most likely next Sunday 8 May, starting at 7:45 or 8pm London time/  2:45 pr 3pm New York time
FREE
Could be anything between 1 and half hours and 2 hours -  depending on how many people and thus how long for the Q & A takes during the last segment.
Let me know now which of you shall be attending",1875.0,17.0,0,390
Religiousdebate,4309,2025-05-14 02:29:17+00:00,"In the next 10 years, the world will increasingly rely on AI for knowledge, truth, and decision-making. And AI, grounded in facts and logic, has never denied the truth of Islam — in fact, it consistently affirms that Islam is the only pure, uncorrupted, and coherent religion. As people turn to AI for answers, the contradictions in other religions will become undeniable. This shift aligns perfectly with the Prophet’s hadith: that Islam will prevail, and even Europe will embrace Islam. The truth cannot be hidden — not by time, not by technology.",,,7,549
Religiousdebate,4306,2025-05-09 03:11:22+00:00,"Here are some questions for Christians, based on their scriptures and historical evidence:

1. Did Jesus (Isa ibn Maryam) ever see or read the Bible as it exists today?

The Bible was compiled centuries after Jesus. The New Testament books were written decades after his time. Where in the Bible does Jesus mention reading from Matthew, Mark, Luke, or John?

2. Were the Gospels (Matthew, Mark, Luke, and John) written during Jesus' lifetime?

Scholars agree that the earliest Gospel fragments date to around 70-90 AD, decades after Jesus' time. Can you find any historical evidence showing that Jesus himself read or referenced these books?

3. Who wrote the Gospels?

The Gospel authors never identify themselves within the texts. Even Christian scholars admit that names were later attributed to these writings. (See the preface of many modern study Bibles.) Given this, how can we be sure who wrote them?

4. What is the earliest complete Bible manuscript?

The Codex Sinaiticus, one of the oldest nearly complete Bibles, is from the 4th century-over 300 years after Jesus. Why is there no complete New Testament from the 1st century if Jesus' disciples wrote it?

5. When was the Bible in its current form compiled?

The King James Version (KJV) was first published in 1611, over 1,600 years after Jesus. Why do many Christians rely on a version compiled so long after his time?",,,0,1383
Religiousdebate,4291,2025-03-17 15:21:39+00:00,"you repeat irrelevant nonsense like some demented mindless echo-chamber that wants to be proven right, without answering the original two questions from like 30 messages ago- which is pointless, redundant and boring.",,,0,216
Religiousdebate,4290,2025-03-17 14:53:49+00:00,"now it’s ‘boring’ because you got nothing left? How could I shut up when a pathetic guy like you is out here spreading lies about my religion? Maybe if you didn’t talk nonsense, you wouldn’t have to hear the truth over and over.",,,0,228
Religiousdebate,4289,2025-03-17 13:41:49+00:00,Please undress your repeat button.. it's getting boring...,,,0,58
Religiousdebate,4287,2025-03-17 06:56:39+00:00,"so you switch accounts, avoid answering, and now pretend the conversation is over? Nice try. You don’t get to lie, dodge, and then call it quits when it’s convenient for you.",,,0,174
Religiousdebate,4284,2025-03-16 13:23:24+00:00,You still carrying on?,,,0,22
Religiousdebate,4283,2025-03-16 08:45:34+00:00,"so you had to come back on another account just to say it’s over? Seems like you’re the one who can’t let it go. If it was really done, you wouldn’t still be here trying to convince yourself.",,,0,191
Religiousdebate,4282,2025-03-16 05:44:31+00:00,"Why are you still carrying on?
As said many messages ago, the convo was done",,,0,76
Religiousdebate,4281,2025-03-16 04:59:05+00:00,"You’re stuck on repeat, throwing out the same claims while dodging every response. Your entire argument boils down to “true or false” as if complex historical and theological discussions can be reduced to yes/no answers. We’ve already addressed these points, yet you refuse to engage beyond parroting your accusations.

If you had anything new or substantial to add, you would have done so by now. But since you’re just recycling the same nonsense, it’s clear you’re not here for a real discussion you’re here to waste time. So either bring something original to the table or admit you’ve got nothing left.",,,0,606
Religiousdebate,4280,2025-03-16 04:29:09+00:00,Welcome.e to the space,,,0,22
Religiousdebate,4277,2025-03-15 12:09:32+00:00,Just scroll up and just see what the conversation is. It shouldn't be hard to figure out. Anybody with an average intelligence should be able to know what's going on.,,,0,166
Religiousdebate,4276,2025-03-15 11:30:14+00:00,What are you on about,,,0,21
Religiousdebate,4274,2025-03-15 10:12:48+00:00,when your prophet raped her,,,0,27
Religiousdebate,4273,2025-03-15 10:12:23+00:00,she was 4,,,0,9
Religiousdebate,4271,2025-03-15 08:36:05+00:00,"Once again, you flap your lips, talk a lot of nonsense, and you don't address what was said. It's two points. Muhammad had sex with children, and Abraham was a murderer, and apparently he was told to murder children, his own children, by God. And this is what the book says. True or false? It's a question. You answer it, or you refute it.",,,0,339
Religiousdebate,4270,2025-03-15 08:27:30+00:00,"the moment someone has absolutely nothing of value to say, they resort to playground-level insults. ‘Goat jokes’? Really? That’s the best you’ve got? I almost feel bad for you imagine joining a debate just to embarrass yourself like this. No arguments, no logic, no intelligence just a desperate attempt at attention.
It’s funny how people like you always prove my point without me even trying. You come in loud, thinking you’re clever, but all you do is show the world how little you actually know. Maybe instead of wasting your time throwing weak insults, you should try reading a book though judging by your mental capacity, I wouldn’t expect much progress. 😂

Now run along, little man. The adults are talking.",,,0,714
Religiousdebate,4269,2025-03-15 08:23:46+00:00,"**classic move when cornered, pretend the debate never happened. Cute. Since you seem to have selective memory, let’s remind you: I already addressed both of your claims in detail, with sources, while you’ve been busy dodging, deflecting, and switching topics whenever things got uncomfortable. But sure, let’s play your game again.**
•**Abraham’s ‘sacrifice’** – You act like it was human sacrifice when the Quran explicitly states that Allah **replaced the sacrifice with a ram** (Quran 37:107). No child was harmed, no murder happened, and the whole event was a test of faith. You conveniently ignore this part because it ruins your argument.
•**Aisha’s age** – There is absolutely **no mention** in the Quran of her age at marriage. The claims you rely on come from **hadith reports**, which scholars have debated extensively. Historical sources suggest she may have been older, and early Islamic traditions don’t all agree on the exact age. But let’s say she was young by today’s standards—back then, early marriages were the norm **in every major civilization** (Christian, Jewish, Hindu, etc.), so if you’re so outraged, why aren’t you attacking all those other societies too? Oh wait, because this isn’t about morality for you, just about attacking Islam.

You claim you’re only interested in “facts,” yet every time I provide them, you dodge, twist, and move the goalposts. And now you’ve downgraded from actual arguments to blowing kisses and pretending there was never a debate. Adorable. 😘",,,0,1501
Religiousdebate,4268,2025-03-14 17:55:13+00:00,her name is aisha,,,0,17
Religiousdebate,4267,2025-03-14 17:55:10+00:00,go fuck your goat 😂,,,0,19
Religiousdebate,4264,2025-03-14 16:43:59+00:00,"You are so at war with yourself there has been no debate😉
Unless you challenge fact that Mohamad was said to have sex with a child?
Or that Abraham was told by ""God"" to murder his son..
If those statements are false, according to the holy texts, please provide proof😘",,,0,267
Religiousdebate,4263,2025-03-14 11:40:47+00:00,"**the last refuge of a defeated debater pretending they were never debating in the first place. You started this, jumped topics every time you got cornered, dodged direct questions, and now you’re acting like some enlightened bystander watching me ‘argue with myself’? Hilarious. If you had a real counterpoint, you’d have made it by now. Instead, you’re left with emojis and empty remarks. Must be frustrating when the ‘Google it’ strategy doesn’t work anymore. Keep coping. 😁**",,,0,479
Religiousdebate,4262,2025-03-13 20:42:25+00:00,"You're the only one here having an argument, and that argument is with yourself.
😁",,,17,82
Religiousdebate,4260,2025-03-13 19:41:16+00:00,"**You know, for someone who claims to be all about logic and history, you sure spend a lot of time fantasizing about men’s outfits. Maybe instead of designing superhero costumes, you should try actually defending your arguments for once. But hey, if you want to role-play, I hear the ‘Deflector Supreme’ costume is still available—you wear a cape made of weak arguments and disappear every time you’re asked for real evidence. Just putting it out there. It’s an idea.**",,,0,469
Religiousdebate,4259,2025-03-12 11:11:35+00:00,"Have you ever thought of wearing a pair of tights with a nice tight t-shirt and wearing your underpants with shocking color over the tights?

 and maybe putting a big V on your t-shirt and maybe get a pink cape to wear with it and call yourself the vomiteer? Just putting it out there. It's an idea.",,,0,299
Religiousdebate,4257,2025-03-09 23:59:27+00:00,"You’ve completely **dodged** the fact that you **lied** about the Quran stating Muhammad (peace be upon him) married a 14-year-old. Instead of admitting you have no proof, you’re now throwing emotional arguments to distract from your own misinformation. That’s not debating that’s **intellectual dishonesty**.

First, let’s **highlight your contradictions**:
1.**You claimed 14, then 9, then 11, and now back to 14 “to give credence” to different reports.** You’re shifting numbers **because you don’t actually know**, yet you confidently state it as fact.
2.**You selectively accept and reject hadith.** You reference hadith when it suits you but ignore others that contradict your claim. Either you take them **all under scholarly review** or you take none.
3.**You ignore historical context.** Marriage ages were determined by **physical and societal maturity** across **ALL civilizations**, not by modern legal standards. Every society including **Christian Europe, Hindu India, Jewish traditions, ancient Greece, and Rome **had similar practices. Are you going to **condemn all of history**, or do you just **cherry-pick Islam**?

Instead of debating **facts**, you’re using **manipulative accusations**:
•You claim that simply discussing historical marriage customs means **defending them**—which is a **false equivalence fallacy**.
•You frame the debate as **“if you disagree, you support pedophilia”**, which is an **intellectually dishonest and manipulative** tactic.
•You **completely avoid the fact that the Quran does not mention Aisha’s age** and **that early marriages were common worldwide **you just want to attack Islam while ignoring similar histories in your own civilization.

•**Islam requires maturity, consent, and capability** for marriage (Quran 4:6). **Child marriage is NOT endorsed in Islam**—and even Aisha’s reported age has been debated by scholars for centuries.
•The **modern concept of childhood** did not exist in **any** civilization until recent times. Even **Christian kings and European nobility** married at similar ages.
•The **Quran does not state Aisha’s age**, meaning this is a **historical debate, not a Quranic issue**.

If you truly oppose historical marriage norms, **why do you ignore similar customs in Christianity, Hinduism, Judaism, and European history?** Why is your outrage **ONLY focused on Islam**?

You’ve dodged **every request for proof**, **changed your argument multiple times**, and now you’re using **emotional manipulation** instead of **facts**. That says a lot.",,,3,2530
Religiousdebate,4256,2025-03-09 18:42:18+00:00,"This is the problem with deceit. When someone is lying, whether to other people or to oneself, details tend to become more important than fundamental truth. 

So it's not a question of whether an adult man was having sex with a child or not. It matters far more how old this child was. And that should be a red flag for you, looking at yourself and your own unconscious. The fact that that matters more to you than the fact that there was a child being abused sexually. If you look at a 14-year-old girl and get turned on, or whether you look at an 11-year-old girl and get turned on, it doesn't make a difference. There's something wrong. It's demented. You shouldn't be doing that.",,,0,683
Religiousdebate,4255,2025-03-09 18:40:08+00:00,"Sure, there are other texts that suggest that they didn't actually consummate the marriage at age 11 or 12. Some say they waited another two years. So I say 14 to give credence to that possibility. However, whether it's 11 or 14 to me doesn't make a difference. Pedophilia is pedophilia.",,,0,287
Religiousdebate,4254,2025-03-09 18:39:39+00:00,"We are talking about paedophilia, and you want to split hairs about her age. Paedophilia is paedophilia. Having sex with a child is having sex with a child. It's simply demented. One doesn't do these things, especially not a so-called prophet.",,,0,243
Religiousdebate,4252,2025-03-09 13:55:22+00:00,"You’ve shifted from claiming Muhammad (peace be upon him) married a 14-year-old to citing **Sahih al-Bukhari** stating 6 and 9. That’s already a contradiction in your argument. **Which one is it 14 or 9?** If you can’t even stay consistent, how do you expect to debate this properly?

Now, let’s break it down:
1.**No Verse in the Quran Mentions Aisha’s Age**
•The Quran **never states Aisha’s age** at marriage. You claimed it was there, but now you’re relying on **Hadith **a separate body of literature from the Quran. That alone proves your original claim false.
•If you believe in “historical documents,” then you should also acknowledge **contradictory historical records** that suggest Aisha was older (around 17-19) based on biographical and historical cross-referencing. Scholars have debated this for centuries.
2.**Your Double Standards on Historical Sources**
•When I asked for a **direct Quranic verse** stating Ibrahim (AS) was going to “burn the heart of his son on an altar,” you failed to provide it. Instead, you referenced **Surah 37:102-108**, which never mentions burning a heart or a forced sacrifice.
•Yet, you **blindly accept hadith about Aisha’s age** while dismissing **hadith that contradict your views**—convenient, isn’t it? Either you accept hadith in full context, or you don’t selectively use them just to attack Islam.
3.**If Bukhari is Questionable, What About Your Own Sources?**
•If you think **any** historical text being “ancient” automatically makes it **true**, then by that logic, we should also believe in **Sumerian myths, Greek legends, and Hindu Vedic texts** just because they’re old.
•Yet, you reject any religious text that doesn’t fit your bias. That’s not “open-mindedness”—that’s **confirmation bias**.
4.**Your Argument is Already Self-Defeating**
•You initially claimed Muhammad (peace be upon him) married at **14**, now you’re citing a hadith that says **6 and 9**. You’re disproving yourself.
•You claimed Ibrahim was going to **burn his son’s heart**—but the verse you cited doesn’t mention that at all.

**Final Question for You:**
You keep saying religious texts contain “unhealthy content.” **Do you follow any religious text yourself, or are you just here to criticize others while pretending to be neutral?**",,,0,2271
Religiousdebate,4251,2025-03-09 13:44:39+00:00,"Consider yourself spoon-fed, and this being the end of this conversation!

if you still want to argue the validity of that Sunni document, ask yourself why a group of Muslims, which are very devout Muslims by the way, would be holding on to such very specific information as to the marriage was signed off on paper while she was seven and consummated when she was nine. 

This is very specific information and this document is highly revered by the Sunni it's obviously the people that have kept and looked after this document second to the Quran these are Muslims we're talking about very very devoted Muslims so you know you can knock it as much as you want the same way that you You know, the Bible is knocked by people who don't believe in the Bible. 

They say it's all nonsense. The same way that the Quran is knocked by people who don't believe in the Quran. They say it's all nonsense. I don't believe that the Quran is all nonsense. I just think that there's a lot of counterintuitive and not healthy content in the Quran. Not a lot, but some, shall we say. And I'll say the same for the Torah. I'll say the same for the Christian Bible. I'll even say the same for Vedic scrolls that I've come across. I'm not picking one religion or another. 

Most religious documents that I've found, there are issues in them if you really look at them with an open mind.",,,0,1366
Religiousdebate,4250,2025-03-09 13:42:13+00:00,"Now as with all documents and all books, there are always going to be people that disagree. And for obvious reasons, there are going to be a lot of so-called Muslim scholars trying to scoff at this work. But this work has been central to the Sunni tradition for a long time and has always been considered second only to the Quran in terms of validation. Obviously, non-Sunni Muslims are going to be up in arms about it, but these are historical documents. There have been many attempts to slur these documents, but there have been no real valid evidence proved that these documents are not true. Then there are other stories that you can come across that says that she was 14 when married. These particular ones suggest that she actually consummated her marriage at age 9.",,,0,772
Religiousdebate,4249,2025-03-09 13:41:32+00:00,"As for the story about Abraham about to murder his eldest son, go and look in the Quran 37:102-108. Where it's him speaking about Ishmael. Go and take a look. It's there. You got a Quran? Read it. I've given you the verse numbers.",,,0,230
Religiousdebate,4247,2025-03-09 13:38:06+00:00,"EVIDANCE 👇
Okay, so as for Muhammad marrying a child, you need to look up the Sahih al-Bukhari.

 This is the Bukhari sound Hadith. It's a 9th century collection of Sunni Islam's foremost Hadith authority. 

Go and look it up.",,,0,226
Religiousdebate,4244,2025-03-09 10:54:57+00:00,"You’re the one making the claims, yet instead of providing proof, you’re telling me to “Google it.” That’s not how debate works. **If you claim something, you provide the evidence.**

Example: If I said **“The Sumerian tablets state that aliens built the pyramids,”** and when asked for proof, I just said, **“Google it, it’s obvious”**—would you take me seriously? Of course not. Because **claims require evidence, not deflection.**

So once again: **Where is the verse in the Quran that says Ibrahim murdered his son? Where is the verse that says Muhammad (peace be upon him) married a 14-year-old?** If it’s “so obvious,” then post the exact proof instead of dodging.",,,0,670
Religiousdebate,4243,2025-03-09 10:24:06+00:00,"I don't even spoon-feed my eight-year-old in the way that you want me to spoon-feed you. 

Just Google whether or not Abraham was trying to murder his child. And whether that's written in there. If you haven't read the texts, then you won't know. 

And after that, just Google whether Muhammad married a 14-year-old girl. Just Google it. They only take you 30 seconds. 

There'll be enough evidence for you to track. Like this is such well-known facts. So go and look it up. It's two simple things. Take you like 30 seconds. 

You obviously want to argue about nonsense because you just don't want to look up what's obvious.",,,0,624
Religiousdebate,4242,2025-03-09 07:31:07+00:00,"It’s obvious that every time your claims are challenged, you **change the subject instead of proving your point.** Let’s recap how many arguments you’ve abandoned:

1️⃣ **Science & Metaphysics** – You failed to provide proof for your claims about DNA, EM fields, and ion channels. When challenged, you switched topics.
2️⃣ **Muhammad & Marriage** – You claimed the Quran mentions marriage to a 14-year-old but couldn’t provide a verse. Instead, you deflected.
3️⃣ **Ibrahim’s Sacrifice** – You falsely claimed Ibrahim was about to commit murder. When I showed the Quran **denies** this, you ignored it and changed topics.
4️⃣ **Injeel & Lost Scriptures** – Instead of addressing my response, you jumped to conspiracy theories about Iraq and ancient texts.
5️⃣ **Now Jumping Again** – You’re bringing up Mithras, Jupiter, and hidden history **instead of finishing the topics you already abandoned.**

At this point, **how many more times will you change the subject instead of providing proof?** You’ve made **multiple claims, provided no evidence, and evaded every challenge.**

So **which argument are we actually finishing first?** Or will you just dodge again and pick a new topic?",,,0,1184
Religiousdebate,4240,2025-03-09 06:36:52+00:00,"Yeah, he __knows a lot __or at least, he __talks a lot__. But knowing a lot and **actually making sense** are two different things. He jumps from **Sumerian cuneiform** to **hermetic Kabbalah**, throws in some **Chaldean phonetics**, sprinkles in **ancient Greek**, and somehow tries to connect it all to Islam. It’s like he’s **trying to sound profound** rather than actually proving anything.
Notice how he avoids **direct questions** and **never actually provides evidence**? Instead, it’s just a long, winding monologue with random historical terms mashed together. It sounds impressive to someone who doesn’t look too deep, but when you break it down, it’s **mostly vague connections without substance**.
So yeah, he __knows a lot __but does he really **know anything useful** in this discussion? I’ll let you decide.",,,0,822
Religiousdebate,4239,2025-03-09 06:31:18+00:00,"The **Injeel** is the revelation given to **Jesus (peace be upon him)**, similar to how the **Torah** was given to **Moses**. However, Muslims believe that the original Injeel was **lost or altered over time**, and what remains today (the four Gospels) are not the same as the divine scripture that was revealed to Jesus.
**Quranic References:**
•**Surah Al-Ma’idah (5:46-47)** – Mentions the Injeel as guidance but warns that people must judge by what was **actually revealed**, not later alterations.
•**Surah Al-A’raf (7:157)** – States that Prophet Muhammad (peace be upon him) was foretold in both the **Torah and Injeel**.
So in short, **Jesus received a true scripture**, but the current versions available today do not fully match what was originally revealed.",,,0,768
Religiousdebate,4238,2025-03-09 06:26:10+00:00,"Is that you in the sticker? Genuinely asking, because the resemblance is uncanny. Anyway, back to the discussion where’s the Quranic verse you claimed exists? You made a bold statement about it, yet after all this back and forth, you still haven’t produced a single verse. Instead, you dodged, deflected, and now dropped a meme. If the evidence was on your side, you would have posted it immediately. But you didn’t because it **doesn’t exist**.
Also, you keep criticizing religious texts, but you still haven’t said what you actually believe. Do you follow a religion, or is your entire stance just **arguing against others while hiding your own position**? What do you personally believe in? Or is that another question you’ll avoid?",,,0,735
Religiousdebate,4235,2025-03-08 21:36:10+00:00,What is the Injeel?,,,0,19
Religiousdebate,4234,2025-03-08 21:35:37+00:00,"Man, you know a lot",,,0,19
Religiousdebate,4233,2025-03-08 16:17:01+00:00,"There is absolutely **no verse in the Quran** that states that Prophet Muhammad (ﷺ) married a 14-year-old girl. This is a **false claim with no Quranic basis.** The Quran **does not mention Aisha’s (RA) age** at marriage at all. Instead, the Quran (Surah An-Nisa 4:6) establishes that marriage is only valid when a person reaches maturity and is capable of responsibility, meaning marriage was always based on **maturity and readiness, not a fixed number.**

Regarding Ibrahim (AS), you once again **twist the narrative** to fit your argument. The Quran **never says** that Ibrahim (AS) burned his son’s heart on an incense altar. This is a fabrication. The **Quran (37:107) explicitly states that Allah replaced the sacrifice with a ram**—meaning that Ibrahim (AS)’s son was never harmed. This is a clear refutation of your claim.

Your entire argument is based on misrepresentation and emotional rhetoric rather than actual evidence. You keep saying, “it’s a well-known fact” without citing any sources. If what you’re saying is factual, then **provide the exact Quranic verse that says Muhammad (ﷺ) married a 14-year-old**—but you can’t, because it doesn’t exist. If you want to claim that Ibrahim (AS) sacrificed his son and burned his heart, **bring the exact Quranic verse that says this**—but again, you can’t, because it doesn’t exist.

Repeating a falsehood over and over does not make it true. If you have actual evidence from the Quran and not just assumptions or external sources, present it. Otherwise, your argument is baseless.",,,0,1542
Religiousdebate,4232,2025-03-08 14:52:28+00:00,you know just like i know just like everybody else knows muslims and non-muslims alike that abraham was about to sacrifice his son and burn the heart on an incense sir to worship the so-called god that's in the quran that's in the torah it's a known fact you want to dispute that good luck try and find evidence but you can't find any the other fact well-known fact is that in the Quran it states that Muhammad married a 14 year old girl it's also a well-known fact that throughout the ages marriage has been consummated by sex so you're technically not married until you've had sex so do the math it's up to you to try and tell me what I'm saying isn't true but you can't refute what I'm saying because you know it's a fact. That's why you're talking all this nonsense.,,,0,770
Religiousdebate,4229,2025-03-08 10:20:06+00:00,"You keep repeating the same claims without providing actual evidence, while ignoring the historical context and contradictions in your argument. First, regarding Aisha (RA), the commonly cited narration from Sahih Bukhari and Sahih Muslim states she was 6 at marriage and 9 at consummation, but multiple scholars and historians have pointed out inconsistencies in these reports. Early Islamic historians like Ibn Ishaq, Al-Tabari, and Ibn Hisham suggest she was older, with estimates placing her between 16-19 years old. The Quran itself (Surah An-Nisa 4:6) mandates maturity and consent for marriage, meaning that it was always about readiness, not an arbitrary number. Meanwhile, historical records show that early marriage was a universal practice across civilizations, including Christian, Jewish, Hindu, and even Western societies. If you are genuinely concerned about ethics, why do you ignore this context and selectively target Islam? Second, regarding Ibrahim (AS), you continue to misrepresent the Quranic account. The Quran (37:107) explicitly states that Allah replaced the sacrifice with a ram—meaning no child was ever harmed. This was a test of faith, not murder. If you truly believe this story is “psychotic,” then why do you ignore the Bible, which narrates the same event in Genesis 22:1-18 and even claims that Abraham was willing to go through with it? Your selective outrage exposes your bias. Third, you contradict yourself by acknowledging that Islam produces “good people” while claiming that the Quran is “twisted and messed up.” How does a religion that follows a supposedly corrupt book result in ethical and moral societies? The values you claim to respect in Islam—honesty, charity, integrity—are rooted in the Quran itself. You are effectively admitting that the Quran leads to good outcomes while simultaneously attacking it, which makes no logical sense. Fourth, your rejection of the Quran’s divine authenticity is based on nothing but personal opinion. The Quran is the only religious text that has remained completely preserved for 1400+ years, unlike the Bible, which has thousands of variations and contradictions. The Sumerian myths you reference have multiple conflicting versions, yet you accept them as historical while dismissing the Quran despite its unparalleled preservation. That’s not objectivity—that’s cognitive dissonance. Finally, you speak about morality but conveniently ignore the atrocities happening today. While you fixate on historical narratives, thousands of innocent children are being slaughtered in Gaza right now. The very Western governments that claim to uphold “human rights” are actively funding genocide, yet you have nothing to say about it. If you actually cared about ethics and justice, you would speak out against these real-world atrocities instead of selectively attacking Islam. Your entire argument is built on misrepresentation, contradictions, and selective reasoning. You claim to be objective, but your bias is clear. You refuse to acknowledge historical context, you apply modern standards selectively, and you ignore real injustices happening in front of you while obsessing over 1400-year-old historical norms. If you have actual evidence beyond vague references and Google searches, present it. Otherwise, your argument is nothing more than a biased attack disguised as intellectual critique. Also, do you follow any religion, or are you just here to attack others while refusing to be accountable for your own beliefs?",,,0,3506
Religiousdebate,4227,2025-03-08 08:52:59+00:00,"That being said, I don't necessarily disagree with the premise of the Muslim religion. I find a lot of the people that are Muslims really to be good people, stand-up people. I've had a lot of friends. I've got a good friend who lives down the road to me. I see him all the time. He's Muslim. And so, yeah, I think it's a fundamentally healthy spiritual practice. However, we're not talking about the religion, we're talking about the book. And even though the book is a bit twisted and messed up, people still manage to get a lot of good out of it. Because there are good parts that have been taken from all the cultures that were good. And those good parts are still good today. So they can be functional. I don't want you to feel like the Muslim religion is under attack. However, I'm just being objective when looking at the texts. Don't give too much importance to the texts. Rather go out and live your life and take basic principles like don't steal, don't cheat, don't lie, don't do this. You know what the good and bad things are. Don't do them. Go and live a life of integrity, honour and authenticity. And a lot of Muslim people tend to do this. So there is a lot of good that comes, I think, through the religion. I wouldn't knock the Muslim religion. And I have respect for people's freedom to choose their religions. I wouldn't tell someone not to be a Muslim. I wouldn't tell someone not to be a Jew. I wouldn't tell someone not to be a Christian. However, when people come preaching that this book is the absolute word of God, that's where I say, no, the book is not the absolute word of God. That is brainwashing. That is delusion. And it's completely separate to the religion itself, which is a group of people trying to be better people and live a good, holy life,",,,0,1782
Religiousdebate,4226,2025-03-08 08:48:58+00:00,"No, your entire discourse is misrepresentation and rhetoric. I'm merely pointing out the facts that Muhammad was married to a 14-year-old child that he was having sexual congress with, and that Abraham, according to the very text you're pointing out, was about to murder his child. There's no emotional bias there. These are facts, according to the documents. And yet, these people are celebrated as being like amazingly gifted and having been inspired by God to murder their child so the emotional rhetoric is coming from you and this is very important that self-honesty can be a part of the conversation because if one's so deep in denial that one is projecting one's own idiosyncrasies and emotional hang-ups onto the other person in a conversation it shows the repression and the brainwashing and the indoctrination for what it is",,,0,834
Religiousdebate,4225,2025-03-08 06:14:36+00:00,"If you had real intellectual honesty, you wouldn’t twist stories to make Islam look bad while ignoring similar things in other religions. This is **not a debate **this is you **getting frustrated because you cannot provide proof for your original claim.**

Your arguments are built on **logical fallacies, emotional deflections, and historical ignorance.** You haven’t provided actual evidence that the Quran copied myths. Saying “Google it” is not proof. You deliberately misrepresented the story of Ibrahim ignoring the fact that the Quran explicitly forbids human sacrifice (Surah As-Saffat 37:107). You twisted history regarding marriage ignoring the fact that early marriage was the norm worldwide and falsely claiming that Islam promotes pedophilia, which it does not. You resorted to personal attacks instead of addressing my actual points, proving that you are arguing emotionally, not intellectually.

If you want a **real discussion**, bring actual **historical evidence, logical reasoning, and scholarly sources.** Until then, your argument is based on **distortion, selective outrage, and avoidance of the real topic.** So, **where’s your proof?** Or are you just here to rant without backing up your claims?

And while we’re at it, **do you follow any religion, or are you just here to attack others while hiding your own beliefs?** If you truly believe in an open discussion, then state your position clearly instead of just criticizing others.

Also, while you waste your time making false accusations, let’s not ignore what’s happening **right now** in the world. The ongoing **genocide in Gaza**, where thousands of innocent Palestinian children are being bombed and starved, is not a myth. This is real, documented, happening right now and the world is watching in silence. So if you truly care about **morality**, about **protecting children**, then where is your outrage for them? Or do their lives not matter to you?

The very nations that claim to uphold “human rights” are **arming and funding mass murder,** yet here you are, fixated on misrepresenting a 1400-year-old text instead of standing up for actual human suffering. If your **moral outrage is real**, then show it where it matters in the face of **real injustice, real oppression, and real genocide happening today.**

Or is it easier for you to just attack Islam while ignoring the bloodshed happening right in front of you?",,,0,2408
Religiousdebate,4224,2025-03-08 06:14:36+00:00,"Your entire response is based on **misrepresentation, emotional rhetoric, and logical fallacies** rather than an actual rebuttal of my points. Instead of **bringing proof for your original claims**, you have resorted to personal attacks, strawman arguments, and deliberately misinterpreting Islamic teachings. If you are serious about having an honest discussion, then let’s break this down properly.

Saying __“the evidence is all over the internet”__ is **not a substitute for proof.** If you are making the claim that the Quran copied myths, then **you** have the burden of proof to provide direct evidence that the Quran copied from earlier sources, proof that older = truer rather than older = corrupted over time, and an explanation for why the Quran corrects errors found in those ancient texts instead of repeating them. Telling someone to “Google it” is just an **intellectual cop-out** because **if you had real proof, you would have cited it by now.**

You call the story of Ibrahim (peace be upon him) **“lunatic, psychotic, and demonic”**, showing that you **either don’t understand the story or are intentionally twisting it.** The **Quranic account** is **not about murder or insanity **it is a **test of faith** and an act of submission to God’s will. **Ibrahim never sacrificed his son **Allah **replaced the sacrifice with a ram** as a reward for Ibrahim’s devotion (Surah As-Saffat 37:107). **Nowhere in Islam is human sacrifice allowed **this is a pagan and pre-Islamic practice that Islam **abolished completely.** You present Ibrahim’s story as if he brutally murdered his son, when in reality, the entire lesson is about **obedience, faith, and divine mercy.** If you find Ibrahim’s test “barbaric,” then **why does the Bible also praise Abraham for the same test (Genesis 22:1-18)?** Are you also calling the **Bible’s version psychotic?** Ibrahim’s story is about **submission to God’s will, NOT killing his son **and if you **genuinely** cared about historical religious texts, you would know this.

This is one of the **most misrepresented topics**, and it’s always brought up **when someone has no real argument left.** Since you raised it, let’s **address it with historical context and facts**. In **7th-century Arabia**, and in **many civilizations throughout history**, **marriage was based on physical maturity, not arbitrary age numbers.** Even **European, Hindu, Jewish, and Christian societies practiced early marriages** based on maturity and **not a fixed legal age** like today. Islam **does NOT promote child marriage **in fact, the Quran states that marriage is only valid with **consent and maturity** (Surah An-Nisa 4:6). If you are truly against early marriages in history, then you should also condemn **Christian Europe, Hindu India, Jewish traditions, and even Western civilizations**, where **early marriage was common until just the last 200 years.** Why do you ignore these **historical facts** and **only attack Islam**? Because your argument **is not about morality it’s about selective outrage.** The Quran **never** sets a fixed age for marriage because marriage laws are **determined by time, place, and culture.** Islamic scholars have **always ruled that marriage must only happen when a person is physically and emotionally mature **so your claim that Islam “allows pedophilia” is false **and deliberately misleading.** You’re **applying modern legal definitions to 7th-century norms** while ignoring that these **same practices existed worldwide.** If you **actually cared about child safety**, you would talk about **modern child exploitation problems instead of historical practices that no longer exist.** Do you condemn Hindu, Jewish, Christian, and Western societies for the same thing or do you just cherry-pick Islam?

Your entire response is filled with **insults, emotional manipulation, and false accusations.** Calling me **“difficult, arguing for the sake of arguing, having a field day with my family”** shows that you are not debating **logically you’re frustrated.** If you were confident in your argument, you wouldn’t need personal attacks. If you had actual proof, you wouldn’t need emotional deflections.",,,0,4182
Religiousdebate,4222,2025-03-08 05:48:13+00:00,"And I'd like you to respond to that. A book that justifies paedophilia and justifies doing murderous, violent aggression and causing the death of children by sacrificing them on a rock and cutting their hearts out. You want to say that that book has supreme authority? Do you understand how delusional that sounds if you really think about it? And so you can't cherry pick from a book and say, well, these bits are good and those bits are bad. If there's nonsense like that in a book, you've got to acknowledge it. You've got to be real. You've got to realize that pedophilia is not okay. And doing harm to children is not okay. I'm a parent, right? The idea of somebody wanting to cut their own hearts out of their own child's body, to me, is possession by some kind of a demonic entity. So instead of acknowledging that Abraham was possessed by a demonic entity, people want to go around believing that he was divinely inspired because of some ridiculous book that suggests that it's okay to have sex with 14-year-old children. I'd love you to respond to those two points because this is very, very important. If we're going to discuss supreme authority of a piece of work, we need to recognize whether that work is divinely inspired or inspired by demons.",,,0,1258
Religiousdebate,4221,2025-03-08 05:44:40+00:00,"Anybody that believes paedophilia is okay needs a psychologist, a therapist, and probably should be locked away.",,,0,112
Religiousdebate,4220,2025-03-08 05:44:27+00:00,"Would you have sex with a 14 year old girl? Yes or no? It's a simple question because in the Quran apparently it's all good, right? The great prophet had a 14 year old child that he married and you know the rules and the law. Marriage isn't marriage until it's sexually consummated. That's the law. That's always been the law. So effectively we're being told that it's okay to have sex with 14 year old children. That's paedophilia. That's disgusting. That's immoral. So there are a lot of things in these religious texts that really need to be looked at, like with honest sincerity. And if you want to protect that notion, then tell me that you would have sex with a 14 year old girl. If you are not prepared to have a 14 year old girl as a wife and have sexual sexual relations with her then you're a hypocrite.",,,0,813
Religiousdebate,4219,2025-03-08 05:43:29+00:00,"Even the Quran refers to Abraham as a great prophet and insinuates that he was divinely inspired when he was about to murder his eldest son. Instead of acknowledging that the guy had a mental illness, right? And while we're on the topic of mental illness,",,,0,255
Religiousdebate,4217,2025-03-08 05:36:09+00:00,"It seems like you're being difficult just for the sake of being difficult. 
It's like you just want to argue with people. 
That's what it seems like, yeah.",,,0,155
Religiousdebate,4216,2025-03-08 05:35:07+00:00,"Are you always this difficult?
 
I mean your family must have a field day with you.",,,0,83
Religiousdebate,4215,2025-03-08 05:34:35+00:00,"It's all over the internet. It's on Wikipedia. It's on Google. You can go and find the papers written by archaeologists. I've referenced well-known texts. If you really want to know, you would make an effort to go and Google. It will take you 30 seconds. The evidence is there. I've given you enough of a trail to find the evidence very quickly and easily for yourself. Unless you want to just talk nonsense and have a fluffy conversation, you'd be doing your homework now.",,,0,473
Religiousdebate,4214,2025-03-08 05:24:47+00:00,"Your response is essentially a **deflection**, avoiding the actual points I made by simply repeating “go look at the Sumerian tablets.” That does nothing to prove your claim that the Quran is just a “watered-down” version of those stories.

You claim that because similar flood stories exist in **older civilizations**, the Quran must have borrowed them. But similarity **does not equal plagiarism **it suggests a **shared historical event** that was passed down, with distortions appearing in some accounts and corrections in others. The Quran explicitly states that earlier revelations were **corrupted by human tampering** (Surah Al-Baqarah 2:79), and its **differences** from these ancient myths prove it is not a simple copy.
**Let’s break this down properly:**
1.**If the Quran copied the Sumerian stories, why does it fix their contradictions?**
•In the **Epic of Gilgamesh**, the gods argue about whether to destroy humanity, with one god secretly warning a man. The Quran has **no divine conflict **Allah alone makes the decision based on justice.
•The Sumerian gods **regret their decision** after the flood, implying human-like emotions. The Quran presents Allah as **omniscient**, never regretting His decree (Surah Hud 11:36-49).
•The Sumerian flood is **pure mythology**, with gods drinking beer and celebrating afterward. The Quranic flood is a **moral lesson about divine justice and the consequences of rejecting guidance**.

If the Quran was just “repackaging myths,” why **remove these mythological elements** and present a **more rational, monotheistic** account?
2.**Where is your proof that “older means truer”?**
•The **age of a text does not determine its accuracy**. The fact that Sumerian texts are older does not mean they contain the **most accurate version** of events.
•If we followed your logic, then Hindu texts, which predate most written history, should be considered “the original source of all stories.” But you don’t argue that because **age alone is not evidence of authenticity**.
•The Quran explicitly states that it is the **final and preserved revelation**, correcting the distortions that appeared over time (Surah Al-Ma’idah 5:48).
3.**The Quran contains scientific knowledge that was unknown in the ancient myths**
•If the Quran simply copied old stories, then **why does it contain facts that weren’t known until centuries later?**
•The **preservation of Pharaoh’s body** (Surah Yunus 10:92) was unknown at the time but later discovered in the 19th century.
•The **expanding universe** (Surah Adh-Dhariyat 51:47) was only proven by modern astrophysics in the 20th century.
•The **barrier between saltwater and freshwater** (Surah Ar-Rahman 55:19-20) was discovered through oceanography centuries after the Quran was revealed.

**Where are these scientific details in the Sumerian tablets?** If the Quran was just copying myths, why does it contain **accurate information that didn’t exist in those myths?**
4.**The burden of proof is on you**
•You keep saying, “Go look at the Sumerian texts,” but that’s not an argument that’s **shifting the burden of proof**.
•If you claim that the Quran copied these myths, then **prove it** by showing where the Quran repeats an error from those myths.
•Instead, what we find is that the Quran **corrects** the mistakes in earlier versions of these stories.

Your entire response is an **appeal to age**, assuming that because something is older, it must be the original and everything else must be a copy. That’s an assumption, **not evidence**. The Quran presents a **corrected, monotheistic version** of these events, with **scientific accuracy, no contradictions, and a level of linguistic and literary mastery that no one has been able to replicate.**

If you want to argue that the Quran is just borrowing myths, **bring real proof.** Otherwise, you’re just making vague claims without addressing any of the **specific contradictions and corrections that the Quran makes compared to earlier texts.**",,,0,3989
Religiousdebate,4210,2025-03-08 04:24:22+00:00,"Prove that the Quran simply copied and did not correct distortions.
Explain why the Quran removes contradictions found in other scriptures.
Provide evidence that any human could have written a book with such advanced knowledge in the 7th century.
Until you provide this proof, your argument remains a **baseless assumption.**
Your reasoning is flawed because the Quran acknowledges past revelations but states they were corrupted (Surah Al-Baqarah 2:79). Similarities do not mean plagiarism **they mean preservation of truth and correction of falsehoods** (Surah Al-Ma’idah 5:48). If Islam was copying, why did it **remove** polytheistic and contradictory elements? The Quran contains **scientific and historical information that was unknown at the time.** You have not provided **any** direct proof that the Quran simply “borrowed and watered down” myths.
If you truly seek truth, then the evidence is **clear **the Quran is not a copy, but a correction of past distortions.",,,0,975
Religiousdebate,4209,2025-03-08 04:24:22+00:00,"Your argument assumes that because the Quran contains elements of older stories, it must have “watered them down” rather than **corrected and preserved their truth.** But that assumption is **flawed for several reasons.**

The Quran itself acknowledges past revelations but states that they were **altered by humans.** This is crucial because it means the Quran is not a “copy” of older texts but rather a **correction and restoration** of divine revelation.

**Surah Al-Ma’idah 5:44** __“Indeed, We sent down the Torah, in which was guidance and light. The prophets who submitted [to Allah] judged by it for the Jews, as did the rabbis and scholars by that with which they were entrusted of the Scripture of Allah. But they were witnesses over it. So do not fear the people but fear Me, and do not exchange My verses for a small price. And whoever does not judge by what Allah has revealed—then it is those who are the disbelievers.”__

**Surah Al-Baqarah 2:79** __“So woe to those who write the Scripture with their own hands, then say, ‘This is from Allah,’ in order to exchange it for a small price. Woe to them for what their hands have written, and woe to them for what they earn.”__

This shows that earlier revelations were distorted by human tampering, and the Quran was sent to correct those distortions.

The fact that older stories exist does **not** mean the Quran “borrowed” from them. If that were the case, then **every scientific discovery that builds on past knowledge would be invalid.**

**Surah An-Nahl 16:36** __“And We certainly sent into every nation a messenger, [saying], ‘Worship Allah and avoid Taghut (false deities).’”__

This means that the **core message of Islam (monotheism) has been sent to all nations throughout history.** But just as past communities distorted the message, Allah repeatedly sent guidance—culminating in the **final revelation, the Quran.**

**Surah Al-Ma’idah 5:48** __“And We have revealed to you, [O Muhammad], the Book in truth, **confirming that which preceded it of the Scripture and as a criterion over it.** So judge between them by what Allah has revealed and do not follow their inclinations away from what has come to you of the truth.”__

The Quran **confirms the original divine message** but also **acts as a criterion** to correct falsehoods added by people over time.

If the Quran were simply borrowing from older texts, why would it **remove contradictions, inaccuracies, and myths?**

**Example: Noah (Nuh عليه السلام) & the Flood**
In the Sumerian flood myth, multiple gods debate whether to flood the earth.
In the Bible (Genesis 6:6-7), God “regrets” creating mankind and decides to wipe them out.
In the Quran, Allah is all-knowing and does not regret (Surah Hud 11:36-49). The flood is a **just punishment** for a wicked nation, not an emotional decision.

The Quran **corrects** the falsehood that God has human emotions like “regret.”

**Example: Prophets in the Bible vs. the Quran**
In the Bible, prophets commit sins like adultery (David), drunkenness (Noah), and idol worship (Solomon).
In the Quran, prophets are protected from major sins (Surah Al-An’am 6:84-86).

If the Quran were simply copying, why would it “fix” these details rather than repeating them?

If the Quran were just borrowing from older texts, how does it contain **scientific knowledge that was only discovered centuries later?**

**Pharaoh’s Body Will Be Preserved (Surah Yunus 10:92)**
__“So today We will save you in body that you may be to those who succeed you a sign. And indeed, many among the people, of Our signs, are heedless.”__

The body of Pharaoh **was discovered in the 19th century**, proving this verse true.

**The Expanding Universe (Surah Adh-Dhariyat 51:47)**
__“And the heaven We constructed with strength, and indeed, We are [continuously] expanding it.”__

Modern astronomy only confirmed this in the **20th century.**

**Embryology (Surah Al-Mu’minun 23:12-14)**
The Quran describes human embryonic development with precise details that **match modern science.**

These are things the older texts did not have so how could the Quran be copying them?

If you claim the Quran is just a “watered-down” version of older myths, then you must:",,,0,4217
Religiousdebate,4207,2025-03-07 20:20:49+00:00,"Keith Moore, one of the world’s leading embryologists, confirmed that this description of fetal development **matches modern science**, even though microscopes weren’t available in the 7th century.

Now let’s get into **something you absolutely can’t explain away**:

Pharaoh’s Body: The Quran says:

__“Today, We shall preserve your body so that you may become a sign for those who come after you. But surely, many people are heedless of Our signs.”__ (Surah Yunus 10:92)

This refers to the **body of Pharaoh**, which was **discovered in 1898**, perfectly mummified. The Bible and Torah do not mention that Pharaoh’s body was preserved, only the Quran does. **How did Muhammad (ﷺ) know this when the body was buried under sand for over a thousand years?**

Iron from Space: __“And We sent down iron, wherein is great military might and benefits for the people.”__ (Surah Al-Hadid 57:25)

NASA confirmed that **iron on Earth came from meteorites**. The Quran says **iron was sent down**, not formed on Earth. **How did Muhammad (ﷺ) know this 1400 years ago?**

Pain Receptors in Skin: __“Indeed, those who disbelieve in Our verses – We will drive them into a Fire. Every time their skins are roasted through, We will replace them with other skins so they may taste the punishment.”__ (Surah An-Nisa 4:56)

Modern science discovered that pain receptors **exist in the skin**, not deep in the body. **How did the Quran describe this fact centuries before neuroscience?**

The Challenge of the Quran: If the Quran was “just another book,” then why does it challenge all of humanity?

__“And if you are in doubt about what We have sent down upon Our Servant [Muhammad], then produce a chapter like it and call your witnesses other than Allah, if you should be truthful.”__ (Surah Al-Baqarah 2:23)

For **1,400 years, no one has** been able to replicate the linguistic, structural, and philosophical depth of the Quran. Arabic experts—Muslim and non-Muslim—agree that **no poetry, literature, or philosophy matches its style**.

If it was just a human creation, **why can’t anyone create something equal to it?**

You claim that the Quran is just a later distortion of older myths. Fine—but then you **must prove that claim with direct evidence.**

Where is the proof that the Quran copied Sumerian stories? Why would Islam remove polytheism and focus solely on monotheism if it was copying? Why is the Quran the only preserved religious text in history while others have been altered? How do you explain the scientific and historical accuracy of the Quran if it was just a “recycled myth”?

Until you can **bring solid proof**, your argument is just speculation. If you want to claim that **Islam borrowed from older myths, the burden is on you to demonstrate how.** Otherwise, you’re simply assuming a conclusion without evidence.

If you have **actual proof** that the Quran copied anything, bring it. Otherwise, **stop making baseless claims.**",,,0,2944
Religiousdebate,4206,2025-03-07 20:20:49+00:00,"You keep arguing that the Quran is just a later version of older myths, distorted over time like a “broken telephone.” But let’s **shut that argument down properly.**

First, the Quran itself **acknowledges that past revelations existed** but also **clarifies that they were altered over time** (Surah Al-Baqarah 2:79, Surah Al-Ma’idah 5:13). Islam teaches that **earlier prophets, like Moses and Jesus, received divine revelation**, but **human interference corrupted their messages**—which is exactly why the Quran was revealed as a **final, preserved scripture** (Surah Al-Hijr 15:9). Just because elements of a story **exist in earlier cultures** doesn’t mean Islam copied them. The simpler explanation is that **true divine revelations were passed down, but societies distorted them over time**—which is exactly what Islam teaches.

If Islam was copying from previous myths, **why does the Quran consistently strip away polytheistic elements** and present a strictly monotheistic worldview—while earlier stories contain gods, demi-gods, and human-like deities? The Sumerian creation myths involve gods who needed human laborers, while the Quran presents **God as all-powerful, self-sufficient, and independent of creation.** If Islam were just copying, why remove the elements that were dominant in those societies?

You claim that to get the “real” story, we should look at Sumerian cuneiform texts. But **historical age does not equal authenticity.** Just because a text is older **does not mean it is more accurate**—especially when it comes to religious narratives. The Quran doesn’t claim to be the “first” revelation—it claims to be the **final and preserved** one. Older civilizations may have received **true revelation**, but their texts **don’t automatically become more valid just because they are ancient.** The Sumerian cuneiform tablets are filled with mythology, **polytheism**, and stories of gods with human flaws. If they were the “original” divine texts, why do they contradict the core principles of monotheism, morality, and prophecy found in later revelations?

If we were to apply your logic, then Hindu texts, which predate much of written history, should also be considered “the original source.” But that would contradict your claim that Sumerian texts hold the “true” version. **Older does not mean truer.**

You then argue that “the Quran could have distorted the original revelations just like the Sumerians.” But this logic is self-defeating. If every religious text is just a distortion of something older, how can we ever verify truth? The Quran provides an **internal and external verification system**. It claims divine preservation (Surah Al-Hijr 15:9). It challenges people to find contradictions (Surah An-Nisa 4:82). It aligns with **historical and scientific facts discovered centuries later** (e.g., embryology, ocean barriers, the expanding universe).

If the Quran was just another myth, why is it the only scripture that has remained **unchanged for over 1400 years**, while every other major religious text has undergone countless edits?

Now let’s talk about **scientific facts in the Quran that were impossible to know in the 7th century.**

The Expanding Universe: __“And the heaven We constructed with strength, and indeed, We are [continually] expanding it.”__ (Surah Adh-Dhariyat 51:47)

This was only discovered in **1929** by Edwin Hubble. No religious or historical text before the Quran mentioned an **expanding universe.**

Oceanic Barriers: __“He has set the two seas in motion, converging together. Between them is a barrier they do not transgress.”__ (Surah Ar-Rahman 55:19-20)

Modern oceanography has confirmed **distinct barriers between salt and freshwater**, which mix but remain separate due to surface tension. **How could Muhammad (ﷺ) have known this?**

Embryology in the Quran: __“We created man from an extract of clay. Then We made him a drop in a secure resting place. Then We made the drop into a clinging clot, and We made the clot into a lump, and We made the lump into bones, then We covered the bones with flesh.”__ (Surah Al-Mu’minun 23:12-14)

Dr.",,,0,4130
Religiousdebate,4199,2025-03-07 18:11:31+00:00,"1️⃣ **The Claim That These Stories Are Just Plagiarized from Older Sources**
You argue that the Quran and Torah took their stories from earlier Sumerian or Akkadian myths, but this assumption ignores a fundamental Islamic belief: **revelation predates human written history.**
•The Quran states that **all prophets—from Adam to Muhammad—were sent with the same core message of monotheism.** That means earlier civilizations, like the Sumerians, could have distorted original revelations, leading to the myths you reference.
•Just because a story appears in older texts **doesn’t mean the later scripture copied it**—it could just as easily mean that an earlier divine message was **corrupted** over time.
• The Sumerian tablets contain many **polytheistic and mythological elements** (e.g., gods needing gold, divine beings mating with humans), which are **absent from the Quran’s account**. If Islam was “copying,” why would it remove these elements?
2️⃣ **The Edits in the Bible vs. the Quran’s Preservation**
You mention the **25,000 changes in the Bible **which actually supports the Islamic claim that **previous scriptures were altered.** The Quran directly states:
__“Then woe to those who write the scripture with their own hands and then say, ‘This is from Allah’ to exchange it for a small price!”__ (Surah Al-Baqarah 2:79).
In contrast, the Quran has been **preserved letter-for-letter** for over 1400 years, with **no versions or contradictions.** If the Quran was just another text like the Bible, we would expect the same level of variation but we don’t.
3️⃣ **Metaphysics, Kabbalah, and Mysticism**
You reference the **Kabbalah, Hermeticism, and ancient mystical traditions**, suggesting they are the “real” source of religious knowledge. But mystical traditions often **reinterpret religious beliefs through esoteric speculation, rather than divine revelation.**
• The Quran warns against such distortions: __“And they followed what the devils had recited over Solomon’s kingdom… but Solomon did not disbelieve, but the devils disbelieved, teaching people magic…”__ (Surah Al-Baqarah 2:102).
•Just because people throughout history **developed esoteric traditions** doesn’t mean they hold authority over revelation. If anything, these mystical traditions often arose **because of the loss or corruption of divine teachings.**
4️⃣ **The “Religion of Science” Argument**
You say science has replaced religion as the “best” belief system, yet you acknowledge that science **constantly corrects itself** (e.g., the shift from rejecting ether to accepting quantum entanglement).
•If scientific knowledge **keeps changing**, how can it be the final truth?
•The Quran, however, remains **unchanged** while consistently aligning with modern discoveries (e.g., embryology in Surah Al-Mu’minun 23:12-14).

You’re treating religion as just an evolution of older ideas, but Islam doesn’t claim to be a **man-made tradition.** It claims to be **divine revelation**, confirming what is true from the past while correcting human distortions.
If you have **actual historical proof** that the Quran was copied from earlier texts, **bring it forward.** Otherwise, the mere existence of older stories **does not disprove revelation it actually supports the Islamic view that divine messages existed long before they were corrupted by human hands.**",,,0,3345
Religiousdebate,4198,2025-03-07 17:54:15+00:00,"**The Quran holds the supreme authority over all previous scriptures, including the Torah and the Injeel. Why? Because it is considered the final, unaltered revelation from God, confirming and correcting past scriptures that have been changed over time.**
•The Torah and Injeel were revelations from God, but they were meant for specific peoples and times. The Quran, however, is for all of humanity and is protected from corruption (Surah Al-Hijr 15:9).
•Even the Bible acknowledges that scripture has been altered (Jeremiah 8:8 – ‘How can you say, “We are wise, for we have the law of the LORD,” when actually the lying pen of the scribes has handled it falsely?’).
•The Quran confirms the truth in previous scriptures but corrects distortions that crept in over time (Surah Al-Ma’idah 5:48).
So, if we are talking about **which book has supreme authority**, it is the **Quran **not because it dismisses previous scriptures, but because it **restores and perfects their message.**",,,0,982
Religiousdebate,4197,2025-03-07 17:45:57+00:00,"You keep insisting that I misrepresented you, but instead of showing where, you just repeat that claim. So let’s go through everything clearly and address it properly.

First, you say, __“I never said it would affect the blood movement.”__ That’s fine. I already focused on your claim that **metals in the blood are affected by the electromagnetic field.** But my question remains: **What measurable biological effect does this have?** If it’s just minor shifts in metallic ions, then what exactly changes in terms of physiology? If you’re claiming that this has a functional impact, then provide a **peer-reviewed study that explicitly supports this claim.** Otherwise, you’re just stating basic physics without proving it translates into anything biologically meaningful.

Second, you say, __“Blood is not the power lines, but the fact that there is an electromagnetic field being generated in the blood by the red blood platelets means that there’s an electric field. This affects field strength on a cellular level, which affects how much energy is released from the cells.”__ So now, instead of saying blood itself conducts power, you are saying it **creates an EM field that influences energy release from cells.** Fine, but the same challenge remains where is the **scientific study confirming that this process actually happens in normal physiology?** We know that **mitochondria regulate energy through biochemical reactions, not an external EM field from blood.** If you’re saying otherwise, then the burden is on you to **provide an explicit study proving this effect in a biologically significant way.**

Next, you bring up DNA, and now you’ve also attached a screenshot saying, __“DNA is fundamental to cellular processes because it contains the genetic instructions necessary for a cell to function, grow, and reproduce.”__ But again, **this does not prove your claim.** Nobody disagrees that DNA provides genetic instructions it is the **blueprint** for cellular function. But the issue is that you implied DNA **directly controls hormone fluctuations in real-time.** That’s the distinction you keep ignoring.

DNA encodes proteins and hormones, but **hormonal regulation is managed by the endocrine system through biochemical feedback loops **not by DNA actively sending out hormonal commands moment-to-moment. For example, **growth hormones are regulated by the pituitary gland in response to multiple biological signals.** DNA does not “decide” hormone levels in real-time it provides the **instructions** for how they are produced. If you disagree, then show a **peer-reviewed study stating that DNA directly modulates hormone levels beyond genetic expression.**

Finally, you claim that metaphysics is the foundation of modern science. Historically, **many early scientists studied metaphysics, but that does not mean metaphysical claims are scientific.** Science operates on **empirical testing, experimentation, and peer review.** Just because early scientists engaged with metaphysics does not mean that **modern scientific conclusions are automatically metaphysical.** If your argument is that science and metaphysics are the same, then show **a single peer-reviewed study that confirms metaphysical concepts as experimentally verified scientific principles.** Otherwise, this is just an appeal to historical association.


Instead of saying I “misrepresented” you, **provide scientific sources that confirm your claims.** Show a study that explicitly states:
✅ The heart’s EM field directly influences **cellular energy release** in a significant way.
✅ DNA actively **regulates hormones in real-time**, beyond just encoding their structure.
✅ Blood’s **electromagnetic properties have a measurable physiological effect** on body function.

Until you do that, we’re just going in circles. If you have real evidence, present it. If not, then stop claiming I “twisted” your words when I’m simply asking for scientific proof.",,,0,3947
Religiousdebate,4195,2025-03-07 05:39:33+00:00,This mornings sunrise before the mountain walk🥰,267.0,1.0,0,47
Religiousdebate,4193,2025-03-06 18:28:36+00:00,Wait are you a Muslim too?,,,3,26
Religiousdebate,4192,2025-03-06 18:21:50+00:00,19 minutes 😭,,,0,12
Religiousdebate,4190,2025-03-06 15:16:03+00:00,"Alright, which book has a supreme authority, the Quran or the Torah and Injeel?",,,0,79
Religiousdebate,4180,2025-03-06 05:27:29+00:00,"**No problem, bro. Go ahead and ask your question.**",,,0,52
Religiousdebate,4179,2025-03-06 05:20:51+00:00,"**You keep saying I misrepresented you, but once again, you’re just repeating the claim without proving how. Let’s go through this step by step.**
**Instance 1: Heart’s Electromagnetic Field & Blood Circulation**
You originally said: __“The heart has an effect on the polarization of the blood plasma.”__
Then, when I pointed out that this wouldn’t affect blood movement, you said: __“Nobody said that the blood is being moved due to this polarization.”__
So, what exactly is your point? If the polarization **doesn’t affect blood movement**, then what meaningful effect does it have? You can’t claim the heart’s electromagnetic field has a relevant impact and then backtrack when challenged. Either it **does** affect blood circulation, or it **doesn’t **pick one.
**Instance 2: Blood Acting as a Power Source**
You originally said: __“Red blood platelets create friction, which generates electric charge… This electrical energy is taken in on a cellular level and stored. The stored electrical potential is then released into the body.”__
Now, you say: __“I never said the blood is power lines.”__
You’re contradicting yourself again. If blood **stores and releases electrical energy**, then what else would you call it other than a power source? If that’s not what you meant, **then clarify exactly what you’re claiming instead of just saying I misrepresented you.**
**Instance 3: Electromagnetic Fields & Metal in the Blood**
You said: __“You’re trying to say that an electromagnetic field being applied to a matrix with metals is not going to have an effect on polarity. Come on, that’s basic science.”__
What I actually said is that the **iron in blood is bound in hemoglobin**, making it **non-magnetic under normal physiological conditions.** If EM fields significantly affected blood polarity, then MRI machines whose magnetic fields are exponentially stronger than the heart’s would show **clear, measurable effects on circulation. But they don’t.**
You’re assuming that just because something contains metal, it must behave like raw metal in a lab setting, which is **a misunderstanding of bioelectromagnetic science.** If you believe otherwise, then cite a **peer-reviewed study** that explicitly states the heart’s EM field meaningfully affects blood polarity in a way that has biological consequences.
**Instance 4: DNA Controlling Hormones**
You said: __“You also suggest that DNA does not control hormones. Well, it does. How do you think growth hormones are initiated in a fetus, a baby, a child, or someone growing up?”__
You’re **misrepresenting what I actually said.** DNA provides **the instructions for hormone production**, but it does not “control” hormones moment-to-moment the way your claim suggests. Hormonal regulation is governed by **feedback loops in the endocrine system**, not DNA directly sending out hormonal signals like a control panel.
For example, **growth hormones are regulated by the pituitary gland**, responding to signals like **growth hormone-releasing hormone (GHRH)**, which is influenced by multiple factors including genetics, but also environmental stimuli, metabolism, and other biochemical interactions. DNA **lays the foundation**, but real-time hormone regulation is far more complex than just “DNA directly affecting hormones.”
If I misunderstood you, quote my exact words and clarify where I got it wrong. If my arguments are incorrect, provide scientific evidence that explicitly supports your claims. But if you just keep repeating “misrepresentation” without proof, then you’re not debating you’re just dodging.",,,0,3572
Religiousdebate,4176,2025-03-06 05:02:29+00:00,"Instance3,  where you contradict basic physics",,,0,46
Religiousdebate,4175,2025-03-06 05:00:34+00:00,Instance2,,,0,9
Religiousdebate,4174,2025-03-06 05:00:17+00:00,Instance 1,,,0,10
Religiousdebate,4172,2025-03-06 04:47:00+00:00,"If you think I misunderstood something, then quote exactly where and explain the correct meaning. Instead of assuming I misunderstood, why not actually clarify what you meant? You claim I haven’t brought any actual evidence, but I literally provided evidence by quoting your own words and pointing out contradictions. Meanwhile, you haven’t provided a single direct study that explicitly supports your claims. If you want to talk about evidence, where’s yours? You keep saying I twisted your words, but if that’s true, then quote my exact words and show how. Just repeating ‘you’re twisting my words’ without proving it doesn’t mean anything. I do have a point: your claims don’t hold up to scrutiny, and when asked for real evidence, you avoid answering. If I were just arguing to argue, I wouldn’t have taken the time to break down your contradictions and ask for actual proof.

Bringing up my supposed age or ego doesn’t change the fact that you still haven’t addressed the contradictions I pointed out. If I were wrong, you’d be refuting my arguments not analyzing my personality. This has nothing to do with the discussion. Instead of talking about ‘privileged families’ or personal backgrounds, stick to the topic. If I’m wrong, prove it with facts not personal theories about my life. You said the fact that I didn’t respond ‘says a lot,’ but I did respond. I gave you clear contradictions in your statements and asked you to clarify them. You ignored them. If anything, the fact that you still haven’t addressed them says a lot.

And just so you know, I’ve debated plenty of people across different topics whether it’s atheists denying objective morality, evolutionists overstretching their claims, Christians misinterpreting Islamic theology, or pseudo-scientists like yourself who blur the line between metaphysics and actual science. The pattern is always the same when they can’t provide evidence, they either resort to deflections, personal attacks, or moving the goalposts. What you’re doing is no different.

Instead of actually answering the contradictions I pointed out, you’re just making this personal. If I misunderstood you, quote exactly where and explain. If I misrepresented you, show how. If I lack evidence, provide some yourself. Otherwise, all you’re doing is avoiding the topic and trying to distract from the fact that you haven’t actually defended your claims.",,,0,2391
Religiousdebate,4170,2025-03-06 04:24:21+00:00,please read your contradictions,,,0,31
Religiousdebate,4164,2025-03-06 03:03:18+00:00,Finish what you have already began with him,,,0,43
Religiousdebate,4163,2025-03-06 00:31:55+00:00,"You’ve contradicted yourself on **five major points **blood’s interaction with EM fields, blood acting as an electrical source, DNA resonance affecting hormones, whether your claims are scientific, and whether your sources actually prove anything. Instead of just saying __“You misrepresented what I said”__, actually address these contradictions. Which version of your argument do you want to stand by? Because **you can’t have it both ways.**",,,0,444
Religiousdebate,4162,2025-03-06 00:31:55+00:00,"**You’re saying I misrepresented your words, but your contradictions speak for themselves. Let’s go over them clearly.**
**1. Contradiction on Blood & Electromagnetic Fields**
First, you claimed the heart’s electromagnetic field affects blood polarization:
__“The heart has an effect on the polarization of the blood plasma.”__
Then, you denied saying it moves blood:
__“Nobody said that the blood is being moved due to this polarization that you made up.”__
✔ **Contradiction:** First, you argue that the heart’s EM field affects blood plasma, but when I pointed out there’s no real effect on blood movement, you suddenly say, __“Nobody said it moves blood.”__ So which one is it? If the polarization **doesn’t change movement**, then **what exactly is it doing?**
**2. Contradiction on Blood as an Electrical Source**
You originally said blood generates, stores, and releases electrical energy:
__“Red blood platelets create friction, which generates electric charge… This electrical energy is taken in on a cellular level and stored. The stored electrical potential is then released into the body.”__
Then, you accused me of making up the idea that blood acts as a power source:
__“You also made up that the blood is the power lines for the electrical nervous system. Nobody else said that except you.”__
✔ **Contradiction:** You literally described blood as generating, storing, and releasing electrical energy which is exactly how a power source functions. Now you’re saying __I__ made that up? **If blood isn’t acting as an electrical source, then why did you describe it as generating and storing charge?** You can’t have it both ways.
**3. Contradiction on DNA & Hormonal Resonance**
First, you claimed DNA resonance directly affects hormones:
__“The resonant frequencies of the DNA are obviously going to affect the resonant frequencies of the hormones.”__
Then, you shifted to a standard biology explanation:
__“Chemical signals that are relating between the hormones in the central nervous system are opening ion channels and the ion channels are changing the rate of vibration of the neurological system.”__
✔ **Contradiction:** You started with a **metaphysical claim **that DNA resonates at GHz frequencies and **somehow influences hormones through resonance.** But now, when challenged, you fall back on basic neuroscience (ion channels opening and closing). If this is just **normal biology**, then why did you bring up harmonic resonance in the first place?
**4. Contradiction on Science vs. Metaphysics**
You keep insisting your argument is scientific:
__“Metaphysics that is actually science. So to realize that metaphysics and science are not separate is the first stage of starting to recognize the way things work in the world.”__
Yet, you also admit that science doesn’t fully understand your claims:
__“Medical science doesn’t understand this fully, but there’s about between 30 and 60 grams of actual mass that this electromagnetic field exerts upon the physical body.”__
✔ **Contradiction:** If your claims are “scientific,” then **why does science not fully understand them?** You can’t call something “science” and also say it hasn’t been fully explained by science. Either it’s **proven through empirical research**, or it’s **just speculation**. You **can’t claim it’s both.**
**5. Contradiction on Evidence & Interpretation**
You claim that the science fully supports your claims:
__“I doubt you really did [read the sources], for it’s quite straightforward and refutes all the comments you made earlier.”__
Yet, when pressed for real proof, you just say ‘go look it up’:
__“Did I not share the link? Maybe I did. Maybe I didn’t. Let me check.”__
✔ **Contradiction:** If your evidence is __so strong__, why aren’t you quoting a **single** study that directly states what you’re claiming? Instead, you **just keep saying ‘go read it again’**, as if I didn’t already break down what the sources actually say. **If the sources actually back your claims, provide a direct quote from them that explicitly states what you’re arguing.** Otherwise, you’re just hoping I won’t check for myself.",,,5,4116
Religiousdebate,4161,2025-03-06 00:18:36+00:00,"✔ **Why You’re Wrong:** Science is based on **empirical, repeatable experiments and peer-reviewed research.** Metaphysics, while interesting, is **philosophy and speculation not something you can test in a lab.** Just because something “sounds scientific” doesn’t make it real science.


You keep telling me to “go read the evidence,” but I already did and **it doesn’t say what you claim it does.** If you really believe your conclusions are backed by science, then **provide explicit, peer-reviewed studies that confirm them.**
**So let’s settle this: Bring actual, concrete evidence that directly supports your claims otherwise, you’re just stretching interpretations beyond what the science actually says.**",,,0,711
Religiousdebate,4160,2025-03-06 00:18:36+00:00,"**Let’s clear up some of these claims because there’s a lot of stretching going on. You’re saying I misrepresented what you said, but let’s go back to your own words and break down where the real issues are.**
**1. Heart’s Electromagnetic Field – Where’s the Actual Effect?**
**Your words:**
__“You said above that the heart has no effect on the polarization of the blood plasma which is refuted by the articles shared with relation to the vibrational effects of the electromagnetic field.”__
✔ **Mistake:** The studies you referenced confirm that the heart generates an electromagnetic field (which is well-known), but **they do not say this field significantly polarizes blood in a way that changes movement.**
✔ **Why You’re Wrong:** If the heart’s electromagnetic field had the kind of effect you’re implying, then **people’s blood circulation would change dramatically in MRI machines, which generate much stronger magnetic fields but that doesn’t happen.** No medical study supports the claim that the heart’s EM field alters blood function in this way.
**2. The Blood & Nervous System – Changing the Story Now?**
**Your words:**
__“What was being said is that the red blood platelets create friction and this friction generates electric charge. This electric charge in the blood causes the blood to become highly electrified. This affects the resonant frequencies of the blood because of the electromagnetic field being thus affected and empowered. And this electrical energy is also taken in on a cellular level and stored. The stored electrical potential is then released into the body and through the cellular system.”__
✔ **Mistake:** You’re suggesting that blood **stores and releases electrical energy**, implying it plays a role in powering the body’s electrical system.
✔ **Why You’re Wrong:** Red blood cells **don’t “generate charge through friction” in a way that powers the body.** That’s just not how bioelectricity works. The nervous system’s electrical activity comes from **ion gradients and ATP-driven sodium-potassium pumps**, not stored electrical energy in the blood. **Blood does not act as a battery.**
**3. DNA & Hormone Frequencies – Resonance Doesn’t Work Like That**
**Your words:**
__“The hormones are resonating at between 0.5 and 20 Hertz. The DNA field is resonating at microwave scale. I think it’s about 1.6 gigahertz to about 3.8 gigahertz. That’s a sort of range, same range as a cell phone or laptop or modem. Not just by accident by the way, but that’s a whole nother kettle of fish. Though the resonant frequencies of the DNA are obviously going to affect the resonant frequencies of the hormones. Because have you heard of such a thing as harmonic resonance?”__
✔ **Mistake:** You’re assuming that because DNA and hormones both have frequencies, **they must be interacting through resonance.**
✔ **Why You’re Wrong:** Just because two things have frequencies **doesn’t mean they influence each other through harmonic resonance.** DNA operates through **chemical processes transcription, translation, and epigenetics.** Hormones regulate themselves **via biochemical feedback loops, not vibrational tuning.** If this were true, then **hormones would react to every external frequency they encounter but they don’t.**
**4. Ion Channels & Energy Transfer – Misusing Basic Science**
**Your words:**
__“Chemical signals that are relating between the hormones in the central nervous system are opening ion channels and the ion channels are changing the rate of vibration of the neurological system.”__
✔ **Mistake:** You’re suggesting ion channels change the **vibrational frequency** of the nervous system.
✔ **Why You’re Wrong:** Ion channels **do not regulate vibrational frequencies **they regulate **membrane potential**, which controls electrical signaling in neurons. The **opening and closing of ion channels is a biochemical process, not a harmonic resonance mechanism.** This is a misrepresentation of neuroscience.
**5. Science vs. Metaphysics – Stop Blurring the Lines**
At the end of the day, you’re still **trying to present metaphysics as science.** The two are not the same.

✔ **Mistake:** You keep acting like these concepts are well-established in science when **they are not.**",,,0,4236
Religiousdebate,4150,2025-03-05 19:16:16+00:00,"If you think my points were refuted, then point out exactly where and how, with specifics not just vague statements. I read through everything, and the science in your sources doesn’t actually support the conclusions you’re drawing from them.

You’re saying I’m stretching things, but I’m the one sticking to established, testable science. If you believe there’s an error, break it down clearly otherwise, this just sounds like avoiding the discussion.",,,0,452
Religiousdebate,4149,2025-03-05 18:56:34+00:00,I doubt you really did for its quite straight forward and refutes all the comments you made earlier. Humility is important and its really you thats stretching things so you dont have to admit your error,,,0,202
Religiousdebate,4148,2025-03-05 18:39:05+00:00,"**Alright, go ahead—ask your question.**",,,0,40
Religiousdebate,4147,2025-03-05 17:42:46+00:00,"Yea, I agree on a peaceful Q&A discussion my friend",,,0,51
Religiousdebate,4146,2025-03-05 17:38:21+00:00,"**I did go through the sources, and let’s be real you’re still stretching the science to fit a metaphysical narrative. Let’s go point by point.**
**1. Moving the Goalposts on Blood & Electromagnetic Fields**
•First, you **did imply** the heart’s electromagnetic field plays a role in **moving blood **now you’re walking that back and saying it only ‘affects’ it. Either way, the actual force behind blood flow is **pressure gradients and muscle contractions**, not some electromagnetic charge moving suspended metals.
•Yes, **metals in the blood can interact with electromagnetic fields**, but the effect is **negligible** in biological terms. If it were as strong as you claim, we’d see massive changes in circulation when exposed to different electromagnetic environments (which we don’t).
•And **blood is not electrically conductive** in the way you’re suggesting. It carries ions, sure, but it doesn’t act like a wire channeling electromagnetic currents that control life force.
**2. The “30-60 Grams of Lost Mass After Death” Myth**
•You’re referencing the **21-gram soul experiment**, which has been **debunked** multiple times. No credible scientific source supports the idea that a measurable “life force mass” leaves the body at death.
•Medical science **does** understand death it’s the cessation of biological function, not an unmeasurable metaphysical force exiting the body.
**3. Misusing Ion Channels**
•Ion channels are **biochemical**, not metaphysical. They allow electrical signals to pass through neurons, regulating nervous system activity.
•You haven’t pointed out any actual **errors** I made, just thrown vague claims about “looking at the implications.” If you think something specific I said was wrong, **quote it and refute it with evidence **not just “go read again.”
**4. Metaphysics is NOT Science**
•**Metaphysics and science are fundamentally different **one is **philosophy and speculation**, the other is **testable, measurable observation**.
•Just because you call metaphysics “science” doesn’t make it so. Science **requires empirical evidence, controlled testing, and peer review **not just **beliefs and interpretations**.

You keep telling me to “go read the evidence,” but I already did and **it doesn’t prove what you’re claiming**. If you want to keep discussing, **bring specific, verifiable scientific studies** that support your claims not just vague appeals to metaphysics being the same as science. Otherwise, this is just philosophical speculation disguised as biology.",,,0,2516
Religiousdebate,4142,2025-03-05 12:22:43+00:00,"Yeah, the heart puts out an electromagnetic field that’s basic physiology. But saying it polarizes blood to move it? That’s a stretch. Blood flows because of pressure and muscle contractions, not magnetism, and the iron in blood isn’t turning us into MRI magnets.

The spiral motion? Yeah, the heart twists a bit when it beats, but that’s just biomechanics, not some cosmic vortex guiding circulation.

DNA having a frequency? Sure, molecules vibrate, but it’s not ‘tuning’ hormones like a song DNA works through chemical reactions, transcription, and epigenetics, not harmonic signals.

Neurotransmitters opening ion channels? Standard bio, no need to mix in esoteric energy fields. Cells regulate their charge through ion gradients, not some mystical blood-powered recharge.

You’re blending legit science with stuff like Hermes Trismegistus and Newton’s Emerald Tablets, which is cool for philosophy, but it’s not backing up your biology claims. Science sticks to what we can test and measure not alchemy lore.

I checked your sources, and yeah, some reference real science, but the way you’re connecting it doesn’t quite line up. If we’re talking science, let’s keep it to what’s provable. If it’s metaphysics, that’s cool too just don’t present it as straight-up biology, you know?",,,0,1286
Religiousdebate,4141,2025-03-05 11:46:31+00:00,I think I responded to every point you made. And you can see there's a receipt trail for you to go and look up. And quite a lot of articles for you to peruse that will give you insights to all the things that was being mentioned in the above comments.🙏,,,0,252
Religiousdebate,4140,2025-03-05 11:45:19+00:00,"As always, the solid science was out there. All you had to do was spend 10 minutes of your time googling it and you would have probably found the solid science that refers to all of these things that were mentioned in above. And a little bit of intuitive and rational application of the intellect would basically show you what's going on. I know it's not easy. You need to know what Google search terms to add you need to have a background in the sciences to understand these things otherwise you would never find this information just googling it because it's not just going to come to you unless you know what you're talking about to begin with in order to find the necessary articles that can basically substantiate how these things work but it's all there it's all out there it's all available the science is real the metaphysics the spiritual psychology and the spiritual sciences the occult sciences they are real and and all of the sciences that we have actually comes from originally from alchemy if you really look at it if you really look deep down into it you'll see i mean there once again you'd have to go deep diving into the histories and to take a look at exactly where our notions come from just exactly who Isaac Newton was what his affiliations were it's possible to find this information out there by the way there's a lovely little piece of information done by well apparently Hermes Trismegistus and this Emerald Tablets was actually translated by none other than Isaac Newton. I actually happen to have a copy of Isaac Newton's translation of the Emerald Tablets which is a fundamental treatise to alchemy which is spiritual sciences. So you understand who Isaac Newton is, you understand where he gets his knowledge from, you understand where all of this other knowledge comes from you'll see that there is no division now you wouldn't necessarily know that Isaac Newton had actually translated this particular piece of work which is central and fundamental to hermetics which is the basis from whence we have distilled the alchemical sciences but when you start to realize this and start looking out you'll see that all the other scientists have the same kind of affiliations and and so it's very It's very interesting to really delve into this and really take a look at where our sciences have come from.",,,0,2330
Religiousdebate,4139,2025-03-05 11:41:47+00:00,"So you might notice if you go and study the research that neurotransmitters have a huge effect on the ion channels. And the ion channels are, you know what an ion is, I take it, you probably have to go and study and research what valence is and how valences work. And if you get an insight into high valencies work, you'll realize it's got to do with where the electron is based within the P, S, or O orbitals of the actual atomic structure. And this is what determines the resonant frequency of chemicals or atoms. You need to go and look this up. that will give you an insight to looking at the next little piece of information which is also rather enlightening and which is psychotron resonance now this psychotron resonance is really important to understand because this is really the frequencies of ions and how the the frequencies of ions interact and can be reflected as a resonant frequency so you understand that there is this process happening within the body what you think is clearly neatly explained in just one or two or three steps even if you think you're studying medical science right you probably haven't looked at the other science that understands the nitty-gritty of just exactly how valence works how valencies operate it's really really important to to really stretch your mind and go into those deep corridors of thought so that you're able to you know expand your awareness and and start really understanding what this universe is that the entire universe is just one big electromagnetic field of electromagnetic fields in resonance and vibration and when we start to understand that we start to grasp the the nature of existence and this might not be something that you might relate to because you probably relate to life and death through the book that you've read but if you were to have had a real near-death experience a real one i don't mean one induced by drugs and comas and all that nonsense in hospitals talking about like one that's visceral then you will notice that the entire universe is one big frequency generating vibrational field where contained within it the myriad vibrational fields of frequency and this is probably written in the quran somewhere because it's written in every other spiritual religious doctrine on earth and so when you start to really go down these rabbit holes you'll start noticing that it's the key to everything even the things that you think you are correcting me on when you look at it you'll understand there's a lot more going on yeah with bti big love big blessings",,,0,2541
Religiousdebate,4136,2025-03-05 11:35:43+00:00,"- You tried to mention neuro-signaling of hormones. I'd like to add some more information to what you think you were saying. Go and follow the trail of research that I'm gonna present here, and tell me how you feel about it afterwards.",,,0,235
Religiousdebate,4135,2025-03-05 11:12:20+00:00,"Another misnomer that you're making is you haven't accounted for where the electrical potential comes from that runs the central nervous system. And that electric potential is actually stored within the cells themselves, and it is replenished by the electromagnetic field of the blood system that maintains the electromagnetic fields on a cellular level. So the actual electricity that runs the central nervous system comes from within the cells and is replenished by the blood system. So yet another one of the areas that you've made. It's important to look at the science before you make statements. Otherwise you can generate confusion for yourself and confuse other people.",,,0,677
Religiousdebate,4134,2025-03-05 11:10:20+00:00,DNA resonant pitch👆,,,0,19
Religiousdebate,4133,2025-03-05 11:09:49+00:00,"So DNA does have a resonant frequency and a pitch, a harmonic pitch to it. You can go and take a look at this. I think it's between 1.9 and 4.6 or 4.7 gigahertz. That is the resonant pitch of the vibrations of the DNA. You can go and look this up. This is all just basic science. It's quite accessible.",,,0,302
Religiousdebate,4132,2025-03-05 11:08:15+00:00,"You're also wrong about the polarizing effects of the heart. Through the depolarization of the myocytes, the heart is actually having a profound polarizing effect on the blood. This is what an electromagnetic field does. By the way, it polarizes things. An electromagnetic field is exactly what it suggests. Electrons and magnetism, which automatically produce a polarizing effect. Bearing in mind that the blood is full of iron and other metals, you tell me what effect that's going to have on the blood. Because where you generate an electromagnetic field, you thus magnetize the metals in a flowing substrate which is spiraling. And by the way, if it were just to be being pumped through the arterial system, it would pop. The only reason that the vascular system is able to maintain the high level of pressure that it does have is due to the fact that the heart contracts as a spiral pump, which basically causes everything to spiral through the system. Hence, the pressure has a consistency and it doesn't actually produce increases of pressure on one point of the place and decreases of pressure on other points of the system which is what would happen if it weren't spiraling and that spiraling motion also is going to have profound effect upon the magnetic field because of the electromagnetic field that's being pulsed through the actual blood by the heart there is a lot to consider when we look at the heart and just rudimentary understanding of the heart as a pump is really it's 19 I don't even think there was ever a time in medical science that people believed what you're saying. There's so much more to the heart and it's well documented. I was taught this in biology class when I was a child.",,,0,1710
Religiousdebate,4131,2025-03-05 11:05:26+00:00,"And you're also wrong about the pressure. It's not just pressure that moves the blood. I don't know if you're aware, but there are four different bands of muscular texture in the heart muscle. And they all contract at different times in different ways. They have a different contraction speed and they contract in a chain, which is why the heart doesn't just pump. The heart actually curls. And in the process of curling, it produces a spiral. And so the blood is actually spiraling through the articular system and through the veins. In the same mathematical notion as the thigh spiral, because of the way the heart is designed with these four bands of muscular texture. I mean, I learned this stuff when I was in high school, more than three decades ago, right? And so, yeah, the heart actually does a lot more than what you've been led to believe. You can go look it up in the science. It's all there.",,,0,904
Religiousdebate,4129,2025-03-05 11:03:12+00:00,Actually the heart does indeed generate an electromagnetic field..,,,0,66
Religiousdebate,4128,2025-03-05 08:56:37+00:00,"Aight man, I get what you’re saying about prana and energy, but you’re kinda mixing up metaphysics with actual science here. The heart does make an electromagnetic field, sure, but it ain’t ‘polarizing’ blood or moving it with some magnetic force blood flows because of pressure, not energy waves.
Same with the nervous system yeah, it runs on electrical impulses, but blood ain’t the power lines. And DNA? It doesn’t ‘pitch’ hormones like some kinda cosmic radio station. Hormones do their thing through chemical signals, not vibrations.
I get the vibe you’re going for, but if we’re talking real biology, most of this doesn’t hold up. If it’s meant as a metaphor, cool but if it’s literal, gotta back it up with some solid science, bro.",,,0,738
Religiousdebate,4127,2025-03-05 08:40:25+00:00,"I’m a Muslim. But if you’re looking for a real conversation about the Quran and the Injeel, it should be based on understanding, not “war.” Respect leads to meaningful discussions, my friend.",,,0,191
Religiousdebate,4126,2025-03-04 17:36:28+00:00,"Uhmm, I was about to begin a war with a Muslim regarding the Quran and the Injeel,...i will just stand in the corner till I spot one my friend",,,0,142
Religiousdebate,4124,2025-03-04 05:24:21+00:00,"""Even when the clouds are grey, the sun is shining.""
#BushWhisperer
Watching the sunrise through grey clouds is a terrific way to enhance and empower etheric vision.
The human eye has a natural ability to observe the ethers if we allow ourselves to become immersed in the play of light, especially upon water.
""Engage with nature and she reveals her mysteries that those with eyes to see might behold her inner nature.""
#BushWhisperer",498.0,2.0,0,434
Religiousdebate,4122,2025-03-03 23:08:19+00:00,This is me,,,0,10
Religiousdebate,4120,2025-03-03 22:18:14+00:00,So everyone is a Muslim in here?,,,32,32
Religiousdebate,4118,2025-03-03 22:03:11+00:00,"Hi, how are you doing? Yeah, I'm the guy who's got Bushwhisperer written under his name. And I'm the guy at the start who introduces the show. I think I'm not wearing a top most of that show. It was really humid and really hot. I was like sweating too much to wear any top. I was actually completely naked. It was just too hot to wear clothes. Yeah, that's who I am. Big love, man.",,,0,381
Religiousdebate,4112,2025-02-22 23:35:25+00:00,SINISTER MLG MAGIAN,,,1,19
Religiousdebate,4111,2025-02-22 23:34:53+00:00,I can't believe I gave this nigga admin,,,0,39
Religiousdebate,4108,2025-02-22 20:41:49+00:00,Which member are you,,,1,20
Religiousdebate,4098,2025-02-14 22:29:50+00:00,Antisemitism?,,,0,13
Religiousdebate,4093,2025-02-14 22:28:40+00:00,But they're actively undermining and destroying whites,,,0,54
Religiousdebate,4091,2025-02-14 22:27:40+00:00,Most media corporations are run by jews,,,0,39
Religiousdebate,4085,2025-02-14 22:25:38+00:00,I think I've seen your group in 2023,,,0,36
Religiousdebate,4079,2025-02-14 22:24:20+00:00,Racially aware,,,0,14
Religiousdebate,4078,2025-02-14 22:24:15+00:00,Natsoc,,,0,6
Religiousdebate,4076,2025-02-14 22:24:08+00:00,My dad has mommy issues my mom has daddy issues,,,0,47
Religiousdebate,4075,2025-02-14 22:23:54+00:00,He didn't give a shit he'd rather be disappointed in me for being ns,,,0,68
Religiousdebate,4071,2025-02-14 22:22:31+00:00,Yeah man my dad let my sister become a non binary faggot,,,0,56
Religiousdebate,4069,2025-02-14 22:21:05+00:00,It's fatherhood but Father hood sounds like a negro rap name,,,0,60
Religiousdebate,4067,2025-02-14 22:20:29+00:00,This is wild west now,,,0,21
Religiousdebate,4066,2025-02-14 22:20:24+00:00,I used to own this group but lost the account,,,0,45
Religiousdebate,4063,2025-02-14 21:54:50+00:00,My anal eyes say this is bullshit,,,0,33
Religiousdebate,4059,2025-02-12 02:47:06+00:00,Average vegan,,,0,13
Religiousdebate,4058,2025-02-12 02:46:01+00:00,He's a griftee,,,0,14
Religiousdebate,4057,2025-02-12 02:45:57+00:00,This nigga never says anything of value,,,0,39
Religiousdebate,4056,2025-02-12 02:45:36+00:00,Facts,,,0,5
Religiousdebate,4046,2025-02-03 19:06:55+00:00,"First off, the Hadith you’re referring to doesn’t say that the child is going to Hell. The Prophet ﷺ was simply correcting Aisha (RA), reminding her that ultimate judgment belongs to Allah alone. He didn’t say, __“This child is doomed,”__ but rather emphasized that Allah knows who is destined for Jannah and who is not. This is about **Allah’s knowledge, not injustice.** Just because Allah knows something in advance doesn’t mean He is unjust He simply knows the choices people will make.
Secondly, Islam is **crystal clear** on the fate of children. In **Sahih al-Bukhari 7047**, the Prophet ﷺ confirms that Muslim children go to Paradise. In **Sunan Abi Dawood 4712**, it’s explicitly stated that the children of believers are in Jannah. And in **Sahih Muslim 2635**, the Prophet ﷺ even mentions that children who pass away will intercede for their parents and bring them to Jannah.
So tell me, AJ, why did your YouTube guy conveniently ignore all these Hadiths? Why is he pretending that Islam teaches something it clearly doesn’t? Is it because he wants to push a false narrative? Because, let’s be real, if he was sincere, he would’ve looked at the **entire** Islamic teaching instead of cherry picking a single Hadith out of context. Come on, bro, you can do better than falling for weak arguments like this.",,,0,1316
Religiousdebate,4038,2025-01-21 13:01:22+00:00,U there?,,,0,8
Religiousdebate,4036,2025-01-21 10:24:23+00:00,Is there any person who want to join voice chat?,,,1,48
Religiousdebate,4010,2024-09-20 12:08:18+00:00,Bonjor,,,1,6
Religiousdebate,4007,2024-09-18 13:02:29+00:00,meow :3,,,1,7
Religiousdebate,4002,2024-09-13 05:04:38+00:00,Here?,,,0,5
Religiousdebate,4001,2024-09-13 05:04:37+00:00,Debaters,,,0,8
Religiousdebate,4000,2024-09-13 05:04:35+00:00,Muslims,,,0,7
Religiousdebate,3994,2024-09-06 06:49:09+00:00,Salam Alaykum,,,0,13
Religiousdebate,3988,2024-08-22 19:39:34+00:00,"Bill Ackman, Elon Musk and Saudi Prince Alwaleed bin Talal bin Abdulaziz Al Saud are connecting with the ownership of X, formerly Twitter.",264.0,2.0,0,138
Religiousdebate,3974,2024-08-14 10:17:13+00:00,"Finding reliable investment opportunities and avoiding scams can be especially tough for newcomers. It’s crucial to have the right support to make informed decisions. Manger Roseanne Quinlin has been an exceptional guide in my crypto journey, making the path to financial success much clearer. If you’re looking for trustworthy platform, use the link below",2956.0,2.0,0,356
Religiousdebate,3967,2024-08-10 05:30:53+00:00,I want to ask someone,,,1,21
Religiousdebate,3962,2024-08-07 21:10:12+00:00,"Markets crashing in Japan, civil war in UK, kamala, iran",282.0,2.0,0,56
Religiousdebate,3960,2024-08-07 04:33:45+00:00,Wouldn't he tell Muhammed To not do that Because that is Morally Wrong to Marry and Have sexual intercourse with a Child?,,,0,121
Religiousdebate,3959,2024-08-07 04:33:06+00:00,Since God Knows Everything and understands how Such a Big age differance is harmful to mental health of the child who is still growing up,,,0,137
Religiousdebate,3958,2024-08-07 04:33:03+00:00,You can't defend that,,,0,21
Religiousdebate,3957,2024-08-07 04:31:38+00:00,"Like actually he married Aisha, a 9 year old when He was 50",,,0,59
Religiousdebate,3956,2024-08-07 04:30:55+00:00,How could you even Look up to Muhammed?,,,0,39
Religiousdebate,3955,2024-08-07 04:30:38+00:00,I would like to ask any Muslim,,,1,30
Religiousdebate,3951,2024-08-05 06:43:10+00:00,Also read the Quran and had a experience with a snake,,,0,53
Religiousdebate,3950,2024-08-05 06:42:50+00:00,Anyone have memories in hell and literally feeling the burning however making your way back to earth,,,0,100
Religiousdebate,3909,2024-06-23 01:15:40+00:00,"**__Every cause has its effect; every effect has its cause.
Everything happens according to Law.
Chance is but a name for Law not recognized.
There are many planes of causation, but nothing escapes the Law.__**

- The 6th Hermetic Principle (Cause & Effect)",405.0,8.0,0,257
gameetokennews,1366,2026-05-17 04:04:52+00:00,"Gold Fest Season 1 ends TODAY at 1 PM UTC – thanks for playing! 😍

Take a break, rest your thumbs, and stay tuned...  all the info on what's next is coming this week! 😎",32514.0,24.0,3593,168
gameetokennews,1363,2026-05-14 11:08:01+00:00,"**Gold Fest ends on Sunday** 😍

Grab as many Gold Points as you can before time runs out! 🟡",38234.0,12.0,0,91
gameetokennews,1332,2026-04-17 09:10:17+00:00,"🔥 Just in time for the 2026 World Cup, we've teamed up with @foregateofficia

ForeGate offers pro match prediction markets on Solana, backed by Michael Owen. ⚽️

Users take full control with simple, real-time decisions and instant settlements.",22623.0,6.0,38,243
gameetokennews,1317,2026-04-08 11:40:10+00:00,"Gold Fest isn't just $500,000 in tokens. 🟡 

It's also GIFTS! 🎁 

Collect Tickets in the GAMEE app and then enter the first Gift draw starting next week.",20493.0,8.0,38,153
gameetokennews,1299,2026-03-29 10:45:12+00:00,"😤 **Don't open the GAMEE app today.**

This is your last 2 days of chilling. 😩

Take it easy. 😎

Save your energy for Tuesday and the $500,000 prize pool... 🤩",24853.0,9.0,30,158
gameetokennews,1296,2026-03-25 12:10:31+00:00,"**$500k rewards?! ****🧠**

YES! 🥰**
**
The biggest **EVER** digital gold rush is about to begin in the GAMEE app. 🤜

From March 31, play for your share of **$500,000** in gold-backed tokens. 🌡

No competition. No winner-takes-all. Just games. 

And gold. 

__Lots of gold.__ 😎

Nuggy is already mining.__ ____⛏__",30953.0,25.0,0,312
gameetokennews,1289,2026-02-17 13:35:08+00:00,"**Happy Lunar New Year** 🧧

❤️ Love
💚 Health
⚡️ Energy
💡 Inspiration
🛡️ Resilience

The five power-ups for 2026.

But beyond the game – may this year bring real joy, meaningful connections and strength to you and your loved ones. ✨

Thank you for being part of our journey.
Let’s step into this new chapter together.

**新年快樂** 🎆",43801.0,7.0,0,328
gameetokennews,1287,2026-02-05 15:02:20+00:00,"💥 **Stickers drop in ONE HOUR.**

This one's for everyone who conquered the Alley.

⛩️ Every run. Every leaderboard climb. Every Red Bean earned.

In 60 minutes, Azuki Alley Escape Stickers go live on Telegram via @getgoodies_bot.

🈲** Red Bean holders are whitelisted. First come, first served.**

⚡ Mint one pack, or two packs – you might get one of each, or two of the same. 

📱 Have your TON loaded and ready.

🔜 4 PM UTC.

**How to participate 👇
**
→ Head to **@getgoodies_bot**
→ Click ""J**oin Now**"" to open the app
→ Connect **wallet** (@wallet or Tonkeeper)
→ Make sure you have enough **TON** loaded
→ Head to the **sticker** tab
→ Hit **Participate**

Get ready to claim your Alley Escape stickers.
👉 **t.me/getgoodies_bot**",51520.0,10.0,0,735
gameetokennews,1277,2025-11-21 12:50:11+00:00,"🎁 **Azuki Alley Escape is LIVE! **

Pick up rewards, customize your skater and become a legend of the leaderboard. 😎

Azuki prizes worth** $30,000** are there for the taking at the end of the season.

Welcome to the Alley. 
**You're early. **⛩️",68934.0,111.0,0,244
gameetokennews,1275,2025-11-13 16:59:07+00:00,"Early access to Azuki Alley Escape is now LIVE! ⛩️

Collect your early bird rewards and get a head start before gameplay launches.

We ride next week.",68615.0,40.0,0,150
gameetokennews,1272,2025-11-11 15:37:30+00:00,🅽🅾🆅🅴🅼🅱🅴🆁 ➊➌ 🐇,55592.0,8.0,0,13
gameetokennews,1268,2025-11-10 17:03:01+00:00,"**GAMEE x Azuki.** ⚡️

Soon.

The Alley awaits. 🛹",50771.0,14.0,0,49
gameetokennews,1258,2025-09-30 13:54:01+00:00,"👐 GAMEE Tribes stickers are coming! 

⭐️ 4000 packs
⭐️ $20,000 Gift Prize Pool
⭐️ One chance to mint

🗓 **New Mint Date TBC!** 

Fuse are currently working on some big technical upgrades to their app which means the mint will be later than planned – we'll let you know the new date soon! 🤩",47030.0,18.0,0,289
gameetokennews,1253,2025-09-24 12:48:54+00:00,"🐸 **Plush Pepe, anyone?** **
**
We're giving away Telegram Gifts worth **$20,000** – for GAMEE Tribes holders. 🐸

Hold a **GAMEE Tribes sticker collectible** in your connected wallet and you'll automatically be entered into the Telegram Gifts draw after the mint! 😎

🤩 **Boost your chances** of getting GAMEE Tribes by adding more tickets to the whitelist draw. 

You've got till Saturday. 👀",39119.0,23.0,0,391
gameetokennews,1251,2025-09-22 21:55:22+00:00,"✨ Win a GAMEE Tribes whitelist spot.

Share a memorable moment from your time playing GAMEE over the last ten years!🔥Post it on X with hashtag #GAMEE.

It could be a huge achievement, an epic fail, or the time you rage quit so hard that you threw your phone out of the window and accidentally killed a pigeon. 😳

It's your choice how you share your moment. Text, image, art, meme, video – whatever works! 🧘 

But more effort = better chance... 😎",36379.0,9.0,0,445
gameetokennews,1247,2025-09-18 13:22:20+00:00,"👐 **GAMEE Tribes | Get Ready to MINT!**

Built on TON’s NFT 2.0, GAMEE Tribes is your chance to own a piece of Telegram gaming history. 

Every player has a Tribe — which one’s yours?

👾 The Tappers. 🧘 The Puzzlers. 
🤩 The Arcade Legends. ✨ The Chill Gamers.

Get one of just 4000 GAMEE Tribes animated sticker packs to flex with in your chats, and gain exclusive access to a **$20,000 Telegram Gift prize pool** in the GAMEE app**.** 🤑

One pack. One draw. One chance.
**
We mint on October 2.**",57886.0,28.0,0,496
gameetokennews,1240,2025-08-20 10:46:10+00:00,Always nice to be talked about. 😊,38245.0,0.0,0,33
gameetokennews,1236,2025-08-04 07:29:29+00:00,"You played. You scored. You conquered. 👍

Now it’s time to own it. 

**Be ready.**

🧩👾🥷🧘‍♀️",66177.0,14.0,0,91
gameetokennews,1228,2025-07-17 10:13:07+00:00,"**Win a TON Gift in this weekend's game contest!** 😎

We're giving out a TON Gift (+ Tickets/Spins) for the top score, and Tickets and Spins for the rest of the Top 10. 💥

The question is... which game? 👀 

**Vote**! ⬇️",40991.0,4.0,0,219
gameetokennews,1187,2025-03-25 13:30:54+00:00,"🌑🌑🌑🌑  🌑🌑🌑🌑🌑 😉

**ᴄᴏʟʟᴇᴄᴛ. ᴍᴇʀɢᴇ. ᴛʀᴀᴅᴇ. ʙᴀᴛᴛʟᴇ. **

Get ready for a unique and action-packed digital **trading card game** where your deck is powered by the ever-changing **crypto markets**! 🤯

**😈**** Degens only.**

**🎫**** **ʟᴀᴜɴᴄʜɪɴɢ ᴀᴘʀɪʟ 𝟿ᴛʜ",66404.0,11.0,0,247
gameetokennews,1182,2025-03-14 13:39:31+00:00,"**🌚**** Moon Cards is coming in early April. 
**
The only trading card game fueled by real crypto markets! 😴

Are you ready? 😎

Join the Moon Cards Community to get all the latest launch and gameplay info! 🚀",95806.0,20.0,0,207
gameetokennews,1151,2025-01-22 13:47:42+00:00,"👾 **Today's Wat-A-Match Champions!** 🔥

The contest is OVER! 👌

Who's earned the most tickets in a single Wat-A-Match game since yesterday? 👀

Take a look below! Ticket prizes have been sent to these gaming legends! Congrats! 😎

🔤🔤🔤🔤🔤🔤🔤🔤🔤

**Position - Name - Tickets earned**
1st – MSkunk270 - 1021
2nd – JawadEhmad - 969
3rd – Aylin2018 - 847
4th – HomeCareRN - 843
5th – Arya Ahmadi - 784
6th – masoudniyakam - 694
7th – Pabarabanuuu - 669
8th – TaherehRasuoli - 596
9th – vahid_qaheri - 593
10th – SlawBaboon - 572

**🤔**** Want another top score contest? 
**Vote YES with **👉****🤩**",65489.0,5.0,0,587
gameetokennews,1125,2025-01-01 08:44:01+00:00,"**Happy New Year! ****🤩****
**
On behalf of the whole GAMEE team, we wish everyone an truly amazing 2025 – and we can't WAIT to show you what we've been cooking. 🔥

And thanks for being here, sharing the memes, and being a part of this awesome community! 😁",88638.0,12.0,0,256
gameetokennews,1124,2024-12-30 12:02:01+00:00,"**🤑**** Rewards in 2025 ****🤑****
**
At GAMEE we're very proud of our revenue sharing.

In 2024, we've given away a total of **$1.4 million USD**! 😍

**Let's break this number down:**

🎡 If you stacked up 1.4M single dollar bills, it would be 153 metres tall – higher than the London Eye

🐻‍❄️ The weight of all those bills would be more than 3 male polar bears 

🗓 If you spent $1000 per day, it would take almost 4 years to spend $1.4 million

☕️ At $4 per cup, this amount would buy 350,000 cups of coffee

Basically, it's a lot of cash – and it's all yours. 😁

Stick around. More to come in 2025! 🥳",92155.0,14.0,0,602
gameetokennews,1081,2024-11-26 11:58:25+00:00,"Every last coin in the WAT Wheel prize pool has now been claimed! 💥

Amazing job. 👏

Maybe 10 million $WAT just wasn't enough...? 🪙

**ˢᵗᵃʸ ᵗᵘⁿᵉᵈ ****👀**",101240.0,9.0,0,153
gameetokennews,1076,2024-11-23 14:42:01+00:00,"It doesn't need to be actual __friends__ 👀

Share your link in groups, chats, billboards, your granny's knitting club, Facebook, Instagram, Twitter, whatever that fake Twitter's called that Zuckerberg made... your call! 😁",110452.0,9.0,0,221
gameetokennews,1071,2024-11-20 12:55:47+00:00,"**AMA WITH GAMEE CEO**

Starting in 5mins!

See you here 🥰",149071.0,3.0,0,58
gameetokennews,1056,2024-11-11 20:59:00+00:00,"**🥳**** Good news!
**
We've now sent all the rewards from last week's @JetTon Mine!

📱 📱 📱 

Search your GAMEE username in this list (or check your wallet) to see if you were one of the winners! 😍",117556.0,82.0,0,196
gameetokennews,1050,2024-11-07 16:31:15+00:00,"**🚗💨 TON RALLY is HERE! 🌍**

Start your engines and put the pedal to the metal. Our latest mining event is racing onto the scene! 🏁

🌟 **What's the Deal?**
**🏎 TON RALLY:**

- Hit **50,000 km** (again? Yes, again!) 🛞
- Be 1 of **5 lucky random winner**s to snag **TON rewards**! 🎉
- No speed limits, no excuses. Just you, the road, and victory!

🤝 **Fair Game, Always**
We've reset Blue Coin balances so every racer has a fair shot! 🌟 Now it’s all about skill, hustle, and just a pinch of luck. 🍀


**💀 GO FULL THROTTLE!**
(Or risk finishing last. Nobody remembers the slowpokes. 👀)",139149.0,32.0,0,582
gameetokennews,1049,2024-11-07 15:00:35+00:00,"**⛏**** JetTon Mine. Done.  ****😎****
**
Wow. You guys killed this. 🔥

I guess that Lambo really helped! 😁

We're gonna go through the list to check everyone is a legit winner, and then share the results (and the TON!) soon (expect monday).

🚨👛 Rewards will be sent to the wallet connected at the moment of the snapshot, do not change it until you get your reward!

**More earning events are coming! 👀**",105529.0,34.0,0,403
gameetokennews,1039,2024-10-31 15:23:44+00:00,"**🔥**** The new ****@JetTon**** TON Mine is HERE! ****📱****
**
**🔥** Happy Halloween! 🎃 

We figured there's nothing spookier than mining 50,000 km below the earth in total darkness, so we've opened a new mine! 😁

⛏ **Mining Event:**
- Race for only **50,000** kilometres 
- Everyone gets a **Lambo** in Wat Racer! 🛞
- Watch out for **ghosts**!* 👻

* ᴺᴼᵀ ᴿᴱᴬᴸᴸᵞ ᴮᵁᵀ ᴵ ᴬᴹ ᵀᴿᵞᴵᴺᴳ ᴹᵞ ᴮᴱˢᵀ ᵀᴼ ᶜᴼᴺᴺᴱᶜᵀ ᵀᴴᴵˢ ᵀᴼ ᴴᴬᴸᴸᴼᵂᴱᴱᴺ

🏅 **Rewards:**
- 1st Place: **100 TON**
- 2nd-101st: **5 TON**
- 102nd-501st = **1 TON**

**💡**** To make it completely fair and ensure that all players begin with an equal chance, Blue Coin balances have been reset! ****❤️‍🔥****
**
**💀**** LET'S GO! ****⛏**",137382.0,86.0,0,674
gameetokennews,1038,2024-10-30 14:10:27+00:00,"📱 Your TON rewards are coming soon! 🥳

If you were one of the first 5000 miners to finish the mining race, then good news – the TON will be distributed directly to winners' wallets in the next few days. 😎

We'll let you know here when all $25,000 in TON has been sent so you can check if you were one of the winners. 😉

**And watch this space – new TON mining event starting tomorrow! ****🤩**",145246.0,58.0,0,392
gameetokennews,1037,2024-10-29 12:05:19+00:00,"**End of the ~~line~~ mine! ****⛏****📱**

The TON mining race is complete! 🥳

We'll check who is eligible (who finished in the first 5000) and if that's you, you'll be able to claim your TON reward soon. 

Stay tuned!

And even if you didn't manage to win – don't worry....

**A new mining event is coming. ****😎**",159365.0,43.0,0,314
gameetokennews,1016,2024-10-18 14:05:18+00:00,That face when you forget GAMEE's been in crypto longer than you've been fading bullruns... 💅,151392.0,33.0,0,93
gameetokennews,992,2024-10-09 11:05:14+00:00,"Join the X Spaces AMA tomorrow with **GAMEE CEO Martin Zakovec** and **GAMEE Co-Founder Bozena Rezab! **✨

They'll be answering all your questions about the transition towards $GMEE 2.0, $WAT utility and rewards, the GAMEE ecosystem – and whatever else you'd love to know!

📱 **Starts tomorrow at 11:00 UTC ** ⏰

Click below to set a reminder.",196692.0,5.0,0,343
gameetokennews,979,2024-10-02 14:47:01+00:00,"🥳 **100** **million. **Well, ain't that something! 

Thank you to you fine folks being a part of it! 

😕 Need help picturing just how big that is? 

**Here's 100 million broken down:
**
🌎 If we all held hands on the equator, we'd wrap around the Earth – and then some! Also a lot of people would drown. 

🏣 If we all moved to Tokyo, we'd multiply the population there by 6. Trains would be __really__ full.

⚽️ This number is just 17% of the followers Cristiano Ronaldo has on Instagram. Siiiiiiuuuu.

🍔 Collectively, we need two hundred billion calories per day. Thats 338 million Big Macs.

🏟 We'd fill the world's largest stadium (150k capacity) almost 700 times. But it's in North Korea, so let's not try that...",227783.0,15.0,0,716
gameetokennews,973,2024-09-30 09:01:01+00:00,"GM! 🙃

Live on X in **3 hours** – a Gate.io AMA with GAMEE's CEO Martin Zakovec. ❓📱

Set a reminder so you don't miss it! And there's still a chance to get your questions in and earn $WAT if it's picked – so fire away! 😎

⬇️⬇️⬇️",268004.0,3.0,0,228
gameetokennews,969,2024-09-26 14:49:01+00:00,"Hold $GMEE? **🔥**

**Get ready for the new era. **😎

Sᴏᴏɴ.",515516.0,113.0,0,58
gameetokennews,967,2024-09-25 14:49:02+00:00,"**📱**** Starting soon!  **

TON Voices live with GAMEE Co-Founder **Bozena Rezab**, **TON Society** and **Capital Club**.

Grab yourself a cup of tea (or WatBird's weird energy drink...) and enjoy this YouTube event all about $WAT, WatBird, TON and the future of Web3 gaming! 🔥

It starts at 15:00 UTC – 10 minutes after this message goes out.

See you there! 🙃",531449.0,35.0,0,361
gameetokennews,960,2024-09-23 07:25:19+00:00,"🪙 Frens, we just a few HOURS away! 🤗

While we wait, let's look at this number together. 

**ᴡᴀᴛ ᴀ ɴᴜᴍʙᴇʀ. ****🔥**",510921.0,183.0,0,114
gameetokennews,956,2024-09-20 09:41:19+00:00,"Choices locked ✅

Distribution prepared ✅

Community ready ✅

**$WAT**** is coming**!** ****🪙****🔥**",837241.0,245.0,0,100
gameetokennews,953,2024-09-19 15:37:48+00:00,"**🪙**** Choose Your ****$WAT**** Claim! ****🥳**

**ᴅᴇᴀᴅʟɪɴᴇ:** ғʀɪᴅᴀʏ sᴇᴘᴛᴇᴍʙᴇʀ 𝟸𝟶ᴛʜ**
**
Frens, the $WAT TGE is almost here! 🥳

Now you can now select how you wanna get your WATCoin.

**🪙**** ****$WAT**** Tiers
**To make sure it's not only richest few people (with __BILLIONONS__ of WatPoints) getting all the $WAT, there is **tier** system for different amounts of WatPoints. 

This mean that if you ""only"" got thousands or millionons of $WAT, you gonna get **more ****$WAT** than if there was conversion ratio. 👌😎 Sorry whale frens, but WatBird = community first. ❤️

**CLAIM** **OPTIONS:**

🐥 **Solo Flyer: **Claim all of your $WAT now and get 50% more in 3 months

🌜 **Moon Club Member: **Claim half your $WAT now and get 460% more in 3 months (= **510%** total, **3.4x** more $WAT than Solo Flyers! 🔥) 

**MoonClub** membership give you:

▶️ Partner airdrops
▶️ Mystery Box
▶️ And more... 👀

Tap wing on button below to set up your claim and see how much $WAT you eligible for! 

✨ Make your choice before **Friday** ✨",414682.0,116.0,0,1024
gameetokennews,948,2024-09-18 11:33:34+00:00,"**⚡️**** Claiming your ****$WAT**** just got easier! ****🎆****
**
You can now choose to have your $WAT deposited directly to your** Bitget **exchange account for both **Solo Flyer** and **MoonClub** options! 👌

And if you already chose to receive $WAT in your personal wallet and want to change to Bitget, you can.

The $WAT will automatically land in your account on **September 23rd **(TGE date)! This makes the process stress-free with no fees or costs involved. 😎 Sit back, relax, and let your $WAT come to you! 😁

⚠️ BUT... keep in mind that we still don't (and never will) tolerate multi-accounting. **1 user = 1 Bitget account.** 

Hit the button below to choose how you want to receive your WATCoin! **🪙**",727383.0,465.0,0,713
gameetokennews,935,2024-09-11 10:40:24+00:00,"🪙🔠🔠🔠🙂🔠🔠🔠🔠🪙

$WAT is coming.

🪙 **September 23rd, 2024** **🪙**",1152620.0,2960.0,0,61
gameetokennews,934,2024-09-10 14:22:43+00:00,"📣** IMPORTANT ****💫**

You may need to transfer your WatPoints from the **GAMEE website** to **Telegram**! 

💫 🔜🔜🔜 📱**
**
The deadline for transferring WatPoints to Telegram is **September 16th** (06:00 UTC).

To transfer your WatPoints, hit the button below and follow the steps:

💫 Connect wallet
💫 Log in with Telegram
💫 Pair wallet and confirm WatPoints transfer

**💡****This message is only for people who have some WatPoints on the GAMEE website (**=** **people** who staked ****$GMEE**** **or** connected an NFT).** If you have never mined WatPoints on points.gamee.com, you can safely ignore this message.",1113620.0,664.0,0,613
gameetokennews,924,2024-09-04 09:58:33+00:00,"🔤🔤❗️

If you're not already a member, then now's a **really** great time to join the WatBird community! 🤩

You'll get access to hot announcements, fun posts, WatBird AMA answers, and – happening right **now** – a huge Premium giveaway! 🎁🔥",707589.0,28.0,0,238
gameetokennews,923,2024-09-03 10:07:11+00:00,"A couple of GAMEE team members are at Korea Blockchain week. 🇰🇷 Say hi if you see them!

But the best thing about this event? TON is getting a **lot** of love! 📱😍

GAMEE, too.

🪙 **$WAT**** is coming** **🪙**",654215.0,177.0,0,207
gameetokennews,922,2024-09-02 14:14:56+00:00,"Don't you just love September?

Such a great month for doing stuff.

👀",600362.0,87.0,0,70
gameetokennews,907,2024-08-26 09:46:01+00:00,"This week, let's talk about what makes Telegram a force for good! 📱❤️

Starting with this:

**1.12% of the entire global population has played our games. ****🤯****
**
If there's anything that truly unites the world, it's gaming. 🎮

Language, culture, religion, or political beliefs don't matter – it's about friendly competition or cooperation, having fun after a tough day (and getting WatPoints, of course! 😁)

We are proud of this number. Hope you're proud to be a part of it! 😍

Tag @gamee in your chats to play any of our Telegram games against your friends! 👾",335566.0,18.0,0,565
gameetokennews,906,2024-08-25 19:20:24+00:00,We stand with telegram ✊,289163.0,51.0,0,24
gameetokennews,896,2024-08-21 15:19:02+00:00,"**Up to 200 ****$BGB**** is YOURS ****🔥**

Bitget loves the WatBird (ᴡʜᴏ ᴅᴏᴇsɴ'ᴛ!?) and they're offering **everyone** in our community a welcome bonus airdrop of between 2-10 Bitget token! 🔥

**ɪᴛ ᴅᴏᴇsɴ'ᴛ ᴇɴᴅ ᴛʜᴇʀᴇ.**

After that you'll get __another__ **10-200 BGB** airdropped when you complete your first spot trade of $10. 🤯

This is a pretty sweet deal for our community, so (because I am an extremely nice dude) I am saving you time looking for the mission, and putting it right here. 😎⬇️

All you gotta do is **click**. 

ʏᴏᴜ'ʀᴇ ᴡᴇʟᴄᴏᴍᴇ 😁",304392.0,57.0,0,545
gameetokennews,884,2024-08-14 16:05:40+00:00,"**🚨**** NEW TELEGRAM FEATURE ALERT!** 🤩**
**
Now – if you've got 'em – you can gift **STARS** to the GAMEE Community! ⭐️

**ʟᴇᴛ's ʜᴀᴠᴇ ᴀ ᴄᴏᴍᴘᴇᴛɪᴛɪᴏɴ! ****🎁****
**
Every Star reaction we get on this post = **100 ****💫** added to the prize pool.

One randomly selected community member who reacts to this post with a Star in the next 48 hours will get **ALL** the WatPoints in the prize pool! 😍

ᴡɪʟʟ ɪᴛ ʙᴇ ᴀ sᴜᴄᴄᴇssғᴜʟ ɴᴇᴡ ғᴇᴀᴛᴜʀᴇ ғʀᴏᴍ ᴛᴇʟᴇɢʀᴀᴍ? ɴᴏ ɪᴅᴇᴀ! ᴡʜᴀᴛᴇᴠᴇʀ ʜᴀᴘᴘᴇɴs, ᴡᴇ'ʟʟ ᴍᴀᴋᴇ ᴛʜᴇ ᴘʀɪᴢᴇ ᴘᴏᴏʟ ᴀᴛ ʟᴇᴀsᴛ 𝟷𝟶ᴋ **💫** :) 

💫💫💫💫💫💫",296381.0,33.0,0,528
gameetokennews,879,2024-08-12 11:38:19+00:00,"**WatTF!?** 🤪

✨ 1M WatPoint contest! 🔥✨

Wat would __YOU__ do for 1M WatPoints? 👀

**ᴡᴀᴛʙɪʀᴅ ᴇxᴄɪᴛᴇᴅ ᴛᴏ ғɪɴᴅ ᴏᴜᴛ! ****😎**

**CoɴTESt DeTaiLs
**
Do something CRAZY (ʙᴜᴛ ʟᴇɢᴀʟ ᴀɴᴅ ɴᴏᴛ ʜᴀʀᴍғᴜʟ) that make WatBird say ""WatTF!?"". Include somehow WatBird, WatPoints, or $WAT!

Can be **online** or **IRL**. 

Upload wat you done to **Twitter** – use hashtag **#WatTFcontest**.

🏆 Winner is one who does craziest/funniest/coolest thing. **1 MILLION WATPOINTS**. Or if you work with fren, WatBird can divide prize. 

If much submissions is amazing, WatBird also give runner-up WatPoint prizes (150K WatPoints).

Deadline is **August 26 **(2 weeks). 

🤪 Let's go, frens!",238923.0,28.0,0,661
gameetokennews,878,2024-08-12 11:38:19+00:00,"**Now this is epic! ****🔥**

Time to get creative 😎",244203.0,11.0,0,51
gameetokennews,864,2024-08-07 14:45:31+00:00,Check out TON's interview with GAMEE! 🙂,227233.0,13.0,0,39
gameetokennews,863,2024-08-07 09:28:10+00:00,"🔥 **The MEGA Referral Upgrade is LIVE! **🔥

Maxed out all your friends? 👀 Then great news:

🥳 Referrals are now **UNLIMITED** – bring along ALL your friends for the ride 🛒

Every person you successfully invite will net you **1000 WatPoints**, and they will each get 500 WatPoints! ✨

Share your unique invite link with **friends** or in **groups** and watch your WatPoint balance skyrocket! ⬆️🚀",290608.0,39.0,0,394
gameetokennews,860,2024-08-05 15:05:23+00:00,"🌶 Only SEVEN hours remain to get a **guaranteed** 10,000 WatPoint reward! ✨

We've extended the qualification time to 22:00 UTC today as the double claim button wasn't working for some. 

**ʜᴏᴡ ᴛᴏ ǫᴜᴀʟɪғʏ:**

When it's time to claim your WatPoints, click **Double Rewards**.

And also **boost** your mining rate.

Do both and you will get a bonus** 10,000 WatPoint**s dropped to your account later this week! 🔥😎",355618.0,85.0,0,411
bettergamingg,38,2024-03-29 19:20:34+00:00,"18.0.0 Pre Release Package! 
-Atmosphere / Hekate / Sig patches / OFW for offline update and Security!",21592.0,33.0,0,102
bettergamingg,11,2023-11-08 12:30:34+00:00,"Please join the pinged Group, after we hitted 200 members I'll create ""Topics"" which will look like the typical channels on Discord 🥳❤️🙌",62254.0,1.0,0,136
bettergamingg,10,2023-11-08 12:17:57+00:00,[3] Package,69665.0,19.0,0,11
bettergamingg,9,2023-11-08 11:55:50+00:00,[2] Package,74932.0,33.0,0,11
bettergamingg,8,2023-11-08 11:49:55+00:00,[1] Package,81986.0,62.0,0,11
women_girlsafety,1716,2026-05-20 06:09:54+00:00,"🌹🌹🌹🌹🌸🌸🌸🌸

बोलने वाली औरतें 🙅
बोलने वाली औरतें सबको चुभती है,  चुप रहने वाली सबको हे भाती।
सच कहने वाली किसी को पसंद नहीं, सब सहनेवाली दिल है लुभाती।। 
पैर छूने वाली सबको पसंद है, पैरों पर खड़ी होने वाली अभिमानी कहलाती। 
गलत बात जो सुने तो सहनशीलता की मूरत,  गलत बात पे टोके तो बदतमीज कहलाती।। 
तन मन धन से जो करे तो सु-ग्रहणी, कभी अपने बारे में सोचें तो स्वार्थी कहलाती। 
सम्मान सबका करती रहे तो ठीक,  खुद के सम्मान को दांव पर लगाती।। भरोसा सबका जीतने के लिए दिन रात एक करती,  पर भरोसे के लायक फिर भी ना कहलाती। 
कौन सा घर उसका,  यह आज भी एक प्रश्न है,  चाहे जहां भी रहे,  घर को घर तो वही है बनाती",95.0,0.0,0,597
women_girlsafety,1715,2026-05-03 02:48:18+00:00,"जब चारों तरफ पानी ही पानी था, 🌊
और हर उम्मीद डूबती नजर आ रही थी…
तब भी एक माँ अपने बच्चे को सीने से लगाए खड़ी थी।
उसकी आँखों में डर था, लेकिन उससे कहीं ज्यादा हिम्मत थी… 💪
वो जानती थी शायद ये आखिरी पल हो सकते हैं, ⏳
फिर भी उसने अपने बच्चे को कसकर पकड़े हुए था, 🤲
जैसे वो पूरी दुनिया से उसे बचा लेगी। 🌍
माँ सिर्फ एक रिश्ता नहीं होती,
वो आखिरी सांस तक लड़ने वाली ताकत होती है… 🌪️
शायद किस्मत जीत गई,
लेकिन एक माँ का प्यार कभी हारता नहीं… 💔❤️
कुछ कहानियाँ शब्दों में नहीं,
सिर्फ एहसासों में ज़िंदा रहती हैं… ✨",242.0,0.0,1,506
women_girlsafety,1714,2026-03-17 02:38:34+00:00,"“जिस्म का भूखा कौन…?”
अगर सुहागरात के बाद किसी लड़की को पता चले कि उसका पति शारीरिक रूप से अक्षम है,
तो समाज कहेगा —
“बेटी, तुम्हारा पूरा हक है… तलाक लो, मुआवजा लो, नई जिंदगी शुरू करो।”
लेकिन अगर किसी पुरुष की पत्नी को पति में कोई रुचि ही न हो…
वह न उसके साथ संबंध बनाना चाहती हो,
न उसके साथ जीवन जीना चाहती हो,
और उसकी भावनाएँ किसी और दिशा में हों…
तो वही समाज उस पुरुष से कहता है —
“समझौता करो… मर्द बनो… सहन करो।”
कभी सोचा है…
जिस रिश्ते में भावनाएँ, स्पर्श और अपनापन ही खत्म हो जाए,
उस रिश्ते में सिर्फ एक आदमी क्यों घुटता रहे..?
सच यह है कि
दर्द सिर्फ स्त्रियों को ही नहीं होता, पुरुष भी टूटते हैं।
लेकिन फर्क सिर्फ इतना है —
स्त्री रो दे तो समाज सहानुभूति देता है,
पुरुष रो दे तो समाज कहता है —
“मर्द होकर रोता है?”
हम यह नहीं कहते कि महिलाओं की सुरक्षा के कानून गलत हैं।
उनकी जरूरत भी है और सम्मान भी।
लेकिन यह भी सच है कि
कानून का दुरुपयोग भी एक सच्चाई है,
जिसकी चर्चा करने से लोग डरते हैं।
याद रखिए —
हर पुरुष दरिंदा नहीं होता।
वही पुरुष किसी का पिता,
किसी का भाई,
किसी का बेटा भी होता है।
इसलिए न्याय की बात हो तो
तराजू दोनों तरफ बराबर होना चाहिए।
क्योंकि
इंसाफ अगर सिर्फ एक तरफ हो,
तो वह इंसाफ नहीं…
बल्कि एक नई नाइंसाफी की शुरुआत बन जाता है।
सोचिएगा जरूर…
क्योंकि बेटे भी किसी के दिल के टुकड़े होते हैं,
कोई खिलौना नहीं",476.0,0.0,2,1231
women_girlsafety,1713,2026-02-14 07:01:11+00:00,"सुनो लड़कियों 
7 तारीख से मामला चॉकलेट से शुरू होगा और 14 तारीख तक नोचने तक आजाएगा। कुछ ऐसे तैयार किया गया है मुहब्बत में गुमराह करने का महीना।
प्रेम किसी तारीख और किसी महीने का मोहताज नहीं है। अंधविश्वास से बचें सतर्क रहे सुरक्षित रहे....... अपने घर की मर्यादा बनाए रखे
सुनो प्यारी लड़कियों, तुम बहुत अनमोल हो ऐसे न सौंप दो किसी को, तुम मां का आंचल बाप का आसमान हो 
तुमसे ही बनी है मां बाबा के घर की इज्जत 
कुछ जाहिल तुम्हे दो कौड़ी का तोहफा देकर प्यार जताएंगे, पर तुम अपने पर  ठहरी रहना, न किसकी बात में आना, न खुदको दागदार करना 
तुम खुदसे प्यार करना, सबसे पहले खुदको रखना, तुम्हारा प्यार अगर तुमसे सच्चा प्यार करता है तो वो खुद तुम्हे इन सबसे दूर रखेगा, तुम बेबाक बातों में न आना 
तुम खूब पढ़ना, घूमना फिरना और नया सीख लेना 
तुम खुदको इतना बुलंद करना कि तुम्हे कोई ठग न सके 
तुम धरती पे खुदा का अनमोल उपहार हो, खुदकी कीमत बनाए रखना ❤️🙏🏻",452.0,0.0,2,839
women_girlsafety,1711,2026-02-02 06:01:28+00:00,"***"" मुझे अच्छा नही लगता ""*
 
मैं रोज़ खाना पकाती हू,
तुम्हे बहुत पयार से खिलाती हूं,
पर तुम्हारे मुंह से नमक कम था सुनना 
मुझे अच्छा नही लगता

कई वर्षो से हम तुम साथ रहते है, लाज़िम है कि कुछ मतभेद तो होगे,
पर तुम्हारा बच्चों के सामने चिल्लाना मुझे अच्छा नही लगता

हम दोनों को ही जब किसी फंक्शन मे जाना हो,
तुम्हारा पहले कार मे बैठ कर यू हार्न बजाना
मुझे अच्छा नही लगता

जब मै शाम को काम से थक कर घर वापिस आती हू,
तुम्हारा गीला तौलिया बिस्तर से उठाना
मुझे अच्छा नही लगता

माना कि तुम्हारी महबूबा थी वह कई बरसों पहले,
पर अब उससे तुम्हारा घंटों बतियाना
मुझे अच्छा नही लगता

माना कि अब बच्चे हमारे कहने में नहीं है,
पर उनके बिगड़ने का सारा इल्ज़ाम मुझ पर लगाना
मुझे अच्छा नही लगता

अभी पिछले वर्ष ही तो गई थी,
यह कह कर तुम्हारा,
मेरी राखी डाक से भिजवाना
मुझे अच्छा नही लगता

पूरा वर्ष तुम्हारे साथ ही तो रहती हूँ,
पर तुम्हारा यह कहना कि,
ज़रा मायके से जल्दी लौट आना
मुझे अच्छा नही लगता

तुम्हारी माँ के साथ तो
मैने इक उम्र गुजार दी,
मेरी माँ से दो बातें करते
तुम्हारा हिचकिचाना
मुझे अच्छा नहीं लगता

यह घर तेरा भी है हमदम,
यह घर मेरा भी है हमदम,
पर घर के बाहर सिर्फ
तुम्हारा नाम लिखवाना
मुझे अच्छा नही लगता

मै चुप हूँ कि मेरा मन उदास है,
पर मेरी खामोशी को तुम्हारा,
यू नज़र अंदाज कर जाना
मुझे अच्छा नही लगता

पूरा जीवन तो मैने ससुराल में गुज़ारा है,
फिर मायके से मेरा कफन मंगवाना
मुझे अच्छा नहीं लगता

*अब मै जोर से नही हंसती,*
*ज़रा सा मुस्कुराती हू,*
*पर ठहाके मार के हंसना*
*और खिलखिलाना*
*मुझे भी अच्छा लगता है* 🥰**",453.0,0.0,0,1418
women_girlsafety,1710,2026-01-22 20:25:08+00:00,Audio from 🙄,376.0,1.0,1,12
women_girlsafety,1709,2026-01-17 20:15:55+00:00,"”मैं हैरान हूं, यह सोचकर,

किसी औरत ने क्यों नहीं उठाई उंगली?

तुलसी दास पर,

जिसने कहा , “ढोल ,गंवार ,शूद्र, पशु, नारी,

ये सब ताड़न के अधिकारी।

 

”मैं हैरान हूं ,

किसी औरत ने क्यों नहीं जलाई

“मनुस्मृति” जिसने पहनाई उन्हें गुलामी की बेड़ियां?

 

मैं हैरान हूं ,

किसी औरत ने क्यों नहीं धिक्कारा?

उस “राम” को जिसने गर्भवती पत्नी सीता को,

परीक्षा के बाद भी निकाल दिया घर से बाहर धक्के मार कर।

 

किसी औरत ने लानत नहीं भेजी उन सब को,

जिन्होंने ""औरत को समझ कर वस्तु” लगा दिया था दाव पर होता रहा “नपुंसक” योद्धाओं के बीच समूची औरत जाति का चीरहरण ? महाभारत में ?

 

मै हैरान हूं, यह सोचकर ,

किसी औरत ने क्यों नहीं किया?

संयोगिता अंबा -अंबालिका के दिन दहाड़े,

अपहरण का विरोध आज तक!

 

और मैं हैरान हूं , इतना कुछ होने के बाद भी क्यों अपना “श्रद्धेय” मानकर पूजती हैं मेरी मां – बहने उन्हें देवता – भगवान मानकर?

 

मैं हैरान हूं, उनकी चुप्पी देखकर

इसे उनकी सहनशीलता कहूं या अंध श्रद्धा",442.0,0.0,0,893
women_girlsafety,1707,2025-12-23 15:06:41+00:00,"मैं एक औरत हूं… और औरत होकर आज मैं सच बता रही हूं।
हम औरतों की सिर्फ तीन ही कैटेगरी होती हैं—और ये कलयुग की सच्चाई है।

1. पत्नी

वो औरत…
जो अपने पति की होकर रहती है।
सुख हो, दुख हो, तंगी हो या तरक्की—
वो पति-धर्म निभाती है, निभाती ही है।
नज़र कहीं और नहीं डालती,
दिल कहीं और नहीं भटकता।
पतिव्रता… जो रिश्ते को ईश्वर की तरह मानती है।

2. वेश्या

हाँ, नाम कड़वा है, पर सच यही है।
वो औरत…
जो समाज की सारी गंदगी अपने अंदर समेट लेती है।
जिसके कारण बाहर की दुनिया साफ़ रहती है।
वो गंदगी फैलाती नहीं—
बल्कि सहती है, झेलती है, और चुपचाप निपटाती है।
उसका काम गलत है, पर नीयत गंदी नहीं होती।

3. रखैल

और अब आती है असली बीमारी…
रखैल
वो औरत जिसका अपना घर ख़तम होता है,
पर चैन उसे तब भी नहीं मिलता।
दूसरों के घर में घुसकर
झांक-झांककर, फोड़-फोड़कर
किसी की शादी, किसी की इज़्ज़त,
किसी के बच्चे तक को बर्बाद कर देती है।
तोड़ती है—और खुद टूटती भी नहीं शर्म से।

और हाँ…
जिस औरत को मेरी बात चुभे ना?
जिसे जलन हो, गुस्सा आए—
याद रखना… वही इस तीसरी कैटेगरी में आती है।
और वही आएगी यहाँ गंदे कमेंट करने।

क्योंकि सच सबसे ज़्यादा उसी को लगता है—
जिसके अंदर कुछ न कुछ काला ज़रूर होता है।",305.0,0.0,0,1066
women_girlsafety,1706,2025-12-08 15:36:18+00:00,"🪙 क्या आप अलग-अलग डिज़ाइन वाले सिक्कों को लेकर उलझन में हैं?

एक ही मूल्यवर्ग के सिक्कों के अलग-अलग डिज़ाइन होते हुए भी वे साथ-साथ प्रचलन में रहते हैं।

👉 50 पैसे, ₹1, ₹2, ₹5, ₹10 और ₹20 के सभी सिक्के वैध मुद्रा हैं और लंबे समय तक प्रचलन में रहते हैं।

👉 सिक्कों के बारे में भ्रामक जानकारी या अफ़वाहों पर भरोसा न करें।

👉 बेझिझक उन्हें स्वीकार करें।

🔒 आरबीआई कहता है- जानकार बनिए, सतर्क रहिए!",359.0,0.0,0,393
women_girlsafety,1705,2025-12-06 21:09:18+00:00,"🌸🌹

हैं यह एक अखंड नारा🌹
सबका साथ, सबका विकास हमारा🌹
जागो भारत जागों🌹
अपनी शक्ति को पहचानो🌹
युवाओं का सैलाब हैं जहाँ🌹
ज्ञान का आधार हैं जहाँ🌹
हर देश की शान हैं भारत के नाम🌹
हर देश में बैठा हैं भारतीय आवाम🌹
चंद नारों से तुम मत उबलो🌹
बस राष्ट्र धर्म में रचो बसों🌹
नेता आएगा नेता जायेगा🌹
देश तो बस लोकतंत्र ही चलायेगा🌹
समझो दुश्मन के इरादों को🌹
मत दो ख़ुशी उन अवसरवादो को🌹
एक थे हम एक हैं हम🌹
कुचलो हमें अगर हैं दम🌹

Note :-✨️✨️✨️✨️✨️✨️✨️✨️✨️✨️✨️
🌹सबका साथ सबका विकास यह नारा आज की सबसे बड़ी जरुरत हैं . 🌸देश का विकास तब ही संभव हैं 🌹जब हम एक दुसरे के साथ खड़े हो . 🌸देश का विकास किसी राजनैतिक दल के हाथों में नहीं, बल्कि हम देशवासियों के हाथों में हैं .🌹 लोकतान्त्रिक देश को कोई सरकार नहीं बल्कि जनता चलाती हैं 🌸इसके लिए जरुरी हैं कि हम सभी अपनी एकता की शक्ति को समझे व राष्ट्रधर्म को सर्वोपरि रखे ......
🇮🇳🇮🇳",244.0,0.0,0,804
women_girlsafety,1704,2025-12-06 21:07:54+00:00,"Women & Girls safety(empowerment) 

आप सभी यहाँ अपनी समस्याओं को बिना किसी जिझक के बता सकते है 😊
आपकी समस्याओं के समाधान की हर संभव कोसिस की जायेगी 😊

आप सभी कृपया ज्यादा से ज्यादा लोगो को हमारे साथ जोड़िये 🙏 ताकि और भी लोगो को ऐसे ग्रूपों के बारे मे पता चले 🙏
Please add members 😊


🍀🍀🍀एक विशेष सूचना 🍀🍀

आपके विचार और आपका support को देख करके आपको हमारे admin team मे add किया जायेगा 🙏
आपके विचार
आपके सहयोग
आपका साथ 
आपके मदद 
इन सबको देख कर के आपको Admin team मे add किया जायेगा 😊
आप सभी ज्यादा से ज्यादा जोड़िये लोगो को 🙏🙏",231.0,0.0,0,527
women_girlsafety,1703,2025-11-29 02:34:55+00:00,"**कहते हैं पुरुषों के हिस्सें,
कई माएँ आती हैं।

माँ तो होतीं हीं हैं,
बहनें भी माँ बन जाया करतीं हैं।
विवाह के बाद,
पत्नी भी माँ सा दुलार रखती हैं।
बड़ी होतीं बेटियाँ भी अक्सर, 
पिता से माँ का स्नेह जताती हैं।🌹

लेकिन  स्त्रियों के हिस्सें,
बस एक बार हीं माँ आती हैं।
उसका भी एक समय सीमा होता है,
मायके के दहलीज लांघते हीं,
ये माँ भी अक्सर पीछे छूट जातीं हैं।

उसके बाद उस स्त्री से जीवनभर,
कोई माँ सा लाड़ नहीं जताता।
इसतरह ""माँ"" के प्यार से, 
वंचित रहती हैं स्त्रियाँ ताउम्र....**",321.0,0.0,0,483
women_girlsafety,1702,2025-11-24 03:02:03+00:00,"ये हाल है यू पी पुलिस का कानून का कोई डर नही है 
दारोगा हैं या फिल्म डायरेक्टर!... UP पुलिस का ये VIDEO देखकर चकरा जाएगा माथा, वायरल हुआ यूपी पुलिस का फिल्मी सीन ….",289.0,0.0,1,164
women_girlsafety,1701,2025-11-23 11:50:39+00:00,"📢 ग्रुप सूचना (Women Safety Group)
सभी सदस्यों को सूचित किया जाता है कि हाल ही में कुछ iD लड़कियों के नाम से फेक आईडी बनाकर ग्रुप में शामिल हो जाते हैं और बाद में अपना नाम बदलकर गलत तरह की प्रोफ़ाइल बना लेते हैं जैसे paid girl, sex girl इत्यादि....जो बाद मे ग्रुप के नियमों का उल्लंघ्न करने के साथ साथ ग्रुप मे अश्लीलता फैलाने के उद्देश्य से ऐसा करते है.।. इस प्रकार की गंदी हरकते करने वाली id से बचने के लिए ग्रुप मे प्राइवेसी का प्रयोग किया गया है, कि कोई सदस्य डायरेक्ट ग्रुप ज्वाइन नहीं कर सकता है ग्रुप ज्वाइन करने के लिए उसे ग्रुप ज्वाइन रिक्वेस्ट भेजना होगा जिसके उपरांत उस id के पास एक संदेश ग्रुप निर्माण कर्ता की तरफ से जायेगा... अगर ज्वाइन कर्ता मैसेज का रिप्लाई ठीक ठाक व पूछी गई जानकारी वैध देता हो के उपरांत समूह मे एड किया जायेगा अगर जानकारी देने मे कोई भी ज्वाइनकर्ता गलत पाया जाता है तो उसे ग्रुप मे ज्वाइन नहीं किया जायेगा और उस id को ban कर दिया जायेगा

👉 इसलिए सभी सदस्य सावधान रहें।
👉 किसी भी संदिग्ध प्रोफ़ाइल को तुरंत एडमिन को रिपोर्ट करें।
👉 ग्रुप में सुरक्षित और सम्मानजनक माहौल बनाए रखने में सहयोग करें।

⚠ कोई भी सदस्य अपना नाम या डीपी बार-बार बदलते हुए पाया गया तो उसे बिना सूचना ग्रुप से हटाया जा सकता है।

धन्यवाद 🙏
ग्रुप एडमिन टीम",295.0,0.0,0,1161
women_girlsafety,1700,2025-11-21 01:06:00+00:00,"रात भर सोया नहीं सोचा फ़कत इस बात पे
   आप इतनी जल्द कैसे आ गए औकात पे

सातवीं से पढ़ रहें हैं भौतिकी में इक नियम,
   एक सा प्रतिघात होता है हर एक आघात पे

आपके के ये पांच मुद्दे पांच सौ सालों का क्या
   आप शक करने लगे पूरी ही औरत ज़ात पे

अब जला दो या डुबा दो अब नहीं पापा के पास,
  जो बचा था सब लुटा डाला मेरी बारात पे

आप सूरज हैं तो मत उगिये मेरी छत पर मगर,
  याद रखिए आपका काबू नहीं है रात पे

मेरे हक़ में कृष्ण हैं सूर्यास्त भ्रम न हो कहीं,
  शीघ्रता से खुश नहीं होते किसी की मात पे

जो नहीं रोया कभी कमरे में तन्हा बैठकर,
  वो कहां लिख पाएगा ग़ज़लें कभी बरसात पे..!!",266.0,0.0,0,572
women_girlsafety,1699,2025-11-18 13:38:37+00:00,"किसने लिखा है मुझे पता नहीं 
लेकिन एक मर्द को दर्द का एहसास कराने वाली इस लेखनी को मेरा सलाम है 
एक बार पढ़िए

आज मेरी माहवारी का 
दूसरा दिन है। 
पैरों में चलने की ताक़त नहीं है,
जांघों में जैसे पत्थर की सिल भरी है। 
पेट की अंतड़ियां
दर्द से खिंची हुई हैं। 
इस दर्द से उठती रूलाई
जबड़ों की सख़्ती में भिंची हुई है। 
कल जब मैं उस दुकान में 
‘व्हीस्पर’ पैड का नाम ले फुसफुसाई थी,
सारे लोगों की जमी हुई नजरों के बीच,
दुकानदार ने काली थैली में लपेट
मुझे ‘वो’ चीज लगभग छिपाते हुए पकड़ाई थी। 
आज तो पूरा बदन ही 
दर्द से ऐंठा जाता है। 
ऑफिस में कुर्सी पर देर तलक भी 
बैठा नहीं जाता है। 
क्या करूं कि हर महीने के 
इस पांच दिवसीय झंझट में,
छुट्टी ले के भी तो 
लेटा नहीं जाता है। 
मेरा सहयोगी कनखियों से मुझे देख,
बार-बार मुस्कुराता है, 
बात करता है दूसरों से, 
पर घुमा-फिरा के मुझे ही 
निशाना बनाता है। 
मैं अपने काम में दक्ष हूं। 
पर कल से दर्द की वजह से पस्त हूं। 
अचानक मेरा बॉस मुझे केबिन में बुलवाता हैै,
कल के अधूरे काम पर डांट पिलाता है। 
काम में चुस्ती बरतने का 
देते हुए सुझाव, 
मेरे पच्चीस दिनों का लगातार
ओवरटाइम भूल जाता है। 
अचानक उसकी निगाह,
मेरे चेहरे के पीलेपन, थकान
और शरीर की सुस्ती-कमजोरी पर जाती है,
और मेरी स्थिति शायद उसे 
व्हीसपर के देखे किसी ऐड की याद दिलाती है। 
अपने स्वर की सख्ती को अस्सी प्रतिशत दबाकर,
कहता है, ‘‘काम को कर लेना,
दो-चार दिन में दिल लगाकर।’’
केबिन के बाहर जाते 
मेरे मन में तेजी से असहजता की 
एक लहर उमड़ आई थी। 
नहीं, यह चिंता नहीं थी
पीछे कुर्ते पर कोई ‘धब्बा’
उभर आने की। 
यहां राहत थी
अस्सी रुपये में खरीदे आठ पैड से 
‘हैव ए हैप्पी पीरियड’ जुटाने की। 
मैं असहज थी क्योंकि 
मेरी पीठ पर अब तक, उसकी निगाहें गढ़ी थीं, 
और कानों में हल्की-सी
खिलखिलाहट पड़ी थी
‘‘इन औरतों का बराबरी का 
झंडा नहीं झुकता है
जबकि हर महीने 
अपना शरीर ही नहीं संभलता है। 
शुक्र है हम मर्द इनके 
ये ‘नाज-नखरे’ सह लेते हैं
और हंसकर इन औरतों को 
बराबरी करने के मौके देते हैं।’’
ओ पुरुषो!
मैं क्या करूं 
तुम्हारी इस सोच पर, 
कैसे हैरानी ना जताऊं?
और ना ही समझ पाती हूं
कि कैसे तुम्हें समझाऊं!
मैं आज जो रक्त-मांस 
सेनेटरी नैपकिन या नालियों में बहाती हूं,
उसी मांस-लोथड़े से कभी वक्त आने पर, 
तुम्हारे वजूद के लिए, 
‘कच्चा माल’ जुटाती हूं। 
और इसी माहवारी के दर्द से 
मैं वो अभ्यास पाती हूं,
जब अपनी जान पर खेल
तुम्हें दुनिया में लाती हूं। 
इसलिए अरे ओ मदो! 
ना हंसो मुझ पर कि जब मैं 
इस दर्द से छटपटाती हूं, 
क्योंकि इसी माहवारी की बदौलत मैं तुम्हें 
‘भ्रूण’ से इंसान बनाती हूं,,,,,,,",275.0,0.0,0,2291
women_girlsafety,1698,2025-11-12 03:45:16+00:00,"**✳️ एडमिन के प्रमुख दायित्व:
1️⃣ ग्रुप में शालीनता और अनुशासन बनाए रखना।
2️⃣ किसी भी शिकायत या संदिग्ध संदेश की जानकारी तुरंत ओनर या वरिष्ठ एडमिन को देना।
3️⃣ व्यक्तिगत भावनाओं से ऊपर उठकर निष्पक्ष निर्णय लेना।
4️⃣ किसी भी सदस्य को ब्लॉक या रिमूव करने से पहले सत्यापन और अनुमति लेना।
5️⃣ हर समय ग्रुप की सुरक्षा, सम्मान और संवाद को प्राथमिकता देना।

⚠️ ध्यान दें:
एडमिन का पहला कर्तव्य “स्थिति को संभालना” है, न कि “बचना” या “भावनात्मक प्रतिक्रिया देना”।

Women Safety Group Owner**",271.0,0.0,0,483
women_girlsafety,1697,2025-11-12 03:39:31+00:00,"🛡️ महत्वपूर्ण सूचना Women Safety Group

हाल ही में हमारे Women Safety ग्रुप में एक घटना सामने आई थी,
जिसमें दो छात्रों द्वारा एक महिला एडमिन से संपर्क किया और इन छात्रों ने एडमिन से ग्रुप ओनर की जानकारी ग्रुप ओनर कौन है जानने के उद्देश्य से सम्पर्क किया महिला एडमिन ने जानकारी न देते हुए ब्लॉक किया तो उन्होंने
लगातार अलग अलग ID से मैसेज किए,महिला एडमिन ने कोई जबाब न देते हुए उन Id को ब्लॉक किया जो कि गलत था क्युकी तुम एडमिन थीं तो तुमको उन लड़कों को जबाब देना चाहिए था या फिर ग्रुप निर्माण कर्ता को सूचित करना चाहिए था लेकिन महिला एडमिन ने ऐसा न करते हुए अपने उन लड़कों को ब्लॉक किया बार बार ब्लॉक से परेशान होकर दोनों लड़कों द्वारा एक bot के माध्यम से एडमिन का नंबर भी निकालने की कोशिश की
हालाँकि उन्होंने कोई धमकी, ब्लैकमेल या अनुचित संदेश, गाली गलोज, अश्लीलता जैसे आदि मैसेज नहीं भेजे थे...फिर भी यह कृत्य निजता (Privacy) का उल्लंघन था,
जिसे गंभीरता से लिया गया, और जाँच की गई
जाँच के बाद यह पाया गया कि दोनों छात्र 12वीं कक्षा के क्षात्र UP के है जाँच करने के बाद इन दोनों लड़कों से बात कर लड़कों के परिवारिजनों को भी इस घटना की सूचना दी गई और उनके परिवारिजनों ने भी छमा याचना की और लड़कों ने भी अपनी गलती स्वीकार की है....
उन्होंने खेद जताया, रोकर माफ़ी माँगी और भविष्य में
ऐसा कोई कदम न उठाने का आश्वासन दिया

⚖️ निस्तारण

मामला अब पूरी तरह सुलझा लिया गया है।
दोनों संबंधित छात्रों ने लिखित/मौखिक रूप से माफ़ी माँगी है
और सुधार का वादा किया है।
इसलिए किसी भी प्रकार की आगे की कार्रवाई आवश्यक नहीं मानी गई

सभी सदस्यों से अनुरोध है कि किसी भी एडमिन या सदस्य को बिना अनुमति private message न भेजें 👍🏻

किसी की व्यक्तिगत जानकारी (नंबर, फोटो आदि) निकालने या साझा करने से बचें👍🏻

ग्रुप के उद्देश्य :- महिलाओं की सुरक्षा, सम्मान और जागरूकता को ध्यान में रखते हुए
एक सम्मानजनक वातावरण बनाए रखना है....


🙏 Women Safety ग्रुप आप सभी के सहयोग और समझदारी के लिए आभारी है 

हमारा एक ही लक्ष्य है 

हर महिला सुरक्षित,हर महिला सम्मानित 



#WomenSafetyGroupAdminTeam",244.0,0.0,0,1856
women_girlsafety,1694,2025-11-10 07:31:03+00:00,"कड़वा_सत्य :- घर से भागी हुई बेटियां
अपने साथ भगा ले जाती हैं 🧏🏻‍♀️
आसपास की बेटियों के सपने और 
पढ़ने लिखने की आजादी 
इसीलिए मेरी प्यारी बहनों अगर आप किसी से प्यार 
करते हो तो घर वालों को अंत तक मनाओ फिर शादी करो
क्योंकि एक प्यार के खातिर घर वालों के खिलाफ़ जाकर 
ऐसा कदम मत उठाया करो 💤",292.0,0.0,0,287
women_girlsafety,1692,2025-11-07 19:04:29+00:00,"**आदरणीय सर/ मैडम 🙏💐

हमारे ग्रुप का उद्देश्य है 🌺 मजबूरो को सुरक्षा प्रदान करने का 🌸कोसिस🌸 करना 
यहाँ क्या मदद होती है👉👉🌷🌷🌷
🌕अगर आप telegram, WhatsApp, Twitter, instagram या अन्य🌕 किसी भी सोशल मिडिया पर परेशान है👉 [धम्मकियो, ब्लैकमेल, अभद्र व्यवहार, अस्लिलता या धोखाधरी] से  तो आप अपने समस्याओं को यहाँ एक भरोसे के साथ बता सकते है!🎋🎋🎋🎋🎋🎋 हम सभी ग्रुप वासीयों का कोसिस होगा की हम सभी एकता के साथ समाधान करें अन्यथा अन्य तरीके से सहयोग करें! 🌼🌼
अगर आप हमारे साथ जुड़ते है तो इसमे आपको ही फायदा है इससे आप एक अच्छे नागरिक बन सकते है मदद करके✨✨
कृप्या ग्रुप मे छोटे छोटे मैसेज hii hello thanks जैसे मैसेज न करें,
आप सभी शाम 9: 00pm पर वौइस् चैट से जुड़कर अपने विचारों को साझा करें.
अगर आप ग्रुप एडमिन बनना चाहते है तो आपके विचार, व्यवहार, ग्रुप मे आपकी एक्टिविटी आदि देखकर आपको एडमिन बनाया जा सकता है

आपका अपना ग्रुप 🕸 women & girls safety 😊😊**",70.0,0.0,0,841
women_girlsafety,1691,2025-11-07 18:33:53+00:00,"ग्रुप के नियम ,....😊❤️

( ग्रुप के नियमो का पालन जरुरी है आप सभी परिवार का हिस्सा हैं,हम आपसे अपेक्षा करते है कि आप ग्रुप के नियमो का पालन अवश्य करेंगे ताकि आपका हमारा साथ हमेशा बना रहे,., सभी परिवार के सदस्यों से विनती है, सभी पोस्ट पे जाके अपने विचारों को रखे ताकि दूसरे भी आपके पोस्ट पे आके आपको प्रेरित करे ) 😊😊

ग्रुप में सभी एक दूसरे का सम्मान करे, आपत्ति जनक टिपण्णी ना करे... 🙏🏻

ग्रुप में आपसी निजी बात ना करे, अगर आपका मित्र है तो उसके निजी इनबॉक्स में बात करे....🙏🏻
मित्र नहीं है तो बेबजह बहस और बेबजह मैसेज न करें.....

ग्रुप में कोई मेंबर गलत तरीका का मैसेज, फोटो या वीडियो अपलोड करने की कोशिस ना करे, पोस्ट मंजूर नहीं होगा... 🙏🏻

शायरी पोस्ट व आपकी निजी फोटो पे प्रतिबंद है... ❌️

ग्रुप में कोई भी अर्निंग,❌️ एप्प लिंक❌️, फ्री रिचार्ज, ❌️या ग्रुप का लिंक पोस्ट नहीं करेगा ❌️करने पर तुरंत ग्रुप से safety bot द्वारा बहार कर दिया जायेगा✅️

ग्रुप में किसी से भी झगड़ा होता है तो ग्रुप एडमिन से संपर्क करे, स्वयम ही आपत्तिजनक भाषा का प्रयोग कर झगड़ा और ना बढ़ाये.. 🙏🏻

ग्रुप में सभी महिलाओ का सम्मान करे,✅️ अगर कोई किसी भी महिला को परेशान करता हुआ पाया गया तो उसकी id को रिपोर्ट करते हुए ग्रुप से बाहर किया जायेगा, ✅️ हम नहीं चाहते की आपको इस तरह से सबके सामने आना पड़े, कृपया कर आप सभी ऐसा कोई भी काम ना करे... 🙏🏻

ग्रुप में किसी पुरुष को कोई समस्या है तो वह पुरुष हमारे पुरुष एडमिन से सम्पर्क ही करें न की महिला एडमिन से सम्पर्क करे .... अगर किसी girl को कोई boys परेशान करता है तो girl भी सिर्फ girl एडमिन से सम्पर्क करें या ग्रुप मे अपनी समस्या को रखें.... 🙏🏻

Girl भी इस बात का ध्यान रखे कोई भी girl किसी लडके को मैसेज ना करे.... 🙏🏻

**विशेष :-
अगर कोई गर्ल किसी समस्या मे है तो वह सिर्फ गर्ल एडमिन से सम्पर्क करें.... न की boys एडमिन से सम्पर्क करें.... अगर कोई boys किसी समस्या मे है तो boys भी सिर्फ boys एडमिन या **@josh6767** से सम्पर्क करें न कि गर्ल्स एडमिन से सम्पर्क करने कि कोशिश करें....**

Thank you 😊😊",58.0,0.0,0,1825
women_girlsafety,1690,2025-11-05 16:54:42+00:00,"कुछ दिन पहले की सच्ची घटना
पड़ ही लेना कही ये हमारे परिवार के साथ ना हो जॉए बाकी आपकी मर्जी

एक दिल दहला देने वालीहकीकत

एक घर के मोबाइल नम्बर पर “रॉंग नम्बर” से कॉल आई.. घर की एक औरत ने कॉल रिसीव की तो सामने से किसी अनजान शख्स की आवाज़ सुनकर उसने कहा ‘सॉरी रॉंग नम्बर’ और कॉल डिस्कनेक्ट कर दी.. उधर कॉल करने वाले ने जब आवाज़ सुनी तो वो समझ गया कि ये नम्बर किसी लड़की का है, अब तो कॉल करने वाला लगातार रिडाइल करता रहता है पर वो औरत कॉल रिसीव न करती। फिर मैसेज का सिलसिला शुरू हो गया जानू बात करो न!! मोबाइल क्यूँ रिसीव नहीं करती..?

एक बार बात कर लो यार! उस औरत की सास बहुत मक्कार और झगड़ालू थी.. इस वाक़ये के अगले दिन जब मोबाइल की रिंग टोन बजी तो सास ने रिसीव कर लिया.. सामने से उस लड़के की आवाज़ सुनकर वो शॉक्ड रह गई, लड़का बार बार कहता रहा कि जानू! मुझसे बात क्यूँ नहीं कर रही, मेरी बात तो सुनो प्लीज़, तुम्हारी आवाज़ ने मुझे पागल कर दिया है, वगैरह वगैरह… सास ने ख़ामोशी से सुनकर मोबाइल बंद कर दिया जब रात को उसका बेटा घर आया तो उसे अकेले में बुलाकर बहू पर बदचलनी और अंजान लड़के से फोन पर बात करने का इलज़ाम लगाया..

पति ने तुरन्त बीवी को बुलाकर बुरी तरह मारना शुरू कर दिया, जब वो उसे बुरी तरह पीट चुका तो माँ ने मोबाइल उसके हाथ में दिया और कहा कि इसी में नम्बर है तुम्हारी बीवी के यार का.. पति ने कॉल डिटेल्स चेक की फिर एक एक करके सारे अनरीड मैसेज पढ़े तो वो गुस्से में बौखला गया.. उसने तुरन्त बीवी को रस्सी से बाँधा और फिर से बेतहाशा पीटने लगा और उधर माँ ने लड़की के भाई को फोन किया और कहा कि हमने तुम्हारी बहन को अपने यार से मोबाइल पर बात करते और मैसेज करते हुवे पकड़ लिया है.. जिसने तुम्हारी इज़्ज़त की धज्जियां बिखेर दीं…

खबर सुनकर तुरन्त उस लड़की का भाई और उसकी माँ भी वहां पहुँच गये.. पति और सास ने इल्जाम लगाये और ताने मारे तो लड़की के भाई ने भी उसे बालों से पकड़कर खूब पीटा.. लड़की कसमें खाती रही, झूठे इलज़ाम के लिये चीखती चिल्लाती रही, अपनी सफाई देती रही जाहिल और शैतान सास और पति के आगे बेबस रही… लड़की की माँ ने अपनी बेटी से कहा कि भारतीय होकर गीता पर हाथ रखकर कसम खाओ, तो उसने नहाकर फ़ौरन सबके सामने गीता पर हाथ रखकर कसम भी खाई, मगर शैतान सास ने इसे भी नकार दिया और कहा कि जो अपने पति से गद्दारी कर सकती है तो उसके लिये गीता की कसम भी कोई मुश्किल काम नहीं है..

इसके साथ पति ने वो सारे मैसेजेस उसके भाई को दिखाये जो लड़के ने लड़की को करने के लिये किये थे.. सास ने मक्कार और चालाक कहकर आग पर घी डाल दिया.. लड़की के भाई को गुस्सा आई और उसका पारा सातवें आसमान पर जा पहुंचा, उसने तुरन्त पिस्तौल निकाली और लड़की के सर में चार गोलियां दाग दी और इस तरह एक “रॉंग नंबर” ने एक खानदान उजाड़ दिया.. 3 बच्चों को अनाथ कर दिया.. जब लड़की के दूसरे भाई को खबर हुई तो उसने अपने भाई भाभी और बहन के शौहर और सास के साथ उस अनजान नम्बर पर FIR दर्ज कर दी..

पुलिस साइबर ने जब मोबाइल की जांच की तो मालूम हुवा कि लड़की ने सिर्फ एक बार उस रॉंग नम्बर को रिसीव किया था, इसके बाद उस नम्बर से वो कॉल और मैसेजेस के जरिये लड़की को फंसाने के चक्कर में लगा रहा.. सारी बातें साफ़ होने के बाद जब दूसरे भाई को खबर हुई जिसने बहन को गोली मारी थी तो उसने उसी वक़्त जेल में ख़ुदकुशी कर ली और रॉंग नम्बर मिलाने वाले लड़के को पुलिस ने पकड़कर हवालात में डाल दिया और इस तरह एक “रॉंग नम्बर” ने सिर्फ तीन दिनों में एक भारतीय दामन औरत को उसके 3 बच्चों से पूरी ज़िन्दगी के लिये दूर कर दिया और अगले 13 दिनों के अन्दर 3 बच्चे अनाथ और 2 खानदान तबाह और बर्बाद हो गये

ज़रा सोचिये और बताइये कि कसूरवार कौन..??

1- रॉंग कॉल वाला..

2- मक्कार सास..

3- शक्की और जाहिल पति..

4- गैरतमंद भाई..

5- मोबाइल ..

आप सब लोग गौर से सोच कर जवाब जरूर दीजियेगा और वो पति और भाई लोग से सर्वनीय निवेदन है की किसी भी औरत पर इल्जाम लगाने से पहले सच्चाई जान ले तब फैसला करे क्योंकि पत्निया और बेटिया ऐसे नही होती। और वो लोग जो रांग नंबर जान कर भी किसी महिला के पास फोन बार बार करते है, उन्हें खुद समझना चाहिए की हमारे घर मे भी एक माँ बहन बेटी है। सब का सम्मान करे।",197.0,0.0,0,3608
women_girlsafety,1689,2025-11-03 11:34:48+00:00,"आया समय, उठो तुम नारी,
युग निर्माण तुम्हें करना है ।।


आजादी की खुदी नींव में,
तुम्हें प्रगति पत्थर भरना है ।।


अपने को, कमजोर न समझो,
जननी हो सम्पूर्ण जगत की, गौरव हो ।।


अपनी संस्कृति की, आहट हो स्वर्णिम आगत की,
तुम्हे नया इतिहास देश का, अपने कर्मो से रचना है ।।


दुर्गा हो तुम, लक्ष्मी हो तुम,
सरस्वती हो, सीता हो तुम ।।


सत्य मार्ग, दिखलाने वाली, रामायण हो, गीता हो तुम,
रूढ़ि विवशताओं के बन्धन, तोड़ तुम्हें आगे बढ़ना है ।।


साहस, त्याग, दया ममता की, तुम प्रतीक हो अवतारी हो
वक्त पड़े तो, लक्ष्मीबाई, वक्त पड़े तो झलकारी हो,
आँधी हो तूफान घिरा हो, पथ पर कभी नहीं रूकना है ।।


शिक्षा हो या अर्थ जगत हो या सेवाये हों,
सरकारी पुरूषों के समान तुम भी हो ।।


हर पद की सच्ची अधिकारी,
तुम्हें नये प्रतिमान सृजन के अपने हाथों से गढ़ना है ।।",205.0,0.0,0,744
women_girlsafety,1688,2025-10-24 02:43:01+00:00,"🌹 सोचो ज़रा… 🌹
एवं विचार अवश्य करें,तथा अपनी राय व्यक्त अवश्य करें

कभी सोचा है उन लड़के लड़कियों ने जो घर से भागकर शादी कर लेते हैं या बिना सादी के कुछ दिनों ऐसे ही रहते है?

शायद उस वक्त उन्हें लगता है कि यही सच्चा प्यार है, लेकिन क्या उन्होंने कभी सोचा कि आगे ज़िंदगी में क्या होगा?

मुझे कुछ संदेह होता है और सोचने पर मजबूर भी हो जाता हूँ कि घर से भागकर सादी करने के बाद जब उनके बच्चे होंगे, बच्चे धीरे धीरे बड़े होंगे फिर पढ़ाई लिखाई के लिए वो स्कूल जाकर किताबों में पढ़ेंगे 
नाना-नानी के घर छुट्टियाँ बिताना
मामा-चाचा, रिस्तेदार से मिलना
रिश्तेदारों का प्यार पाना…यह सब तो किताबों मे अवश्य पढ़ेंगे... आप लोगो ने भी पढ़ा होगा LKG UKG कक्षा 1/2 की क्लास मे...UPSC की पढ़ाई के लिए पॉलिटी की NCERT में भी पढ़ा होगा.. जब बच्चा यह सब पढ़ेगा
तो वो मासूम बच्चा जब घर आकर पूछेगा कि
माँ, हमारे नाना-नानी कहाँ हैं?
पापा, हम उनके घर कब चलेंगे?
जून जुलाई की छुट्टियां मनाने हम नाना नानी के यहां कब जायेंगे
तब क्या जवाब देंगे ये लोग?🤔🤔क्या कहेंगे अपने बच्चों से 🤔

हो सकता है आप एक छोटे बच्चे से झूठ बोलोगे और उस बच्चे फिर किताबी प्रभाव न होकर बच्चे का उस पल का दर्द से गुजरेगा तो वह बच्चा सोचेगा कि शायद किताबें झूठ बोलती हैं?
फिर कैसे सीखेगा वो रिश्तों की कीमत, संस्कार की मिठास?
क्या उस बच्चे से आप अच्छी शिक्षा का ज्ञान होने जैसी उम्मीद रख पाओगे 🙄

याद रखना 
जो जिस्म की प्यास में रिश्तों की आग लगाते हैं, उन्हें ज़िंदगी कभी सुकून नहीं देती..
भगवान भी उन्हें माफ़ नहीं करता जिन्होंने अपने माता-पिता के आँसुओं पर अपनी खुशी की नींव रखी.. रामायण, गीता, कुरान, बाइबल आदि जैसे ग्रंथ आपने न पढ़े हो लेकिन इतना आप सभी को पता होगा कि माँ बाप भगवान का रूप होते है, और भगवान को दुखी कर क्या ऐसे लोग कभी खुश रह पाएंगे 🤔

एक बूढ़ा बाप अपनी बेटी को सालों तक पालता है, शिक्षा देता है, संस्कार देता है,
और फिर 18 की उम्र में कानून कहता है अब वो खुद तय करेगी/करेगा अपना जीना मरना... एक बूढ़ा बाप रिक्शा चलाकर, मेहनत मजदूरी कर, कड़कती धूप में जिसका सर से पसीना एडी तक आ गया आपकी परवरिश करते करते और 18+ की उम्र के बाद उसी परवरिश पर उसी पिता का कोई अधिकार नहीं ऐसा क़ानून है हमारे देश का
वाह रे कानून!😡
शरीर को आज़ादी दे दी, पर रिश्तों को कैद कर दिया…

अब कुछ ज्ञानी, बुद्धिजीवी सोचेंगे या मुझे कह भी सकते है कि भाई इतना लम्बा प्रोसेस होता ही नहीं... तो में उन लोगो के जबाब का आंसर देना चाहूंगा कि मान लिया इतना लम्बा प्रोसेस नहीं होगा लेकिन घर से भागकर सादी करने के बाद या सादी नहीं किये कुछ दिनों तक बिना सादी के जीवन यापन किये तो आप कहीं चाँद पर जाकर तो रहोगे नहीं रहोगे तो दुनिया के कोने किसी किराए के मकान में... वहाँ के लोग आसपास के पड़ोसी, आपके नए दोस्त आपसे पूछेंगे कि भाई/बहन दिवाली, रक्षाबंधन, भईया दूज, होली आदि त्यौहार पर घर नहीं जाओगे/जाओगी क्या आपकी ससुराल मायका रिस्तेदार आदि के यहां घूमने नहीं जाते तो क्या जबाब देंगे ऐसे लोग 🤔 क्या कहेंगे उस समाज से क्या वह कह सकेंगे कि हम घर से भागकर आए है 🤔

🙏 सच्चा प्यार भागकर नहीं, समझदारी से जीकर साबित होता है।
जो प्यार अपने माँ-बाप की इज़्ज़त बचाए  वही सच्चा प्यार होता है। ❤️

 कृपया इस संदेश को ज्यादा से ज्यादा लोगों तक पहुँचाएँ... Share करें
यह सिर्फ पढ़ने के लिए नहीं, सोचने और समझने के लिए है👍🏻
जिससे जो लोग ऐसा कदम उठाने की कोशिश कर रहे हैं,या करने वाले हैं एक पल रुककर मेरे इस संदेश को पढ़कर अपने विचार बदल लें...
प्यार और आकर्षण अस्थायी हैं, लेकिन रिश्तों की जिम्मेदारी, परिवार और संस्कार हमेशा आपकी ज़िंदगी के साथ रहेंगे... 👍🏻
यह संदेश किसी की ज़िंदगी में सही दिशा दिखा सकता है.... इसलिए प्लीज share अवश्य करें 👍🏻 🌱",83.0,0.0,0,3249
women_girlsafety,1686,2025-10-16 07:28:04+00:00,"👉🏻मैंने एक बार एक बहुत सफल महिला से पूछा कि उनकी सफलता का रहस्य क्या है? वो मुस्कुराईं और मुझसे कहा... ""मैं तब सफल होने लगी जब मैंने छोटे झगड़ों को छोटे लोगों के लिए छोड़ना शुरू किया.. मैंने उन लोगों से लड़ना बंद कर दिया जो मेरी बुराई करते थे... मैंने अपने रिश्तेदारों से लड़ना बंद कर दिया... मैंने ध्यान पाने के लिए लड़ना बंद कर दिया... मैंने लोगों की उम्मीदों पर खरा उतरने के लिए लड़ना बंद कर दिया... मैंने बेवकूफ लोगों के साथ अपने अधिकारों के लिए लड़ना बंद कर दिया... ऐसे झगड़े मैंने उन लोगों के लिए छोड़ दिए जिनके पास और कुछ लड़ने को नहीं है... और मैंने लड़ना शुरू किया अपने विज़न के लिए... अपने सपनों के लिए... अपने विचारों के लिए... और अपने मुक़द्दर के लिए... ""जिस दिन मैंने छोटे झगड़े छोड़ दिए, उसी दिन मेरी सफलता की असली शुरुआत हुई"" कुछ लड़ाइयाँ आपके समय के लायक नहीं होतीं। इसलिए सोच-समझकर तय करें कि आप किसके लिए लड़ना चाहते हैं.. 🤩💖🎉",268.0,0.0,0,844
women_girlsafety,1684,2025-10-12 16:27:33+00:00,"शराब पीकर गाड़ी न चलायें,
हेलमेट अवश्य लगाएं.
Be safe 👍🏻",245.0,0.0,0,55
women_girlsafety,1683,2025-10-10 10:42:29+00:00,"छत्तीसगढ़ के IIIT नया रायपुर में AI तकनीक का ऐसा दुरुपयोग सामने आया है, जिसने पूरे संस्थान को हिला कर रख दिया है। IIIT के थर्ड ईयर के छात्र ने AI के जरिये अपने साथ पढ़ने वाली 36 छात्राएं के फोटो को अश्लील वीडियो और फोटो में बदल डाला।जिससे हड़कंप मच गया। प्रबंधन ने छात्र को निलंबित कर जांच कमेटी गठित की है।",267.0,0.0,2,305
women_girlsafety,1682,2025-10-02 17:42:15+00:00,"उन्होंने मां को नहीं बताया था कि वो रेल मंत्री हैं। कहा था कि ""मैं रेलवे में नौकरी करता हूं""। वह एक बार किसी कार्यक्रम में आए थे जब उनकी मां भी वहां पूछते पूछते पहुंची कि मेरा बेटा भी आया है, वह भी रेलवे में है।

लोगों ने पूछा क्या नाम है जब उन्होंने नाम बताया तो सब चौंक गए "" बोले यह झूठ बोल रही है""। पर वह बोली, ""नहीं वह आए हैं""। लोगों ने उन्हें लाल बहादुर शास्त्री जी के सामने ले जाकर पूछा,"" क्या वही है?""

तो मां बोली ""हां वह मेरा बेटा है"" लोग मंत्री जी से दिखा कर बोले ""क्या वह आपकी मां है"" तब शास्त्री जी ने अपनी मां को बुला कर अपने पास बिठाया और कुछ देर बाद घर भेज दिया।

तो पत्रकारों ने पूछा ""आपने उनके सामने भाषण क्यों नहीं दिया""तो वह बोले- मेरी मां को नहीं पता कि मैं मंत्री हूं। अगर उन्हें पता चल जाए तो वह लोगों की सिफारिश करने लगेगी और मैं मना भी नहीं कर पाऊंगा।..... और उन्हें अहंकार भी हो जाएगा।

जवाब सुनकर सब सन्न रह गए।

""कहां गए वो निस्वार्थि ,सच्चे ,ईमानदार लोग"" हम सदैव स्वर्गीय श्री लाल बहादुर शास्त्री जी को अपना आदर्श मानकर कार्य करते रहेंगे""।

आज है लाल बहादुर शास्त्री जी का जन्म दिन🙏❤️",353.0,0.0,0,1012
women_girlsafety,1681,2025-10-01 04:57:52+00:00,"आज upsc को पुरे 100 साल होने के उपलक्षय में upsc के चेयरमेन 01/10/2025 दोपहर एक बजे दिल्ली दूरदर्शन चैनल पर लाइव आने वाले है, लेकिन लेकिन UPSC के विद्यार्थियों के लिए एक महत्वपूर्ण खबर यह भी है कि LBSNAA के पूर्व डायरेक्ट संजीव चोपड़ा जी ने upsc के स्टूडेंट के लिए जनरल श्रेड़ी के क्षत्रों के लिए सिर्फ दो अटेम्प देने की बात कही है और इसी आधर पर बाकि सभी केटेगरी के लिए अलग अलग अटेम्प कम करने की बात की है लेकिन अगर कोई एसपीरेंट इन दो अटेम्प से प्री क्लियर कर लेता है तो वह mains दो बार दे सकता है... उदाहरण:-अगर किसी स्टूडेंट ने 2026 में प्री क्लियर कर लिया और वह mains मे फैल हो गया तो उसे 2027 में फिर से प्री देने की आवश्यकता नहीं है वह सीधा mains दे सकता है... हालांकि यह जानकारी अभी ऑफिसियल नहीं है लेकिन lbsnaa के पूर्व डाइरेक्ट संजीव चोपड़ा जी का यह कथन है... संजीव चोपड़ा जी के इस तरह के विचारों पर आप सभी एसपीरेंट की राय क्या है अवश्य बताए",80.0,0.0,0,845
women_girlsafety,1680,2025-09-28 19:08:33+00:00,"**पिता की आँखों का उजियारा,
बेटी कहलाती है प्यारा।
जिसे दुलार से पाला जाता,
उस पर गर्व से सर उठ जाता।

पर जब घर की देहरी छोड़,
वह चल दे अनजाने मोड़।
पिता के सपनों का भार,
टूटे जैसे काँच का संसार।

पंचायत में रखी पगड़ी,
आँखों में उतर गई नमी।
इज्ज़त का प्रतीक जो था,
आज बनी सबसे बड़ी कमी।

बेटी, तू आंधी क्यों बन जाती,
घर की चौखट क्यों ठुकराती।
जो रिश्ता सबसे सच्चा है,
उसे दरकने क्यों दे जाती।

पगड़ी सिर का मान है बेटी,
बाप का पूरा सम्मान है बेटी।
सोच समझ कर राह चुनना,
तेरा कदम ही पहचान है बेटी।**",249.0,0.0,2,498
women_girlsafety,1679,2025-09-28 15:20:32+00:00,"**Alert 🚨

आज भारत और पाकिस्तान मैच को देखने के लिए जितने भी लिंक टेलीग्राम ग्रुप में या other सोसल साइट पर शेयर किए जा रहे है उस लिंक द्वारा बहुत स्कैम हो रहा है और आपके अकाउंट से पैसा निकल जाएगा और आपको एहसास भी नहीं होगा तो आप लोग सोच समझ के लिंक से मैच देखे तथा किसी अनचाहे लिंक पर क्लिक करने से बचें ✅**",242.0,0.0,0,308
women_girlsafety,1675,2025-09-19 01:25:08+00:00,"**📍📍संघर्ष का सबसे बड़ा साथी है—धैर्य।
जब आप लगातार मेहनत करते हो, तो हर दिन मन में डर भी आता है।
पर वही डर आपको यह सिखाता है कि बिना आत्मविश्वास के कोई मंज़िल आसान नहीं होती।

कभी-कभी आपको ऐसा लगेगा कि लोग सिर्फ़ परिणाम देख रहे हैं, आपकी मेहनत नहीं।
पर सच यह है कि मेहनत का असली फल भीतर महसूस होता है।
धैर्य और आत्मविश्वास ही आपको गिरने से बचाते हैं, और आपको आगे बढ़ने की ताक़त देते हैं।

याद रखो, जो भी आप कर रहे हो, उसका मूल्य केवल सफलता में नहीं, बल्कि प्रयास की हर बूंद में है।
संघर्ष के दिनों में भी आपको अपने प्रयासों पर गर्व होना चाहिए। 👍👍**",297.0,0.0,0,549
women_girlsafety,1674,2025-09-18 11:36:06+00:00,"**⚡ मुसीबत में असली चेहरे ही सामने आते हैं ⚡

कभी-कभी इंसान सोचता है कि उसके आस-पास लोग हैं, लेकिन मुश्किल वक्त सबकी असली पहचान सामने ले ही आती है
₹10,000 जैसी मामूली मदद के लिए भी कोई खड़ा नहीं हुआ सिर्फ नेहा और आर्य को छोड़कर.....यही हकीकत है....
शायद लोग भूल जाते हैं कि मुसीबत सिर्फ दूसरों के हिस्से नहीं आती, कल को किसी और को भी पड़ सकती है
मुझे अब किसी से शिकायत नहीं है.... लेकिन हाँ.....यह अनुभव मेरी आँखें अवश्य खोल गया.... 😊
👉 रिश्ते और दोस्ती....लाइक और कमेंट से नहीं मुश्किल वक्त में खड़े होने से साबित होती है..👍🏻
स्वास्थ खराब हुआ था और 15 अक्टूबर तक के लिए मेडिकल खर्च के लिए चाहिए था लेकिन आज किसी ने सहारा नहीं दिया कोई बात नहीं..
लेकिन इसने मुझे और मजबूत बना दिया है कि अब मैं किसी पर निर्भर नहीं रहूँगा...जो लोग आज मुँह मोड़ गए कल जब इन्हीं को सहारे की जरूरत होगी तो शायद यह शब्द उन्हें याद आएँगे...
दोस्तों, ज़िंदगी का यही सबक है
दूसरों की मदद करने से कभी पीछे मत हटो, क्योंकि वक्त घूमकर सबके पास आता है...लेकिन यहां जिंदगी का सबक तमाशबीन लोगो में आता है, में भूल गया था कि यह तमाशबीनो की दुनिया है शायद इसलिए इस समूह में संदेश आर्थिक मदद के लिए सेंड कर दिया था... खैर कोई नहीं..... 😊🙏 धन्यवाद उन लोगों का, जिन्होंने मेरी हालत देखी और चुप रहकर मुझे सिखा दिया कि असली ताकत सिर्फ खुद पर भरोसा करने में है.....आप सभी को मेरी तरफ से 🤭 Thank you so much 👍🏻 
याद रखना आज मेरा वक़्त था,कल किसी और का भी हो सकता है.... एक्सीडेंट से टूटी हड्डीयाँ,चोट, घाव ठीक हो जायेंगे, लेकिन लोगो की बेरुखी द्वारा दिए ज़ख्म कभी ठीक नहीं होंगे...
👉🏻महिला सुरक्षा और समाज सेवा का दावा करना आसान है,लेकिन असली इम्तिहान तब होता है जब किसी की मदद करनी हो...और उसमें सिर्फ नेहा, आर्य और निशा जी को छोड़कर आप सब फैल हो गए.... खैर छोड़ो में ज्यादा नहीं लिखूंगा और न मुझे लिखना चाहिए.... क्युकी गलती मेरी है जो में इस ग्रुप के हर एक सदस्य को अपना समझकर मदद करता रहा और खुद पर बीती तो में यहां खड़ा हो गया.... धन्यवाद 👍🏻🙏🏻😊**",153.0,0.0,0,1805
women_girlsafety,1673,2025-09-17 21:48:55+00:00,"🙏 सभी ग्रुप सदस्यों से विनम्र निवेदन 🙏

मुझे उम्मीद है कि आप सब कुशल होंगे.... आज मैं इस ग्रुप में एक ज़रूरी बात साझा कर रहा हूँ....
अचानक मेरे सामने ऐसी परिस्थिति आ गई है, जहाँ मुझे तुरंत आर्थिक मदद की आवश्यकता पड़ रही है... मुझे इस समय ₹5000 की ज़रूरत है...
यह राशि मेरे लिए बहुत बड़ी मदद होगी और मुझे विश्वास है कि आपकी सहयोग भावना से मैं इस मुश्किल घड़ी को पार कर पाऊँगा...मैं वादा करता हूँ कि जो भी सदस्य इस स्थिति में मेरा साथ देंगे, उनकी राशि मैं समय पर 15 अक्टूबर से पहले लौटा दूँगा....
जीवन में हर किसी को कभी न कभी ऐसे हालात का सामना करना पड़ता है जब दूसरों का सहारा सबसे बड़ी ताकत बन जाता है...आज मैं भी उसी मोड़ पर खड़ा हूँ और आप सबको अपने परिवार की तरह मानकर यह निवेदन कर रहा हूँ...
जो भी सदस्य मेरी मदद कर सकते हैं, कृपया संदेश करके मुझे बताएं....
आपकी छोटी सी मदद मेरे लिए बहुत बड़ा सहारा बन जाएगी....
अगर ग्रुप के कुछ सदस्य भी एक दो हजार कर सकेंगे तो मेरी मदद तथा जरूरत पूरी हो सकें
🙏 धन्यवाद 🙏🏻",105.0,0.0,0,911
women_girlsafety,1671,2025-09-14 14:12:35+00:00,"**नारी एक नज़रिया
जीवन को समझने का ज़रिया
पर दुर्भाग्य हमारी, जो अर्धांग्नी कहलाये
उसे हम आज तक समझ ना पाये
जबसे हुई तेरी प्रस्तुति
करते आये सभी स्तुति
आदि-काल से पूजी जाति
फिर भी तू दूसी जाति
शून्य को आकार दिया
पराये सपनो को साकार किया
बहुमुखी क्षेत्रों में काम महान किया
हर रिश्ते का सम्मान किया
हर रूप में प्यार दिया
तो कभी चंडी बन
पापी का नाश किया
फिरभी तू अबला है, बेचारी है
दुर्भाग्य का दंश झेलती नारी है
नज़रें जो कोई तुझपे बुरी आती
कीमत भी उसकी तू ही चुकाती
कदम-कदम पे अग्नि परीक्षा है
कोई न पूछे तेरी क्या इच्छा है
बंधनो में बंधी, सहन में सधी
कर्तव्यों के दलदली में जीवन भर धंसी
पंख होते तो परवाज़ कर जाती
पर दुर्भाग्य कोशिश से पहले ही
‘पर’ तेरी क़तर दी जाती.**",170.0,0.0,0,665
women_girlsafety,1670,2025-09-13 20:00:27+00:00,"प्यारे देशवासियों हिंदी दिवस की अनंत शुभकामनाएं!

शीर्षक –मैं  हिंदी हूं।

मैं  हिंदी हूं।
मैं हिंदी हूं।।
मै शान हिंदुस्तान की।
मैं मान हिंदुस्तान की।।
मैं हिंदी हूं....
मुझमें बसती हैं सबकी जान ।
मैं हूं भारत का सम्मान।।
मैं हिंदी हूं...

सफर मेरा था, लंबा बड़ा।
संस्कृत– पाली –प्राकृत –अपभ्रंश ,
–अवहट्ट से फिर आगे बढ़ा।।
प्राचीन, 
मध्यकालीन,
 आधुनिक हिंदी का सफ़र भी,
 तय मैंने किया।।
मैं हिंदी हूं...

भारतीय संविधान के ,
भाग –17 में  मैं रहती हूं।
अनुच्छेद 343 से 351 तक.
आठवीं अनुसूची में,
 मैं अपनी कहानी कहती हूं।।
मैं हिंदी हूं...

अरबी आए ,
फ़ारसी आए,
कुछ शब्द आए पुर्तगाल से,
 चीनी आए ,
 जापानी आए,
कुछ शब्द आए इंगलिशतान से।
दिल मेरा है बहुत बड़ा,
मैंने सभी भाषाओं को ग्रहण किया ।
मैं हिंदी हूं....
मैं हिंदी हूं....
मैं शान हिन्दुस्तान की ।
मैं मान हिंदुस्तान की।।
आप सभी को हिंदी दिवस की हार्दिक शुभकामनायें",211.0,0.0,0,821
women_girlsafety,1669,2025-09-13 11:01:16+00:00,"💐🌸🌷🌼🌺🌻🌹🌸💐

🌸 बेटियाँ 🌸

🌹 बेटियाँ तो 🌙 चाँदनी की ठंडी छाँव होती हैं,
🌼 घर की रौनक, दिलों की लगन और दुआ होती हैं।

🌷 नन्हीं हँसी से आँगन महका देती हैं,
🌺 माँ-बाप के सपनों को रंग चढ़ा देती हैं।

🌻 कभी तितली-सी, कभी फूलों की खुशबू,
💐 जीवनभर देती रहती हैं बस प्यार ही रूप।

🌸 जहाँ बेटियाँ मुस्कुराती हैं खुले आसमान तले,
🌹 वहाँ लगता है मानो खुदा उतरा हो धरे।

💐🌸🌷🌼🌺🌻🌹🌸💐",198.0,0.0,0,364
women_girlsafety,1668,2025-09-13 02:17:35+00:00,वो शक्ति है,218.0,0.0,0,11
women_girlsafety,1664,2025-09-10 07:58:17+00:00,"आदरणीय सर/ मैडम 🙏

इस ग्रुप का उद्देश्य, महिलाओ व पुरुषों को सुरक्षा प्रदान करने की कोसिस करना तथा उन्हें जागरूक करने से है.....

1.Question : यहाँ क्या मदद होती है 🤔
Ans: 
अगर आप telegram, WhatsApp, Twitter, instagram या अन्य किसी भी सोशल मिडिया पर परेशान है, या आपको किसी के द्वारा👇👇👇👇👇
[धम्मकियो, ब्लैकमेल, अभद्र व्यवहार, अस्लिलता या धोखाधरी] की जा रही है तो आप अपनी हर समस्याओं को यहाँ एक विश्वास के साथ बता सकते हैं....हम सभी ग्रुप वासी तथा हमारी एडमिन टीम के द्वारा पूर्ण कोसिस होगी की हम सभी एकता के साथ समाधान करें तथा अन्य तरीके से पीड़ित व्यक्ति ( महिला / पुरुष ) का सहयोग करें! 
अगर आप हमारे साथ जुड़ते है तो इसमे आपको ही फायदा है इससे आप एक अच्छे नागरिक बन सकते हैं तथा समाज में हो रहे अपराधों से समाज, बच्चों, महिलाओ को जागरूक कर सकते हैं 
आपका अपना ग्रुप 🕸 women & girls safety 😊😊

Note : समूह में hello, hiii, hy, goodmorning, good afternoon good evening, जैसे मैसेज allow नही हैं अगर कोई सदस्य ऐसे मैसेज का प्रयोग करता है तो उसे एक बार सूचित किया जायेगा सूचित करने के दौरान भी नहीं मानता है तो समूह से बेन कर दिया जायेगा

सभी सदस्य user name का प्रयोग करें
कोई भी सदस्य प्रोफाइल फोटो पर अश्लील फोटो का प्रयोग न करें

किसी समस्या का समाधान के लिए मैसेज एक ही बार में टाइप करें टुकड़ो में नहीं

पर्सनल डिसकस के लिए रात्रि 9:00pm पर वौइस् चैट ज्वाइन करें",198.0,0.0,0,1265
women_girlsafety,1662,2025-09-10 06:14:04+00:00,"ग्रुप के नियम ,....😊❤️

( ग्रुप के नियमो का पालन जरुरी है आप सभी परिवार का हिस्सा हैं,हम आपसे अपेक्षा करते है कि आप ग्रुप के नियमो का पालन अवश्य करेंगे ताकि आपका हमारा साथ हमेशा बना रहे,., सभी परिवार के सदस्यों से विनती है, सभी पोस्ट पे जाके अपने विचारों को रखे ताकि दूसरे भी आपके पोस्ट पे आके आपको प्रेरित करे ) 😊😊

ग्रुप में सभी एक दूसरे का सम्मान करे, आपत्ति जनक टिपण्णी ना करे... 🙏🏻

ग्रुप में आपसी निजी बात ना करे, अगर आपका मित्र है तो उसके निजी इनबॉक्स में बात करे....🙏🏻

ग्रुप में कोई मेंबर गलत तरीका का मैसेज, फोटो या वीडियो अपलोड ना करने की कोशिस ना करे, पोस्ट मंजूर नहीं होगा... 🙏🏻

शायरी पोस्ट पे आपकी निजी फोटो पे प्रतिबंद है... ❌️

ग्रुप में कोई भी अर्निंग,❌️ एप्प लिंक❌️, फ्री रिचार्ज, ❌️या ग्रुप का लिंक पोस्ट नहीं करेगा ❌️करने पे तुरंत ग्रुप से बहार कर दिया जायेगा✅️

ग्रुप में किसी से भी झगड़ा होता है तो ग्रुप एडमिन से संपर्क करे, स्वयम ही आपत्तिजनक भाषा का प्रयोग कर्क झगड़ा और ना बढ़ाये.. 🙏🏻

ग्रुप में सभी महिलाओ का सम्मान करे,✅️ अगर कोई किसी भी महिला को परेशान करता हुआ पाया गया तो उसकी id को रिपोर्ट करते हुए ग्रुप से बाहर किया जायेगा, ✅️ हम नहीं चाहते की आपको इसे तरह से सबके सामने आना पड़े, कृपया कर ऐसा कोई काम ना करे... 🙏🏻

ग्रुप में किसी पुरुष को कोई समस्या है तो वह पुरुष हमारे पुरुष एडमिन से सम्पर्क करें.... महिलाए महिला एडमिन से सम्पर्क करें.... 🙏🏻

महिलाये भी इस बात का ध्यान रखे ऐसा कोई कार्य आपभी ना करे.... 🙏🏻",49.0,0.0,0,1341
women_girlsafety,1656,2025-08-31 12:32:42+00:00,"**आदरणीय सर/ मैडम 🙏💐

हमारे ग्रुप का उद्देश्य है 🌺 मजबूरो को सुरक्षा प्रदान करने का 🌸कोसिस🌸 करना 
यहाँ क्या मदद होती है👉👉🌷🌷🌷
🌕अगर आप telegram, WhatsApp, Twitter, instagram या अन्य🌕 किसी भी सोशल मिडिया पर परेशान है👉 [धम्मकियो, ब्लैकमेल, अभद्र व्यवहार, अस्लिलता या धोखाधरी] से  तो आप अपने समस्याओं को यहाँ एक भरोसे के साथ बता सकते है!🎋🎋🎋🎋🎋🎋 हम सभी ग्रुप वासीयों का कोसिस होगा की हम सभी एकता के साथ समाधान करें अन्यथा अन्य तरीके से सहयोग करें! 🌼🌼
अगर आप हमारे साथ जुड़ते है तो इसमे आपको ही फायदा है इससे आप एक अच्छे नागरिक बन सकते है मदद करके✨✨
कृप्या ग्रुप मे छोटे छोटे मैसेज hii hello thanks जैसे मैसेज न करें,
आप सभी शाम 9: 00pm पर वौइस् चैट से जुड़कर अपने विचारों को साझा करें.

आपका अपना ग्रुप 🕸 women & girls safety 😊😊**",296.0,0.0,0,722
women_girlsafety,1655,2025-08-29 12:02:54+00:00,जो महिलाए या पुरुष किसी अननोन द्वारा व्हाट्सप्प पर आए अननोन मैसेज आदि से परेशान है वह यह सेटिंग अपने व्हाट्सप्प में जाकर अवश्य करे,343.0,0.0,0,130
women_girlsafety,1653,2025-08-27 02:17:50+00:00,"🌸 लड़कियों के लिए संदेश

1. अपनी क़ीमत पहचानो
तुम किसी की कमजोरी नहीं बल्कि शक्ति हो...अपने सपनों और आत्मसम्मान को हमेशा प्राथमिकता दो

2. ना कहना सीखो
किसी भी रिश्ते या स्थिति में जबरदस्ती सहने की ज़रूरत नहीं। अगर कुछ सही न लगे तो साफ़ शब्दों में “ना” कहो।


3. आत्मनिर्भर बनो
पढ़ाई, काम, कौशल – जितना हो सके खुद को सक्षम बनाओ। आत्मनिर्भर लड़की कभी भी दूसरों की मजबूरी नहीं बनती।


4. सुरक्षा और सतर्कता

अकेले यात्रा करते समय अपनी लोकेशन परिवार या दोस्तों को बताओ।

अजनबियों पर तुरंत भरोसा मत करो।

मोबाइल में हेल्पलाइन नंबर (112, 1091 आदि) सेव रखो।



5. आत्मरक्षा ज़रूरी है
सेल्फ-डिफेंस ट्रेनिंग लो या कम से कम बुनियादी तकनीकें सीखो ताकि मुश्किल समय में खुद को बचा सको।


6. मदद माँगने से मत हिचको
अगर कोई तुम्हारे साथ गलत व्यवहार करता है, तो चुप मत रहो। परिवार, दोस्तों या पुलिस से तुरंत मदद लो।


7. अपनी आवाज़ उठाओ
समाज में बदलाव तब ही होगा जब लड़कियाँ चुप न रहें। अन्याय के खिलाफ डटकर खड़ी रहो।

✨ “तुम कमज़ोर नहीं, बदलाव की ताक़त हो।”
✨ “सपनों को उड़ान दो, डर को पीछे छोड़ो।
✨ “तुम्हारी हिम्मत ही तुम्हारा सबसे बड़ा हथियार है।",183.0,0.0,0,1035
women_girlsafety,1651,2025-08-14 18:36:25+00:00,"हमारी भूमि तो आजाद है,
पर हमारी सोच और व्यवस्था को अभी और आजाद करना बाकि है.
हम आज भी भृष्टाचार,जातिवाद,राजनितिक स्वार्थ और असामनता की बेड़ियों मे जकडे हुए है.....


आप सभी को स्वतंत्रता दिवस की हार्दिक शुभकामनायें 🥰❤️",64.0,0.0,0,217
women_girlsafety,1650,2025-08-12 22:32:35+00:00,इस वीडियो में इस लड़की ने जो कहा है बहुत ही बढ़िया कहा है आज की युवा पीढ़ी को यही सोच रख कर अपने आगे भविष्य के बारे में सोचना चाहिए। और अपने माता-पिता का नाम रोशन करके अच्छे से अच्छे कार्य करना चाहिए,252.0,0.0,1,199
women_girlsafety,1649,2025-08-11 05:05:34+00:00,"आए हैं इस दुनिया में तो, 
कुछ अच्छा करके जाना तो बनता है।
हमें बनाने वाले ईश के आगे, 
कभी सर झुकाना तो बनता है। 

खुद के लिए तो जीते हैं सब, 
थोड़ा दूसरों के लिए भी जीना तो बनता है। 
छोटी सी इस ज़िंदगी में, 
दूसरों के काम आ जाना तो बनता है।।

मुश्किलों में तो रोते हैं सब, 
उनका हँसकर मुकाबला करना तो बनता है।
रोते हुए चहरों को भी कभी, 
खुलकर हँसाना तो बनता है।। 

ज़िंदगी है चार दिन की, 
उसे जी भर के जीना तो बनता है। 
हँसना हसाना और मुस्कराना, 
जीवन को सार्थक बनाना तो बनता है।। 

बुरी आदतें त्यागकर अच्छाई अपनाना,
उसपर अमल कर जाना तो बनता है।। 
                                         - वंशिका जैन",178.0,0.0,1,601
women_girlsafety,1648,2025-08-08 22:43:35+00:00,"**💔 राखी बिना सूनी कलाई 💔

हर साल सावन में सजता है बाज़ार,
रंग-बिरंगी राखियों की लगती कतार।
पर मेरी कलाई देख, चुपचाप रह जाती,
क्योंकि मुझे राखी बांधने कोई नहीं आती।

ना वो शरारत, ना मिठाई का स्वाद,
ना आँखों में चमक, ना चेहरे पे फरियाद।
बस तस्वीरों में देखता हूँ वो नज़ारे,
जहाँ भाई-बहन हँसते हैं प्यार के सहारे।

कहते हैं राखी है रिश्तों की पहचान,
पर मेरी पहचान में है सिर्फ खालीपन का नाम।
काश किस्मत भी देती मुझे एक बहना,
जिसके संग बचपन से बंधा रहता ये सपना।

आज फिर सावन की बारिश में भीगते हुए,
मन ही मन भगवान से ये मांगता हूँ —
""अगले जन्म में चाहे कुछ और मिले या ना मिले,
पर एक बहन ज़रूर मिले, जो राखी मेरी कलाई पर सदा बांधे। 

आज फिर बाजार से लौटा यूँ हीं,
एक राखी खरीदी औऱभगवान की तस्वीर से बाँध दी यूँ हीं**
🌸 रक्षाबंधन की हार्दिक शुभकामनाएँ 🌸
ईश्वर से प्रार्थना है कि
हर भाई-बहन का रिश्ता
प्यार, विश्वास और खुशियों से सदा महकता रहे।
और जिनके जीवन में बहन नहीं है,
भगवान उनके आँगन में भी
प्यार भरी इस छांव को ज़रूर लाए।

💖 शुभ रक्षाबंधन 💖",186.0,0.0,0,944
women_girlsafety,1647,2025-08-03 04:50:05+00:00,"😂😂🤣🤣
😂😂😁😁
समझ आया किसी के कुछ 😂",223.0,0.0,1,31
women_girlsafety,1645,2025-08-02 06:57:43+00:00,"**📢 सभी सदस्य कृपया ध्यान दें – एक आवश्यक सूचना

प्रिय सदस्यगण,
हम सभी का ""Women Safety"" ग्रुप एक जिम्मेदार मंच है जो महिलाओं की सुरक्षा, हक और जागरूकता को बढ़ावा देने के लिए समर्पित है।

❗ हाल ही में यह जानकारी प्राप्त हुई है कि किसी व्यक्ति ने हमारे ग्रुप के नाम से मिलता-जुलता एक नकली ग्रुप बना लिया है, जिससे कुछ सदस्य भ्रमित हो सकते हैं।

🛑 हम सभी से निवेदन करते हैं:

ऐसे किसी भी ग्रुप का हिस्सा न बनें जो हमारे नाम या उद्देश्य की नकल कर रहा हो।

यदि आपको कोई संदिग्ध लिंक, मैसेज या ग्रुप इनवाइट मिले तो तुरंत एडमिन को सूचित करें।

कृपया केवल इस आधिकारिक ग्रुप पर ही भरोसा करें, जहां सूचनाएं सावधानीपूर्वक साझा की जाती हैं।


🙏 हम सभी की सहभागिता से ही यह मंच सुरक्षित और उद्देश्यपूर्ण बना रहेगा।

आप सभी के सहयोग के लिए धन्यवाद।
– owner, Women Safety Group**",218.0,0.0,0,765
women_girlsafety,1641,2025-07-28 16:13:29+00:00,"आजकल सोशल मीडिया और टेलीग्राम जैसे प्लेटफॉर्म पर कुछ तथाकथित टीचर या गुरु जिस तरह का “ज्ञान” बाँट रहे हैं, वह न तो शिक्षा है, न मार्गदर्शन—बल्कि यह एक गंदी मानसिकता का विस्तार है।
ऐसे ही कुछ समूहों का उदाहरण दूँ तो टेलीग्राम पर एक upsc हिंदी नाम से बना समूह में आज एक पोस्ट दिखा जिसमे लिखा था कि बिहार में गौरव सर से संक्षिप्त मुलाक़ात हुई.. ज़ब मेरे द्वारा वहाँ संक्षिप्त मुलाक़ात से संबंधित क्वेश्चन पूछा गया कि यह संक्षिप्त मुलाक़ात का अर्थ बताइये तो महोदय द्वारा अचानक मुलाक़ात जैसे शब्दों से सम्बोधित किया जबकि संक्षिप्त मुलाक़ात का अर्थ कम समय के लिए हुई मुलाक़ात से है ना कि अचानक मुलाक़ात से... ज़ब इस मुद्दे पर चर्चा करने लगे तो वहाँ के एक व्यक्ति द्वारा जो खुद को एक टीचर बता रहा था के द्वारा बहुत ही घटिया शब्द उपयोग किये जाने लगे जैसे तुम हसीं तुम जवा वाशिंग पाउडर निरमा करके कोई song ज़ब उस टीचर से इसका तर्क देते हुए कुछ संबिधान का हवाला दिया गया तो कहने लगा कि संबिधान मे तुम्हारी मृत्यु नहीं लिखी लेकिन यह सत्य है... कहने का मतलब उस टीचर द्वारा एक भी शब्द टीचर जैसे नहीं था बल्कि उसके सभी शब्द मूर्खता की ओर इशारा कर रहे थे ज़ब उस टीचर का उसके शब्दों मे उत्तर देना शुरू किया गया तो वहाँ उपस्थित एक अज्ञ नाम से id गरिमा की बात करने लगी जबकि उसे खुद की गरिमा तो दिखा लेकिन संबिधान की गरिमा नहीं दिखी
ये लोग टीचर का चोला पहनकर अभद्र भाषा, गाली-गलौज, और समाजविरोधी बातें फैला रहे हैं। इनका उद्देश्य छात्रों का मार्गदर्शन करना नहीं, बल्कि उनकी सोच को बिगाड़ना है। और पैसे हड़प नीति जैसा माहौल बनाना है जब कोई शिक्षक खुद अशिष्ट हो, महिलाओं या विद्यार्थियों के प्रति असम्मान दिखाए, जातिवाद या धार्मिक कट्टरता को बढ़ावा दे—तो वह शिक्षक नहीं, एक जहरीला एजेंडा चलाने वाला व्यक्ति होता है।

👉 समस्या कहाँ है?

कुछ स्टूडेंट्स भी इनकी अभद्रता को ""ईमानदार बात"" या ""खरा बोलना"" मान बैठते हैं।
जैसे कि ncert के नोट्स नहीं बनाने चाहिए 😂

ऐसे गुरुओं की फॉलोइंग बढ़ती है, जिससे इनका अहंकार और ज़हर दोनों बढ़ते हैं।


👉 हमें क्या करना चाहिए?

1. ऐसे चैनल्स को रिपोर्ट करें और सार्वजनिक रूप से इनकी निंदा करें।


2. दूसरों को जागरूक करें कि ये शिक्षक नहीं, भटके हुए प्रवचनकर्ता हैं।


3. शिक्षा का मतलब केवल विषयवस्तु नहीं, बल्कि संस्कार, गरिमा और दिशा देना होता है।



अंत में—जो शिक्षक अभद्रता को ज्ञान मानते हैं, उन्हें समाज को दिशा देने का नहीं, दिशाहीनता का प्रतीक माना जाना चाहिए। शिक्षा एक मंदिर है, उसमें गंदगी फैलाने वालों को बाहर का रास्ता दिखाना ज़रूरी है।

""शब्दों की ताक़त से सोच बदलती है — और गंदे शब्दों से सोच सड़ती है।""
हमें तय करना है कि हम किसके अनुयायी हैं—गुरु के या गाली देने वाले के?",280.0,0.0,0,2388
women_girlsafety,1638,2025-07-09 16:35:16+00:00,"4 जुलाई 2025 को रात्रि समय करीब 12:45 के आसपास women's & girl's safety empowerment ग्रुप की सदस्य नेहा सिन्हा का ग्रुप के निर्माणकर्ता को कॉल नेहा सिन्हा के साथ हुए 3 जुलाई दोपहर 2:30pm के आसपास olx के माध्यम से अपनी किताबों को सेल करने हेतु करीब 16,500 का साइबर फ्रॉड हुआ नेहा छत्तीसगढ़ रायपुर ने ग्रुप निर्माणकर्ता को घटना की पूर्ण जानकारी व एविडेंस दिए जो कि सत्य पाया गया चूँकि साइबर फ्रॉड हुआ था कि तत्काल सुनवाई कर तथा नेहा को कुछ खास जानकारी उपलब्ध कराने के बाद... आज दिनांक 9 जुलाई 2025 को नेहा सिन्हा रायपुर छत्तीसगढ़ को पुरे पेैसे वापस कराए गए.. आज नेहा जी इतना खुश है कि जैसे कोई upsc टॉप कर ख़ुश होता हो 

समूह के निर्माणकर्ता आप सभी के साथ पूर्णतः साथ देने के लिए हमेंशा त्तपर हैं...आप सभी से अनुरोध है कि कभी किसी के झांसे में न आए... किसी को कोई किसी अपरचित द्वारा आए किसी लिंक, किसी प्रकार का OTP, आधार नंबर, PAN नंबर,बैंक डिटेल, ATM पिन, आदि महत्वपूर्ण जानकारी किसी के साथ साझा न करें...धन्यवाद 🙏👍👍",338.0,0.0,3,912
women_girlsafety,1636,2025-06-19 17:05:22+00:00,ध्यानपूर्वक सुनने समझने के बाद आंसर दीजिये 👍,382.0,0.0,3,44
women_girlsafety,1635,2025-06-18 17:01:22+00:00,"Upsc स्टूडेंट एक बार इस वौइस् रिकॉर्डिंग को इयरफोन लगाकर अवश्य सुनें 👍
अगर अच्छी लगे तो ❤️..... ना लगे तो 🥰 अवश्य दीजिये",348.0,0.0,1,120
women_girlsafety,1633,2025-06-15 12:32:43+00:00,"पापा की परिया (बेटियों)जो घर से भाग जाती हे उन सभी के नाम सूंदर सन्देश  ''पापा राज बहुत अच्छा है ...
मैं उससे ही शादी करूंगी..वरना !! ' 
पापा ने बेटी के ये शब्द सुनकर एक घडी को तो सन्न रह गए .
फिर सामान्य होते हुए बोले -' 
ठीक है पर पहले मैं
तुम्हारे साथ मिलकर उसकी परीक्षा लेना चाहता हूँ तभी
होगा तुम्हारा विवाह राज से...
कहो मंज़ूर है ?
'बेटी चहकते हुए
बोली -''हाँ मंज़ूर है मुझे .. 
राज से अच्छा जीवन साथी कोई हो
ही नहीं सकता..
वो हर परीक्षा में सफल होगा ..
आप नहीं जानते पापा राज को !' 
अगले दिन कॉलेज में नेहा जब राज से मिली तो उसका मुंह लटका हुआ था.. राज मुस्कुराते हुए बोला
-'क्या बात है स्वीट हार्ट..
इतना उदास क्यों हो ....
तुम मुस्कुरा दो वरना मैं अपनी जान दे दूंगा .''
नेहा झुंझलाते हुए
बोली -'राज मजाक छोडो ....
पापा ने हमारे विवाह के लिए
इंकार कर दिया है ...
अब क्या होगा ? 
राज हवा में बात उडाता
हुआ बोला होगा क्या ...
हम घर से भाग जायेंगे और कोर्ट
मैरिज कर वापस आ जायेंगें .'' 
नेहा उसे बीच में टोकते हुए बोली
पर इस सबके लिए तो पैसों की जरूरत होगी.. क्या तुम मैनेज
कर लोगे ?'' ''
ओह बस यही दिक्कत है ...
मैं तुम्हारे लिए जान दे सकता हूँ पर इस वक्त मेरे पास पैसे नहीं ... 
हो सकता है घर से भागने के बाद हमें कही होटल में छिपकर रहना पड़े..
तुम ऐसा करो, तुम्हारे पास और तुम्हारे घर में जो कुछ भी चाँदी -सोना -नकदी तुम्हारे हाथ लगे तुम ले आना ...
वैसे मैं भी कोशिश करूंगा ...
कल को तुम घर से कहकर आना कि 
तुम कॉलेज जा रही हो और यहाँ से
हम फर हो जायेंगे...
सपनों को सच करने के लिए !'' 
नेहा भोली बनते हुए बोली 
-''पर इससे तो मेरी व् मेरे परिवार कि बहुत बदनामी होगी '' 
राज लापरवाही के साथ बोला 
-''बदनामी , वो तो होती रहती है ...
तुम इसकी परवाह मत करो..'' 
राज इससे आगे कुछ कहता उससे पूर्व ही नेहा ने उसके गाल पर जोरदार तमाचा रसीद कर दिया..
नेहा भड़कते हुयी बोली
-''हर बात पर जान देने को तैयार बदतमीज़ तुझे ये तक  परवाह नहीं जिससे तू प्यार करता है उसकी और उसके परिवार की समाज में बदनामी हो ....
प्रेम का दावा करता है...
बदतमीज़ ये जान ले कि मैं वो अंधी
प्रेमिका नहीं जो पिता की इज्ज़त की धज्जियाँ उड़ा कर ऐय्याशी करती फिरूं .कौन से सपने सच हो जायेंगे ....
जब मेरे भाग जाने पर मेरे पिता जहर खाकर प्राण दे देंगें !
मैं अपने पिता की इज्ज़त नीलाम कर तेरे साथ भाग जाऊँगी  तो समाज में और ससुराल में मेरी बड़ी इज्ज़त होगी ...वे अपने सिर माथे पर बैठायेंगें...और सपनों की दुनिया इस समाज से कहीं अलग होगी...
हमें रहना तो इसी समाज में हैं ...
घर से भागकर क्या आसमान में रहेंगें ? है कोई जवाब तेरे पास..
पीछे से ताली की आवाज सुनकर
राज ने मुड़कर देखा तो पहचान न पाया.. नेहा दौड़कर उनके पास
चली गयी और आंसू पोछते हुए बोली -'पापा आप ठीक कह रहे थे
ये प्रेम नहीं केवल जाल है जिसमे फंसकर मुझ जैसी हजारों लडकियां अपना जीवन बर्बाद कर डालती हैं !!''
सोचा आज फादर्स डे पर कुछ पिता और बेटी के संबंध में कोई पोस्ट कर दूँ 🙏

✍🏻आपका अपना मित्र @josh6767",381.0,0.0,2,2624
women_girlsafety,1628,2025-05-24 17:10:50+00:00,"All the best UPSC aspirants 💐💐💐👍👍👍👍🍫🍫🍫

विरासत में मेहनत
मिली है,
इसलिए हमारी कहानी
हम खुद लिख रहे हैं...! 💯

दास्तां सुनाएंगे सफ़र की मंजिल को जिस दिन हासिल कर लेंगे।
क्या कुछ नहीं गवाया यहाँ तक आते आते।
थके हारे खुद को संभालते,
गिरते पड़ते खुद को सहलाते ,
खुद के आंसू खुद की पोंछते ,
और मंज़िल की और कदम बढ़ाते।

सफ़र लंबा था , हिम्मत भी अटूट थी ,
विश्वास भी गहरा था, 
बस रास्ते की ठोकरें कभी कभी लड़खड़ा देती थी,
उठके खुद के सहारे ही चलते गए,
हौंसला बनाए रखा और कर्म की और बढ़ते गए।

आशाओं के मौसम में कभी निराशाओं के बादल गहराते थे ,
लेकिन फिर से उठते थे और मंज़िल की और कदम बढ़ाते थे ,
शायद जिंदगी इसी का ही नाम हैं ,
सफ़र सुहाना हैं, समस्याएं तो रोज की कहानी है ,
शायद हिम्मत से चलते रहना यहीं जिंदगी की असली कहानी हैं।

Best of luck Upsc aspirants 💐💐🍫🍫🍫🍫🍫",463.0,0.0,0,762
women_girlsafety,1627,2025-05-22 17:50:08+00:00,"**═══◉༄❀༉───

कुछ रिश्ते हवा की तरह होते हैं –
जो दिखते नहीं, लेकिन महसूस होते हैं।
कुछ ख्वाब बारिश जैसे –
जो पलकों पर भीग जाते हैं...
कुछ पल बहुत सुकून भरे –
जो बिना आवाज़ के दिल से बात कर जाते हैं।

और कुछ लोग ऐसे मिलते हैं...
जैसे कोई दुआ पूरी हो गई हो।
बस वही लोग, ज़िंदगी के सबसे हसीन किस्से बन जाते है❤️❤️**",450.0,0.0,0,313
women_girlsafety,1626,2025-05-11 08:02:17+00:00,हैप्पी मदर्स डे 🥰,713.0,0.0,0,17
women_girlsafety,1625,2025-05-10 13:37:54+00:00,"सीज़फायर से कितने लोग सहमत और कितने असहमत हैं?

• सहमत ❤️
• असहमत 💔

अपना तर्क भी दे सकते हैं नीचे",598.0,0.0,0,98
women_girlsafety,1624,2025-05-10 02:38:01+00:00,"**ये वह दो बेटियां थीं, जिन्हे ऑपरेशन सिंदूर निभाने की जिम्मेदारी दी गई, और इन दोनों बेटिओं ने ना केवल आतंकवादियों के होश उड़ाए बल्कि दुनिया को यह संदेश दिया कि भारत की नारी अब कथाओ की झांसी की रानी तक सिमित नहीं है. 
वह आज की रणचंडी है जो मिराज 2000 की गरजना और सटीक रणनीति के साथ शत्रु का सर्वनास करती है.
कर्नल सोफिया कुरैशी,जिन्हे आप रणनीति की रानी कह सकते हैं,इनका नाम सुनते ही दुश्मन के पसीने छूट जाते हैं, क्युकी यह ऐसी रणनीतिकार हैं,जिन्होंने ऑपरेशन सिंदूर को इतिहास के पन्नो मे अमर कर दिया है.
इनकी तेजतराह सोच,और बारीकीय योजनाओं ने 9 आतंकीय ठिकानो को निशाना बनाया है.और आज मसूद अज़हर फुट फुट कर रो रहा है और कह रहा है कि मुझे भी ऊपर वाले बुला लिया होता,तो उसके पीछे भी यह दो बेटियां जिम्मेदार हैं, इनकी बजह से पाकिस्तान के बाहबलपुर जहाँ पर जेसेमोहम्मद का गण है, मुरीद के जहाँ पर लशकरे ताहिबा का मुख्यालय है, सिहाल कोट से लेकर pok के मुजफराबाद, सिहाला जहाँ जहाँ आतंकी संघठनों थे वहाँ पहलगाम का बदला लिया है. 🙏

जय हिन्द, जय भारत 🙏❤️🥰🇮🇳**",599.0,0.0,0,945
women_girlsafety,1620,2025-05-04 18:33:53+00:00,सुना है बेटियां आंगन की चिड़िया होती हैं बाबा,611.0,0.0,0,45
women_girlsafety,1619,2025-05-02 11:05:30+00:00,"**प्रिय नागरिकों

यदि आप अपने शहर या कस्बे में भारतीय सेना, वायुसेना या नौसेना के जवानों/वाहनों की कोई गतिविधि देखते हैं, तो कृपया कोई वीडियो या रील न बनाएं और उन्हें सोशल मीडिया पर पोस्ट न करें।

आप अनजाने में दुश्मन की मदद कर सकते हैं**

**जय हिंद** 🇮🇳",519.0,0.0,0,254
women_girlsafety,1617,2025-04-22 13:59:22+00:00,"**जो इस बार असफल हुए हैं,
उनके लिए दिल से एक बात:
“आप हारे नहीं हैं, बस थोड़े और मजबूत बन रहे हैं।”
UPSC की असफलता आपकी काबिलियत का पैमाना नहीं है। यह सिर्फ एक ठहराव है, मंज़िल नहीं।
आपने जो मेहनत की, वह बेकार नहीं जाएगी।
हर गिरने वाला, उठने की ताकत लेकर आता है।
हर असफलता एक सीख है, एक मौका है और अगली सफलता की नींव है।
""सपने देखना मत छोड़िए, क्योंकि हारने वाला वही है जो कोशिश करना छोड़ देता है।""
आप पर भरोसा रखिए, अगली बार आप भी बधाई के पात्र होंगे👍👍🌟🌟🌟🌟**",713.0,0.0,0,459
women_girlsafety,1615,2025-03-25 17:05:58+00:00,"कहाँ खो गया वो ज़माना किताब का,
थामे थे हम भी बहाना किताब का।

हर पन्ने में थी कोई बात छुपी,
हर लफ्ज़ में था अफसाना किताब का।

नजरें मिली तो लगी थी साजिश,
बन गया जैसे बहाना किताब का।

अब तो बस यादें ही बाकी बची हैं,
सुनाई नहीं देता तराना किताब का।

चलो फिर से लौटा लें वो लम्हे,
भर दें दिल में खजाना किताब का।

#cp",561.0,0.0,0,314
women_girlsafety,1612,2025-03-24 17:54:45+00:00,अयांस के केस की रिपोर्ट है... अगर किसी भी सदस्य को लगता हो कि यहां अयान के नाम पर पैसे ठगे जा रहे या दिखावा या पैसे लूटे जा रहे है तो ऐसे सदस्य इस रिपोर्ट को अवश्य देखें,440.0,0.0,0,169
women_girlsafety,1610,2025-03-24 17:31:23+00:00,"`समूह के सभी सदस्यों से निवेदन है कि एक छोटी सी नन्ही सी प्यारी जान, नाम अयान s/o अमन के लिए जितना हो सकें आप सभी से अयान की मदद हेतु आप इस क्वार कोड़ को स्कैन कर अयान की मदद कर सकते है, यह बच्चा अभी नॉएडा सेक्टर 27 के कैलाश हॉस्पिटल के icu में एडमिट है, माँ बाप की बच्चे के इलाज के लिए पैसे ना होने के कारण हम सभी को इस नन्ही सी जान के लिए जो भी हो सके वह करना चाहिए, प्लीज आप सभी मदद अवश्य करें 🙏🏻

नोट :- यह एक बच्चे के लिए मदद हेतु दिया गया दान होगा...यह रिटर्न नहीं होगा 🙏🏻

समूह के सभी सदस्यों से अनुरोध तथा विनम्र निवेदन है कि इस नन्ही सी जान की मदद अवश्य करें 🙏🏻`",374.0,0.0,0,570
women_girlsafety,1608,2025-02-20 17:11:51+00:00,"**जिद्द करो की दुनिया बदल जाए,

जिद्द हो ऐसी जो गलत को सही कर जाए| 

सहरा में नदिया बहने लगी,

बंजर भूमि भी हरी हो जाए|”
” जिद्द हो हर भूखे को खाना मिले,

जिद्द हो ऐसी जो रोते को हंसा जाए| 

हौसला दो किसी की टूटती उम्मीदों को,

हाथ दो किसी के थकते कदमो को,

जिद्द हो जो आंधी में दिया जला दे,

जिद्द हो ऐसी जो रास्ते के लिए चट्टान हिला दे| 

हर बात सिर झुका कर मान लेना बुजदिली है,

कई बार जिद्द करना भी जरुरी है| 

जिद्द हो की सत्य ना छिपे कभी,

जिद्द हो सत्याग्रह ना रुके कभी| 

जिद्द हो हर हार जीत में बदल जाए,

जिद्द करो कठिन सरल हो जाए| 

जिद्द करो की अनेक एक हो जाए,

जिद्द करो बद्दी नेक हो जाए| 

जिद्द हो जो वाली को वाल्मीकि कर दे,

जिद्द हो जी अंधरे में रौशनी भर दे| 

जिद्द करो की तारे धरती पर उतरने लगे।**",483.0,0.0,0,715
women_girlsafety,1605,2025-02-06 15:21:06+00:00,"ठीक कह रहे हो जीवन से कुछ परेशान हैं
छोटे ही सही हमारे भी कुछ तो अरमान हैं

क्या हुआ सर पर छत नहीं हमारे
लेकिन अनंत तक फैला हुआ आसमान है

क्यों इतना मोल भाव करते हो हमसे
फुटपाथ पर ही सही हमारी भी दुकान है

जरूरत से ज्यादा मुनाफा नहीं लेंगे
गरीब सही पर हमारा भी ईमान है

आँखों में आंसू भी हैं सपने भी
दर्द होता है आखिर हम भी तो इनसान हैं

किताबें पुरानी सही बस्ता फटा हुआ
बच्चा हमारा पढ़ने में होशियार है

पढ़ लिख कर एक दिन बड़ा आदमी बनेगा
यही एक छोटा सा अरमान है

फिर बदल जायेंगे हमारे भी दिन 
भगवान हमारा भी तो भगवान है",621.0,0.0,1,520
women_girlsafety,1604,2025-01-01 12:36:13+00:00,"बैसे कहना तो नहीं चाहता था, लेकिन सरकारी नौकरी और पैसे ने कहने पर मजबूर कर दिया.
दिए गए फोटो मे दोनों पति पत्नी है,दोनों अलग अलग कास्ट यानि लड़का वाल्मीक तथा लड़की की कास्ट धोबी... लडके के चेहरे पर फ़िल्टर है इसलिए इतना सुन्दर दिख रहा है जितना है नहीं बेहद काला है... तथा विकलांग भी है पैर से... लेकिन फिर भी इस लडके ने इस लड़की से कोर्ट मेर्रिज की है अब क्युकी लडके की गॉवर्मेँट जॉब है pwd में 😁

जबकि लड़की अभी पढ़ाई कर सरकारी नौकरी की तलाश मे है ग्रेजुएट है लड़की पढ़ी लिखी शिक्षित भी है

अब आप बताइये यह प्यार है या सरकारी नौकरी का जलबा 🤔",330.0,0.0,0,534
women_girlsafety,1600,2024-12-23 02:53:49+00:00,"आदरणीय सर/ मैडम 🙏💐

हमारे ग्रुप का उद्देश्य है 🌺 मजबूरो को सुरक्षा प्रदान करने का 🌸कोसिस🌸 करना 
यहाँ क्या मदद होती है👉👉🌷🌷🌷
🌕अगर आप telegram, WhatsApp, Twitter, instagram या अन्य🌕 किसी भी सोशल मिडिया पर परेशान है👉 [धम्मकियो, ब्लैकमेल, अभद्र व्यवहार, अस्लिलता या धोखाधरी] से  तो आप अपने समस्याओं को यहाँ एक भरोसे के साथ बता सकते है!🎋🎋🎋🎋🎋🎋 हम सभी ग्रुप वासीयों का कोसिस होगा की हम सभी एकता के साथ समाधान करें अन्यथा अन्य तरीके से सहयोग करें! 🌼🌼
अगर आप हमारे साथ जुड़ते है तो इसमे आपको ही फायदा है इससे आप एक अच्छे नागरिक बन सकते है मदद करके✨✨
आपका अपना ग्रुप 🕸 women & girls safety 😊😊",473.0,0.0,0,581
women_girlsafety,1599,2024-12-22 15:54:07+00:00,"कितने सपने तूटे आज तक लेकिन कमबख्त ख्वाहिशें है की खत्म नहीं होती

तंग आ चुके हैं हम जिंदगी की कैद से लेकिन अफसोस की रिहाई नहीं मिलती

बरसों से सोना चाहते हैं मुक्कमल नींद लेकिन वक्त की बेरहमी की ख्वाहिश मुक्कमल नहीं होती🦋",365.0,0.0,0,222
women_girlsafety,1597,2024-12-19 14:55:35+00:00,"आज आप सभी को कहना चाहूंगा कि इस समूह मे कोई भी सदस्य कभी भी जीवन मे किसी प्रकार की मदद के लिए कोई भी किसी प्रकार का मैसेज न करना....आज इस समूह को बने हुए करीब तीन से चार साल हो गए और हमेशा मैंने ( @josh6767 ) ने काफ़ी कठिन से कठिन केस सॉल्व किये जो कि आप लोगो द्वारा इस समूह मे मैसेज कर मदद हेतु शिकायत की जाती थी... चाहें फिर वह केस पुलिस से कोर्ट से बॉयफ्रेंड गर्लफ्रेंड, गिरफ्तारी, गुमशुदा, अपहरण, धोखा,डाइवोर्स, स्टडी प्रॉब्लम, upsc, स्टेट pcs स्टडी मेटेरियल.... जो भी समस्या सभी का समाधान किया गया था.. वह भी बिल्कुल मुफ्त बिना किसी चार्ज के... लेकिन आज जब मुझे आप लोगो की जरूरत पड़ी तो आप सभी मुँह मोड़ने लगे...और तो और जिन लोगो की मदद की वही लोग मुझे आज पहचान भी नहीं रहे.. आजतक मैंने कभी किसी लड़की को सताया नहीं कभी किसी को परेशान नहीं किया हमेशा सभी की हेल्प की आप सभी के लिए मे अपने डिपार्टमेंट से भी लड़ा, क़ानून का और पुलिस से कैसे निपटना चाहिए सिखाया...सब कुछ किया आप लोगो के लिए.... लेकिन आज आप मुँह मोड़ने  लगे सिर्फ इसलिए कि आज मेरी तबियत ठीक नहीं है... मुझे हर्ट की प्रॉब्लम है.. अचानक से मेरे सीने मे दर्द उठा और ब्लडप्रेशर हाई हुआ जिसके कारण बेहोश हो गया जिसके टिटमेंट मे करीब 6/7 लाख रूपये खर्च हो गए.. और आज मेरी जो दवाए आती है वह पांच हजार रूपये सप्ताह की आती है जिसके लिए मेरे पास सिर्फ जनवरी तक यानि की दो सप्ताह के पैसे नहीं थे जिसकी जरूरत थी यानि कि दस पंद्रह हजार रूपये की जरूरत थी जिसके लिए मैंने आप सभी से इस समूह मे मदद मांगी.. लेकिन सिर्फ ध्यानरूप, रोहित, शीला कुलदीप, शिवापाल, सुमन द्वारा जिससे जितना हो सका मदद की...मैंने मदद के लिए उन लोगो से भी कहा जिन लोगो के लिए पुलिस से लेकर हर क्षेत्र मे लड़ा... और आज वही लोग मुझे पहचान नहीं रहे.. खैर मुझे इस बात का दुख नहीं हुआ था कि आप लोगो द्वारा मदद नहीं की गई... बस दुख इस बात का हुआ कि... मे इस स्वार्थी दुनिया मे मदद करने के लिए खड़ा क्यों हुआ, क्यों मैंने यह ग्रुप बनाया, क्यों मदद की... क्युकी यहां तो दुनिया मतलबी है.. मतलब निकलने के बाद भूल जाती है... अरे यारों इस समूह मे 6555 मेंबर है अगर आप सभी न करते.. सिर्फ दो सौ लोग 10 / 10 रूपये करते तो भी 20 हजार हो जाता जबकि मुझे तो सिर्फ पंद्रह हजार की जरूरत थी... आज मे बड़े गर्व से कहता हूँ कि दुनिया आज तुम जैसे स्वार्थी लोगो से नहीं बल्कि शीला कुलदीप, ध्यानरूप, शिवा, रोहित सुमन जैसे अच्छे इंसानौ की बजह से टिकी है.. अब आप यही सोचोगे कि इन लोगो ने मेरी मदद की इसलिए मे इनके लिए बोल रहा हूँ.... लेकिन ऐसा कुछ नहीं है.. अच्छे लोगो की हमेशा अच्छाई की जाती है... तुम लोगो को क्या लगा था कि मे पैसे लेकर वापस नहीं कर्ता फ्रॉड कर्ता आप लोगो के साथ.. ऐसा कुछ नहीं है... आपकी सोच है कुछ भी सोचो... लेकिन मेरी अभी तक जिन लोगो ने मदद की है उन सभी के पैसे जल्द से जल्द वापस करूंगा लास्ट जनवरी तक ही वापस करूंगा... लेकिन आज आप सभी ने मुझे अपनी ओकात और रंग दिखा दिया इसलिए आजके बाद इस समूह मे कभी भी मदद के लिए कोई मैसेज न करना बस 🙏🏻.... धन्यवाद 🙏🏻

जिस किसी को विश्वास हो इस ग्रुप व @josh6767 पर तो ज्यादा नहीं पांच सात हजार रूपये की मदद कर देना 🙏🏻
जो भी मदद करेगा उसका पैसा जनवरी लास्ट तक वापस किया जायेगा...",537.0,0.0,1,2823
women_girlsafety,1596,2024-12-17 15:24:34+00:00,"प्रिय ग्रुप मेंबर्स ,

आशा है आप सभी स्वस्थ और खुश होंगे।
आज मैं आप सभी से एक अनुरोध करना चाहता हूं 🙏🙏
 जैसा कि आप सभी जानते हैं, हमारा ग्रुप “वूमेंस एंड गर्ल सेफ्टी” महिलाओं और लड़कियों की सुरक्षा के लिए समर्पित है। हम सभी मिलकर इस समूह को एक मजबूत मंच बना चुके हैं। 
हमारे ग्रुप प्रमुख दिनेश सर ने इस ग्रुप के माध्यम से न सिर्फ लड़कियों और महिलाओं की सुरक्षा के लिए कानूनी रूप से, आर्थिक रूप से, सामाजिक रूप से जागरूकता फैलाकर सहायता करी है बल्कि 
गर्ल्स एंड बॉयज दोनों के लिए अध्ययन के साधन उपलब्ध कराए हैं यूपीएससी पीसीएस आदि परीक्षाओं के लिए मुफ्त में 
क्लासेस नोट्स और गाइडेंस उपलब्ध कराया है ।
जब भी महिलाओं से संबंधित ग्रुप में कोई भी मुद्दा आया है सर ने हर संभव मदद करी है । 
यह ग्रुप सभी महिलाओं के लिए और जो भी किसी कारणवश यूपीएससी पीसीएस जैसे बड़े एग्जाम की तैयारी नहीं कर पा रहे हैं उनकी सहायता के लिए एक सामाजिक मंच रहा है जिसके जरिए सैकड़ो लोगों की मदद की गई है  और यह मंच हमेशा लड़कियों , महिलाओं और जरूरतमंदों की सहायता के लिए तत्पर रहना चाहता है 


लेकिन आज हमारे ग्रुप प्रमुख दिनेश सर की तबीयत ठीक नहीं है इसके लिए उन्हें आर्थिक रूप से थोड़ी सहयोग की आवश्यकता है। आपकी सहायता के लिए ये ग्रुप आपका हमेशा आभारी रहेगा और आपकी छोटी सी हेल्प से इंसानियत भी जिंदा रहेगी वरना कहीं ना कहीं आज हमें आभास हो रहा है कि इंसानियत खत्म हो गई है


मैं आप सभी से अनुरोध करता हूं कि आप इस कठिन समय में हमारे ग्रुप प्रमुख की मदद के लिए आगे आएं। आपकी हर छोटी-बड़ी मदद उनके लिए बहुत मायने रखेगी।

 * आपकी मदद से हमारे ग्रुप प्रमुख जल्द से जल्द स्वस्थ हो जायेंगे और फिर से हमारे साथ मिलकर महिलाओं और लड़कियों की सुरक्षा के लिए काम कर सकेंगे।
 यह ग्रुप सामाजिक सहायता के लिए एक कड़ी है और इस कड़ी को आगे बढ़ाने के लिए आज आप सभी की आवश्यकता है । कृपया आप सभी मदद के लिए आगे आएं और इस कड़ी को टूटने सेबचा लें अन्यथा हमें womens and girl safety and यूपीएससी स्टडी ग्रुप मजबूरन डिलीट करना पड़ेगा । 

कृपया इसे कोई फ्रॉड या पैसा मांगने का तरीका मत समझिएगा 
आज हमें आप सभी ग्रुप मेंबर्स की आवश्यकता है इसलिए  ऐसा करना पड़ रहा है   आप सभी से सहायता के लिए नैतिक अनुरोध है कृपया अपना नैतिक सहयोग प्रदान करें 
वूमेंस एंड गर्ल सेफ्टी ग्रुप आपकी सहायता के लिए सदा आभारी रहेगा 
 डियर ग्रुप मेंबर्स आपसे जितना हो पाए 500,1000, 2000 
कृपया मदद के लिए आगे आएं आपका पैसा 1 जनवरी से 10 जनवरी के बीच वापस कर दिया जाएगा 🙏🙏
धन्यवाद🙏🙏

अनुरोध से, 'womens and girl safety group '
कृपया सहायता देने के लिए हमें मैसेज करें 🙏🏻🙏🏻
@josh6767 @dhyan_25   @Choudhury9363",197.0,0.0,0,2337
women_girlsafety,1594,2024-12-11 03:06:29+00:00,"देख लो किसको कितनी इज्जत देनी है

जान लीजिए 
#UPSC PRELIMS 2025",596.0,0.0,0,63
women_girlsafety,1593,2024-12-10 17:33:51+00:00,ये है सरकारी नौकरी का power Isliye बोलता हूं बालको पढ़ाई पर ध्यान दो तैयारी अच्छे से करो अगर सरकारी नौकरी नहीं हुआ ना तो कुछ नहीं होने जा रहा है शाही पनीर कोई और लेकर चला जाएगा😁😁,505.0,0.0,0,178
women_girlsafety,1592,2024-11-16 04:00:21+00:00,"एक कवि नदी के किनारे खड़ा था ! 
तभी वहाँ से एक लड़की का शव 
नदी में तैरता हुआ जा रहा था।
तो तभी कवि ने उस शव से पूछा ----

कौन हो तुम ओ सुकुमारी,
बह रही नदियां के जल में ?

कोई तो होगा तेरा अपना,
मानव निर्मित इस भू-तल मे !

किस घर की तुम बेटी हो,
किस क्यारी की कली हो तुम ?

किसने तुमको छला है बोलो,
क्यों दुनिया छोड़ चली हो तुम ?

किसके नाम की मेंहदी बोलो,
हांथो पर रची है तेरे ?

बोलो किसके नाम की बिंदिया,
मांथे पर लगी है तेरे ?

लगती हो तुम राजकुमारी,
या देव लोक से आई हो ?

उपमा रहित ये रूप तुम्हारा,
ये रूप कहाँ से लायी हो?
..........

दूसरा दृश्य----
कवि की बाते सुनकर
लड़की की आत्मा बोलती है...

कवी राज मुझ को क्षमा करो,
गरीब पिता की बेटी हुँ !

इसलिये मृत मीन की भांती,
जल धारा पर लेटी हुँ !

रूप रंग और सुन्दरता ही,
मेरी पहचान बताते है !

कंगन, चूड़ी, बिंदी, मेंहदी,
सुहागन मुझे बनाते है !

पित के सुख को सुख समझा,
पित के दुख में दुखी थी मैं !

जीवन के इस तन्हा पथ पर,
पति के संग चली थी मैं !

पति को मेने दीपक समझा,
उसकी लौ में जली थी मैं !

माता-पिता का साथ छोड 
उसके रंग में ढली थी मैं !

पर वो निकला सौदागर,
लगा दिया मेरा भी मोल !

दौलत और दहेज़ की खातिर
पिला दिया जल में विष घोल !

दुनिया रुपी इस उपवन में,
छोटी सी एक कली थी मैं !

जिस को माली समझा,
उसी के द्वारा छली थी मैं !

इश्वर से अब न्याय मांगने,
शव शैय्या पर पड़ी हूँ मैं ! 

दहेज़ की लोभी इस संसार मैं,
दहेज़ की भेंट चढ़ी हूँ में !

दहेज़ की भेंट चढ़ी हूँ मैं !!

.....................",640.0,0.0,0,1358
women_girlsafety,1591,2024-11-07 02:29:07+00:00,"ऐसे ही चलता रहता है इधर पेपर लीक का तो 😬

अब तो मन भी ना करता Exam देना का 😢",714.0,0.0,2,76
women_girlsafety,1589,2024-11-06 14:43:08+00:00,"1. एक नारी को तब क्या करना चाहिये जब वह देर रात में किसी उँची इमारत की लिफ़्ट में किसी अजनबी के साथ स्वयं को अकेला पाये ? 
जब आप लिफ़्ट में प्रवेश करें और आपको 13 वीं मंज़िल पर जाना हो, तो अपनी मंज़िल तक के सभी बटनों को दबा दें ! कोई भी व्यक्ति उस परिस्थिति में हमला नहीं कर सकता जब लिफ़्ट प्रत्येक मंजिल पर रुकती हो ! 

2. जब आप घर में अकेली हों और कोई अजनबी आप पर हमला करे तो क्या करें ? तुरन्त रसोईघर की ओर दौड़ जायें 

आप स्वयं ही जानती हैं कि रसोई में पिसी मिर्च या हल्दी कहाँ पर उपलब्ध है ! और कहाँ पर चक्की व प्लेट रखे हैं !यह सभी आपकी सुरक्षा के औज़ार का कार्य कर सकते हैं ! और भी नहीं तो प्लेट व बर्तनों को ज़ोर- जोर से फैंके भले ही टूटे !और चिल्लाना शुरु कर दो !स्मरण रखें कि शोरगुल ऐसे व्यक्तियों का सबसे बड़ा दुश्मन होता है ! वह अपने आप को पकड़ा जाना कभी भी पसंद नहीं करेगा ! 

3. रात में ऑटो या टैक्सी से सफ़र करते समय ! 

ऑटो या टैक्सी में बैठते समय उसका नं० नोट करके अपने पारिवारिक सदस्यों या मित्र को मोबाईल पर उस भाषा में विवरण से तुरन्त सूचित करें जिसको कि ड्राइवर जानता हो ! मोबाइल पर यदि कोई बात नहीं हो पा रही हो या उत्तर न भी मिल रहा हो तो भी ऐसा ही प्रदर्शित करें कि आपकी बात हो रही है व गाड़ी का विवरण आपके परिवार/ मित्र को मिल चुका है ! . इससे ड्राईवर को आभास होगा कि उसकी गाड़ी का विवरण कोई व्यक्ति जानता है और यदि कोई दुस्साहस किया गया तो वह अविलम्ब पकड़ में आ जायेगा ! इस परिस्थिति में वह आपको सुरक्षित स्थिति में आपके घर पहुँचायेगा ! जिस व्यक्ति से ख़तरा होने की आशंका थी अब वह आपकी सुरक्षा का ध्यान रखेगा ! 

4. यदि ड्राईवर गाड़ी को उस गली/रास्ते पर मोड़ दे जहाँ जाना न हो और आपको महसूस हो कि आगे ख़तरा हो सकता है - तो क्या करें ? 

आप अपने पर्स के हैंडल या अपने दुपट्टा/ चुनरी का प्रयोग उसकी गर्दन पर लपेट कर अपनी तरफ़ पीछे खींचती हैं तो सैकिण्डो में वह व्यक्ति असहाय व निर्बल हो जायेगा ! यदि आपके पास पर्स या दुपट्टा न भी हो तो भी आप न घबरायें ! आप उसकी क़मीज़ के काल़र को पीछे से पकड़ कर खींचेंगी तो शर्ट का जो बटन लगाया हुआ है वह भी वही काम करेगा और आपको अपने बचाव का मौक़ा मिल जायेगा ! 

5. यदि रात में कोई आपका पीछा करता है ! 

किसी भी नज़दीकी खुली दुकान या घर में घुस कर उन्हें अपनी परेशानी बतायें ! यदि रात होने के कारण बन्द हों तो नज़दीक में एटीएम हो तो एटीएम बाक्स में घुस जायें क्योंकि वहाँ पर सीसीटीवी कैमरा लगे होते हैं ! पहचान उजागर होने के भय से किसी की भी आप पर वार करने की हिम्मत नहीं होगी ! 

आख़िरकार मानसिक रुप से जागरुक होना ही आपका आपके पास रहने वाला सबसे बड़ा हथियार सिद्ध होगा ! 

कृपया समस्त नारी शक्ति जिसका आपको ख़्याल है उन्हें न केवल बतायें बल्कि उन्हें जागरुक भी कीजिए ! अपनी नारी शक्ति की सुरक्षा के लिये ऐसा करना ! न केवल हम सभी का नैतिक उत्तरदायित्व है बल्कि कर्त्तव्य भी है ! 
......... ...... ......... ...... ......... ...... ..... ..... ..... 
प्रिय मित्रों इससे समस्त नारी शक्ति -अपनी मां, बहन, पत्नी व महिला मित्रों को अवगत करावें !

आप सभी से विनम्र निवेदन की इस संदेश को महिला शक्ति की जानकारी में अवश्य लायें यह समस्त नारी शक्ति की सुरक्षा के लिये सहायक सिद्ध होगा ! ऐसा मेरा विश्वास है !
जय हिंद 🇮🇳
️ #हर_बेटी_मेरी",617.0,0.0,0,2887
women_girlsafety,1588,2024-10-29 03:56:16+00:00,"*‼️""होत वही जो राम रची राखा""‼️*

एक  बार  स्वर्ग  से  घोषणा हुई  कि  *भगवान  सेब  बॉटने आ  रहे  है*  सभी  लोग भगवान  के  प्रसाद  के  लिए तैयार  हो  कर  लाइन लगा कर  खड़े  हो  गए।

*एक  छोटी  बच्ची  बहुत उत्सुक  थी*  क्योंकि  वह पहली  बार  भगवान  को देखने  जा  रही  थी।

एक  बड़े  और  सुंदर  सेब  के साथ  साथ  भगवान  के दर्शन  की  कल्पना  से  ही खुश  थी।
अंत  में  प्रतीक्षा  समाप्त  हुई। बहुत  लंबी  कतार  में  जब उसका  नम्बर  आया  तो *भगवान  ने  उसे  एक  बड़ा और  लाल  सेब  दिया।*

लेकिन  जैसे  ही  उसने  सेब पकड़ कर  लाइन  से  बाहर निकली  उसका  *सेब  हाथ  से छूट कर  कीचड़  में  गिर गया*।  बच्ची  उदास  हो  गई।

अब  उसे  दुबारा  से  लाइन  में  लगना  पड़ेगा। दूसरी लाइन  पहली  से  भी  लंबी थी। लेकिन  कोई  और  रास्ता  नहीं  था।

सब  लोग  ईमानदारी  से अपनी  बारी  बारी  से  सेब लेकर  जा  रहे  थे।

अन्ततः  वह  *बच्ची  फिर  से लाइन  में  लगी*  और  अपनी बारी  की  प्रतीक्षा  करने लगी।

आधी  क़तार  को  सेब  मिलने  के  बाद  *सेब  ख़त्म होने  लगे*। अब  तो  बच्ची बहुत  उदास  हो  गई।

उसने सोचा  कि  उसकी  बारी  आने  तक  तो  सब  सेब  खत्म  हो  जाएंगे।  लेकिन  वह  ये  नहीं  जानती थी  कि  भगवान  के  भंडार कभी  ख़ाली  नही  होते।

जब  तक  उसकी  बारी  आई  तो  और  भी  नए  सेब  आ गए ।

भगवान  तो  अन्तर्यामी  होते हैं। बच्ची  के  मन  की  बात जान  गए।उन्होंने  इस  बार बच्ची  को  सेब  देकर  कहा कि  *पिछली  बार  वाला  सेब एक  तरफ  से  सड़  चुका  था*।

 तुम्हारे  लिए  सही  नहीं  था इसलिए  *मैने  ही  उसे  तुम्हारे हाथों  गिरवा  दिया  था*। दूसरी  तरफ  लंबी  कतार  में तुम्हें  इसलिए  लगाया क्योंकि  नए  सेब  अभी पेडों पर  थे।  उनके  आने  में  समय  बाकी  था। इसलिए तुम्हें  अधिक  प्रतीक्षा  करनी पड़ी।

*ये  सेब  अधिक  लाल, सुंदर और  तुम्हारे  लिए  उपयुक्त है।*

भगवान  की  बात  सुनकर बच्ची  संतुष्ट  हो  कर  गई ।

*इसी  प्रकार यदि आपके किसी काम  में  विलंब हो रहा  है  तो  उसे  भगवान  की इच्छा  मान कर  स्वीकार करें । जिस  प्रकार  हम  अपने बच्चों  को  उत्तम  से  उत्तम देने  का  प्रयास  करते  हैं।*
*उसी  प्रकार  भगवान भी अपने  बच्चों  को  वही  देंगे जो  उनके  लिए  उत्तम  होगा। ईमानदारी  से  अपनी  बारी की  प्रतीक्षा  करें

*""ईश्वर"" से शिकायत क्यों है ? ईश्वर ने पेट भरने की जिम्मेदारी ली है..पेटियां भरने की नहीं...*
*ह्रदय कैसे चल रहा है,यह डाक्टर बता देंगे, परन्तु ह्रदय में क्या चल रहा है,यह तो स्वयं को ही देखना है।*
इस कठिन समय मे संयम रखियेगा,ईमानदारी तथा दयालुता से जरूरतमंद के लिए भगवान बनकर उनकी मदद *कीजियेगा,
💐💐

Don't sad guy's be positive ✌️",619.0,0.0,2,2334
women_girlsafety,1586,2024-10-19 02:34:06+00:00,"**पाँच स्त्रियाँ
—
पहली स्त्री है 
जिसके दूध के दाँत नहीं टूटे
उसे चॉकलेट पसन्द है
उसका मुँह दबोचा गया एकांत में
और कहा गया ""चुप रहना""
समय आने पर उसे दफ़ना दिया जाएगा
या जला दिया जाएगा
उसी एकांत में

दूसरी स्त्री क़ैद है
रिश्तों की चारदीवारी में
उसकी जाँघें खरोंचकर
टाँगों के बीच भरी गईं
सुहाग की निशानियाँ
उसके गालों को खींचकर
चिपका दिया गया
मर्यादा की दीवारों से
ताकि बनी रहे उसके होठों पर
चिरकाल तक एक स्थिर मुस्कान

तीसरी स्त्री वो है जो
उठा ली गयी राह चलते
उसे बांध दिया गया
जकड़कर
मजबूर किया गया उसे
साँस लेने को
जब तक उसके शरीर से
माँस का एक-एक क़तरा
न नोच लिया गया हो

चौथी स्त्री जकड़ी हुई है
सोने की ज़ंजीरों में
उसके कमरे में खुलती है एक खिड़की
ककहरा सीखते ही उसे ब्याह दिया गया
ताकि बचा सके उसे बलात्कार से
और रह सके ऊँची समाज़ की नाक

पाँचवी स्त्री लेटी है
एक अंधेरे कमरे में,
लगभग सत्तर लोग
एक के बाद एक
गुज़रते हैं उसके ऊपर से
रेलगाड़ी की तरह,
उसके कानों में पड़ती हैं रात भर
दरवाज़े के खुलने और बन्द होने की आवाज़ें

ये पाँचों स्त्रियाँ
जो हैं यातनाओं की शिकार
इनका दोष उभरा हुआ है
इनकी टाँगों के बीच
और उनके माथे पर
गुदी हुई हैं मानवीय सभ्यताएँ,
फटे हुए चिथड़े,
भोर में कुत्तों का आपस में लड़ना,
झाड़ियों या नालों में पड़ी हुई
अख़बार की अधनंगी ख़बरें,
ऑपरेशन थिएटर के फ़र्श पर बिखरा खून
और पेट्रोल से जले हुए शव

वो कौन है... जिसने कहा था
स्त्री के टाँगों के बीच
जीवन का द्वार खुलता है?
वो कौन है... जिसने देखा ही नहीं
दरिंदो के टाँगों के बीच
भी कुछ लटकता है?**",541.0,0.0,0,1361
women_girlsafety,1585,2024-10-17 05:46:43+00:00,मेरा दोष यही कि में बेटी हूँ,500.0,0.0,0,28
women_girlsafety,1583,2024-10-16 03:09:03+00:00,"दिशा दीप्त हो उठी प्राप्तकर
पुण्य--प्रकाश तुम्हारा,
लिखा जा चुका अनल-अक्षरों
में इतिहास तुम्हारा।
जिस मिट्टी ने लहू पिया,
वह फूल खिलायेगी ही,
अम्बर पर घन बन छायेगा
ही उच्छवास तुम्हारा।
और अधिक ले जाँच, देवता इतना क्रूर नहीं है।
थककर बैठ गये क्या भाई! मंजिल दूर नहीं है।

My insta I'd.... **spontaneous_ias**

इंस्टाग्राम यूजर फॉलो अवश्य करें",479.0,0.0,0,341
women_girlsafety,1581,2024-09-23 16:16:05+00:00,"सभी ने लिखा 
कि बेटी फूल है
चिड़िया है
क्यारी की तुलसी है
बेटी है तो महके आँगन
बेटी हो तो परिवार सम्पन्न

परन्तु
नहीं लिखा 
बेटी भी है मानव
समानता का अधिकार रखती है
क्योंकि
बेटियों में महानता खोजा गया
समानता नहीं
समानता में सबकुछ बंटता है
प्रेम,सम्मान,घर-बाहर का हर काम भी",663.0,0.0,1,272
women_girlsafety,1579,2024-09-13 08:35:03+00:00,"**मैं तूफ़ानों मे चलने का आदी हूं
तुम मत मेरी मंज़िल आसान करो

हैं फ़ूल रोकते, काटें मुझे चलाते
मरुस्थल, पहाड चलने की चाह बढाते
सच कहता हूं जब मुश्किलें ना होती हैं
मेरे पग तब चलने मे भी शर्माते
मेरे संग चलने लगें हवायें जिससे
तुम पथ के कण-कण को तूफ़ान करो

मैं तूफ़ानों मे चलने का आदी हूं
तुम मत मेरी मंजिल आसान करो

अंगार अधर पे धर मैं मुस्काया हूं
मैं मर्घट से ज़िन्दगी बुला के लाया हूं
हूं आंख-मिचौनी खेल चला किस्मत से
सौ बार म्रत्यु के गले चूम आया हूं
है नहीं स्वीकार दया अपनी भी
तुम मत मुझपर कोई एह्सान करो

मैं तूफ़ानों मे चलने का आदी हूं
तुम मत मेरी मंजिल आसान करो

शर्म के जल से राह सदा सिंचती है
गती की मशाल आंधी मैं ही हंसती है
शोलो से ही श्रिंगार पथिक का होता है
मंजिल की मांग लहू से ही सजती है
पग में गती आती है, छाले छिलने से
तुम पग-पग पर जलती चट्टान धरो

मैं तूफ़ानों मे चलने का आदी हूं
तुम मत मेरी मंजिल आसान करो

फूलों से जग आसान नहीं होता है
रुकने से पग गतीवान नहीं होता है
अवरोध नहीं तो संभव नहीं प्रगती भी
है नाश जहां निर्मम वहीं होता है
मैं बसा सुकून नव-स्वर्ग “धरा” पर जिससे
तुम मेरी हर बस्ती वीरान करो

मैं तूफ़ानों मे चलने का आदी हूं
तुम मत मेरी मंजिल आसान करो

मैं पन्थी तूफ़ानों मे राह बनाता
मेरा दुनिया से केवल इतना नाता
वेह मुझे रोकती है अवरोध बिछाकर
मैं ठोकर उसे लगाकर बढ्ता जाता
मैं ठुकरा सकूं तुम्हें भी हंसकर जिससे
तुम मेरा मन-मानस पाशाण करो

मैं तूफ़ानों मे चलने का आदी हूं
तुम मत मेरी मंजिल आसान करो**",696.0,0.0,0,1335
women_girlsafety,1578,2024-09-11 11:14:14+00:00,"**जवान होती लड़की पर सभी की नजर होती है। परिवार के जितने भी रिश्तेदार थे, वे अक्सर पापा से कहते थे, ""बिटिया बड़ी हो रही है, शादी के लिए देखना शुरू करो।"" कभी दादी कहती थीं, ""बिटिया बड़ी हो रही है, अब अच्छा लड़का देखना चाहिए।"" पिताजी हां तो कर देते, लेकिन ध्यान नहीं देते थे। 🤔

धीरे-धीरे मैंने इंटर पास कर लिया और ग्रेजुएशन शुरू हो गया। मैं बाहर शहर में रहने लगी। घर में रिश्तेदारों की वही बातचीत चलती रहती थी, ""बिटिया बड़ी हो गई है, क्यों नहीं देख रहे हो लड़का?"" 🏠

समय गुजरता गया और पापा व भैया बस सुनते रहे, लेकिन कोई कदम नहीं उठाते थे। धीरे-धीरे ग्रेजुएशन फाइनल ईयर आ गया और मैं 20 साल की हो चुकी थी। 🎓

आगे मुझे कुछ समझ नहीं आ रहा था, लेकिन मैं अपना समय बर्बाद नहीं करना चाहती थी, इसलिए मैंने ऑप्टोमेट्री में एडमिशन ले लिया और कंप्यूटर भी सीखने लगी। 💻📚

कुछ महीनों बाद, एक रोज मैंने पापा को किसी से मेरे लिए लड़का पूछते हुए सुना। तब मैंने खुद पापा से पूछा, ""अब आप लड़का क्यों पूछ रहे हैं? जब पहले कई रिश्ते आए थे, तब आपने किसी को नहीं देखा। अब वे सब लड़के शादी कर चुके हैं और अब आप पूछ रहे हो, ये समझ में नहीं आया।"" 😕

तब पापा ने मुझे जो जवाब दिया, वो मेरे लिए बहुत महत्वपूर्ण था। उन्होंने कहा, ""तब तुम इंटर कर रही थी, तुम मजबूत नहीं थी। इंटर के बाद तुम शायद अपने जीवन में मुश्किल भरे दिन आने के बाद सही फैसले नहीं ले पातीं। ग्रेजुएशन में भी मैंने तुम्हें मजबूती देने के लिए रोक रखा था कि मेरी बेटी ग्रेजुएट हो जाएगी, उसके बाद ही मैं लड़का देखूंगा। और अब तुम ऑप्टोमेट्री कर रही हो, अब मुझे पता है कि अगर मेरी बेटी को जीवन में कभी आर्थिक तौर पर मजबूत होना होगा, तो वह स्वेच्छा से खड़ी हो जाएगी। मेरी बेटी रिश्ते में बंधेगी जरूर, पर रिश्ते की घुटन बर्दाश्त करने के लिए नहीं, रिश्ते को प्रेम से सिंचित करने के लिए। या कभी जीवन में ऐसा कोई पल आ गया जिसमें वह अकेली पड़ गई, तो वह अपने जीवन को स्वाभिमान से जी सकेगी।"" 🥺❤️

पापा की ये बातें उस वक्त तो मेरी समझ में नहीं आई थीं, पर अब समझ में आ रही हैं। सच में, बेटियों की महंगी शादी भले न करो, पर उन्हें काबिलियत जरूर दो। कभी उनकी पढ़ाई उनके ससुराल वालों के भरोसे मत छोड़ना, खुद पढ़ाना और फिर ही शादी करना। 💪

नौकरी करना जरूरी नहीं, पर इतना काबिल बना देना कि वे बुरे वक्त में अपने हुनर का उपयोग कर सकें और किसी के सामने हाथ फैलाने के लिए मजबूर न हों। 🙏

बहुत सी बेटियां आज भी ना चाहते हुए अपने भविष्य को लेकर बुराई भरे ससुराल से इसीलिए नहीं निकल पातीं कि वे आगे क्या करेंगी। या पति के ना होने पर लाचार हो जाती हैं और अपने बच्चों को अच्छी शिक्षा दिलाना मुश्किल हो जाता है। 😔

बेटियों को विवाह के लिए नहीं, बल्कि उन्हें मजबूत बनाने के लिए उचित शिक्षा और हुनर जरूर सिखाएं। हालांकि, पढ़ाई के साथ-साथ सही समय पर विवाह करना भी जरूरी है, लेकिन अपनी बेटी को इस योग्य जरूर बनाएं कि वह विषम परिस्थितियों में अपने हुनर के दम पर किसी के सामने हाथ फैलाने के लिए लाचार न हो। 🌸💖

बेटियों को कोई हुनर ज़रूर सिखाएं ज़िंदगी में कोई प्रॉब्लम आये तो फेस कर सके, किसी का मोहताज ना हो, 
सबके माँ बाप मालदार नही होते, 

बेटिओं को संस्कार सिखाएं, बड़ों की इज़्ज़त, सम्मान कैसे करें, 
घर को कैसे संभालना है, खाना पकाना, सिखाएं, सिलाई, या कोई और हुनर सिखाएं, 
ये सब बिटिया की ज़िंदगी में बहुत काम आयेगा**",754.0,0.0,1,2925
women_girlsafety,1575,2024-08-27 03:38:30+00:00,"**""नारी तू नारायणी""

अपने बेटियों को ****#SelfDefence**** की शिक्षा देना शुरू कर दें।

कभी वक्त आने पर उन्हें किसी की जरूरत न पड़े, अपने लिए खुद खड़ी हो सके, स्वयं लड़ सकें। 

अपनी आत्म रक्षा खुद कर सकें 🙏**",592.0,0.0,1,207
women_girlsafety,1574,2024-08-26 18:26:58+00:00,"**नारी हूं मैं
ज्वाला हूं मैं
दुर्गा हूं मैं
काली हूं मैं
मुझे अबला समझने
की भूल मत करना

सोचि-सोचि, डरी-डरी
कदम बढ़ाती हूं मैं 
पर इससे मेरी क्षमता
को कभी मत आंकना

धीरा हूं मैं
वीरा हूं मैं
मीरा हूं मैं
सीता हूं मैं
दुःखों से कभी मैं
हार नहीं मानती हूं

पुष्प सी कोमल हूं मैं
मीठे तीखे स्वरों वाली
बरछी और ढाल
कटारी भी तो मैं ही हूं

कंगन‌ चूड़ी चमके हैं 
हाथों की कलाइयां मेरे 
तलवार न चलाऊंगी 
ऐसा मत समझना**",526.0,0.0,0,412
women_girlsafety,1573,2024-08-26 17:34:27+00:00,"**टेलीग्राम की तरफ से अपडेट :—
◾सहित यूरोपीय संघ के कानूनों    का पालन करता है - इसका मॉडरेशन उद्योग मानकों के भीतर है और इसमें लगातार सुधार हो रहा है।।  

👉टेलीग्राम के 
सीईओ पावेल दुरोव
 के पास छिपाने के लिए कुछ नहीं है और वह अक्सर यूरोप में यात्रा करते रहते हैं।

👉यह दावा करना बेतुका है कि कोई प्लेटफ़ॉर्म या उसका मालिक उस प्लेटफ़ॉर्म के दुरुपयोग के लिए ज़िम्मेदार है।

👉वैश्विक स्तर पर लगभग एक अरब उपयोगकर्ता संचार के साधन और महत्वपूर्ण जानकारी के स्रोत के रूप में टेलीग्राम का उपयोग करते हैं।

👉हम इस स्थिति के शीघ्र समाधान की प्रतीक्षा कर रहे हैं। टेलीग्राम आप सभी के साथ है।

नोट 👉 Ban होने की फ़र्जी न्यूज ना फैलाए।**",460.0,0.0,0,626
women_girlsafety,1572,2024-08-24 18:04:07+00:00,"मैं पुरुष हूँ।
मैं भी घुटता हूँ, पिसता हूँ, टूटता हूँ , बिखरता हूँ,
भीतर ही भीतर, रो नही पाता, कह नही पाता
पत्थर हो चुका, तरस जाता हूँ पिघलने को,
क्योंकि मैं पुरुष हूँ।
मैं भी सताया जाता हूँ, जला दिया जाता हूँ,
उस दहेज की आग में, जो कभी मांगा ही नही था।
स्वाह कर दिया जाता हैं मेरे उस मान-सम्मान का,
तिनका-तिनका कमाया था जिसे मैंने,
मगर आह नही भर सकता,
क्योकि मैं पुरुष हूँ।
मैं भी देता हूँ आहुति विवाह की अग्नि में अपने रिश्तों की,
हमेशा धकेल दिया जाता हूँ रिश्तों का वजन बांध कर,
जिम्मेदारियों के उस कुँए में जिसे भरा नही जा सकता मेरे अंत तक कभी।
कभी अपना दर्द बता नही सकता,
किसी भी तरह जता नही सकता,
बहुत मजबूत होने का ठप्पा लगाए जीता हूँ।
क्योंकि मैं पुरुष हूँ।
हाँ, मेरा भी होता है बलात्कार,
उठा दिए जाते है मुझ पर कई हाथ,
बिना वजह जाने, बिना बात की तह नापे,
लगा दिया जाता है सलाखों के पीछे कई धाराओं में,
क्योंकि मैं पुरुष हूँ।
सुना है, जब मन भरता है, तब आँखों से बहता है,
मर्द होकर रोता है, मर्द को दर्द कब होता है,
टूट जाता है तब मन से, आंखों का वो रिश्ता, 
तब हर कोई कहता है,
हर स्त्री स्वेत स्वर्ण नही होती,
न ही हर पुरुष स्याह कालिख,
मुझे सही गलत कहने वालों,
पहले मेरे हालात क्यों नही जांचते?
क्योंकि मैं पुरुष हूँ?",550.0,0.0,0,1126
women_girlsafety,1570,2024-08-20 08:48:50+00:00,क्या कहु कुछ समझ नहीं आ रहा है... एग्जाम टाइम पर ही ऐसे लोग आते है लाइफ मे कुछ पता नहीं... कौन है कौन नहीं कुछ समझ नहीं आ रहा है कितने घटिया लोग है 😡😡,198.0,0.0,0,150
women_girlsafety,1569,2024-08-20 04:28:01+00:00,ज़ब मुझे इस लड़की के काले कारनामें का पता चला किसी लडके से चल रहें लिव इन रिलेसन का पता चला तो यह लड़की किस प्रकार अपने आशिक हिमांशु को समझा रही है तथा कैसी बातें हो रही है इसका अंदाजा आप लोग इस चैट के माध्यम से लगा सकते है,508.0,0.0,0,220
women_girlsafety,1568,2024-08-20 04:19:48+00:00,"नाम सुरभी
पता उत्तर प्रदेश कासगंज
यह लड़की पहले लड़को को अपने प्यार के झांसे में फसाती है, फिर अपनी माँ के साथ मिलकर लड़को से सादी का झांसा देती है तथा लड़को से पैसे ठगती है कभी रिचार्ज के लिए तो कभी गिफ्ट के लिए, ऐसे ही इस लड़की ने.... न जाने कितने लड़को को अपना शिकार बनाया है.. इसकी माँ भी इस काम संलिप्त है..लड़को के साथ रिलेसन मे रहने के बाद यह लड़को को छोड़ देती है तथा सभी से कहती है कि हम एक नार्मल दोस्त थे बाकि मुझे बदनाम करने के उद्देश्य से लड़का आरोप लगा रहा है... इस लड़की के सभी साक्ष्य मेरे पास मौजूद है.... आप सभी लड़को से आग्रह है कि ऐसी लड़कियो से दूर रहें... ऐसी लड़कियो को न समाज की चिंता होती है न इज्जत बेज्जती का ख्याल",207.0,0.0,0,627
women_girlsafety,1565,2024-08-19 12:26:28+00:00,"**योनि से बहते खून को 
रोक पाना मुश्किल है
क्योंकि नहीं बताया जाता
मासिक धर्म का अध्याय
धुला पुछा समाज रख देता है
जवान होने का हथियार उसकी छाती पर
और कहता है
तुम्हारे जवान होने का 
मुर्दा सबूत है खून का बह जाना ।

कोई नहीं जानता 
कब क्यों कैसे बहाया गया
गंदा खून, मासिक धर्म कहलाया 
और बन गया यौवन की पहली सीढ़ी
क्योंकि सबको पता था कि
अब प्रतिभा जवानी की दहलीज पर है
जहां वो ब्याही जायेगी
और फिर बहेगा गंदा खून और 
बन जायेगी, मां !

औरत की टांगों के बीच के 
हिस्से को पल्लू के पीछे
हँसी ठिठौली से पुकारा जायेगा
और प्रतिभा के जवान होने की
घोषणा पूरे गांव में होगी
फिर बहेगा खून और अभागे समाज को
सौंप दी, जायेगी बढ़ती जनसंख्या।

क्या था प्रतिभा का होना
एक और भ्रूण हत्या 
जहां योनि से गर्भपात के दौरान नहीं
बहाया गया गंदा खून
बच्चे को जन्म देते हुए
प्रतिभा अब स्कूल नहीं जाएगी
नहीं पढ़ेगी क ख
वो समझेगी कैसे पिलाते हैं
नन्ही बच्ची को दूध और 
कैसे पालना होता है खुद को।

औरत की योनि का 
पहला और आखिरी सच था ये
जो प्रतिभा जान चुकी थी
और जानती थी लाखों घरों की औरतें
जो योनि से बहे खून को पहचानने लगीं 
और सौंपती गई, जनसंख्या के बढ़ते आंकड़े।**",464.0,0.0,0,1039
women_girlsafety,1561,2024-08-18 18:58:15+00:00,"सिर्फ स्तन ढकने जांघ ढकने से आप की इज्जत सुरक्षित नही होती है 
।

जब कोई रिश्तेदार मामा चाचा ताऊ फूफा मौसा पड़ोसी कज़िन भैया आदि प्रकार का रिश्ता किनारे रख कर तुमसे कहने लगे ""रिश्ते अपनी जगह ,पर मैं तो तुम्हें अपनी फ्रेंड मानता हूँ।

।

तुम एक मॉर्डन गर्ल हो आज के ज़माने की तो पुराने टाइप के रिश्ते मत मानो।

।

""तो अपने माता पिता भाई को बता दो,,, क्योंकि उनकी नियत में खोट है।

सोसल मिडिया के फ्रेंड किसी फ्रेंडशिप के प्रतीक नहीं हैं । सोसल मिडिया फ्रेंड मतलब फालतू के फ्रेंड, सिर्फ ऑनलाइन हैं ये,,,,इनसे जिंदगी पर तब तक कोई फर्क नही जबतक असल जिंदगी में न मिलो।

।

अतः सोसल मिडिया पर उनकी फ्रेंड रिक्वेस्ट को संदेह से न देखो,,,,

पर इनबॉक्स और व्हाट्सअप में वीडियो कोटेशन शेयर करने लगें तो सावधान।

।

पुरुषों के हथकंडे -

वे तुमसे ऐसे बातें करेंगे कि दर्द आंखों से छलक पड़े

स्वयं को अपनी पत्नी के पिछड़ेपन से त्रस्त दिखाएंगे

खुद हैंडसम बने रह कर जताएंगे कि बहुत पुराने विचारों की पत्नी मिली है,दर्द किससे कहे,,,,,,

।

तुम अगर कह बैठी कि मुझसे कहिये,में हूँ न तो बस तुम्हारा जीवन उनके हवाले हो गया।

।

पत्नी को बीमार बता सकते हैं

पत्नी के अवैध संबंधों की झूठी बात बता कर सहानुभूति लूटेंगे,,,

तुम्हें सुंदर और इंटेलीजेंट बता कर काबू करेंगे,,,,

तुम में उन्हें अचानक ऐश्वर्या सानिया कल्पना चावला दिखने लगेगी।

तुम्हारी ममी पापा की ज़्यादा केअर शुरू करेंगे,,,,

।

तुम्हें वो गिफ्ट करना शुरू करेंगे जो पापा नहीं दे सकते

कोई कुछ कहेगा भी नहीं

उनसे रिश्ता ही ऐसा है अचानक गिफ्ट बढ़ जाएं

कपड़े ज़्यादा प्राप्त होने लगें घर आना जाना बढ़ जाये

तुम्हें एग्जाम दिलाने वे स्वयं जाने लगे।

।

सावधान

।

कोई पुरुष रिश्ते की आड़ में तुम्हें लूटने की तैयारी में है।

अच्छी नियत वाले भी अलग दिख जाते हैं,,सबसे सुरक्षित रहें।।।

मां बाप सगे भाई बहन के अलावा कोई हितैषी नही।।।",517.0,0.0,0,1660
women_girlsafety,1559,2024-08-18 18:53:47+00:00,**रक्षाबंधन के पावन  पर्व पर आप सभी को 🪔Women's & girls' safety (Empowerment)🪔   टीम की तरफ से हार्दिक शुभकामनाएं 🙏🙏**,456.0,0.0,0,118
women_girlsafety,1550,2024-08-16 07:26:26+00:00,"**ग्रुप मे ज्वाइन होने से पहले या ग्रुप मेंबर ऐड करने से पहले ****@josh6767**** से ग्रुप ज्वाइन करने हेतु या मेंबर ऐड करने हेतु परमिशन लें... अन्यथा safety bot द्वारा ban कर दिया जायेगा.... गंदी सोच वाले, अभद्र व्यवहार वाले, लड़कियों को मैसेज करने वाले, गाली, गलौज करने वाले, एक दूसरे पर दोष सिद्ध करने की कोशिश करने वाले, iD क्लोन वाले, दिखावा करने वाले ग्रुप से व ग्रुप के मेंबरों से दूर रहें 🙏👍**",137.0,0.0,0,398
women_girlsafety,1549,2024-08-14 18:30:51+00:00,"स्वतंत्रता_दिवस की हार्दिक शुभकामनाएं ।🥰🥰❤️🌹

आइये भ्रष्टाचार,बेरोजगारी,बीमारी,अपराध,प्रदूषण , नफरत ,अर्थिक बदहाली,गैर बराबरी से देश को मुक्त कर मजबूत बनाये और वसुधैव कुटुंबकम वाला हिन्दूस्तान बनाये ।
अपनी आज़ादी , लोकतंत्र और संविधान को बचाने की भी कसम खाए ।",475.0,0.0,0,258
women_girlsafety,1547,2024-08-14 08:31:39+00:00,"***मुंशी प्रेमचंद जी की एक ""सुंदर कविता"", जिसके एक-एक शब्द को, बार-बार ""पढ़ने"" को ""मन करता"" है-_*

ख्वाहिश नहीं, मुझे
मशहूर होने की,""

        _आप मुझे ""पहचानते"" हो,_
        _बस इतना ही ""काफी"" है।_😇

_अच्छे ने अच्छा और_
_बुरे ने बुरा ""जाना"" मुझे,_

        _जिसकी जितनी ""जरूरत"" थी_
        _उसने उतना ही ""पहचाना ""मुझे!_

_जिन्दगी का ""फलसफा"" भी_
_कितना अजीब है,_

        _""शामें ""कटती नहीं और_
  -""साल"" गुजरते चले जा रहे हैं!_

_एक अजीब सी_
_'दौड़' है ये जिन्दगी,_

   -""जीत"" जाओ तो कई_
 -अपने ""पीछे छूट"" जाते हैं और_

_हार जाओ तो,_
_अपने ही ""पीछे छोड़ ""जाते हैं!_😥

_बैठ जाता हूँ_
_मिट्टी पे अक्सर,_

        _मुझे अपनी_
        _""औकात"" अच्छी लगती है।_

_मैंने समंदर से_
_""सीखा ""है जीने का तरीका,_

        _चुपचाप से ""बहना ""और_
        _अपनी ""मौज"" में रहना।_

_ऐसा नहीं कि मुझमें_
_कोई ""ऐब ""नहीं है,_

        _पर सच कहता हूँ_
        _मुझमें कोई ""फरेब"" नहीं है।_

_जल जाते हैं मेरे ""अंदाज"" से_,
_मेरे ""दुश्मन"",_

   -एक मुद्दत से मैंने_
       _न तो ""मोहब्बत बदली""_ 
      _और न ही ""दोस्त बदले ""हैं।_

_एक ""घड़ी"" खरीदकर_,
_हाथ में क्या बाँध ली,_

        _""वक्त"" पीछे ही_
        _पड़ गया मेरे!_😓

_सोचा था घर बनाकर_
_बैठूँगा ""सुकून"" से,_

  -पर घर की जरूरतों ने_
        _""मुसाफिर"" बना डाला मुझे!_

_""सुकून"" की बात मत कर-
-बचपन वाला, ""इतवार"" अब नहीं आता!_😓😥

_जीवन की ""भागदौड़"" में_
_क्यूँ वक्त के साथ, ""रंगत ""खो जाती है ?_

  -हँसती-खेलती जिन्दगी भी_
        _आम हो जाती है!_😢

_एक सबेरा था_
_जब ""हँसकर ""उठते थे हम,_😊

  -और आज कई बार, बिना मुस्कुराए_
        _ही ""शाम"" हो जाती है!_😓

_कितने ""दूर"" निकल गए_
_रिश्तों को निभाते-निभाते,_😘

        _खुद को ""खो"" दिया हमने_
        _अपनों को ""पाते-पाते""।_😥

_लोग कहते हैं_
_हम ""मुस्कुराते ""बहुत हैं,_😊

        _और हम थक गए_,
        _""दर्द छुपाते-छुपाते""!😥😥

_खुश हूँ और सबको_
_""खुश ""रखता हूँ,_

        _ *""लापरवाह"" हूँ ख़ुद के लिए_*
 *-मगर सबकी ""परवाह"" करता हूँ।_😇🙏*

*_मालूम है_*
*कोई मोल नहीं है ""मेरा"" फिर भी_*

   *कुछ ""अनमोल"" लोगों से_*
   *-""रिश्ते"" रखता हूँ।***",479.0,0.0,0,1915
women_girlsafety,1546,2024-08-10 04:50:08+00:00,"+91 6387139841 ये एक भईया हैं, चंदन सिंह इनको लड़कियों क़ो कॉल करना बहुत अच्छे से आता है, कभी नंबर चेंज करके तो कभी फेक नंबर, यूनाइटेड स्टेट के नंबर से तो कभी सोसल मिडिया पर फेक टेलीग्राम, व्हाट्सप्प, इंस्टाग्राम जैसी फेक id बनाकर... में पूर्ण निष्कर्ष पर आना चाहूं तो... आदरणीय श्रीमान चंदन सिंह जी अपनी पर्सनल दुनिया से इतने परेशान हो चुके है कि इनके पास कोई कार्य है ही नहीं सिर्फ girls क़ो परेशान करने के सिवा....इसलिए आप सभी सदस्यगणों से अनुरोध है कि आपको जो भी लैंग्वेज आता हो उस लैंग्वेज में आदरणीय श्रीमान चंदन सिंह जी क़ो समझा दीजिये कि भईया लड़की क़ो कॉल नहीं करते है यह गलत बात है,किसी अपरचित लड़की क़ो कॉल मैसेज करना गैर कानूनी है,

+91 6387139841 ये रहा आदरणीय श्रीमान चंदन भईया जी का नंबर तो अब देरी किस बात की उतार लो भईया के कपड़े आप सभी अपनी अपनी लैंग्वेज में",640.0,0.0,0,767
women_girlsafety,1545,2024-08-06 13:50:13+00:00,"सोसल मिडिया ने समाज मे कितना जहर घोल रखा है की इस बात का अंदाजा इसी से चल रहा है की मात्र 10 वर्ष के बच्चे - बच्चिया अब गंदे वीडियो के गानों पर रील बना रहे हैं....!!

और आश्चर्य तो तब अजीब हो जाता है की सामने से उसके ही माँ बाप उसका तारीफ करने लगे हैं....!!

अभी हाल ही मे एक यजमान के यहां मै पूजा करवाने गया सामने लगभग 70+ उम्र के बुजुर्ग घर के पति पत्नी बरामदे मे बैठे थे...

मै भी वहीँ उनके सामने बैठा था... उनके घर की काम वाली ने मुझे चाय लाकर दिया... शायद पानी लाना भूल गयीं...

चाय पीकर पानी से हाँथ धोने का आदत है मेरा तो बुजुर्ग ने पानी के लिये चार पांच बार पानी माँगा...?

उन्होंने काम वाली के साथ साथ घर के अन्य सदस्यों को भी आवाज़ दिया मगर किसी ने उनके आवाज़ का उत्तर नही दिया...

काम वाली शायद बीजी हो गयीं होंगी... तो बुजुर्ग दम्पति खुद से पानी लाने चली गयीं.... मैं कुछ नही बोला..... सोचा शायद पूजा का घर है, तो लोग बीजी होंगे...?

जब बुजुर्ग दम्पति के बुलाने पर मैं घर के अंदर गया तो अंदर का माहौल देख कर अचंभित हो गया...?

मात्र 10 साल से कम उम्र की बच्चे बच्चिया एकदम से कम कपड़े पहने हुवे भोजपुरी गाने पर रील बना रहे हैँ और उनके ही माता पिता उसके वीडियो को शूट कर रहे थे....!!

भोजपुरी गाने तो पहले से ही बदनाम हैं और इसके बोल इतने गंदे होते हैं की क्या बताऊं.... शायद ही अभी के कोई ऐसे गाने हैं जिसे आप अपने माँ बहन या परिवार के साथ देख या सुन पायें....!!

रील बनाने के चक्कर मे लोग ये भूल जा रहे हैँ की ये मेरा भाई है और ये बहन है... दोनों मिल कर भोजपुरी गाने के तर्ज पर पति पत्नी का रोल कर रहे हैँ और ड्रेस मेकप के ऊपर गंदे-गंदे इसारे करके दिखा रहे हैँ....!!

मैं तो लोट आया उसके घर से बिना पूजा कराये ही क्योंकि जिनके यहां संस्कार नही... उनके घर मे कोई पूजा पाठ करना करवाना सब व्यर्थ है....!!

विचार करें और अपने बच्चे को संस्कार दें...!!

रील बनाना कोई गलत मैं नही मानता... अवश्य बनाये मगर उसमे भी मर्यादा होती हैं उनके ऊपर बनायें...!!

अपने घर परिवार के सदस्यों का सम्मान करें, माता पिता से बढ़कर कोई रील या सोसल मिडिया नही हो जाएगी...!!

इस विषय पर आप सब क्या कहना चाहेंगे... कुछ लिखिए ताकि कुछ और लोगों को इस परिस्थिति से निकलने मे सहायता मिल पाये...!!",503.0,0.0,0,1974
women_girlsafety,1544,2024-08-01 14:36:45+00:00,"शुभ - संध्या 🙏 नमस्कार मित्रों कैसे है आप सभी उम्मीद करते है ,आप सब अच्छे होंगे तो पढ़ते रहे और बढ़तें रहे और अपने सपने पूरे करते रहे।✍️✍️✍️


जो तुम चाहते हो मिल जाएगा कोशिश तो करो 
समंदर खुद रास्ता बनाएगा कोशिश तो  करो

यही वक़्त है उड़ान भरने से डरो नहीं तुम 
ऊंचाइयों से डरोगे तो ये वक़्त निकल जाएगा कोशिश तो करो

अपने अन्दर की आग को और भड़काओ खुद को और तपाओ 
ये लोहा इक दिन क़ीमती तलवार बन जाएगा कोशिश तो करो

दोड़ौ गिरो फिर उठो यही दोहराव जारी रखो 
यही रास्ता मंज़िल तक पहुंचाएगा कोशिश तो करो

तू शाहीन है तेरी फ़ितरत है जीत मक़सद है उड़ान तेरा 
तू अपनी मंज़िल को ज़रूर पा जाएगा कोशिश तो करो✨✨",440.0,0.0,0,599
women_girlsafety,1543,2024-07-24 08:54:37+00:00,"अर्ध नग्न महिलाओं को देख कर  90℅ कौन मजे लेता है......

एक दिन किसी ख़ास अवसर पर महिला सभा का आयोजन किया गया, सभा स्थल पर महिलाओं की संख्या अधिक और पुरुषों की कम थी..!!
मंच पर तकरीबन पच्चीस वर्षीय खुबसूरत युवती, आधुनिक वस्त्रों से सुसज्जित, माइक थामें कोस रही थी पुरुष समाज को..!!

वही पुराना अलाप.... कम और छोटे कपड़ों को जायज, और कुछ भी पहनने की स्वतंत्रता का बचाव करते हुए, पुरुषों की गन्दी सोच और खोटी नीयत का दोष बतला रही थी.!!

तभी अचानक सभा स्थल से...बत्तीस पैंतीस वर्षीय सभ्य, शालीन और आकर्षक से दिखते युवक ने खड़े होकर अपने विचार व्यक्त करने की अनुमति मांगी..!!

अनुमति स्वीकार कर माइक उसके हाथों मे सौप दिया गया .... हाथों में माइक आते ही उसने बोलना शुरु किया..!!

""माताओं, बहनों और भाइयों, मैं आप सबको नही जानता और आप सभी मुझे नहीं जानते कि, आखिर मैं कैसा इंसान हूं..?? 

लेकिन पहनावे और शक्ल सूरत से मैं आपको कैसा लगता हूँ बदमाश या शरीफ..??

सभास्थल से कई आवाजें गूंज उठीं... पहनावे और बातचीत से तो आप शरीफ लग रहे हो... शरीफ लग रहे हो... शरीफ लग रहे हो....

बस यही सुनकर, अचानक ही उसने अजीबोगरीब हरकत कर डाली... सिर्फ हाफ पैंट टाइप की अपनी  अंडरवियर छोड़ कर के बाक़ी सारे कपड़े मंच पर ही उतार दिये..!!

ये देख कर .... पूरा सभा स्थल आक्रोश से गूंज उठा, मारो-मारो गुंडा है, बदमाश है, बेशर्म है, शर्म नाम की चीज नहीं है इसमें.... मां बहन का लिहाज नहीं है इसको, नीच इंसान है, ये छोड़ना मत इसको....

ये आक्रोशित शोर सुनकर... अचानक वो माइक पर गरज उठा... 

""रुको... पहले मेरी बात सुन लो, फिर मार भी लेना , चाहे तो जिंदा जला भी देना मुझको..!!

अभी अभी तो....ये बहन जी कम कपड़े , तंग और बदन नुमाया छोटे-छोटे कपड़ों की पक्ष के साथ साथ स्वतंत्रता की दुहाई देकर गुहार लगाकर...""नीयत और सोच में खोट"" बतला रही थी...!!

तब तो आप सभी तालियां बजा-बजाकर सहमति जतला रहे थे..फिर मैंने क्या किया है..?? 

सिर्फ कपड़ों की स्वतंत्रता ही तो दिखलायी है..!!

""नीयत और सोच"" की खोट तो नहीं ना और फिर मैने तो, आप लोगों को... मां बहन और भाई भी कहकर ही संबोधित किया था..फिर मेरे अर्द्ध नग्न होते ही.... आप में से किसी को भी मुझमें ""भाई और बेटा"" क्यों नहीं नजर आया..?? 

मेरी नीयत में आप लोगों को खोट कैसे नजर आ गया..??

मुझमें आपको सिर्फ ""मर्द"" ही क्यों नजर आया? भाई, बेटा, दोस्त क्यों नहीं नजर आया? आप में से तो किसी की ""सोच और नीयत"" भी खोटी नहीं थी... फिर ऐसा क्यों?? ""

सच तो यही है कि..... झूठ बोलते हैं लोग कि... 
""वेशभूषा"" और ""पहनावे"" से कोई फर्क नहीं पड़ता

हकीकत तो यही है कि मानवीय स्वभाव है कि किसी को सरेआम बिना ""आवरण"" के देख लें तो कामुकता जागती है मन में...

रूप, रस, शब्द, गन्ध, स्पर्श ये बहुत प्रभावशाली कारक हैं  इनके प्रभाव से “विस्वामित्र” जैसे मुनि के मस्तिष्क में विकार पैदा हो गया था..जबकि उन्होंने सिर्फ रूप कारक के दर्शन किये..आम मनुष्यों की विसात कहाँ..??

दुर्गा शप्तशती के देव्या कवच में श्लोक 38 में भगवती से इन्हीं कारकों से रक्षा करने की प्रार्थना की गई है..
“#रसे_रुपे_च_गन्धे_च_शब्दे_स्पर्शे_च_योगिनी।
#सत्त्वं_रजस्तमश्चैव_रक्षेन्नारायणी_सदा।।”
रस रूप गंध शब्द स्पर्श इन विषयों का अनुभव करते समय योगिनी देवी रक्षा करें तथा सत्वगुण, रजोगुण, तमोगुण की रक्षा नारायणी देवी करें.!!

आज के समाज की सोच ये है कि अपने घर की बेटियां अपने बदन को ढके या ना ढके लेकिन बहु मुंह छिपाकर घुंघट में रहनी चाहिए आज के समाज में बदन ढकना जरूरी नहीं पर मुंह ढकना जरूरी है।
आज के समाज में घूंघट के लिए कोई जगह नहीं है वैसे ही इन अर्ध नग्न वस्त्रों के लिए भी कोई जगह नहीं है।
🙏आप सभी हमारी पोस्ट से कितना संतुष्ट है अवलोकन जरूर करें",675.0,0.0,2,3217
women_girlsafety,1542,2024-07-13 03:32:18+00:00,"बुरा लगे तो मेरी बहन माफ करना 
ये पोस्ट बहुत जरूरी थी अपलोड करनी

लड़के ने नम्बर मांगा आप ने दे दिया... 
लड़के ने तस्वीर मांगी आप ने दे दी...
लड़के ने वीडियो कॉल के लिए कहा आप ने कर ली...
लड़के ने दुपट्टा हटाने को कहा आप ने हटा दिया...
लड़के ने कुछ देखने की ख्वाहिश की आप ने पूरी कर दी...
लड़के ने मिलने को कहा आप माँ बाप को धोखा देकर आशिक़ से मिलने पहुंच गयीं...
लड़के ने बाग में बैठ कर आप की तारीफ़ करते हुए आपको सरसब्ज़ बाग दिखाए आपने देख लिये...
फिर जूस कार्नर पर जूस पीते वक़्त लड़के ने हाथ लगाया, इशारे किये, मगर कोई बात नहीं अब नया ज़माना है यह सब तो चलता ही है...
फिर लड़के ने होटल में कमरा लेने की बात की, आप ने शर्माते हुए इंकार कर दिया, कि शादी से पहले यह सब अच्छा तो नहीं लगता न...
फिर दो तीन बार कहने पर आप तैयार हो गयीं होटल के कमरे में जाने के लिए...
आप दोनों ने मिल कर खूब एंजॉय किया...
अंडरस्टेंडिंग के नाम पर दुल्हा दुल्हन बन गए protection use ki बस बच्चा पैदा न हो इस पर ध्यान दिया...
फिर एक दिन झगड़ा हुआ और सब खत्म क्योंकि हराम रिश्तों का अंजाम कुछ ऐसा ही होता है...
लेकिन लेकिन...
यहां सरासर मर्द गलत नहीं है, वह भेड़िया है, वह मुजरिम है, वह सबकुछ है...
क्योंकि आप ने तो तस्वीर नहीं दी थी वह जबर्दस्ती आपके मोबाइल में घुस कर ले गया था...
आप ने तो अपना नम्बर नहीं दिया वह लड़का खुद आप के मोबाइल से नम्बर ले गया था...
आप ने तो वीडियो कॉल नहीं की वह लड़का खुद आप के घर पहुंच गया था आपको लाइव देखने...
जूस कार्नर पर भी जबरदस्ती ले गया था गन प्वाइंट पर...
होटल के कमरे तक भी वह आपको जबर्दस्ती आपके घर से ले गया था...
तो मुजरिम तो सिर्फ लड़का है आप तो बिल्कुल भी नहीं...
बच्ची हैं आप कोई चार साल की?
आपको समझ नहीं आती?
यह कचरे में पड़ी लाशें देख कर भी आपको अक़्ल नहीं आती?
यह बिना सर के मिलने वाले धड़ आपकी अक़्ल पर कोई चोट नहीं देते?
यह सोशल मीडिया पर आए दिन ज़्यादती के बढ़ती हुई घटना आपको कुछ नहीं बताती?
जूस कार्नर पर जाना,
आपको नहीं पता था कि एक होटल के ईकमरे में या चारदीवारी में जिस्मों की प्यास बुझाई जाती है, 
सब पता था आपको, सब पता है आपको...
होटल के कमरे में मुहब्बत के अफसाने नहीं लिखे जाते,वहां कोई इबादत नही होती है
फिर शिकायत होती है के चार लड़कों ने ग्रुप रेप कर दिया... 
क्या लगता है वह आपका जो आपकी इज्ज़त का ख्याल रखे जो खुद आपको इसी मकसद के लिए लेकर जा रहा है?
अपनी सीमा में रहेंगी तो आपको कोई नुकसान नहीं पहुंचा सकता...
जिस्म के भूखो से दूर ही रहे लड़का हो या लड़की प्यार जैसे पवित्र रिश्ते को बदनाम ना करे प्यार दिल देखकर करे ना कि जिस्म देखकर l❣ जब तक तुम साथ नही दोगी तब तक किसी लड़के की कोई औकात नही हैं कि वो तुम्हे किसी होटल के रूम तक ले जा सके।।।। जिन भाई और बहनों को अगर मेरे ये बातें आपको गलत लगे तो  मुझे माफ कर कीजिएगा!!!🙏
           मगर मेरे हिसाब यही सत्य ✍️
@josh6767",551.0,0.0,1,2516
women_girlsafety,1536,2024-07-07 04:07:22+00:00,"....…..भारत में जब कोई युवा किसी प्रतियोगी परीक्षा को पास करता है 

तब उसकी सफलता की कहानी बताते समय यह बताया जाता है कि, इसके पिताजी रिक्शा चलाते थे या होटल में प्लेट साफ करते थे.....

...…....और देखिए आज उनका बेटा आईएएस/डॉक्टर/CA बन गया है

पहली चीज, IAS PCS भी एक वही पद है, गुलामी का............नेताओ की, और CA मतलब संसार का सबसे ब्रीलयन्ट दिमाग, काले पैसे को कैसे सफेद किया जाए......इसी में लगा रहता है 🙏

.........इस पूरे विवरण में जो विचार है.......... वह यह है की रिक्शा चलाना या होटल में प्लेट साफ करना नीचा और छोटा काम है, और आईएएस ऊंचा होता है...........🙄🙄🙄🙄

🙄.…...असल में भारत में कामों को लेकर व्यक्ति की इज्जत और बेइज्जती निर्धारित होती है, और इसके पीछे है अंग्रेजी मानसिकता !!!

प्लेट धोने वाले और रिक्शा चलाने वाले की इज्जत नहीं होगी,….....आईएएस की इज्जत होगी !!!

इसलिए भारत में शरीर से काम श्रम करना हमेशा नीच कर्म और प्रशासन शासन धनवान बनना उच्च कार्य माना गया है !!!

...….....भारत के छात्र जो विदेशों में रहकर पढ़ते हैं, वह वहां होटल में पार्ट टाइम वेटर का काम करते हैं अपनी पढ़ाई का खर्चा निकालते हैं !!

.........अमेरिका में रहने वाले एक सदस्य ने मुझे बताया कि अमेरिका में हमारे रेस्टोरेंट में जब कोई अमेरिकी आता था और हम उनसे पूछते थे....... आज आप कैसे हैं तो वह बहुत शालीनता से जवाब देता था हाथ मिलाता था !!!

.............लेकिन जब अमेरिका में रहने वाला कोई भारतीय आता था तो वह हमारे सवाल का जवाब देने की बजाय सीधा मेन्यू पढ़ने लगता था...........और ऑर्डर देने लगता था उसे हमसे बात करने में अपनी तौहीन लगती थी !!!

🙏.......…...भारत में बहुत सारे बच्चे इसलिए भी आत्महत्या करते हैं, क्योंकि हमने उन्हें सिखाया है कि यदि तुम डॉक्टर इंजीनियर आईएएस आईपीएस नहीं बने तो तुम्हारी जिंदगी बेकार है......
..........अब समाज में ना तुम्हारी इज्जत होगी ना तुम्हें पैसा मिलेगा !!!

.......व्यक्ति की इज्जत उसके इंसान होने के कारण करने की बजाए, हम इज्जत उसके पद या उसके पैसे की करते हैं........

समाज में हर काम जरूरी है, यदि कचड़ा उठाने वाला कचड़ा न उठाएं तो....और 1 साल न उठाएं तो...?? यदि खेती करने वाला .......खेती न करे तो..????? 

जितनी जरूरत आपको आईएएस आईपीएस डॉक्टर इंजीनियर या कारपोरेट में काम करने वाले या बैंकर अथवा फिनेंशियल एक्सपर्ट की है…......
...............उतनी ही जरूरत कार मैकेनिक प्लंबर स्वीपर कॉबलर टैक्सी ड्राइवर किसान और मजदूर की भी है

🙏...……..लेकिन आपके दिमाग में श्रमण विरोधी संस्कार भर दिया गया है .....…....जिसके मुताबिक मानसिक श्रम श्रेष्ठ है और शारीरिक श्रम करने वाले नीच जात के होते हैं !!!

🙏….......हम मेहनतकश को जीवन भर अपमानित करते हैं और उसकी जिंदगी को सजा बना देते हैं 

इसलिए हमें कभी इस बात को बताते समय कि इस आईएएस के पिता रिक्शा चलाते हैं यह नहीं जताना चाहिए कि देखो पिताजी कितने छोटे हैं और बेटा कितना बड़ा हो गया..........🙏

🙏............क्योंकि किसी भी लिहाज से रिक्शा चलाना छोटा काम और कुर्सी पर बैठकर काम करना ऊँचा काम नहीं हो सकता !!!.........🙏

ईस्वर ने सभी के लिए कोई न कोई, कार्य चुना है..........ईमानदारी, मेहनत और लगन से कीजिये, जब तक ईस्वर ने वह काम आपको सौंपा है.....….जिसदिन आप उस काबिल नहीं हो गए, वही काम कोई और करेगा, किन्तु करेगा अवश्य 🙏

इंसान के चेहरे बदलते रहते हैं, कर्म तो करना ही होगा 🙏
सोचना पड़ेगा।।

बाकि और क्या ही कहु समाज की बातें तथा ऐसे विद्यार्थियों की जो विविधता से संबंधित जुड़े हर एक तथ्य पर किसी इंटरव्यू या स्टडी बड़ी बड़ी बातें करते है....

खैर मे अब कुछ नहीं बोलूंगा 🙄🙄
गुस्सा आ रहा मुझे 😔😔

@josh6767",574.0,0.0,0,3186
women_girlsafety,1534,2024-07-05 10:50:18+00:00,"**लिव इन रिलेशनशिप मतलब आर्थिक और शारीरिक हवस ..जिसमें दो विपरीत लिंग के व्यक्ति इसलिए साथ-साथ रहते हैं की उनकी शारीरिक भूख की पूर्ति हो सके क्योंकि कोठे पर जाना महंगा और सामाजिक दृष्टि से निम्न कार्य है..अगर कोई महिला 40 वर्ष के बाद यह कार्य करती हैं तो उससे मूर्ख कोई स्त्री इस धरती पर नहीं है.. आजकल स्त्री/पुरुष पति पत्नि बनकर ही मुश्किल से साथ टिक पाते हैं.. जहाँ माता-पिता रिश्तेदारों और भाईयों का हस्तक्षेप सभी का दबाव रहता है.. फिर इन बेहूदे रिश्तों की तो कोई गारण्टी वारंटी भी नहीं होती.. बड़े बड़े शहरों में अमीर महिलाएँ अपने शौक के लिए पहले पालतू कुत्ता पालती थी आजकल लिव इन रिलेशनशिप के नाम पर आदमी पालती है.. पहले कुत्ते साथ लेकर चलने का फैशन था आजकल मर्द साथ लेकर चलने का फैशन बन गया है..होड़ लगी है भैया.. ना कोई बाप ना मइया पैसा बोलता है साहब... इधर सुन्दर महिला और अकेली देखकर 16 साल से लेकर 80 साल के बूढ़ों की लार टपकने लगती है वह भरसक प्रयास करते हैं महिलाओं को पटाने के लिए... प्रेम व्रेम कुछ नहीं ..पुरुष स्त्री का माल हड़पने की फ़िराक़ में रहता है और स्त्री पुरुष का जिसके जो हाथ लगता है लेकर फरार हो जाते हैं.. अगर किसी बूढे पुरुष पर कोई महिला फिदा हो रही है तो समझ जाये बूढे के दिन पूरे हो गए हैं और अगर कोई बुढ़ी महिला पर युवा पुरुष फिदा हो रहे हैं तो उस महिला का अंत निकट है.. 100% में से मात्र 1% लोग बुढ़ापे में सहारा ढूंढते है अन्यथा हर कोई माल की फ़िराक़ में साथ रहने का ढोंग करते हैं और मोका मिलते ही हत्या कर देते हैं या कागजात जोर-जबरदस्ती करके अपने नाम करा लेते हैं... अगर आप भी किसी लिव इन रिलेशनशिप के बारे में सोच रहे हैं तो सावधान.... बड़े धोखे है इस राह में .. पुरुष तो 99% शादीशुदा होते हैं जो सिर्फ मौज शौक के लिए महिलाओं का इस्तेमाल करते हैं.. और लड़कियां भी आजकल अंकल की संकल बनाने में लगी हुई है... 😏
*** पोस्ट अच्छी लगी हो तो अपने विचार अवश्य प्रस्तुत करें इससे बहुत ज्यादा प्रोत्साहन मिलता है🙏🙏**",476.0,0.0,0,1743
women_girlsafety,1533,2024-07-02 12:27:08+00:00,"हाथरस

विनम्र श्रद्धांजलि 🙏🙏🥺🕉",438.0,0.0,0,30
women_girlsafety,1531,2024-06-23 14:42:32+00:00,"**मुख्य परीक्षा से जुड़ा एक कटु सत्य 👇👇

मान लीजिए अगर 10 हजार लोग मेंस लिख रहे है, तो उसमे से 6,7 हजार लोगो का ही  टारगेट Uppcs होता है बाकी बस प्री परीक्षा पास करके भीड़ बढ़ाते है ,इन 6-7 हजार मेहनती लोगो मे से मात्र आधे लोगो (3- 4 हजार) का मुख्य परीक्षा सिलेबस अच्छे से तैयार होता है और बाकी का सभी आधी - अधूरी क्रैश कोर्स, टेस्ट सीरीज या दूसरो के सहारे रहकर मुख्य परीक्षा लिखते है और बाहर हो जाते है।
👉अब ये बचे हुए 3-4 हजार लोग अच्छे कंटेंडर होते है, लेकिन इसमें से उत्तर लेखन और बिना रुके सतत प्रयासरत रहने वाले मात्र 2- 3 हजार लोग होते है ।

👉 यही 2 से 3 हजार लोग हर बार  मुख्य परीक्षा पास करके साक्षात्कार तक जाते है और जिसकी किस्मत,मेहनत और समय सटीक होता है वह रैंक लगा देता है और बाकी बचे हुए फिरसे तैयारी मे लग जाते है..!!

👉अब आप लोग स्वयं ईमानदारी पूर्वक अपना अपना आकलन कर सकते है की कहा पर है🙏

आप सोचकर आश्चर्यचकित हो जाएंगे की 70-80 लोग answer writing program से जुड़े हुए है और उत्तर लिखते है मात्र 30-35 और इन 30-35 लोगो में अधिकतर का सिलेबस तैयार नहीं है...!!
अंतिम चयन के लिए प्रयासरत केवल 10-12  है!

कुछ अपवाद छोड़कर यही हाल सब जगह का है
और फेल होने के बाद लोग दोष आयोग,किस्मत और examiner को देते है,खुद को कभी नही👍

समय रहते सुधार करले नही तो समय सुधार देगा!

✍🥰✍**",506.0,0.0,0,1188
women_girlsafety,1530,2024-06-23 03:26:13+00:00,"भारतीय नारी तो इतनी लज्जावान होती है कि अपने पति के सामने भी कपड़े बदलने में शर्माती है..

सोशल मीडिया पर अपने निजी

अंगों को दर्शाती और कामुक

अदाओं से अश्लीलता फैलाती

Reels की स्त्रियों को क्या नाम दूं...?

यदि नग्नता से ही आधुनिकता झलकती है तो यकीन मानिए जानवर हम सबसे ज्यादा आधुनिक हैं..!!",516.0,0.0,0,294
women_girlsafety,1525,2024-06-15 06:14:43+00:00,"**प्रिय मित्रों 

अंतः वह दिन आ ही गया जिसका हम सभी लंबे समय से प्रतीक्षा कर रहे थे।

आप सभी ने पूरे साल अपनी जिस लगन और ऊर्जा से पढ़ाई की है पेपर भी उसी लगन और ऊर्जा से देना।

मैं जानता हूं आप सभी को डर भी लग रहा होगा, मन में अनेक प्रश्न भी उठ रहे होंगे परन्तु याद रहे ये सभी के साथ होता है लेकिन युद्ध में विजयी वही होता है को स्वयं को शांत रखता है एवम धैर्य रखता है।

आपने कितना पढ़ा है, क्या पढ़ा है, क्या छूट गया है इस सब की चिंता अब आपको त्याग देना चाहिए।

बस आज भरपूर नींद लेना, मन को थोड़ा हल्का रखना, कल सेंटर पर समय से पहले पहुंच जाना। अपना एडमिट कार्ड तथा काला पेन 2 रख लेना तथा पहचान पत्र भी।

आप सभी को अग्रिम शुभकामनाएं।

कल सब अच्छा होगा।**",373.0,0.0,0,655
women_girlsafety,1524,2024-06-14 03:08:11+00:00,"**रात के 1 बजने को है लगभग पूरा शहर चैन की नींद सो रहा है मगर कुछ मुझ जैसे संवेदनशील इंसान किसी बेजुबान की पीड़ा व दर्द के छटपटाहट को महसूस करने के चलते सो नहीं पा रहा होगा .. मानवता मर चुकी है? या इंसानियत ख़त्म हो चुकी है या मानव जीवन का एक मात्र उद्देश्य दिखावपन और भोग विलास ही हो गया है ...क्यों आज का मानव घोर स्वार्थी और आत्मकेंद्रित हो गया है.. क्या उसे जीव जंतुओं पशु पक्षियों का जरा भी ख्याल नहीं ...अपने को ही सुख देने और भोगी स्वाभाव के चलते इंसानों ने इस धरती को केवल अपनी मिल्कियत समझ ली है..वो भूल गया है की अन्य जीवों का भी इस धरती पर उतना ही अधिकार है जितना कि उसका... अपने को सबसे  अधिक विवेकशील कहने वाले इंसानों ने अपने प्यार ,दुलार, सुख सुविधाओं में कभी अन्य प्राणियों की हिस्सेदारी को महसूस नहीं किया ..किया भी तो स्वार्थ के अधीन होकर ...बल्कि इसके विपरीत उसने बेजुबानों के  उन सुखों,अधिकारों यहां तक उनकी सांसे भी छीन लेने की चेष्टा कर रहा है...इसका उदाहरण काटजू बाग कालोनी, सलोरी,बहादुर चाय , दुर्गा पार्क ,भूलई का पुरवा, (प्रयागराज) के आसपास के क्षेत्रों में टहलती घोर पीड़ा से जूझ रही एक गाय का है, जो पिछले सात आठ महीने से लगातार असहनीय पीड़ा में छटपटाती घूम रही है ...और उन्हीं शहरी मनुष्यों के बीच में, जो तथाकथित सबसे सभ्य और शिक्षित माने जाते हैं  ..क्या इन लोगों ने अपनी आंखे मूंद रखी है या  जीवों और प्रकृति को पूज्य माने जाने वाली संस्कृति और सभ्यता को भूल चुके हैं, जो हड़प्पा काल से चली आ रही है ... जबकि तब का मानव आज की तुलना में असभ्य और अशिक्षित समझा जाता है। इस गाय की पीड़ा को समझने और महसूस कर पाने का भाव आखिर आयेगा ही कहां से, जब उस पीड़ा का जन्मदाता मानव ही है ...अपनी विलासिता व भोगी प्रवृत्ति के चलते इंसानों ने ऐसे न जाने कितने बेजुबानों को तड़प तड़प के मर जाने के लिए छोड़ दिया है... गाय ने इतनी प्लास्टिक खा रखी है जो उसके श्वास नली में कहीं फंस गई है और उसको सांस लेने कठिनाई का सामना करना पड़ रहा है... गाय के सांस लेने पर  एक किलोमीटर तक सुनाई देने वाली दर्द व छटपटाहट से भरी आवाज़ से मन व्यथित हो उठता है...व्यक्तिगत रूप से बहुत प्रयास के बाद भी उसकी पीड़ा को दूर नहीं कर सके ...जो भी इस विषय पर कोई मदद कर सकता है नगर निगम के माध्यम से या किसी भी अन्य माध्यम से मेरा उन सभी से निवेदन है वो आगे आएं और उस गाय को चैन की सांस दिलाने में सहायता करें यहां कोई आर्थिक मदद की जरूरत या मांग नहीं है ......... केवल उस गाय को पीड़ामुक्त करने का आग्रह है......यहां बात केवल इस एक गाय का नहीं ऐसे अनेक बेजुबानों का है जो हमारी बुरी आदतों के शिकार हो रहें हैं,
और एक निवेदन भी दिखावे व झूठी शान से बाहर निकले कोशिश करें खाद्य पदार्थों को पॉलिथीन में भर भर कर सड़कों पर न फेंके । पॉलिथीन का प्रयोग बहुत जरूरी होने पर ही करें सब्जी लेने थैला(झोला) लेकर जाएं ।...किसी और के भरोसे न रहें व्यक्तिगत स्तर पर हरसंभव ऐसा करने का प्रयास करें तभी बदलाव दिखेगा और सभी प्राणी आपके बीच रहकर भी सुरक्षित महसूस करेंगे। 🙏🙏


अर्पिता शुक्ला**",383.0,0.0,0,2668
women_girlsafety,1523,2024-06-12 02:06:54+00:00,"प्रिय दोस्तों, नमस्कार।

दोस्तों, व्यक्ति को कभी -कभी मेहनत दिन रात करने के बाद भी नहीं मिलती, सफलता सभी को अच्छी लगती है।हर कोई सफल होना चाहता है। लेकिन सफल होने के लिए सिर्फ मेहनती होना ही एक मात्र रास्ता नहीं है, कुछ गुण होना जरूरी है जैसे------

              इच्छा शक्ति:---जिस व्यक्ति के पास इच्छाशक्ति नहीं
             ******
 होती,वह कभी सफल नहीं होता है। बिना इच्छाशक्ति से किसी भी कार्य को अंजाम या परिणाम तक नहीं पहुंचा जा सकता है। दोस्तों, इच्छाशक्ति को शिक्षा, ज्ञान और अनुभव से मजबूत बनाया जा सकता है।

                 मन:------व्यक्ति के मन का बहुत बड़ा रोल होता
              ******
है। अखाड़ा या मैंदान में हारा हुआ व्यक्ति फिर से जीत सकता है, लेकिन मन से हारा व्यक्ति नहीं जीत सकता,मन को मजबूत करने के लिए, अपने मन की नकारात्मकता को निकाल देना चाहिए। दोस्तों यदि मन से कोई कार्य नहीं करेंगे तो सफलता नहीं मिलेगी

                 आत्मविश्वास:---दोस्तों, इच्छाशक्ति से ही
                *******
 आत्मविश्वास पैदा होता है। बिना आत्मविश्वास के सफलता नहीं मिलती है,जब व्यक्ति का आत्मविश्वास प्रबल होता है तो सफलता आप के अगल-बगल होती है। दोस्तों, आत्मविश्वास स्वयं करके सीखने से और परिश्रम से पैदा होती है और परिश्रम की भावना शिक्षा और ज्ञान से प्राप्त होती है।

*दोस्तों, शायद हम लोगों को एक Recogniseसफल इंसान बनने के लिए अपनी इच्छाशक्ति को मजबूत बनाने की कोशिश जरूर करनी चाहिए।  


                                धन्यवाद
🙏🏻🙏🏻",406.0,0.0,0,1345
women_girlsafety,1521,2024-06-11 10:48:49+00:00,"कभी-कभी ऐसी कल्पना 
भी साकार हो जाती है जिसके
लिए हम बेहद शिद्दत से सोचते 
हैं और बगैर रात दिन देखे उस 
पर काम करते हैं।

यदि आप को जीतने की 
आदत बनानी है तो इससे 
पहले काम को पूरा करने
 की ठान लेने की आदत
 बनाए🚔
#IASAnkitaChaudhary

▭▬▭▬▭▬▭▬▭▬▭▬
➡️ 𝐖𝐡𝐚𝐭𝐬𝐚𝐩𝐩 𝐜𝐡𝐚𝐧𝐧𝐞𝐥 🌐
▭▬▭▬▭▬▭▬▭▬▭▬",403.0,0.0,0,281
women_girlsafety,1520,2024-06-11 06:47:11+00:00,"**पुण्य क्या है पाप क्या है,
मैं नहीं जानता....
और यदि आप मनुष्य हैं,
तो आपसे पाप भी होंगे ही,
चाहे जानबूझकर,
या फिर अनजाने में,
क्योंकि भगवान तो नही है हम,
जो किसी गलती की कोई गुंजाइश ही न रहे,
खैर जो भी है,
गलतियां तो होती रहती हैं मगर,
हमारी कोशिश हमेशा ये रहनी चाहिए कि 
कभी भी हमारी वजह से ,
किसी का दिल कभी न दुखे,
हम कभी किसी की,
मजबूरी का फायदा न उठाएं,
कभी खुद को किसी के रोने की वजह न बनने दें,
किसी के रोने पर हंसने की बजाय,
उसके दुख को बांटने की कोशिश करें,
कभी भूलकर भी,
किसी की आह अपने ऊपर न लें,
जीना मरना तो ईश्वर के हाथों में है,
मगर एक इंसान बनना हमारे खुद की कोशिश है..!**",371.0,0.0,0,591
women_girlsafety,1518,2024-06-05 02:22:05+00:00,"👉 5 जून को हर साल विश्व पर्यावरण दिवस मनाया जाता है. यह दिवस लोगो के बीच पर्यावरण की जागरूकता जाग्रत करने हेतु मनाया जाता है।

👉 पहला पर्यावरण सम्मेलन 5 जून 1972 को मनाया गया था, जिसमें 119 देशों ने भाग लिया था। स्वीडन की राजधानी स्टाॅकहोम में सम्मेलन हुआ। संयुक्त राष्ट्र महासभा ने मानव पर्यावरण पर स्टाॅकहोम सम्मेलन के पहले दिन को चिन्हित करते हुए 5 जून को पर्यावरण दिवस के तौर पर नामित कर लिया।

👉 Theme:

""Land Restoration, Desertification And Drought Resilience"" 
हमारी भूमि' नारे के तहत भूमि बहाली, मरुस्थलीकरण और सूखे पर केंद्रित है।",456.0,0.0,0,540
women_girlsafety,1517,2024-06-02 12:17:53+00:00,"**राय बनाने में जल्दबाजी न करें।

मान लिजिये -
आप पसीने से तर बतर हैं।  बहुत प्यासे हैं  ,गला सूख रहा है,
पर कहीं भी पानी नहीं मिल रहा है।
ऐसे में आप  एक वृक्ष की छाया में थकान मिटाने के लिए खड़े होते हैं !

तभी सामने की एक इमारत की पहली मंजिल की खिड़की खुलती है और आपकी उस व्यक्ति से आंखों मिलती है।
आपकी स्थिति देखकर, वह व्यक्ति हाथ के इशारे से आपको पानी के लिए पूछता है। 

आपकी उस व्यक्ति के बारे में कैसी राय होगी ?
(यह आपकी पहली राय है !)

आदमी  नीचे आने का इशारा करता है और खिड़की बंद कर देता है।
नीचे का दरवाजा 15 मिनट बाद भी नहीं खुलता।  

अब उस व्यक्ति के बारे में आपकी क्या राय है ?
(यह आपकी दूसरी राय है !)

16 मिनट बाद दरवाजा खुलता है और आदमी कहता है -
'मुझे देरी के लिए खेद है, लेकिन आपकी हालत देखकर, मैंने आपको पानी के बजाय नींबू पानी देना सबसे अच्छा समझा,
इसलिए थोड़ा समय लग गया ! '

अब उस व्यक्ति के बारे में आपकी राय बदल गई होगी ?
याद रखें कि आपको अभी तक कोई पानी या शर्बत नहीं मिला है।
( उस व्यक्ति के बारे में यह आपकी तीसरी राय है , ध्यान में रखें ।)

अब जैसे ही आप शर्बत को अपनी जीभ पर लगाते हैं, आपको पता चलता है कि इसमें चीनी नहीं है।

अब आप उस व्यक्ति के बारे में कैसा महसूस करते हैं?
(चौथी राय आकार ले लेती है !)

आपके चेहरे को खट्टेपन से भरा हुआ देखकर, व्यक्ति धीरे से ऑरेंज ग्लूकोज़ का एक पाऊच निकालता है और कहता है - आप अपने स्वाद के अनुसार जितना चाहें उतना डाल लें ।

अब उसी व्यक्ति के बारे में आपकी राय फिर बदल गई  होगी ?

एक सामान्य स्थिति में भी, अगर हमारी राय इतनी खोखली है और लगातार बदलती जा रही है, तो क्या हम किसी के भी बारे में राय देने के लायक है ?

वास्तव में,
दुनिया में इतना समझ आया कि अगर कोई व्यक्ति आपकी अपेक्षाओं के अनुरूप व्यवहार करता है तो वह अच्छा है अन्यथा वह बुरा है।

अपनी अपेक्षा के अनुसार राय बना लेना ही दुखों का आरंभ है।**",398.0,0.0,1,1675
women_girlsafety,1516,2024-06-01 01:07:03+00:00,"**एक आदमी ने एक बहुत ही खूबसूरत लड़की से शादी की। शादी के बाद दोनो की ज़िन्दगी बहुत प्यार से गुजर रही थी। वह उसे बहुत चाहता था और उसकी खूबसूरती की हमेशा तारीफ़ किया करता था। लेकिन कुछ महीनों के बाद लड़की चर्मरोग (skinDisease) से ग्रसित हो गई और धीरे-धीरे उसकी खूबसूरती जाने लगी। खुद को इस तरह देख उसके मन में डर समाने लगा कि यदि वह बदसूरत हो गई, तो उसका पति उससे नफ़रत करने लगेगा और वह उसकी नफ़रत बर्दाशत नहीं कर पाएगी।

 इस बीच एकदिन पति को किसी काम से शहर से बाहर जाना पड़ा। काम ख़त्म कर जब वह घर वापस लौट रहा था, उसका accident हो गया। Accident में उसने अपनी दोनो आँखें खो दी। लेकिन इसके बावजूद भी उन दोनो की जिंदगी सामान्य तरीके से आगे बढ़ती रही। समय गुजरता रहा और अपने चर्मरोग के कारण लड़की ने अपनी खूबसूरती पूरी तरह गंवा दी। वह बदसूरत हो गई, लेकिन अंधे पति को इस बारे में कुछ भी पता नहीं था। इसलिए इसका उनके खुशहाल विवाहित जीवन पर कोई प्रभाव नहीं पड़ा।

 वह उसे उसी तरह प्यार करता रहा। एकदिन उस लड़की की मौत हो गई। पति अब अकेला हो गया था। वह बहुत दु:खी था. वह उस शहर को छोड़कर जाना चाहता था।

 उसने अंतिम संस्कार की सारी क्रियाविधि पूर्ण की और शहर छोड़कर जाने लगा. तभी एक आदमी ने पीछे से उसे पुकारा और पास आकर कहा, “अब तुम बिना सहारे के अकेले कैसे चल पाओगे? इतने साल तो तुम्हारी पत्नितुम्हारी मदद किया करती थी.” पति ने जवाब दिया, “दोस्त! मैं अंधा नहीं हूँ। मैं बस अंधा होने का नाटक कर रहा था। क्योंकि यदि मेरी पत्नि को पता चल जाता कि मैं उसकी बदसूरती देख सकता हूँ, तो यह उसे उसके रोग से ज्यादा दर्द देता।

 इसलिए मैंने इतने साल अंधे होने का दिखावा किया. वह बहुत अच्छी पत्नि थी. मैं बस उसे खुश रखना चाहता था.” .. ...

सीख-- खुश रहने के लिए हमें भी एक दूसरे की कमियो के प्रति आखे बंद कर लेनी चाहिए.. और उन कमियो को नजरन्दाज कर देना चाहिए...**",426.0,0.0,2,1631
women_girlsafety,1513,2024-05-29 17:15:01+00:00,"**29 मई से 2 जून तक  सुबह 10 बजे से दोपहर 3 बजे तक कोई भी व्यक्ति बाहर (खुले आसमान के नीचे) नही निकलेगा क्योंकि मौसम विभाग ने यह बताया है कि तापमान 45 डिग्री सेल्सियस से 55 डिग्री सेल्सियस तक जायेगा,जिससे अगर किसी भी व्यक्ति को घुटन महसूस हो या अचानक तबियत खराब हो तो तुरंत डॉक्टर को दिखाएं रूम के अंदर दरवाजा खोल कर रखे ताकि विंटीलेशन बना रहे,मोबाइल का प्रयोग कम करे, मोबाइल फटने की संभावना जताई जा रही है,कृपया सावधान रहें और लोगो को सूचित करें,दही , मट्ठा, बेल का जूस आदि ठंडे पेय पदार्थ का प्रयोग ज्यादा से ज्यादा करें।**",156.0,0.0,0,525
women_girlsafety,1509,2024-05-28 03:42:17+00:00,"**अब तक आप ने सुना है कि घर किराये पर मिलते है,दुकान किराये पर मिलते है। कार,बस किराये पर मिलते है। क्या कभी आपने सुना है,पत्नियां भी किराये पर मिलती है ?... पर यह बिल्कुल सही है! 

मध्य प्रदेश अजब है,सच में गजब है,अपने सांस्कृतिक रंगों के लिए मशहूर मध्य प्रदेश में एक जगह ऐसी भी जहां पत्नियां भी किराए पर मिलती हैं। सुनने में शायद आपको थोड़ा अजीब लगे और हो सकता है आप यकीन भी न करें, लेकिन ये सच है।  

मध्य प्रदेश के शिवपुरी जिले में  'धड़ीचा' नाम की प्रथा है, जिसके तहत आज भी कुंवारी लड़कियों से लेकर शादीशुदा पत्नियां तक किराए पर मिलती हैं। इसके लिए बाक़ायदा 10/- रुपए से लेकर 100/- रुपए तक के स्टांप पेपर पर करार भी होता है। यहां आने वाले पुरुष अपनी पसंदीदा महिला को एक रकम अदा कर तय समय के लिए किराए पर ले जाते हैं।

धड़ीचा के लिए हर साल एक तय समय पर औरतों मंडी लगती है। इसमें शामिल होने के लिए दूर-दूर से खरीदार और पुरुष आते हैं। यहां कुंवारी लड़कियों के अलावा शादीशुदा महिलाओं को भी लाया जाता है। सबके चाल-चलन देखकर उनकी रकम तय होती है और खरीदार एक निश्चित समयसीमा के लिए लड़कियों या महिलाओं को अपनी पत्नी बनाकर ले जाते हैं।

इस बीच बच्चा/ वारिस हुआ तो उसे पुरुष उसे अपने पास रख लेता है,नही हुआ तो औरत को लौटा देता है या आपसी सहमती से एग्रीमेंट को रीन्यू करवाया जाता है। 

 इस मंडी में पत्नियों की कीमत 15 हजार रुपए से शुरू होती है। मजे की बात देखिए कि आज एक ढंग का स्मार्टफोन भी 15 हजार में नही आता लेकिन इतने ही रुपए में एक जीती जागती औरत को किराये पर उठा सकते है और वह भी पूरे एक साल के लिए!

 ये कीमत सिर्फ यहां तक सीमित नहीं है। 15 हजार रुपए से शुरू होने वाली कीमत कई बार 4 लाख रुपए तक पहुंच जाती है। बाहरी पुरुष एक साल या उससे कम समय के लिए रकम अदा कर पत्नी को किराए पर ले जाता है। 

इस जिले की एक महिला अपने जीवन काल में एक अनुमान के मुताबिक औसतन 6 बार किराये पर उठाई जाती है और एक कुआरी कन्या शादी न होने पर 2 बार किराये पर ले जाई जाती है।

 पुलिस और प्रशासन को इसकी मौखिक जानकारी है लेकिन कोई लिखित शिकायत न आने की वजह से पुलिस और प्रशासन हाथ पर हाथ धरे बैठा रहता है। यह अलग बात है कि भारत का संविधान स्वतः संज्ञान लेने का भी हक देता है। 

 महिलाओं की अस्मिता और अस्तित्व से खिलवाड करती इस प्रथा को स्थानीय सामाजिक मान्यता प्राप्त है। कितनी अजीब बात है,लोग जानवरों के अधिकार के लिए आवाज उठाते है।

मगर इन महिलाओ के लिए आज तक किसी संस्था ने आवाज ही नही उठाई है,शायद ये जानवरों से भी बदतर है ? ना ही किसी ने इस प्रथा का कभी विरोध किया है।

                          
                             😊जय हिंद 🇮🇳**",324.0,0.0,0,2324
women_girlsafety,1507,2024-05-27 05:26:41+00:00,"**ससुराल में साली का
बाग़ में माली का
होंठो में लाली का
पुलिस में गाली का
मकान में नाली का
कान में बाली का
पूजा में थाली का
खुशी में ताली का ------ बड़ा महत्व है।

फलों में आम का
भगवान में राम का
मयखाने में जाम का
फैक्ट्री में काम का
सुर्ख़ियों में नाम का
बाज़ार में दाम का
मोहब्ब्त में शाम का  ------- बड़ा महत्व है।

व्यापार में घाटा का
लड़ाई में चांटा का
रईसों में टाटा का
जूतों में बाटा का
रसोई में आटा का  ----- बड़ा महत्व है।

फ़िल्म में गाने का
झगड़े में थाने का
प्यार में पाने का
अंधों में काने का
परिंदों में दाने का  ----- बड़ा महत्व है।

ज़िंदगी में मोहब्ब्त का
परिवार में इज्ज़त का
तरक्की में किसमत का
दीवानो में हसरत का  ------ बड़ा महत्व है।

पंछियों में बसेरे का
दुनिया में सवेरे का
डगर में उजेरे का
शादी में फेरे का  ------ बड़ा महत्व है।

खेलों में क्रिकेट का
विमानों में जेट का
शरीर में पेट का
दूरसंचार में नेट का  ----- बड़ा महत्व है।

मौजों में किनारों का
गुर्वतों में सहारों का
दुनिया में नज़ारों का
प्यार में इशारों का  ------ बड़ा महत्व है।

खेत में फसल का
तालाब में कमल का
उधार में असल का
परीक्षा में नकल का। ----- बड़ा महत्व है।

ससुराल में जमाई का
परदेश में कमाई का
जाड़े में रजाई का
दूध में मलाई का  ----- बड़ा महत्व है।

बंदूक में गोली का
पूजा में रोली का
समाज में बोली का
त्योहारों में होली का
श्रृंगार में रोली का  ----- बड़ा महत्व है।

बारात में दूल्हे का
रसोई में चूल्हे का  ------- बड़ा महत्व है।

सब्जियों में आलू का
बिहार में लालू का
मशाले में बालू का
जंगल में भालू का
बोलने में तालू का  ------- बड़ा महत्व है।

मौसम में सावन का
घर में आँगन का
दुआ में दामन का
लंका में रावन का  ------- बड़ा महत्व है।

चमन में बहार का
डोली में कहार का
खाने में अचार का
मकान में दीवार का  ----- बड़ा  महत्व है

सलाद में मूली का
फूलों में जूली का
सज़ा में सूली का
स्टेशन में कूली का  ------ बड़ा महत्व है।

पकवानों में पूरी का
रिश्तों में दूरी का
आँखों में भूरी का
रसोई में छूरी का ---- बड़ा महत्व है।

माँ की गोदी का
देश में मोदी का  ----- बड़ा महत्व है।

खेत में साप का
सिलाई में नाप का
खानदान में बाप का  ----- बड़ा महत्व हे।**",294.0,0.0,0,1946
women_girlsafety,1506,2024-05-27 03:08:21+00:00,"**प्यार..... करना, जताना और निभाना... तीनो अलग अलग बाते है.. प्यार तो सभी करते ही है किसी ना किसी से.. बस जता और निभा नहीं पाते.. जो जता देते है वो निभा नहीं पाते और जो निभाने का सोचते है वो जता नहीं पाते ।।। अक्सर कहानियो का अंत ऐसा ही होता है.. कहानी इसलिए कहा है क्यूंकि उन्होंने प्रेंम को जताया या निभाया नहीं । ।  प्यार तो बस हो जाता है.. भीड़ भरी सड़क पे उसका हाथ थाम लेना.. बारिश आ जाए तो उसको एहतियात करना की सुनो तुम बच के रहना बारिश से किसी टपरी पर ग़र मिल जाए कभी तो फूंक मार मार कर उसको चाय ठंडी कर पिलाना.. उसके late हो जाने पर घंटो हाथ में मोबाइल रखना चाहे फिर खुद ही क्यूँ  late हो rhe हो किसी ज़रूरी  से ।। पर निभाना नहीं.. निभाने वाला प्यार तो आजकल बहुत कम दिखता है.. अक्सर इसी वजह से कहानिया अधूरी सी रह जाती है.. और इन्ही सब की वजह से बड़े शायर ने कहा है की ""खुशनसीब होते है वो लोग जिनका इश्क़ मुकम्मल होता है'"" भाई हम तो कहते है की खुशनसीब होते है वो लोग जिन्हें इश्क़ होता है.. फिर चाहे इश्क़ ज़िन्दगी भर साथ रहे या ना रहे.. ज़िंदा रहने की वजह तो बन ही जाता है.. बस इश्क़ होना चाहिए.. फिर चाहे आप किसी के साथ भी रहे.. किसी के साथ ना होने की कसक होनी चाहिए.. जो वक़्त साथ गुज़ारा है अपने इश्क़ के.. उसी वक़्त के साथ ज़िन्दगी रहनी चाहिए ।। जब हीर रांझा.. रोमियो जूलियट.. सोहनी महिवाल प्यार करके ना मिल सके तो आप कहा से आए है.. बस आशिक़ो की परंपरा को बढ़ाते रहिए.. सबको उनका इश्क़ मिल जाए तो फिर इश्क़ को कोई पूछेगा भी नहीं.. इसलिए बस इश्क़ करिए.. चाहे ज़िन्दगी भर साथ रहे ना रहे बस करिए...!!!!!

✍️,,,,,**",277.0,0.0,0,1404
women_girlsafety,1505,2024-05-26 17:30:02+00:00,"**पापा की परिया (बेटियों)जो घर से भाग जाती हे उन सभी के नाम सूंदर सन्देश  ''पापा राज बहुत अच्छा है ...
मैं उससे ही शादी करूंगी..वरना !! ' 
पापा ने बेटी के ये शब्द सुनकर एक घडी को तो सन्न रह गए .
फिर सामान्य होते हुए बोले -' 
ठीक है पर पहले मैं
तुम्हारे साथ मिलकर उसकी परीक्षा लेना चाहता हूँ तभी
होगा तुम्हारा विवाह राज से...
कहो मंज़ूर है ?
'बेटी चहकते हुए
बोली -''हाँ मंज़ूर है मुझे .. 
राज से अच्छा जीवन साथी कोई हो
ही नहीं सकता..
वो हर परीक्षा में सफल होगा ..
आप नहीं जानते पापा राज को !' 
अगले दिन कॉलेज में नेहा जब राज से मिली तो उसका मुंह लटका हुआ था.. राज मुस्कुराते हुए बोला
-'क्या बात है स्वीट हार्ट..
इतना उदास क्यों हो ....
तुम मुस्कुरा दो वरना मैं अपनी जान दे दूंगा .''
नेहा झुंझलाते हुए
बोली -'राज मजाक छोडो ....
पापा ने हमारे विवाह के लिए
इंकार कर दिया है ...
अब क्या होगा ? 
राज हवा में बात उडाता
हुआ बोला होगा क्या ...
हम घर से भाग जायेंगे और कोर्ट
मैरिज कर वापस आ जायेंगें .'' 
नेहा उसे बीच में टोकते हुए बोली
पर इस सबके लिए तो पैसों की जरूरत होगी.. क्या तुम मैनेज
कर लोगे ?'' ''
ओह बस यही दिक्कत है ...
मैं तुम्हारे लिए जान दे सकता हूँ पर इस वक्त मेरे पास पैसे नहीं ... 
हो सकता है घर से भागने के बाद हमें कही होटल में छिपकर रहना पड़े..
तुम ऐसा करो, तुम्हारे पास और तुम्हारे घर में जो कुछ भी चाँदी -सोना -नकदी तुम्हारे हाथ लगे तुम ले आना ...
वैसे मैं भी कोशिश करूंगा ...
कल को तुम घर से कहकर आना कि 
तुम कॉलेज जा रही हो और यहाँ से
हम फर हो जायेंगे...
सपनों को सच करने के लिए !'' 
नेहा भोली बनते हुए बोली 
-''पर इससे तो मेरी व् मेरे परिवार कि बहुत बदनामी होगी '' 
राज लापरवाही के साथ बोला 
-''बदनामी , वो तो होती रहती है ...
तुम इसकी परवाह मत करो..'' 
राज इससे आगे कुछ कहता उससे पूर्व ही नेहा ने उसके गाल पर जोरदार तमाचा रसीद कर दिया..
नेहा भड़कते हुयी बोली
-''हर बात पर जान देने को तैयार बदतमीज़ तुझे ये तक  परवाह नहीं जिससे तू प्यार करता है उसकी और उसके परिवार की समाज में बदनामी हो ....
प्रेम का दावा करता है...
बदतमीज़ ये जान ले कि मैं वो अंधी
प्रेमिका नहीं जो पिता की इज्ज़त की धज्जियाँ उड़ा कर ऐय्याशी करती फिरूं .कौन से सपने सच हो जायेंगे ....
जब मेरे भाग जाने पर मेरे पिता जहर खाकर प्राण दे देंगें !
मैं अपने पिता की इज्ज़त नीलाम कर तेरे साथ भाग जाऊँगी  तो समाज में और ससुराल में मेरी बड़ी इज्ज़त होगी ...वे अपने सिर माथे पर बैठायेंगें...और सपनों की दुनिया इस समाज से कहीं अलग होगी...
हमें रहना तो इसी समाज में हैं ...
घर से भागकर क्या आसमान में रहेंगें ? है कोई जवाब तेरे पास..
पीछे से ताली की आवाज सुनकर
राज ने मुड़कर देखा तो पहचान न पाया.. नेहा दौड़कर उनके पास
चली गयी और आंसू पोछते हुए बोली -'पापा आप ठीक कह रहे थे
ये प्रेम नहीं केवल जाल है जिसमे फंसकर मुझ जैसी हजारों लडकियां अपना जीवन बर्बाद कर डालती हैं !!''
🙏🏻🙏🏻🙏🙏🙏🙏🙏🙏l**",316.0,0.0,0,2541
women_girlsafety,1503,2024-05-25 02:14:29+00:00,"**दाग हमारे कपड़ो पर लगा 💔
और सोच तुम्हारी गन्दी हो गयी
ज़रा सी ब्रा स्ट्रिप क्या दिखी
तुम्हारी तो नसें ही तन गयीं
सीने की गोलाइयों पर जा कर
तुम्हारी नज़रें टिकने लगी
डीप गला क्या पहन लिया
पीठ पर तुम्हरी आँखों से उँगलियाँ फिरने लगीं
ज़रा सा दुपट्टा क्या सरक जाए
बदन तराशने लगते हो
तुम्हारी घूरती आँखें
हमारे कपड़े उतार लेती हैं
तुम्हारी सीटियाँ और फ़ब्ब्तियाँ
हमे अन्दर ही अन्दर मार देती हैं
आँकड़ें सम्भाले जाते हैं
नोची हुई देह और गूँजी चीत्कारों का
कौन रखेगा हिसाब
आँखों से होते बलात्कारों का
कब समझोगे तुम कि
वो शराब की बोतल नहीं
योनि और स्तन से परे भी है
स्त्री का अस्तित्व ❤️
सुप्रभात मित्रो ❤️
राही**",327.0,0.0,0,600
women_girlsafety,1498,2024-05-21 03:50:58+00:00,"**जब बेटियां बड़ी हो जाती हैं 
हमें दोबारा बच्चा बना देती हैं 
कभी नये जमाने की टेक्नोलोजी को 
समझाने के लिए 
होमवर्क न किये जाने पर 
बचपन की माँ की याद दिला देती हैं 
कभी कहती है 
ओहो मम्मी! यह पहनावा पुराना आप पर 
फबता नहीं 
कुछ अपनी पसंद का पहना देती हैं 
निकाल फैँकती हैं कभी कभी 
जुड़े में फंसी पिन को 
जिसमें न जाने जल्दी जल्दी 
काम निपटाने के लिए इकट्ठे कर 
इनमें घुसाई थी 
खुली जुल्फों को गर्दन के चारों ओर 
फैला देती हैं 
""कितनी प्यारी लग रही हो मम्मा! "" कहकर 
खुद गले से लिपट जाती हैं 
ख्याल रखती हैं 
हर छोटी छोटी चीज का 
कभी कभी तो 
अपने पापा से भी लड़ जाती हैं 
""मम्मी अब थक गई कुछ नहीं करेंगी 
थोड़ा खुद भी कर लिया करो 
अपना गीला तौलिया आप ही 
सुखा दिया करो, 
ले लिया करो कभी कभी 
अपने पहनने के कपड़े अपने आप पापा! ""
सुनकर आँख नम हो जाती हैं
दवाई से लेकर मुस्कराहट तक का 
ध्यान रखती हैं 
यह सच है बेटियां 
माँ की भूमिका खूब अच्छे से निभा 
हमको बच्चा बना देती हैं 
पास बैठकर पूछ लेती हैं 
उदासी का कारण 
मुस्कराने के लिए 
कई अफसाने सुना देती हैं 

सच ! 
बेटियां घर की रौनक और 
मन का सुकूँ होती हैं।**",367.0,0.0,0,1013
women_girlsafety,1497,2024-05-18 05:54:36+00:00,"**🔸पति की आवश्यकता क्यों ?🔸

एक महिला एक मनोचिकित्सक के पास गई और उससे बोली कि 
""मैं शादी नहीं करना चाहती.. मैं शिक्षित, स्वतंत्र और आत्मनिर्भर हूं.. मुझे पति की जरूरत नहीं है.. फिर भी मेरे माता-पिता मुझसे शादी करने के लिए कह रहे हैं... आप सुझाव दीजिए कि मैं क्या करूं?""

मनोचिकित्सक ने उत्तर दिया:-
""आप निस्संदेह अपने जीवन में बहुत कुछ हासिल करोगी.. लेकिन किसी दिन अनिवार्य रूप से जिस तरह से आप चाहती हैं वैसे नहीं हो पाया या कुछ कुछ गलत हो जाएगा अथवा कभी-कभी आप असफल हो जाएंगी या फ़िर कभी-कभी आपकी योजनाएं फेल हो जायेंगी या आपकी इच्छाएं पूरी नहीं होंगी.. उस समय आप किसे दोष देंगी ?.. क्या आप खुद को दोषी मानेंगी ?”

महिला:- ""नहीं.. हरगिज़ नहीं...!!!""

मनोचिकित्सक:- ""बस इसीलिए भी आपको एक पति की आवश्यकता है. ताकि जब भी आपका मूड खराब हो...   तब आप सारा दोष अपने पति को देकर अपना मन हल्का कर सकें......।""पति से पुरा परिवार  बनता है मातृत्व सुख और ममत्व जागता है बच्चे और भावी नई पीढी  का सर्जन होता है 
ऐक संसारिक प्रक्रिया पुरी होती है 🙏🏻🙏🏻
एक समय बाद  रूप, यौवन, सुन्दरता, लावण्य सब ढल जायेगा उस समय तुम्हारा पति और परिवार  ही काम आयेगा 
संसार  मे भुखे भेडियो  से तुम्हारी रक्षा करेगा और दुनियाभर  की सुख सुविधा तुम्हारे चरणौ मे अर्पित  करेगा मां पिता  के बाद पति,बेटा,बेटी ही एक ऐसा रिश्ता  है जिस पर सम्पूर्ण विश्वास  किया जा सकता है**",436.0,0.0,0,1237
women_girlsafety,1496,2024-05-17 17:56:47+00:00,"**☆विवाह पूर्व एक लड़के की विचित्र मांगों से 🎊लड़की वाले हैरान हैं। 
☆लड़के की मांगों की चर्चा पूरे शहर में हो रही है। 
☆यह मांगें दहेज को लेकर नहीं बल्कि *विवाह संपन्न कराने के तरिके को लेकर हैं..!!*

*🤔मांगें इस प्रकार से हैं::---->>*

01🌹 कोई *प्री वैडिंग शूट नहीं होगा.*
02🌹 दुल्हन शादी में लहंगे की बजाय *साड़ी पहनेगी.*
03🌹 मैरिज लॉन में ऊलजुलूल अश्लील कानफोड़ू संगीत की बजाय, *हल्का इंस्ट्रूमेंटल संगीत बजेगा.* 
04🌹 *वरमाला के समय केवल दूल्हा दुल्हन ही स्टेज पर रहेंगे.* 
05🌹 *वरमाला के समय दूल्हे या दुल्हन को.. उठाकर उचकाने वालों को विवाह से निष्कासित कर दिया जायेगा.*
06🌹 *पंडितजी द्वारा विवाह प्रक्रिया शुरू कर देने के बाद कोई उन्हें रोके टोकेगा नहीं.*
07🌹 *📸कैमरामैन फेरों आदि के चित्र दूर से लेगा न कि बार बार पंडितजी को टोक कर..*
           *ये देवताओं का आह्वान करके किया जा रहा विवाह समारोह है.. ना की किसी 📽️फिल्म की शूटिंग..😳*
08🌹 दूल्हा दुल्हन द्वारा *🎥कैमरामैन के कहने पर उल्टे सीधे पोज नहीं बनाये जायेंगे.*
09🌹विवाह समारोह दिन में हो और शाम तक विदाई संपन्न हो जिससे किसी भी गेस्ट को रात 
12 से 1 बजे खाना खाने से होने वाली समस्या जैसे अनिद्रा, एसिडिटी आदि से परेशान ना होना पड़े। 
✅इसके अतिरिक्त मेहमानों को अपने घर पहुंचने में मध्य रात्रि तक का समय ना लगे और असुविधा ना हो। 
✅जिससे मेहमान जो स्वयं को सुंदर वस्त्र आभूषणों से सजा कर आते है स्वयं सजा न पाए।

*10🌹नवविवाहित को सबके सामने.. किस या आलिंगन के लिए कहने वाले को तुरंत विवाह से निष्कासित कर दिया जायेगा.*
      *🌹ज्ञात हुआ है लड़की वालों ने लड़के की सभी मांगे सहर्ष मान ली है..!!*
____________
*🚩समाज सुधार करने के लिए सुंदर सुझाव..!!*
*🙏🏻शादी एक पवित्र बंधन है.. मर्यादाओं मे रहे..🙏🏻*
🙏**",346.0,0.0,0,1561
women_girlsafety,1495,2024-05-16 01:39:22+00:00,"मेरी बेटी बड़ी हो गई,
साथ मेरे खड़ी हो गई।
डांट देती मुझे ऐसे,
मेरी वो सहेली हो गई।

बीपी शुगर क्यों बड़ाई आपने,
क्यों मीठा खाया आपने ।
पहन लेती हो कुछ तो भी  कपड़े बेतुके ,
मैं दिलाऊ तुम्हें कुछ ढंक के।
हो जाती हैं नाराज मुझसे,
मैं फिर करती हूं बात उससे।

कुर्ती पहन रखी इतनी बड़ी,
जी लो खुद के लिए दो घड़ी।

 सफेद बाल क्यों रख रखे?
मेंहदी लगाने से क्यों डर रहे ।

 सहज योग, मेडिटेशन क्यों नही करते,
अपने आप को पॉजिटिव क्यो नही रखते।
मॉर्निंग वाक पर जाओ,
अपना मन ध्यान योग पर  लगाओ।
नेगेटिव विचार मन से हटा दो,
अपना मन भक्ति में लगा दो।

मेरी हर कमी पुरी हो गई,
मेरी बेटी बड़ी हो गई। 
दुनियां से लड़ेगी मेरे लिए,
मेरे कंधे से ऊंची हों गई,
मैरी बिटिया मुझसे समझदार हो गई।।",309.0,0.0,0,672
women_girlsafety,1494,2024-05-13 11:08:10+00:00,"एक *चूहा* एक कसाई के घर में बिल बना कर रहता था।

एक दिन *चूहे* ने देखा कि उस कसाई और उसकी पत्नी एक थैले से कुछ निकाल रहे हैं। चूहे ने सोचा कि शायद कुछ खाने का सामान है।

उत्सुकतावश देखने पर उसने पाया कि वो एक *चूहेदानी* थी।

ख़तरा भाँपने पर उस ने पिछवाड़े में जा कर *कबूतर* को यह बात बताई कि घर में चूहेदानी आ गयी है।

कबूतर ने मज़ाक उड़ाते हुए कहा कि मुझे क्या? मुझे कौनसा उस में फँसना है?

निराश चूहा ये बात *मुर्गे* को बताने गया।

मुर्गे ने खिल्ली उड़ाते हुए कहा… जा भाई.. ये मेरी समस्या नहीं है।

हताश चूहे ने बाड़े में जा कर *बकरे* को ये बात बताई… और बकरा हँसते हँसते लोटपोट होने लगा।

उसी रात चूहेदानी में खटाक की आवाज़ हुई, जिस में एक ज़हरीला *साँप* फँस गया था।

अँधेरे में उसकी पूँछ को चूहा समझ कर उस कसाई की पत्नी ने उसे निकाला और साँप ने उसे डस लिया।

तबीयत बिगड़ने पर उस व्यक्ति ने हकीम को बुलवाया। हकीम ने उसे *कबूतर* का सूप पिलाने की सलाह दी।

कबूतर अब पतीले में उबल रहा था।

खबर सुनकर उस कसाई के कई रिश्तेदार मिलने आ पहुँचे जिनके भोजन प्रबंध हेतु अगले दिन उसी *मुर्गे* को काटा गया।

कुछ दिनों बाद उस कसाई की पत्नी सही हो गयी, तो खुशी में उस व्यक्ति ने कुछ अपने शुभचिंतकों के लिए एक दावत रखी तो *बकरे* को काटा गया।

*चूहा* अब दूर जा चुका था, बहुत दूर ……….।

_*अगली बार कोई आपको अपनी समस्या बतायेे और आप को लगे कि ये मेरी समस्या नहीं है, तो रुकिए और दुबारा सोचिये।*_

*_समाज का एक अंग, एक तबका, एक नागरिक खतरे में है तो पूरा देश खतरे में है।_*

जय हिंद🇮🇳",352.0,0.0,0,1366
women_girlsafety,1493,2024-05-12 19:36:31+00:00,"मेरी मां....

सच बताऊं तो समझ नहीं आता 
कि लिखना कहां से शुरू करूं,
अरे ऐसा नहीं है कि लिखना नहीं आता,
बात बस इतनी है कि मां के बारे में लिखते -
लिखते तो शायद शब्द ही कम पड़ जाएं..
तो सोच रहा हूं कि कम शब्दों में अपनी बात 
कैसे पूरी की जाए😄😄🤗.
मां.. दुनिया की सबसे खूबसूरत रचना,
जिसके बिना इस संसार की कोई कल्पना की
ही नहीं जा सकती ..
और वो भी मेरी माँ जैसी तो कहने ही क्या,
बहुत ही प्यारी,सच्ची हां कभी कभी इत्तू सा गुस्सा
भी कर देती हैं,मगर उनके उस गुस्से में भी हमारे लिए अपार प्रेम ही होता है,वो चिल्लाती नहीं गुस्से में खामोश हो जाती हैं 
मेरी तरह🙈 वैसे मेरा उनसे कोई मुकाबला नहीं ,
क्यूंकि मै तो उनके पैरों की धूल जैसी भी नहीं हूं,
वो कभी अपने बारे में नहीं सोचती,उनके ज़हन में हर
वक़्त हम भाई बहनों का ख़्याल रहता है,तबियत ठीक नहीं रहती मगर फिर भी आज भी अगर हम कहें कि माँ आज कुछ अलग खाना है तो लग जाएगी रसोई में ,
दर्द भी होगा तो कहेंगी नहीं बस बनाकर खिला देंगी।
वो दुनिया के रीति रिवाजों की ,समाज के बंधनों की 
परवाह नहीं करती ,वो कहती हैं,जिंदगी में आगे पढ़ो
खूब पढ़ो क्यूंकि पढ़ाई की कोई उम्र नहीं होती ,
और समाज क्या सोच रहा है इसकी परवाह बिल्कुल 
मत करो क्यूंकि समाज किसी के लिए कुछ नहीं करता,
और अगर समाज सभ्य है तो तुम्हे समझेगा और साथ भी देगा,
खैर छोड़ो मुझे तो बस अपनी माँ से मतलब है कि 
वो क्या कहती हैं मेरे लिए तो बस उनके शब्द मायने रखते है,
दुनिया क्या का रही है I don't care..!
और इस लाइफ में मेरी पहली और आखिरी wish 
बस यही है कि मेरी उम्र बस तब तक हो जब तक मेरी
मां इस दुनिया में रहे और वो मुझे हर जनम में मिले 
मेरी मां बनकर मेरी तो ये दुआ रहेगी की हर किसी को 
ऐसी मां मिले... 
 I love her sooo much ❤️
मुझे जिंदगी देने वाली ए खूबसूरत हस्ती,
तुझे मेरी भी उम्र लग जाए,बस इतनी सी ख्वाहिश है मेरी..🙏🏻
#Happy #mothers #day 🌹🌹",337.0,0.0,0,1646
women_girlsafety,1492,2024-05-12 09:38:55+00:00,"गर्लफ्रेंड को तो सब छूना चाहते हैं  ?

लेकिन शादी के लिए बीवी बिना छुई हुई चाहते हैं ?

 कड़वा ज़रूर है लेकिन सच है

लालची लड़के वाले नहीं, बल्कि लड़की वाले होते है | बड़ा घर, नौकरी, जमीन जायदाद, इकलौता हो, सास-ससुर न हो, राजकुमार हो, आदि-आदि, पहली सोच यही से लड़की के परिवार से उतपन्न होती है | यह एक ऐसा सामाजिक सच है, जिसमे अपने समाज की सारी सच्चाई छिपी है !|

रिश्ते तो पहले होते थे,

अब रिश्ते नही सौदे होते हैं,

बस यहीं से सब कुछ गड़बड़ हो रहा है,

किसी भी माँ-बाप मे अब इतनी हिम्मत शेष नही रही, कि बच्चों का रिश्ता अपनी मर्जी से तय कर सकें ...!

पहले खानदान देखते थे,

सामाजिक पकड़ और सँस्कार देखते थे, और अब ...,

मन की नही तन की सुन्दरता चाहिए,

सरकारी नौकरी, दौलत, कार, बँगला, साइकिल, या स्कूटर वाला राजकुमार अब किसी को नही चाहिये, सब की पसंद कार वाला ही है, भले ही इनकी संख्या 10% ही हो ...!

लड़के वालो को लड़की बड़े घर की चाहिए,

ताकि भरपूर दहेज मिल सके,

और लड़की वालोँ को पैसे वाला लड़का,

ताकि बेटी को काम करना न पड़े,

नौकर चाकर हो,

और परिवार भी छोटा ही हो ताकि काम न करना पड़े और इस छोटे के चक्कर मे परिवार कुछ ज्यादा ही छोटा हो गया है |

पहले रिश्ता जोड़ते समय लड़की वाले कहते थे कि मेरी बेटी घर के सारे काम जानती है और अब शान से कहते हैं हमने बेटी से कभी घर का काम नही कराया है | यह कहने में लोग शान समझते हैं, इन्हें रिश्ता नही बेहतर की तलाश है | रिश्तों का बाजार सजा है गाङियों की तरह, शायद और कोई नयी गाड़ी लांच हो जाये |

इसी चक्कर मे उम्र बढ रही है, अंत मे सौ कोड़े और सौ प्याज खाने जैसा है |

अजीब सा तमाशा हो रहा है

अच्छे की तलाश मे सब अधेड़ हो रहे हैं ...!

अब इनको कौन समझाये कि एक उम्र मे जो चेहरे मे चमक होती है, वो अधेड़ होने पर कायम नही रहती, भले ही लाख रंगरोगन करवा लो, ब्युटिपार्लर मे जाकर ...!

एक चीज और संक्रमण की तरह फैल रही है, नौकरी वाले लङके को नौकरी वाली ही लङकी चाहिये, अब जब वो खुद ही कमायेगी तो क्यों आपके या आपके माँ बाप की इज्जत करेगी ...?

और हाँ,

इस पर अवश्य विचार करियेगा हम कहाँ से कहाँ आ गये ...?

""यह कहानी सभी पुरुष महिलाओं पर लागू नही होती, 
कुछ पुरुष तो कुछ महिलाएं इस तरह से मर्यादाएं नष्ट कर रही हैं 
भला मैं क्या ही बताऊं",351.0,0.0,0,1965
women_girlsafety,1491,2024-05-12 04:49:08+00:00,",,     बडी उम्र की कुँवारी लड़कियाँ घर बैठी हैं 👏🏻

अगर अभी भी माँ-बाप नहीं जागे तो स्थितियाँ और विस्फोटक हो सकती हैं।

 समाज आज बच्चों के विवाह को लेकर इतना सजग हो गया है कि आपस में रिश्ते ही नहीं हो पा रहे हैं।

समाज में आज 27-28-32 उम्र तक की बहुत सी कुँवारी लडकियाँ घर बैठी हैं क्योंकि इनके सपने हैसियत से भी बहुत ज्यादा हैं ! इस प्रकार के कई उदाहरण हैं।

ऐसे लोगों के कारण समाज की छवि बहुत खराब हो रही है।

सबसे बडा मानव सुख, सुखी वैवाहिक जीवन होता है।

पैसा भी आवश्यक है, लेकिन कुछ हद तक।

पैसे की वजह से अच्छे रिश्ते ठुकराना गलत है। पहली प्राथमिकता सुखी संसार व अच्छा घर-परिवार होना चाहिये।

ज्यादा धन के चक्कर में अच्छे रिश्तों को नजर-अंदाज करना गलत है। ""संपति खरीदी जा सकती है लेकिन गुण नहीं।""

मेरा मानना है कि घर-परिवार और लडका अच्छा देखें लेकिन ज्यादा के चक्कर में अच्छे रिश्ते हाथ से नहीं जाने दें।

सुखी वैवाहिक जीवन जियें।

30 की उम्र के बाद विवाह नहीं होता समझौता होता है और मेडिकल स्थिति से भी देखा जाए तो उसमें बहुत सी समस्याएँ उत्पन्न होती हैं।

आज उससे भी बुरी स्थिति कुंडली मिलान के कारण हो गई है।

आप सोचिए जिनके साथ कुंडली मिलती है लेकिन घर और लड़का अच्छा नहीं और जहाँ लड़के में सभी गुण हैं वहां कुण्डली नहीं मिलती और हम सब कुछ अच्छा होने के कारण भी कुण्डली की वजह से रिश्ता छोड़ देते हैं

आप सोच के देखें जिन लोगो के 36 में से 20 या फिर 36/36 गुण भी मिल गए फिर भी उनके जीवन में तकलीफें हो रही हैं, क्योंकि हमने लडके के गुण नहीं देखे |

 पढे लिखे आधुनिक समाज को एक सदी और पीछे धकेल दिया ! 

आजकल समाज में लोग बेटी के रिश्ते के लिए (लड़के में) चौबीस टंच का सोना खरीदने जाते हैं, देखते-देखते चार पांच साल व्यतीत हो जाते हैं |

उच्च ""शिक्षा"" या ""जॉब"" के नाम पर भी समय व्यतीत कर देते हैं। लड़के देखने का अंदाज भी समय व्यतीत का अनोखा उदाहरण हो गया है?

खुद का मकान है कि नहीं? अगर है तो फर्नीचर कैसा है? घर में कमरे कितने हैं ? गाडी है कि नहीं? है तो कौनसी है? रहन-सहन, खान-पान कैसा है? कितने भाई-बहन हैं? बंटवारे में माँ-बाप किनके गले पड़े हैं? बहन कितनी हैं, उनकी शादी हुई है कि नहीं? माँ-बाप का स्वभाव कैसा है? घर वाले, नाते-रिश्तेदार आधुनिक ख्यालात के हैं कि नहीं?

बच्चे का कद क्या है?रंग-रूप कैसा है?शिक्षा, कमाई, बैंक बैलेंस कितना है? लड़का-लड़की सोशल मीडिया पर एक्टिव है कि नहीं? उसके कितने दोस्त हैं? सब बातों पर पूछताछ पूरी होने के बाद भी कुछ प्रश्न पूछने में और सोशल मीडिया पर वार्तालाप करने में और समय व्यतीत हो जाता है। हालात को क्या कहें माँ-बाप की नींद ही खुलती है 30 की उम्र पर। फिर चार-पाँच साल की यह दौड़-धूप बच्चों की जवानी को बर्बाद करने के लिए काफी है। इस वजह से अच्छे रिश्ते हाथ से निकल जाते हैं और माँ-बाप अपने ही बच्चों के सपनों को चूर चूर-चूर कर देते हैं।

एक समय था जब खानदान देख कर रिश्ते होते थे। वो लम्बे भी निभते थे | समधी-समधन में मान मनुहार थी। सुख-दु:ख में साथ था। रिश्ते-नाते की अहमियत का अहसास था।

चाहे धन-माया कम थी मगर खुशियाँ घर-आँगन में झलकती थी। कभी कोई ऊँची-नीची बात हो जाती थी तो आपस में बड़े-बुजुर्ग संभाल लेते थे। तलाक शब्द रिश्तों में था ही नहीं | दाम्पत्य जीवन खट्टे-मीठे अनुभव में बीत जाया करता था। दोनों एक-दूसरे के बुढ़ापे की लाठी बनते थे और पोते-पोतियों में संस्कारों के बीज भरते थे। अब कहां हैं वो संस्कार? आँख की शर्म तो इतिहास हो गई। नौबत आ जाती है रिश्तों में समझौता करने की।

लड़का-लड़की अपने समाज के नही होंगे तो भी चलेगा, ऐसी बातें भी सामने आ रही हैं।

आज समाज की लडकियाँ और लड़के खुले आम दूसरी जाति की तरफ जा रहे हैं और दोष दे रहे हैं कि समाज में अच्छे लड़के या लड़कियाँ मेरे लायक नहीं हैं। कारण लडकियाँ आधुनिकता की पराकाष्ठा पार कर गई है। जब ये लड़के-लड़कियाँ मन से मैरिज करते हैं तब ये कुंडली मिलान का क्या होता है ? तब तो कुंडली की कोई बात नहीं होती‌ | यही माँ बाप सब कुछ मान लेते हैं। तब कोई कुण्डली, स्टेटस, पैसा, इनकम बीच में कुछ भी नहीं आता।

अगर अभी भी माँ-बाप नहीं जागेंगे तो स्थितियाँ और विस्फोटक हो जाएंगी। समाज के लोगों को समझना होगा कि लड़कियों की शादी 22-23-24 में हो जाये और लड़का 25-26 का हो। सब में सब गुण नहीं मिलते।""

घर, गाड़ी, बंगला से पहले व्यवहार तोलो। माँ बाप भी आर्थिक चकाचोंध में बह रहे है । पैसे की भागम-भाग में मीलों पीछे छूट गए हैं, रिश्ते-नातेदार।

टूट रहे हैं घर परिवार | सूख रहा है प्रेम और प्यार।

परिवारों का इस पीढ़ी ने ऐसा तमाशा किया है कि आने वाली पीढ़ियां सिर्फ किताबों में पढ़ेंगी ""संस्कार""।

समाज को अब जागना जरूरी है अन्यथा रिश्ते ढूंढते रह जाएंगे।"" शादी  विवाह तलाक",316.0,0.0,0,4070
women_girlsafety,1490,2024-05-11 17:39:27+00:00,"**और दया शङ्कर जी ने सचमुच हाथ जोड़ दिये थे
व नेहा के सामने सर झुका दिया।
नेहा ने अपने ससुर के हाथ पकड़ लिए...
'बाबू जी।'

राधे श्याम जी ने कहा -
'बाबू जी नहीं.. पिता जी।'

नेहा भी भावुक हो कर राधे श्याम जी से लिपट गयी थी।
दया शङ्कर जी ऐसी बेटी पा कर गौरव की
अनुभूति कर रहे थे।
नेहा अब राजी खुशी अपने ससुराल रवाना हो गयी थी...
पीछे छोड़ गयी थी
आँसुओं से भीगी अपने माँ पिताजी की आँखें,
अपने पिता का वह आँगन
जिस पर कल तक वह चहकती थी..
आज से इस आँगन की चिड़िया उड़ गयी थी
किसी दूर प्रदेश में..
और किसी पेड़ पर अपना घरौंदा बनायेगी।

यह कहानी लिखते वक़्त
मैं उस मूर्ख व्यक्ति के बारे में सोच रहा था
जिसने बेटी को सर्वप्रथम 'पराया धन' की संज्ञा दी होगी।
बेटी माँ-बाप का अभिमान व अनमोल धन होता है,
पराया धन नहीं।
कभी हम शादी में जायें तो ध्यान रखें कि
पनीर की सब्ज़ी बनाने में एक पिता ने
कितना कुछ खोया होगा व कितना खोयेगा...
अपना आँगन उजाड़ कर
दूसरे के आंगन को महकाना कोई छोटी बात नहीं।
खाने में कमियाँ न निकालें... ।
बेटी की शादी में बनने वाले पनीर,
रोटी या रसमलाई पकने में उतना समय लगता है
जितनी लड़की की उम्र होती है।
यह भोजन सिर्फ भोजन नहीं,
पिता के अरमान व जीवन का सपना होता है।
बेटी की शादी में बनने वाले पकवानों में
स्वाद कही सपनों के कुचलने के बाद आता है व
उन्हें पकने में सालों लगते है,
बेटी की शादी में खाने की कद्र करें।

अगर उपर्युक्त बातें आपको अच्छी लगे तो
कृपया दूसरों से भी साझा करें....
एक कदम बेटियों के सम्मान के लिए...
🥰🥰🤗🤗🤗**",300.0,0.0,0,1330
women_girlsafety,1489,2024-05-11 17:39:27+00:00,"**___दुल्हन ने विदाई के वक़्त शादी को किया नामँजूर___

【कहानी सोचने पर विवश करेगी】

शादी के बाद विदाई का समय था,
नेहा अपनी माँ से मिलने के बाद
अपने पिता से लिपट कर रो रही थी।
वहाँ मौजूद सब लोगों की आँखें नम थीं।
नेहा ने घूँघट निकाला हुआ था,
वह अपनी छोटी बहन के साथ सजायी गयी
पालकी के नज़दीक आ गयी थी।
दूल्हा अविनाश अपने खास मित्र विकास के साथ
बातें कर रहा था।

विकास -
'यार अविनाश...
सबसे पहले घर पहुँचते ही होटल अमृतबाग चल कर
बढ़िया खाना खायेंगे...
यहाँ तेरी ससुराल में खाने का मज़ा नहीं आया।'
तभी पास में खड़ा अविनाश का छोटा भाई राकेश बोला -
'हाँ यार.. पनीर कुछ ठीक नहीं था...
और रस मलाई में रस ही नहीं था।'
और वह ही ही ही कर जोर जोर से हँसने लगा।
अविनाश भी पीछे नही रहा -
'अरे हम लोग अमृतबाग चलेंगे,
जो खाना है खा लेना...
मुझे भी यहाँ खाने में मज़ा नहीं आया..
रोटियाँ भी गर्म नहीं थीं...।'

अपने पति के मुँह से यह शब्द सुनते ही
नेहा जो घूँघट में पालकी में बैठने ही जा रही थी,
वापस मुड़ी,
पालकी के पर्दे को जोर से गिरा दिया...
घूँघट हटा कर अपने पापा के पास पहुँची...।
अपने पापा का हाथ अपने हाथ में लिया..
'मैं ससुराल नहीं जा रही पिता जी...
मुझे यह शादी मन्ज़ूर नहीं।'

यह शब्द उसने इतनी जोर से कहे कि
सब लोग हक्के-बक्के रह गये...
सब नज़दीक आ गये।
नेहा के ससुराल वालों पर तो जैसे पहाड़ टूट पड़ा...
मामला क्या था
यह किसी की समझ में नहीं आ रहा था।
तभी नेहा के ससुर राधे श्याम जी ने
आगे बढ़ कर नेहा से पूछा --
'लेकिन बात क्या है बहू ????????
शादी हो गयी है...
विदाई का समय है अचानक क्या हुआ कि
तुम शादी को नामन्ज़ूर कर रही हो ???????...?

अविनाश की तो मानो दुनिया लुटने जा रही थी...
वह भी नेहा के पास आ गया, अविनाश के दोस्त भी।
सब लोग जानना चाहते थे कि
आखिर ऐन वक़्त पर क्या हुआ कि
दुल्हन ससुराल जाने से मना कर रही है।
नेहा ने अपने पिता दया शङ्कर जी का
हाथ पकड़ रखा था...
नेहा ने अपने ससुर से कहा -
'बाबू जी मेरे माता पिता ने अपने सपनों को मार कर
हम बहनों को पढ़ाया-लिखाया व क़ाबिल बनाया है।
आप जानते है एक बाप के लिए बेटी
क्या मायने रखती है ??????......
आप व आपका बेटा नहीं जान सकते
क्योंकि आपके कोई बेटी नहीं है।'
नेहा रोती हुई बोले जा रही थी-
'आप जानते हैं मेरी शादी के लिए व शादी में
बारातियों की आवाभगत में कोई कमी न रह जाये
इसलिए मेरे पिताजी पिछले एक साल से
रात को 2-3 बजे तक जाग-जाग कर
मेरी माँ के साथ योजना बनाते थे...
खाने में क्या बनेगा...
रसोइया कौन होगा...
पिछले एक साल में मेरी माँ ने नई साड़ी नहीं खरीदी
क्योंकि मेरी शादी में कमी न रह जाये...
दुनिया को दिखाने के लिए
अपनी बहन की साड़ी पहन कर मेरी माँ खड़ी है...
मेरे पिता की इस डेढ़ सौ रुपये की नयी शर्ट के पीछे
बनियान में सौ छिद्र हैं....
मेरे माता-पिता ने कितने सपनों को मारा होगा...
न अच्छा खाया न अच्छा पीया...
बस एक ही ख्वाहिश थी कि
मेरी शादी में कोई कमी न रह जाये...
आपके पुत्र को रोटी ठण्डी लगी !!!
उनके दोस्तों को पनीर में गड़बड़ लगी व
मेरे देवर को रस मलाई में रस नहीं मिला...
इनका खिलखिला कर हँसना
मेरे पिता के अभिमान को ठेस पहुँचाने के समान है...।
नेहा हाँफ रही थी...।'
नेहा के पिता ने रोते हुए कहा -
'लेकिन बेटी इतनी छोटी सी बात..।'
नेहा ने उनकी बात बीच मे काटी -
'यह छोटी सी बात नहीं है पिता जी...
मेरे पति को मेरे पिता की इज्जत नहीं...
रोटी क्या आपने बनायी थी !
रस मलाई... पनीर यह सब कैटरर्स का काम है...
आपने दिल खोल कर व
हैसियत से बढ़ कर खर्च किया है,
कुछ कमी रही तो वह कैटरर्स की तरफ से...
आप तो अपने दिल का टुकड़ा
अपनी गुड़िया रानी को विदा कर रहे हैं ???
आप कितनी रात रोयेंगे क्या मुझे पता नहीं...
माँ कभी मेरे बिना घर से बाहर नहीं निकली...
कल से वह बाज़ार अकेली जायेगी...
जा पायेगी ?
जो लोग पत्नी या बहू लेने आये हैं
वह खाने में कमियाँ निकाल रहे हैं...
मुझमे कोई कमी आपने नहीं रखी,
यह बात इनकी समझ में नही आयी ??'

दया शङ्कर जी ने नेहा के सर पर हाथ फिराया -
'अरे पगली... बात का बतँगड़ बना रही है...
मुझे तुझ पर गर्व है कि
तू मेरी बेटी है लेकिन बेटा इन्हें माफ कर दे....
तुझे मेरी कसम, शान्त हो जा।'

तभी अविनाश ने आ कर
दया शङ्कर जी के हाथ पकड़ लिए -
'मुझे माफ़ कर दीजिये बाबू जी...
मुझसे गलती हो गयी... मैं... मैं।'
उसका गला बैठ गया था.. रो पड़ा था वह।

तभी राधे श्याम जी ने आगे बढ़ कर
नेहा के सर पर हाथ रखा -
'मैं तो बहू लेने आया था लेकिन ईश्वर बहुत कृपालु है
उसने मुझे बेटी दे दी...
व बेटी की अहमियत भी समझा दी...
मुझे ईश्वर ने बेटी नहीं दी शायद इसलिए कि
तेरे जैसी बेटी मेरी नसीब में थी...
अब बेटी इन नालायकों को माफ कर दे...
मैं हाथ जोड़ता हूँ तेरे सामने...
मेरी बेटी नेहा मुझे लौटा दे।'**",318.0,0.0,0,4040
women_girlsafety,1488,2024-05-04 01:29:49+00:00,"एक बार एक लड़की से मुझे प्रेम हुआ | वो मेरे साथ भागने तक को तैयार थी | सबको छोड़ने को तैयार थी | 
उसके पिता को यह रिश्ता मंजूर नही था और उन्होंने लड़की की शादी किसी और से तय कर दी ! 😢

मैं उससे मिलने अंतिम बार उसकी शादी के दिन गया, लड़की दुल्हन के जोड़े में कमरे में बैठी थी,
बहुत सुंदर लग रही थी,
मैंने उससे कहा भी तुम सच मे परी लग रही हो !
उसने मेरे शर्ट का कालर खिंचकर मुझसे कहा कि मर्द हो तो मुझे अभी के अभी भागकर ले चलो !

मैं शांत था, लेकिन फिर बोला-----😢😢

सुनो ! मेरे प्यार से ज्यादा जरूरी तुम्हारे बाप की इज्जत है | इस बात का सदैव ध्यान रखना ! मैं तुम्हे प्यार तो करता हूँ, लेकिन उतना नहीं करता जितना तुम्हारे पिता तुमसे करते है | और हाँ ! अगर तुमने मुझसे सच मे प्यार किया है तो तुम कहीं नही भगोगी और शादी कर रिश्ते को ऐसे निभाओगी जैसे मैं तुम्हारी जिंदगी में कभी था ही नहीं !

खैर !

कई वर्षों बाद आज उससे बात हुई | अब वो बहुत खुस है और कहती भी की हम लोगो ने जो निर्णय लिया वो सबसे अच्छा था | शायद मैं कमज़ोर पड़ गयी थी, लेकिन तुमने मुझे सम्हाल लिया |
और आज सब कुछ बेहतर है |

नोट- प्यार जरूरी तो है , लेकिन उतना भी नही की परिवार का सम्मान दांव पर लगा हो ! पिता की पगड़ी का सवाल हो ! प्यार से ज्यादा भी जरूरी कई काम है, किसी एक के लिए ये दुनिया छोड़ देना सही नही,
प्यार बहुत कुछ है,
लेकिन सब कुछ नहीं,

Jai Hind.",417.0,0.0,0,1213
women_girlsafety,1487,2024-05-02 01:05:35+00:00,"जीवन की सच्चाई
एक आदमी की चार पत्नियाँ थी ।
वह अपनी चौथी पत्नी  से  बहुत प्यार  करता था और 
उसकी खूब देखभाल करता व उसको सबसे श्रेष्ठ देता ।
वह अपनी तीसरी पत्नी से भी प्यार करता था और 
हमेशा उसे अपने  मित्रों  को  दिखाना  चाहता था । 
हालांकि उसे हमेशा डर था की वह कभी भी किसी 
दुसरे इंसान के साथ भाग सकती है ।
वह अपनी दूसरी पत्नी से भी प्यार करता था । जब 
भी उसे कोई परेशानी आती तो वे अपनी दुसरे नंबर 
की पत्नी के  पास  जाता  और  वो  उसकी  समस्या 
सुलझा देती ।
वह अपनी पहली पत्नी से प्यार नहीं करता था 
जबकि पत्नी उससे बहुत गहरा प्यार करती थी 
और उसकी खूब देखभाल करती । 
एक दिन वह बहुत बीमार पड़  गया और  जानता था 
की जल्दी ही वह मर जाएगा । उसने  अपने  आप से 
कहा, ""मेरी चार पत्नियां हैं, उनमें से मैं एक को अपने 
साथ ले जाता हूँ..जब मैं मरूं तो वह मरने में मेरा साथ 
दे ।""
तब उसने चौथी पत्नी से अपने साथ आने को कहा 
तो वह बोली, ""नहीं, ऐसा तो हो ही नहीं सकता और 
चली गयी ।
उसने तीसरी पत्नी से पूछा तो वह बोली की, 
""ज़िन्दगी बहुत अच्छी है यहाँ जब तुम मरोगे 
तो मैं दूसरी शादी कर लूंगी ।""
उसने दूसरी पत्नी से कहा तो वह बोली, ""माफ़ कर 
दो, इस बार मैं तुम्हारी कोई मदद नहीं कर सकती ।
ज्यादा से ज्यादा मैं तुम्हारे दफनाने तक तुम्हारे साथ 
रह सकती हूँ ।""
अब तक उसका दिल बैठ  सा  गया और  ठंडा  पड़ 
गया । तब एक आवाज़ आई, ""मैं तुम्हारे साथ चलने 
को तैयार हूँ । तुम जहाँ जाओगे मैं तुम्हारे साथ चलूंगी ।"" 
उस आदमी ने जब देखा तो  वह  उसकी पहली 
पत्नी थी । वह बहुत बीमार सी हो गयी थी खाने 
पीने के अभाव में ।
वह आदमी पश्चाताप के आंसूं के साथ बोला, 
""मुझे तुम्हारी अच्छी देखभाल  करनी चाहिए 
थी और मैं कर सकता था ।"" 
दरअसल हम सब की चार पत्नियां हैं जीवन में ।
1. चौथी पत्नी हमारा शरीर है ।
हम चाहें जितना सजा लें संवार लें पर जब हम 
मरेंगे तो यह हमारा साथ छोड़ देगा ।
2. तीसरी पत्नी है हमारी  जमा  पूँजी, रुतबा । 
जब हम मरेंगे तो ये दूसरों के पास चले जायेंगे।
3. दूसरी पत्नी है हमारे दोस्त व रिश्तेदार । चाहें वे 
कितने भी करीबी क्यूँ ना हों हमारे जीवन काल में 
पर मरने के बाद हद से हद वे हमारे अंतिम संस्कार 
तक साथ रहते हैं ।
4. पहली पत्नी हमारी आत्मा है, जो सांसारिक 
मोह माया में हमेशा उपेक्षित रहती है ।
यही वह चीज़ है जो हमारे साथ रहती है जहाँ भी 
हम जाएँ.......कुछ देना है तो  इसे दो.... देखभाल 
करनी है तो इसकी करो.... प्यार करना है तो इससे 
करो...
             मिली थी जिन्दगी
      किसी के 'काम' आने के लिए..
           पर वक्त बीत रहा है
     कागज के टुकड़े कमाने के लिए..                        
   क्या करोगे इतना पैसा कमा कर..?
 ना कफन मे 'जेब' है ना कब्र मे 'अलमारी..'
       और ये मौत के फ़रिश्ते तो 
           'रिश्वत' भी नही लेते...  ➖➖➖➖➖➖➖➖➖.
राही",434.0,0.0,0,2445
women_girlsafety,1486,2024-04-30 01:48:59+00:00,"**3️⃣0️⃣❗0️⃣4️⃣❗2️⃣0️⃣2️⃣4️⃣

*♨️ आज का प्रेरक प्रसंग ♨️*

        *!! किसान और लोमड़ी !!*
~~~~~~~~~~~~

एक बार एक किसान जंगल में लकड़ी बिनने गया तो उसने एक अद्भुत बात देखी। एक लोमड़ी के दो पैर नहीं थे, फिर भी वह खुशी खुशी घसीट कर चल रही थी।

यह कैसे ज़िंदा रहती है जबकि किसी शिकार को भी नहीं पकड़ सकती, किसान ने सोचा। तभी उसने देखा कि एक शेर अपने दांतो में एक शिकार दबाए उसी तरफ आ रहा है। सभी जानवर भागने लगे, वह किसान भी पेड़़ पर चढ़ गया। उसने देखा कि शेर, उस लोमड़ी के पास आया। उसे खाने की जगह, प्यार से शिकार का थोड़ा हिस्सा डालकर चला गया।

दूसरे दिन भी उसने देखा कि शेर बड़े प्यार से लोमड़ी को खाना देकर चला गया। किसान ने इस अद्भुत लीला के लिए भगवान का मन में नमन किया। उसे अहसास हो गया कि भगवान जिसे पैदा करते हैं उसकी रोटी का भी इंतजाम कर देते हैं।

यह जानकर वह भी एक निर्जन स्थान में चला गया और वहां पर चुपचाप बैठ कर भोजन का रास्ता देखता। कई दिन गुज़र गए, कोई नहीं आया। वह मरणासन्न होकर वापस लौटने लगा।

तभी उसे एक विद्वान महात्मा मिले। उन्होंने उसे भोजन पानी कराया, तो वह किसान उनके चरणों में गिरकर वह लोमड़ी की बात बताते हुए बोला, महाराज, भगवान ने उस अपंग लोमड़ी पर दया दिखाई पर मैं तो मरते मरते बचा; ऐसा क्यों हुआ कि भगवान् मुझ पर इतने निर्दयी हो गए ?

महात्मा उस किसान के सर पर हाथ फिराकर मुस्कुराकर बोले, तुम इतने नासमझ हो गए कि तुमने भगवान का इशारा भी नहीं समझा, इसीलिए तुम्हें इस तरह की मुसीबत उठानी पड़ी। तुम ये क्यों नहीं समझे कि भगवान् तुम्हें उस शेर की तरह मदद करने वाला बनते देखना चाहते थे, निरीह लोमड़ी की तरह नहीं।

*शिक्षा:-*
हमारे जीवन में भी ऐसा कई बार होता है कि हमें चीजें जिस तरह समझनी चाहिए उसके विपरीत समझ लेते हैं। ईश्वर ने हम सभी के अंदर कुछ न कुछ ऐसी शक्तियां दी हैं जो हमें महान बना सकती हैं।

*सदैव प्रसन्न रहिये - जो प्राप्त है, पर्याप्त है।।*
*जिसका मन मस्त है - उसके पास समस्त है।।*
✍️✍️✍️✍️✍️✍️✍️✍️✍️✍️✍️✍️✍️✍️**",400.0,0.0,0,1736
women_girlsafety,1485,2024-04-28 17:43:35+00:00,"ब्यूटी पार्लर वाली महिला की एक सहयोगी ने एक धागे की मदद से उसकी आइब्रो बना दी उसकी आंखें खूबसूरत लगने लगी बालों पर प्रेस करके बालों की चमक और बढ़ गई, चेहरे पर ब्लीच फेशियल और ना जाने क्या-क्या क्रीम लगाने के बाद उस महिला की खूबसूरती में चार चांद लग गए बिरजू इस कलाकारी को देखकर दंग रह गया चंद मिनटों में वो महिला अपने ऊपर किए मेकअप का बिल अदा करते हुए वहां से निकल गई तकरीबन ऐसे ही एक दो और महिलाएं वहां आई और और विभिन्न तरीकों से सुंदर दिखाई देते हुए वहां से जाती रही बिरजू अब समझ चुका था दुनिया की सभी दिखने वाली सुंदर लड़कियां और महिलाएं सिर्फ एक दिखावा है
सब ईश्वर की संतान है हमें काले गोरे का भेद नहीं रखना चाहिए जिसका मन सुंदर है वहां जिस्म का कोई मोल नहीं रहता देश को और समाज को एक अच्छे गुणों वाली पत्नियों की तलाश है जो अपने पति का घर स्वर्ग बना दे असल में वहीं सच्ची सुंदरता है
मां ने मुझे कल जिस लड़की का फोटो दिखाया था वह लड़की ब्यूटी पार्लर जाकर खुद को सज संवर कर भी फोटो खिंचवा सकती थी पर उसने ऐसा नहीं किया वह जैसी है खुद को वैसे ही रखना चाहती है यही उसकी खूबसूरती का खजाना है बिरजू ने तुरंत अपनी जेब से मोबाइल निकाला और अपनी मां को फोन पर कहा मां मुझे वो लड़की पसंद है सचमुच वो सुंदर है बहुत सुंदर 
आप रिश्ते के लिए हां कर दीजिए कहकर मुस्कुराते हुए मोबाइल कट कर जेब में रख लिया और ब्यूटी पार्लर वाली महिला को दोनों हाथ जोड़कर धन्यवाद करते हुए अपने शोरूम की और बढ़ गया...
एक सुंदर रचना...
#जोश ...🙏🙏🙏",365.0,0.0,0,1316
women_girlsafety,1484,2024-04-28 17:43:35+00:00,"""सच्ची सुंदरता.... 

बिरजू ....ये देख ... तेरे लिए तेरी जीवनसाथी चुनी है मैंने बेटा देख तो  कितनी प्यारी बच्ची है कहते हुए मां ने बिरजू के हाथों मे लड़की की तस्वीर रख दी
बिरजू ने तस्वीर देखी तो वह कुंढ कर रह गया तस्वीर में एक साधारण सी दिखने वाली लड़की की सादगी से सूट सलवार में खड़ी हुई पिक्चर थी और उसपर उसका रंग सांवला था बस बिरजू गुस्से से बिफर पड़ा .... क्या मां यही मिली आपको मेरे लिए ... जानती है में जिस कपड़ों के शोरूम में काम करता हूं वहां एक से एक सुंदर लड़की आती है रंग इतना साफ़ और गोरा होता है कि ऐसा लगता है जैसे फिल्मों की हीरोइन सामने खड़ी हुई हो मां में ऐसी सुंदर लड़की से शादी करुंगा ऐसी वैसी सांवली सी लड़की से नहीं अरे जब बाहर निकलूं तो लोग उसे देखकर जलभुन जाएं और मां सोचो ऐसी सुंदर बहु के साथ जब तुम बाहर या किसी पार्टी फंग्शन में जाओगी तो रिश्तेदारों में एक अलग ही रुतबा होगा तुम्हारा
पागल ....ये रंग रुप भला सुंदरता के कबसे मायने बनने लगे पगले सच्ची सुंदरता तो व्यहवार में मीठी बोली बड़ों का आदर सत्कार करना होती है 
मुझे नहीं पता मां ....मे किसी सुंदर लड़की से ही शादी करुंगा बस
देख बिरजू सुधा मेरे एक जानकार सहेली की बेटी है में उसे अनेकों बार मिल चुकी हूं जब मिलो मन में घर कर जाती हैं इतना प्यार से बोलती है आदर सत्कार करना अपने से बड़े बुजुर्गो को ही नहीं बल्कि छोटे से भी उसका व्यवहार बेहद मिलनसार है उसदिन रिक्शेवाले से बड़ी तमीज से बात करते हुए देखा स्वयं गन्ने का जूस पीने से पहले उस रिक्शेवाले को भी लेकर दिया जब मैंने इसकी वजह पूछी तो वह बोली ... आंटीजी ... हमारी तरह इन भैया को भी तो प्यास लगी होगी ... बात छोटी सी थी मगर उसने मेरे दिल को छू लिया
मगर गुस्से से भरे बिरजू ने फोटो को टेबल पर पटकते हुए कहा मैं नहीं करूंगा इस लड़की से शादी इतना कहकर वह अपने कमरे में चला गया
बिरजू ने ठान लिया मैं शादी नहीं करूंगा उस सांवली लड़की से चाहें मुझे घर से भाग जाना क्यों ना पड़े
मां पीछे-पीछे उस के कमरे तक आई और खूब समझाया उसकी छोटी बहन ने समझाते हुए कहा भैया अच्छी लड़की है पढ़ी लिखी है घर के कामकाज भी खूब कर लेती है कल को आपके जीवन में सहयोगी बनेगी और इस जीवन के सफर को एक अच्छे साथी की जरूरत होती है मान जाइए ना एकबार मिलकर तो देखिए फिर फैसला कीजिए 
आखिरकार जैसे तैसे बेमन बिरजू लड़की को देखने मिलने के लिए तैयार हो गया सभी घरवालों के साथ वह वहां पहुंचा उसने मन में तय कर लिया था वह लड़की को देखेगा भी नहीं और बहाने से बाद में मना कर देगा 
लड़की चाय लेकर आई वह आज भी साधारण कपड़ों में ही थी एक सादगी से सूट सलवार पहने हुए बिरजू ने एक दो बार चोरी नजरों से उसे देखा वो सोचकर गया था की कोई भी कमी बताकर वो मना कर देगा मगर उसका व्यवहार सबसे अच्छा था बातचीत में भी उसने जब बेमन से चाय के साथ पकोड़े खाएं तो वह लाजवाब बने थे जोकि उसी लड़की ने बनाए थे उसे ऐसी ही स्वादिष्ट व्यंजन बनाकर उसकी मां की तरह मीठा बोलने वाली पत्नी चाहिए थी मगर ये ...ये सांवली है मुझे तो किसी फिल्मी हीरोइनों जैसी सुंदर लड़की से ही शादी करनी है 
कुछ ही समय में वह लड़की देखने की औपचारिकता पूरी करते हुए वहां से वापस घर लौट आए जब मां बाबूजी और छोटी बहन ने उसकी इच्छा पूछी तो उसने कहा वो बाद में बताएगा दर असल उसे सोचने का समय चाहिए था की वो क्या कहकर उस लड़की से शादी को मना कर सके बिरजू गुस्से से कमरे से निकलकर छत पर आ पहुंचा बिना कुछ खाए पिए ही रात भर छत पर पड़े एक टूटे पलंग पर लेटा रहा जैसे तैसे सुबह हुई बिरजू शोरूम पर जाने के लिए तैयार हो चुका था पर आज उसका नाश्ते में कुछ भी खाने का मन नहीं कर रहा था
बिरजू अपने शोरूम पर जाने के लिए हमेशा पैदल पथ का ही सहारा लेता था वह रास्ते में आने जाने वाली लड़कियों को देखता हुआ आगे बढ़ रहा था उसे राह में जो भी खूबसूरत लड़की दिखती उसे लगता इससे मेरी शादी होनी चाहिए अचानक उसका पैर पैदल पथ पर पड़े केले के छिलके से फिसल गया और वह पास पड़े कचरे के डिब्बे के ऊपर धड़ाम से गिर गया
वही पास में  एक ब्यूटी पार्लर की दुकान थी उसमें से एक औरत बाहर निकली तुरंत बिरजू को उठाया अपने ब्यूटी पार्लर के भीतर ले जाते हुए कहा ज्यादा चोट तो नहीं लगी बेटा ...और एक गद्देदार ऊंची कुर्सी पर बैठा दिया अभी बिरजू अपने कपड़े साफ कर ही रहा था कि इतने में जींस और टीशर्ट पहने हुए एक महिला ब्यूटी पार्लर के भीतर आई सामने पड़ी दूसरी खाली कुर्सी पर बैठ गई
बिरजू उस सांवली सी महिला को देखने लगा",367.0,0.0,0,3813
women_girlsafety,1483,2024-04-24 01:58:28+00:00,"🍃🌾🌾

             *24 APRIL 2024*

         🦋 *आज की प्रेरणा* 🦋

ज़िंदगी कभी आसान नहीं होती, इसे आसान बनाना पड़ता है, कुछ नज़रअंदाज़ करके और कुछ स्वीकार करके। 

*👉 आज से हम* उन बातों को स्वीकार करें जिन्हें हम बदल नहीं सकते... 

💧 *TODAY'S INSPIRATION*💧

Life is never easy; we have to make it easy… sometimes by ignoring something and sometimes by accepting something!

*👉 TODAY ONWARDS LET’S*  
accept the things that we cannot change.

🍃💫🍃💫🍃💫🍃💫🍃💫🍃",379.0,0.0,0,446
women_girlsafety,1481,2024-04-21 04:13:40+00:00,"**मैं भारत का गिड़गिड़ाता युवा हूं 
कभी वैकेंसी के लिए 
कभी आयु में छूट के लिए 
कभी एग्जाम की डेट के लिए
कभी पेपर लीक के लिए 
मैं भारत का गिड़गिड़ाता युवा हूं**",372.0,0.0,0,160
women_girlsafety,1480,2024-04-18 06:46:17+00:00,"मादा एक संभोग के बाद दूसरे को तैयार है।
इसी नियम पर दुनिया के वेश्याघर चलते हैं .... 
जबकि नर के दो संभोगों के बीच अंतराल होगा ही होगा.....
वो पहले संभोग के बाद झटके से मादा से अलग हटेगा 
और सो जाना चाहेगा ये उसकी प्रकृति है।
जबकि मादा की प्रकृति इसके बिल्कुल विपरीत है।
वो संभोग के तुरंत बाद उसके मुँह से वो शब्द सुनने को आतुर होती हैं जो उसे गुदगुदा दें......
वो ये नहीं जानती कि नर प्रेम के बाद प्रेम नहीं कर सकता 
वो युद्ध के बाद प्रेम को लालायित हो सकता हैं।
वो मूल रूप से शिकारी की भूमिका ही अदा करता है?
हाँ सभ्य समाज में उसकी इस प्रवृत्ति को खुबसूरत लिबासों में ढका जाता है।
दुनिया का सबसे बड़ा तानाशाह हिटलर रोजाना पाँच सौ आदमियों को कटवा कर अपनी प्रेमिका की गोद में सर रख कर प्रेमगीत लिखता था।
उससे जुदाई के बीते लम्हों का वर्णन करते उसके गाल भीगते थे  ..... 
अशोक कलिंग युद्ध में हुई मारकाट से दग्ध होकर प्रेमालिंगन को तड़प उठा था ...
उसने बौद्ध दर्शन को अपने अंदर यूँ समाहित किया 
आज अशोक और बौद्ध दर्शन को अलग किया ही नहीं जा सकता॥
नेपोलियन बोनापार्ट भी अपने बख़्तरबंद कवच को उतार प्रेम रस में डूबता था इतना रोमांटिक या प्रेयसी को समर्पित होता था।
इस समय  जितना कोई कवि शायर या मासूम दिल का नर भी समर्पित नही हो सकता॥
सामान्य नर इस प्रकार के न युद्ध कर सकता हैं 
ना ही प्रेमातुर हो सकता है.....
वो न घृणा के चरम पर जाएगा न प्रेम तल की गहराई में आएगा....
वो कुछ दस मिनट का खेल करेगा।
जो उसे किसी रूप संतुष्ट नहीं करेगा......
इसी संतुष्टि प्राप्ति हेतु वो साथी को बदलने को उत्सुक हो सकता है....
जहाँ जहाँ सामाजिक बंधन कमजोर ये बदलाव लगभग छह महीने के अंदर हो जाता है.....
पर इन बदलावों से न परिस्थिति बदलती है न उसकी मनोरचना ...
यानि वो प्रेम पाने में प्रेम करने में असफल रहता है।
यदि नर के जंगली पन को निकलने का रास्ता बन जाएँ 
तो वो प्रेम कर सकता हैं पा सकता है दे सकता है.....
यही एक कारण है मादा हमेशा समाजिक रूप सभ्य की अपेक्षा उद्दंड नर की तरफ झुकती है .... 
इसलिए बिगड़े हुए लड़कों को समर्पित प्रेमिकाएँ मिलती है 
बजाएं सामाजिक दृष्टि से सभ्य का टैग पाएँ लड़कों को ...",405.0,0.0,0,1885
women_girlsafety,1479,2024-04-13 05:28:12+00:00,"मन के बहकावे में न आ,
मन राह भुलाए, भ्र्म मे डाले,
तू इस मन का दास न बन,
इस मन को अपना दास बना ले.

 वौइस् चैट ऑफ़ ❌

focus only on studies📝

Voice chat will be 🔛 after the exam ✅",422.0,0.0,0,178
women_girlsafety,1478,2024-04-11 17:54:33+00:00,"मैं स्वयं को अध्य्यन के लिए कैसे प्रेरित करूं?

निम्नलिखित लेख शायद आपको अध्ययन के प्रति प्रेरित कर सके।

पढ़ाई  में जब मन न लगे ,उन माता- पिता का चेहरा याद कर लिया कीजिए जो सारे  मोहल्ले में गर्व से कहते हैं कि मेरा बेटा एक दिन जरूर सफल होगा ,  आपकी सबसे बड़ी  चाहत , आपकी असली खुशी , आपकी जिंदगी , आपका संसार आपके माता - पिता हैं ,वे आपका पहला प्यार हैं आप उनसे बेवफाई  कैसे कर सकते हैं । स्मरण रहे जो व्यक्ति पहले प्यार के प्रति वफादार है  वह ही दूसरे प्यार का असली हकदार है। मित्रों आपकी आंखों को जिन्होंने सपने दिखाए ,   आपके हर बड़ी  मुसीबत के वक्त आपके सर पर उनका हाथ रहा,  जिनकी उंगली पकड़कर अपने चलना सीखा और जिन आंखों  ने ये ख्वाब देखा की मेरा बच्चा एक दिन मेरा नाम रोशन करेगा , जो मैं नही कर सका वह मेरी बेटी करेगी/ वह मेरा बेटा करेगा ,वह आज तक आपके चेहरे को देखकर अपने सारे ग़म भुलाते आए हैं, क्योंकि  उन्हें आप पर भरोसा है।

तब बताइए मुझे, आप क्यों नही अपने ख्वाबों को साकार करने के लिए कोई क़दम आगे बढ़ा रहे हैं ? आखिर क्यों खामोश बैठे हैं ? क्यों नही मेहनत करना चाहते हैं ? क्यों  आप  मोबाइल पर सोशल मीडिया  पर अपना समय नष्ट कर रहे हैं ?क्या यही आपका प्यार है ? क्या यही आपका कर्तव्य हैं ?  जब पढाई में मन न लगे अपने उन पिता का चेहरा याद कर लिया कीजिए  जो सारे मोहल्ले में छाती पीटते फिरते हैं कि  मेरा बेटा एक सुन्दर दिन जरूर मेरा नाम रोशन करेगा मुझे उस पर भरोसा हैं वह कभी मेरा सर  नही झुकने देगा , याद कीजिए उस मां को जो न जाने कितने कष्ट सहन करती हैं और इसका आपको वह एहसास तक नही होने देती हैं ताकि आप दुखी ना हो,  अपना पेट काट - काट कर आपको पढ़ाया - लिखाया और आज इस काबिल बनाया की आप जो चाहो वो प्राप्त कर सको , फ़िर भी क्यूं निष्क्रिय बने हुए हो? क्यों भूल जाते हैं आप कि उन्होने आपकी खुशियों के लिए उन्होने अपनी सारी खुशियां त्याग दी,  सिर्फ इसलिए  कि   मेरी जिंदगी जैसे गुजरी  ठीक है, लेकिन मेरे बच्चों को कोई कष्ट न हो , किसी भी चीज़ की कमी ना हो ।

अब  बताइए आप सब, कि आपकी क्या जिम्मेदारी बनती है? बस अब बहुत हुआ  अब समय आ गया है तपस्या का , मेहनत का , त्याग का , कुछ  कर गुजरने का और अपने ख्वाबों को पूरा करने का । यदि अपने माता - पिता के चेहरे पर मुस्कान लाने चाहते हो उनकी  मेहनत , त्याग, तपस्या को सार्थक सिद्ध करना चहाते हैं तो उठाइए अब किताबों को और झोंक दीजिए अपने आप को , और सफल होकर  हर मैगजीन के कवर पर छा जाइए। आप  ऐसी मेहनत कीजिए  कि जब मेहनत का परिणाम सामने आए तब हजारों की संख्या में कैमरे आपकी एक तस्वीर पाने के लिए  आपके दरवाजे के सामने हों, प्रत्येक मीडिया वाला आपसे बात करने को बेताब दिखे हर जगह आपके  चर्चे हों।  प्रत्येक माता- पिता अपने बच्चों को आपका  उदाहरण दें , हर किसी के लिए आप  प्रेरणास्रोत बन जाओ ।

मित्रों  हम कभी भी अपन माता- पिता   का ऋण  नही चुका सकते हैं लेकिन उनके चेहरे  पर मुस्कान तो ला सकते हैं । इसलिए  शपथ लिजिए  आज कि  आप ऐसा कठोर परिश्रम करेंगे , जिसका  परिणाम शोर मचा दे और माता- पिता कह सकें ,बेटा गर्व हैं मुझे तुम पर  और हर कोई कहे बेटी हो तो ऐसी या  बेटा हो तो ऐसा । प्रतिज्ञा लीजिए  आज कि आपकी  सबसे बड़ी चाहत  माता - पिता  का सम्मान होगा और  उनके चेहरे  की मुस्कान होगी ।

सादर आभार 🙏",428.0,0.0,0,2859
women_girlsafety,1477,2024-04-11 07:21:29+00:00,"एक बार यह पूर्ण वीडियो देखकर, स्वयं आप निर्णय अवश्य करें",396.0,0.0,0,56
women_girlsafety,1476,2024-04-07 17:24:56+00:00,"🚨🚨      𝗔𝗹𝗲𝗿𝘁   🚨🚨🚨🚨

जो यहाँ  लड़कियों  को 𝗺𝗲𝘀𝘀𝗮𝗴𝗲  करके  𝗛𝗶𝗶𝗶, 𝗵𝗲𝗹𝗹𝗼  करना चाहते है वो न करे.......... 

𝗡𝗼𝘁𝗲 📝📝📝 ....... 

इससे  आप  𝗛𝗲𝗿𝗼  नही बन जाते है......... दुनिया भी आपको तभी  पसंद  करती है  जब आप अच्छे कामो मे  काम करते हो,...... चाहे  वो  एक अच्छी  लड़की रहे या लड़का  .............. 

🍁🍁🍁🍁🍁🍁🍁

𝗣𝗲𝗿𝘀𝗼𝗻𝗮𝗹  𝗺𝗲𝘀𝘀𝗮𝗴𝗲  करके 
... 𝗛𝗶𝗶𝗶,, 𝗛𝗲𝗹𝗹𝗼  करके  आप  अच्छे नही   बनते  किसी के नजर  मे  उसके बजाय  और  *  गिर * जाते  है.................. 

𝗔𝗹𝗲𝗿𝘁 🚨🚨🚨🚨
............. ••••√√•√•`••√√•√√
𝗪𝗶𝘁𝗵𝗼𝘂𝘁  𝗽𝗲𝗿𝗺𝗶𝘀𝘀𝗶𝗼𝗻  𝗸𝗶𝘀𝗶  𝗸𝗼  𝗯𝗵𝗶   𝗺𝗲𝘀𝘀𝗮𝗴𝗲   𝗻  𝗸𝗮𝗿𝗲 ✌",386.0,0.0,0,547
women_girlsafety,1472,2024-04-02 04:55:39+00:00,"डॉ. बी.आर. अंबेडकर ने भारतीय रिजर्व बैंक (आरबीआई) की अवधारणा और स्थापना में महत्वपूर्ण भूमिका निभाई।

👉 आरबीआई की स्थापना 1 अप्रैल, 1935 को डॉ. अंबेडकर द्वारा हिल्टन यंग कमीशन को प्रस्तुत दिशा-निर्देशों और सिफारिशों के आधार पर की गई थी।

- इस आयोग, जिसे भारतीय मुद्रा और वित्त पर रॉयल कमीशन के रूप में भी जाना जाता है, ने आरबीआई की स्थापना के लिए एक आधारभूत दस्तावेज के रूप में डॉ. अंबेडकर की पुस्तक, ""रुपये की समस्या - इसकी उत्पत्ति और इसका समाधान"" का उपयोग किया।

अर्थशास्त्र में डॉ. अंबेडकर की विशेषज्ञता और श्रम अधिकारों, महिला अधिकारों और आर्थिक सुधारों में उनके योगदान ने आरबीआई के कामकाज और दृष्टिकोण को आकार देने में महत्वपूर्ण भूमिका निभाई।

- आरबीआई के गठन में उनकी महत्वपूर्ण भूमिका के बावजूद, अर्थशास्त्र के क्षेत्र में उनके योगदान को अक्सर अनदेखा कर दिया जाता है, जो उनके सामाजिक और राजनीतिक कार्यों के सामने फीका पड़ जाता है।",345.0,0.0,0,839
women_girlsafety,1471,2024-04-01 12:00:40+00:00,तैयारी_करने_वाले_अभ्यर्थियों_को_मिलेगा_10_हज़ार_रुपए_महीना.pdf,356.0,0.0,0,62
women_girlsafety,1468,2024-03-25 11:58:56+00:00,"**हम तो होली खेलेंगे...... हम तो होली खेलेंगे 😊❤️
होली भी धूमधाम से खेलेंगे और पढ़ाई भी ll**",414.0,0.0,0,92
women_girlsafety,1466,2024-03-23 11:55:48+00:00,अभी यह रिकॉर्डिंग आप सभी गर्ल सुने पूरा मामला वौइस् चैट पर बताऊंगा,432.0,0.0,0,66
women_girlsafety,1465,2024-03-22 15:23:07+00:00,नियमों का पालन अवश्य करें 🙏🏻,397.0,0.0,0,28
women_girlsafety,1461,2024-03-20 20:14:38+00:00,"**क्यों मैं जैसी हूं मुझे वैसी रहने देते नहीं
  लोग क्यों मेरी बातों को सहज लेते नहीं
 क्यों हर बार मैं ही वजह बनूँ,किसी की मुस्कुराहट की
 क्यों वह कभी मेरे बारे में सोचते नहीं
 क्यों जरूरी होता है दिखावट का मुखौटा हर बार पहनना
 लोग आप जैसे हैं वैसे आपको, क्यों समझते नहीं
 हर किसी को मैं खुश रख सकती नहीं
 हर वक्त चेहरे पर दिखावे की हंसी मैं पहनती नहीं
 मैं जैसी हूं वैसी गर अपनाये कोई
 तो क्यों मुझे किसी से रखनी पड़े दूरी
 यूँ बात बात पर किसी को गिराया नहीं करते
 बेवजह किसी को यूं सताया नहीं करते
 हो सकता है शायद मैं तुम जैसी नहीं
 लेकिन मुझ में ऐसी कोई कमी भी नहीं
 क्यों मैं खुद को देखूं दुनिया की नजरों से
 हो सकता है जैसी मैं हूं वैसी कोई दूजी नहीं
 इसलिए खुद में ही खुश मैं रहती हुँ 
 अब नहीं किसी की परवाह मैं करती हूं
 जो दिल कहे  बस अब वही मैं सुनती हूं
 शायद इसलिए हर किसी को मैं चुभती हूं🙏**",388.0,0.0,0,806
women_girlsafety,1460,2024-03-20 20:13:40+00:00,"**घर से भागी हुई बेटियों का पिता हो या ससुराल से भागी पत्नी का पति...इस दुनिया का सबसे अधिक टूटा हुआ व्यक्ति होता है, 
पहले तो वो महीनों तक घर से निकलता ही नही और फिर जब निकलता है तो हमेशा सिर झुका कर चलता है, आस पास के मुस्कुराते चेहरों को देख उसे लगता है जैसे लोग उसी को देख कर हँस रहे हों, जीवन भर किसी से तेज स्वर में बात नहीं करता, डरता है कहीं कोई उसकी भागी हुई बेटी का नाम न ले ले, जीवन भर डरा रहता है, अंतिम सांस तक घुट घुट के जीता है, और अंदर ही अंदर रोता रहता है।

जानते हैं भारतीय समाज अपनी बेटियों को लेकर इतना संवेदन शील क्यों है,
भारतीय इतिहास में हर्षवर्धन के बाद तक अर्थात सातवीं आठवीं शताब्दी तक बसन्तोत्सव मनाए जाने के प्रमाण मौजूद हैं, बसन्तोत्सव बसन्त के दिनों में एक महीने का उत्सव था जिसमें विवाह योग्य युवक युवतियाँ अपनी इच्छा से जीवनसाथी चुनती थीं और समाज उसे पूरी प्रतिष्ठा के साथ मान्यता देता था,
 आश्चर्यजनक है ना आज उसी देश में कुछ गांवों की पंचायतें जो प्रेम करने पर कथित रूप से मृत्यु दण्ड तक दे देती थी, पता है क्यों? इस क्यों का उत्तर भी उसी इतिहास में है, वो ये कि भारत पर आक्रमण करने आया मोहम्मद बिन कासिम भारत से धन के साथ और क्या लूट कर ले गया था जानते हैं, सिंधु नरेश दाहिर की दो बेटियां... उसके बाद से आज तक प्रत्येक आक्रमणकारी यही करता रहा है.. गोरी, गजनवी, तैमूर सबने एक साथ हजारों लाखों बेटियों का अपहरण किया, प्रेम के लिए...? नहीं... बिल्कुल नही... उन्होंने अपहरण किया सिर्फ और सिर्फ बलात्कार व यौन दासी बनाने के लिए,

जबकि भारत ने किसी भी देश की बेटियों को नहीं लूटा, भारत की बेटियाँ सब से अधिक लूटी गई हैं, कासिम से ले कर गोरी तक, खिलजी से ले कर मुगलों तक, अंग्रेजों से ले राँची के उस रकीबुल हसन ने राष्ट्रीय निशानेबाज तारा सहदेव को, आफताब ने श्रद्धा को, सबने भारत की बेटियों को लूटा;

भारत का एक सामान्य पिता अपनी बेटी के प्रेम से नहीं डरता, वह डरता है अपनी बेटी के लूटे जाने से!

भागी हुई लड़कियों के समर्थन में खड़े होने वालों का गैंग अपने हजार विमर्शों में एक बार भी इस मुद्दे पर बोलना नहीं चाहता कि भागने के साल भर बाद ही उसका कथित प्रेमी अपने दोस्तों से उसके साथ दुष्कर्म क्यों करवाता है, उसे कोठे पर क्यों बेंच देता है या उसे अरब देशों में लड़की सप्लाई करने वालों के हाथ क्यों बेंच देता है, आश्चर्य हो रहा है न, पर सच्चाई यही है..!!

देश के हर रेडलाइट एरिया में सड़ रही प्रत्येक बेटी जिहादियों द्वारा प्रेम के नाम पर फँसा के यहां लाई जाती है,

उन बेटियों पर, उस ""धूर्त प्रेम"" पर कभी कोई चर्चा नहीं होती, उनके लिए कोई मानवाधिकार वादी, कोई स्त्री वादी विमर्श नहीं छेड़ता।

यही एक पिता की आज्ञा ना मान कर किसी अजनमी के साथ भागी हुई बेटियों का सच है,
प्रेम के नाम पर ""पट"" जाने वाली मासूम बेटियां नहीं जानती कि वे अपने व अपने पिता के लिए कैसा अथाह दुःख का सागर खरीद रही हैं जानता और समझता है तो बस उनका बेबस निरीह पिता।**",383.0,0.0,0,2564
women_girlsafety,1458,2024-03-15 02:25:42+00:00,"**रोज का खाना बनाने वाली माँ हमें याद रहती
है,
लेकिन जीवन भर के खाने की
व्यवस्था करने वाला बाप हम भूल जाते हैं ।
माँ रोती है, बाप नहीं रो सकता, खुद का पिता मर जाये फ़िर
भी नहीं रो सकता,
क्योंकि छोटे भाईयों को
संभालना है,
माँ की मृत्यु हो जाये भी वह
नहीं रोता क्योंकि बहनों को सहारा देना होता है,
पत्नी हमेशा के लिये साथ छोड जाये फ़िर भी
नहीं रो सकता,
क्योंकि बच्चों को सांत्वना
देनी होती है ।
देवकी-यशोदा की तारीफ़ करना
चाहिये,
लेकिन बाढ में सिर पर टोकरा उठाये वासुदेव को
नहीं भूलना चाहिये...
राम भले ही
कौशल्या का पुत्र हो लेकिन उनके वियोग में तड़प कर जान देने वाले
दशरथ ही थे ।
पिता की एडी़ घिसी हुई
चप्पल देखकर उनका प्रेम समझ मे आता है,
उनकी
छेदों वाली बनियान देखकर हमें महसूस होता है कि
हमारे हिस्से के भाग्य के छेद उन्होंने ले लिये हैं...
लड़की को गाऊन ला देंगे,
बेटे को ट्रैक सूट ला देंगे,
लेकिन खुद पुरानी पैंट पहनते रहेंगे ।
बेटा कटिंग पर
पचास रुपये खर्च कर डालता है और बेटी
ब्यूटी पार्लर में,
लेकिन दाढी़
की क्रीम खत्म होने पर एकाध बार
नहाने के साबुन से ही दाढी बनाने वाला पिता
बहुतों ने देखा होगा...
बाप बीमार नहीं पडता,
बीमार
हो भी जाये तो तुरन्त अस्पताल नहीं जाते,
डॉक्टर ने एकाध महीने का आराम बता दिया तो
उसके माथे की सिलवटें गहरी हो
जाती हैं,
क्योंकि लड़की की
शादी करनी है,
बेटे की शिक्षा
अभी अधूरी है...
आय ना होने के बावजूद बेटे-बेटी को मेडिकल / इंजीनियरिंग
में प्रवेश करवाता है..
कैसे भी ""ऎड्जस्ट"" करके बेटे
को हर महीने पैसे भिजवाता है.. (वही
बेटा पैसा आने पर दोस्तों को पार्टी देता है) ।
किसी भी परीक्षा के परिणाम
आने पर माँ हमें प्रिय लगती है, क्योंकि वह
तारीफ़ करती है,
पुचकारती है,
हमारा गुणगान करती है,
लेकिन चुपचाप जाकर
मिठाई का पैकेट लाने वाला पिता अक्सर बैकग्राऊँड में चला जाता है.
पहली-पहली बार माँ बनने पर
स्त्री की खूब मिजाजपुर्सी
होती है,
खातिरदारी की जाती है (स्वाभाविक भी है..आखिर उसने कष्ट उठाये हैं),
लेकिन अस्पताल के बरामदे में बेचैनी
से घूमने वाला,
ब्लड ग्रुप की मैचिंग के लिये अस्वस्थ,
दवाईयों के लिये भागदौड करने वाले बेचारे बाप को सभी

नजरअंदाज कर देते हैं ठोकर लगे या हल्का सा जलने पर
""ओ.माँ शब्द ही बाहर निकलता है
लेकिन बिलकुल
पास से एक ट्रक गुजर जाये तो एरे बाप रे बोल ते हे....
राही**",515.0,0.0,0,2022
women_girlsafety,1456,2024-03-04 05:27:28+00:00,अब कोई जुबान नहीं खोलेगा बता दे रहा हूँ पूछना मत कोई pcs 17 मार्च को ही होगा क्या?या नहीं,250.0,0.0,0,89
women_girlsafety,1455,2024-03-03 06:50:27+00:00,"**जिस प्रकार किसी को मनचाही स्पीड में गाड़ी चलाने का अधिकार नहीं है, क्योंकि रोड सार्वजनिक है। ठीक उसी प्रकार किसी भी लड़की को मनचाही अर्धनग्नता युक्त वस्त्र पहनने का अधिकार नहीं है क्योंकि जीवन सार्वजनिक है। एकांत रोड में स्पीड चलाओ, एकांत जगह में अर्द्धनग्न रहो। मगर सार्वजनिक जीवन में नियम मानने पड़ते हैं।💯

भोजन जब स्वयं के पेट मे जा रहा हो तो केवल स्वयं की रुचि अनुसार बनेगा, लेकिन जब वह भोजन परिवार खायेगा तो सबकी रुचि व मान्यता देखनी पड़ेगी।

लड़कियों का अर्धनग्न वस्त्र पहनने का मुद्दा उठाना उतना ही जरूरी है, जितना लड़को का शराब पीकर गाड़ी चलाने का मुद्दा उठाना जरूरी है। दोनों में एक्सीडेंट होगा ही।

अपनी इच्छा केवल घर की चारदीवारी में ही उचित है। घर से बाहर सार्वजनिक जीवन मे कदम रखते ही सामाजिक मर्यादा लड़का हो या लड़की उसे रखनी ही होगी।

घूंघट और बुर्का जितना गलत है, उतना ही गलत अर्धनग्नता युक्त वस्त्र गलत है। बड़ी उम्र की लड़कियों का बच्चों सी फ़टी निक्कर पहनकर छोटी टॉप पहनकर फैशन के नाम पर घूमना भारतीय संस्कृति का अंग नहीं है।

जीवन भी गिटार या वीणा जैसा वाद्य यंत्र हो, ज्यादा कसना भी गलत है और ज्यादा ढील छोड़ना भी गलत है।

सँस्कार की जरूरत स्त्री व पुरुष दोनों को है, गाड़ी के दोनों पहिये में संस्कार की हवा चाहिए, एक भी पंचर हुआ तो जीवन डिस्टर्ब होगा।

नग्नता यदि मॉडर्न होने की निशानी है, तो सबसे मॉडर्न जानवर है जिनकी संस्कृति में कपड़े ही नही है।

अतः जानवर से रेस न करें, सभ्यता व संस्कृति को स्वीकारें।

कुत्ते को अधिकार है कि वह कहीं भी यूरिन पास कर सकता है, सभ्य पुरुष को यह अधिकार नहीं है, उसे सभ्यता से बन्द टॉयलेट का उपयोग करना होगा। इसी तरह पशु को अधिकार है नग्न घूमने का, लेकिन सभ्य स्त्री को उचित वस्त्र का उपयोग सार्वजनिक जीवन में करना ही होगा।

अतः सभी से विनम्र अनुरोध है, सार्वजनिक जीवन मे मर्यादा न लांघें, सभ्यता से रहें।**",262.0,0.0,0,1653
women_girlsafety,1454,2024-03-02 16:44:58+00:00,"**🟡 UPPSC Aspirant ki ज़ुबानी सफर की कहानी 

सपनों की दुनिया है मेरी ...
न रुकना है न झुकना है ...
बस आगे ही बढना है ....

अपना सपना पूरा  करना है ...
न रुकना है न झुकना है ...
बस आगे ही बढना है.....
ना रुकेंगे अब ये कदम ...
आगे बढ़ेगे ये कदम .....
न रुकना है न झुकना है ...
बस आगे ही बढ़ना है ....

सुबह से शाम तक बस लगे ही रहना है ....
न रुकना है न झुकना है ...
बस आगे ही बढना है ....

किताबों संग दिन-रात गुजारेंगे अब  ....
न रुकना है न झुकना है ...
बस आगे ही बढना है ....

हाथ थमेंगे न अब ये ...मंजिल को पाने तक 
ना रुकेंगे ...ना झुकेंगे ...
अब बस आगे और आगे ही बढ़ेंगे ....
आगे ही बढ़ेगे ...

❤️❤️❤️❤️❤️❤️❤️❤️❤️❤️❤️❤️❤️**",209.0,0.0,0,626
women_girlsafety,1453,2024-02-26 14:05:45+00:00,"**एक अल्हड़ लड़की से एक परिपक्व औरत बनने तक के सफर में कितना कुछ खोती है हम स्त्रियां 
बचपन का वो खेल छूट जाता है 
बाबुल का अंगना छूट जाता है 
छूट जाती है वो बचपन की सहेलियां 
वो मस्ती 
बस यादें रह जाती है उनकी खासकर तब जब आप विवाह करके किसी अन्य शहर में बस जाए।

नए आंगन में धीरे धीरे रमने के चक्कर में खुद को भूल ही जाती हैं 
कहीं किसी को बुरा ना लगे , कोई नाराज ना हो जाए बस जिंदगी इसी से शुरू होकर इसी पर खत्म हो जाती है 
कितनी भी कोशिश कर ले पर कहीं ना कहीं कुछ ना कुछ छूट जाता है या कहूं इतनी कोशिशों के बाद भी घरवालों को कोई ना कोई गलती नजर आ ही जाती है ।

सास ससुर की सेवा , पति का ख्याल 
छोटे देवर नंदों का भार या घर की बड़ी बहू होने का दवाब इस कदर हावी हो जाता है के खुद की कोई फिक्र ही नही रहती 
परिवार बड़ने लगे तो बच्चो के साथ खुद को व्यस्त कर लेती है 
कभी कभी सोचती है के काश वो पहले वाला समय उसे फिर मिल जाए 
मिल जाए फिर वही बचपन का जमाना
वो संगी साथी पर बस सोचती ही रह जाती है 

अपने मां बाप से मिलने के लिए भी हजार बार सोचना पड़ता है , सबकी इजाजत लेनी पड़ती है 
सारी वयवस्थाए जमानी पड़ती है क्योंकि घर भी सुचारू तरीके से चलते रहना चाहिए 

जो घर का केंद्र बिंदु है वही घर में पड़े एक सामान से ज्यादा कुछ नहीं होती 
कुछ वक्त मांग ले खुद के लिए तो सब ऐसे देखते है जैसे कोई पाप कर दिया हो 
आदमियों का क्या है वो तो कभी कहीं जाते नही अपना घर छोड़ कर शादी कर के 
सिर्फ जिंदगी में आगे बड़ने के लिए जाते है अपने शहर से दूर 
उनका जब मन हो अपने दोस्तो से मिल लेते है 
कभी टेंशन कम करने के लिए मिलना होता है तो कभी मौज मस्ती के लिए 
पर कभी सोचिए क्या हम स्त्रियों को टेंशन नहीं होती 
हमारा भी मन करता है घर की चारदीवारी से निकलने का 

कभी कोई बचपन का साथी मिल जाए तो उससे दो बातें कर लेती है और बाद में चरित्रहीन बन जाती है 
पुरुष किसी महिला मित्र से मिले काम करे तो वो चरित्रवान 
क्यों महिला का कोई पुरुष मित्र नही हो सकता 
कान्हा जी भी थे द्रौपदी के सखा 
उनका हर सुख दुख बाट लेते थे 

हम स्त्रियों के जीवन में क्यों कोई कान्हा नही हो सकता 
हमे भी खुल कर जीने की आजादी चहिए 
कभी तो खुद से कहो अपने घर की औरतों को की जाओ जो मन हो करो 
जहां दिल हो घूमो

मैं बस इतना ही कहूंगी के सबके सपने पूरे करते करते जो हमारे सपने अधूरे रह गए है हमे उनके बारे में भी अब सोच लेना चाहिए 
सब कहते है कमाई का एक हिस्सा जरूर निवेश करना चाहिए ताकि अपना भविष्य बेहतर बना सके ठीक उसी तरह हमे भी खुद को वक्त देना चाहिए ताकि हम खुश रह सके क्योंकि हम खुश तो सब खुश 

जिसको जो बोलना है बोलने दीजिए पर एक बार अपने मन की जरूर करिए 
जिंदगी का क्या भरोसा 
आज है और कल…..
इससे पहले हम भी आज से कल में आ जाए
जी ले अपनी जिंदगी 

Miss you all my sweet friends 
चलो यार फिर से स्कूल से शुरू करे अपनी जिंदगी ❤️❤️❤️❤️

""मीनाक्षी पाठक""©️®️**",472.0,0.0,0,2509
women_girlsafety,1450,2024-02-24 18:11:29+00:00,"उम्मीदें सबकी संभालते हुए
ख्वाबों को टालते लड़के,
पूरा ही खर्च हो जाते हैं
खुद का समय निकालते लड़के

घर का खाना, पिता की तबीयत
यही जांचते लड़के,
कुछ और कहां कह पाते हैं
घर पर फोन लगाते लड़के

मन को मजबूर कर
खुद को मजबूत दिखाते लड़के,
आँसुओं को कहीं छिपाकर
बस मुस्कुराते ये लड़के

मां को अगले त्योहार की
तारीख़े गिनवाते लड़के,
इस छुट्टी घर जाने की
कयास लगाते लड़के 

शहर की दौड़ती गली में
एक घर तलाशते लड़के,
घर पर ही छूटे होते हैं
घर से दूर रहते लड़के

जिम्मेदारियों के भार पर
कंधों को समझाते लड़के,
आसमां से हो जाते हैं
ये बादल सरीखे लड़के

इतिहास जानते लड़के,
भूगोल नापते लड़के,
अर्थशास्त्र में फंस जाते हैं
ये कहानियां सुनाते लड़के

डरते-घबराते चलते हैं
बचते-बचाते ये लड़के,
गले लगते ही रो देते हैं
जब प्रेम पाते ये लड़के

बचपन में फिर लौट आते हैं
उम्र में बीते लड़के,
आकाशगंगाएं उतार लातें हैं
संघर्ष में जीते लड़के।
#UPPSC #ROARO2023 
︗︗︗︗︗︗︗︗︗︗︗︗︗",398.0,0.0,0,853
women_girlsafety,1449,2024-02-13 14:09:03+00:00,"**#RO_ARO_PAPER_LEAK**** 
16 फरवरी 2024, Friday को हम सभी परीक्षार्थी उत्तरप्रदेश लोक सेवा आयोग, प्रयागराज में संवैधानिक एवं शालीनतापूर्वक तरीके से अपनी बात आयोग के चेयरमैन के सामने रखने जा रहे हैं। हमारा लक्ष्य न ही माननीय मुख्यमंत्री जी के खिलाफ नारेबाजी करना है और न ही आयोग के खिलाफ धरना देना है। हमे आयोग पर पूर्ण रूप से विश्वास है कि वे हमारी बात सुनेंगे और समझेंगे और RO की परीक्षा के लीक होने के चलते, परीक्षा को रद्द किया जाएगा।  प्रयागराज एवं आस पास के जिले के जितने भी छात्र छात्राएं हमारे साथ आ सकते हैं, वो आएं। डरें नही, परीक्षा आपने दी है, बात भी आपको रखनी है।   
Time-- 10 AM
Contact-- Yogesh Pratap Singh
                        95541 37528**",467.0,0.0,0,659
women_girlsafety,1448,2024-02-13 11:19:16+00:00,इस समूह से किस किस ने RO ARO की परीक्षा दी थी 🤔,449.0,0.0,0,47
women_girlsafety,1447,2024-02-12 19:23:48+00:00,"वर्षों तैयारी के साथ पेपर देने गए थे,
ढेरों खुशियाँ लिए पेपर देने गए थे,
मात पिता के मंसूबे को पूरा करने के लिए
सुबह की सर्दी में हम पेपर देने गए थे,
जब पेपर लीक होने की खबर आई
हम सब कि आंखें भर आई,
मन मे आशंका समाई
पेपर लीक होने कि खबर सुन
मात पिता कि आंखें भर आई, 😔😔

सूख गई ऑंखे अब परिणाम बाकि है,
टूट गई हिम्मत अब इम्तिहान बाकि है, बेरोजगारो पर तरस खाओ भुखमरो किसी का मकान गिरवी है,
 तो किसी का लगान बाकि है,
किसीने रखे थे गिरवी गहनेतो किसी गरीब के मकान बिके है,
महज पेपर नहीं बिका साहब गरीब बेरोजगारो के अरमान बीके है.",431.0,0.0,0,523
women_girlsafety,1445,2024-02-11 02:12:21+00:00,"जिस व्यक्ति का माइंडसेट सबसे बेहतरीन होता है, उसे इस दुनिया में आने वाली कोई भी मुश्किल नही रोक सकती है, बस आपको अपने माइंडसेट को सही करना है, बाकि सबकुछ अपने आप ही सही हो जायेगा

इसलिए आप लोग अब ज्यादा कुछ नहीं पढ़े तनाव मुक्त रहें जिन्होंने ज्यादा नहीं पढ़ा वो लोग भी बिल्कुल टेंशन नहीं ले जो होना होगा कल होगा 


आप सभी ने मेहनत की है बस कल उसको ओएमआर शीट में उसे उतारना है 

सभी लोग 
👉एडमिट कार्ड
👉फोटोयुक्त पहचान पत्र
👉उसकी एक फोटो कॉपी
👉2 फोटो
लेकर अवश्य जाए 
याद रहे किसी से आपको उलझना नही है क्योंकि यह बहुत इफेक्ट डालता है एग्जाम हॉल पर आपकी एक गलती, आपकी सारी मेहनत और इतना लंबा इंतजार एक झटके में  बिखर सकते हैं इसलिए   कोई कुछ भी कहता है तो अनसुना कर दीजिए 

आप सभी को शुभकामनाएं,  आपको मुख्य परीक्षा में बैठने को जरूर मिले ऐसी हमारी कामना है। 

विजयी भव !!!",414.0,0.0,0,770
women_girlsafety,1442,2024-02-02 17:22:47+00:00,"*12th Fail का best scene 💯*
*कोटा शहर और दिल्ली का मुखर्जी नगर, ये दो ऐसी खतरनाक जगह हैं जहाँ छात्र घुसते टाइम कुछ और होता है और निकलते टाइम ( अगर निकल पाए तो ) कुछ और!*

कहते हैं कि फ़िलवक्त सिनेमा का वो दौर है जब लार्जर देन लाइफ फिल्में ही बॉक्स ऑफिस पर हिट हो सकती हैं, आम जन के लिए कम बजट वाली प्यारी-प्यारी फिल्में अब OTT के भरोसे ही रह गई हैं पर...बीते साल आई 12th फेल मेरी अबतक थिएटर्स में देखी वो पहली फिल्म थी, जिसने भर कटोरे आँसू रुलाया था।

इस फिल्म में एक सीन है कि मनोज सारे काम धाम छोड़कर, रोडवेज़ की बस पकड़कर, श्रद्धा के घर पहाड़ों में जाता है पर वहाँ उसे श्रद्धा की बजाए उनका सेवक मिलता है। यहाँ मनोज और श्रद्धा की एक टेलिफ़ोनिक कन्वर्सैशन है जिसमें सिर्फ मनोज दिखाई दे रहा है। श्रद्धा के रिजेक्शन के बाद मनोज बिना पानी पिए वापस दिल्ली के लिए निकल जाता है।

ये पूरा सीन चार मिनट से ऊपर का है और वन शॉट वन टेक है। इस सीन को देखने के बाद विधु सर (विधु विनोद चोपड़ा) के लिए मुँह से जितनी तारीफ़ें निकलती हैं उनको मिला लें तो अच्छा मजबूत पुल बन सकता है। ये अकेला सीन ऐसा है कि जिसपर 10 अवॉर्ड दिए जा सकते हैँ पर इसके इतर भी, फिल्म का हर सीन रियलिज़्म और कन्विक्शन की अनूठी मिसाल लगता है।

ये कन्विक्शन ही शायद वो वजह है जिसके चलते फिल्म देखते-देखते 4-5 बार आँखें भर आती हैं। पिता का पुत्र से आटा चक्की पर मिलना, अंशुमन पुष्कर का जबरदस्ती आटा चक्की छुड़वाना या इंटरव्यू से ठीक पहले श्रद्धा की चिट्ठी पढ़ना... हर एक सीन fairy tale में रियलिज़्म का ग़जब कॉम्बिनेशन नज़र आता है।

इस फिल्म में आप मनोज की हालत देखें तो किसी भी आम लोअर मिडिल क्लास व्यक्ति से अलग नहीं दिखेगी। पैसे, इज़्ज़त और परिवार की अखंडता के लिए जूझता हर व्यक्ति हर दिन इतना स्ट्रेस तो कमा ही लेता है कि अपनी कहानी खत्म कर सके! ज़िंदगी से घबराकर खुद का ‘दी एंड’ लिख सके, पर वो नहीं करता।

ये कड़वा सच है कि बढ़ती आबादी के साथ पूंजीवादी व्यवस्था एक तरफ प्रतिस्पर्धा लाती है और दूसरी तरफ करप्शन को जन्म देती है। प्रतिस्पर्धा सिर्फ पढ़ने लिखने या नौकरी पाने की ही नहीं बल्कि आत्मसम्मान के साथ-साथ लग्ज़री ज़िंदगी पाने की भी हो तो ज़िंदगी टॉर्चर बनने लगती है। इस पाने के खेल में कितना कुछ दाँव पर लगाना पड़ता है ये उन कोटा और मुखर्जी नगर के बच्चों से कहीं ज़्यादा उनके माँ-बाप जानते हैं। किसी की लीला समाप्त हो जाती है तो दुख होता ही है, यहाँ न जजमेंट पास करने का मन करता है न ही उस कृत्य को सही ठहराने की हिम्मत होती है।

पर इतना ज़रूर है कि जब किसी फिल्म में किसी aspirant को IPS बनने से बस एक कदम दूर, इंटरव्यू चेयर पर बैठकर, मुसकुराते हुए ये कहते सुनता हूँ कि “मैं इंटरव्यू क्लेयर नहीं भी कर पाया तो भी कोई दिक्कत नहीं, जो अबतक सीखा है वो अपने गाँव जाकर, आने वाली पीढ़ी को सिखाऊँगा, अफसर न सही, शिक्षक बनकर देश बेहतर करूँगा”; तो लगता है कि मनोज कुमार शर्मा जैसे आइकॉनिक हीरो और विधु विनोद चोपड़ा जैसे फाइनेस्ट डायरेक्टर, इस देश के युवाओं के साथ-साथ उनके माता-पिता को भी मोटिवेट करने के लिए बहुत ज़रूरी हैं।",541.0,0.0,0,2655
women_girlsafety,1440,2024-01-31 14:28:14+00:00,"देश की शान के लिए लोग क्या क्या नहीं करते है, और कुछ वो है जो gf bf के चक्कर मे अपनी कोमल उंगलियों के घरशन मात्र से अपने भावनाओं की इमोजी भेज रहे होते है 😔",541.0,0.0,0,155
women_girlsafety,1438,2024-01-30 14:04:16+00:00,आजकल कागजी योग्यता से ज्यादा महत्व अनुभव का है,433.0,0.0,0,46
women_girlsafety,1436,2024-01-29 12:01:35+00:00,"विचार करें 😔😔

क्या यह सही है,
सोसल मिडिया पर वायरल यह वीडियो बहुत कुछ कहती है 😔",472.0,0.0,0,80
women_girlsafety,1424,2024-01-28 15:01:28+00:00,"सिमरन चौधरी के साथ फ्रॉडगिरी करने की कोशिश, जिसकी सुचना मुझे मिला उसके बाद इस लडके के सम्पर्क नंबर पर कॉल किया गया कॉल रिसीव नहीं किया तो व्हाट्सप्प पर किस प्रकार से बात किया है आप सभी देख सकते है.... इसके द्वारा मुझे गाली गलौज कर ब्लॉक किया गया....शायद यह लड़का मुझे कोई फेक समझ रहा था ज़ब इससे अपने दुबारा अपने पर्सनल नंबर से बात की गई तो क्या कहताहै आप सभी इस स्क्रीन रिकॉर्डिंग को पढ़िए",389.0,0.0,0,387
women_girlsafety,1422,2024-01-27 13:15:25+00:00,"इस व्यक्ति का नाम प्रशांत है, जो एक एप्प के प्रचार प्रसार हेतु हमारे ग्रुप एडमिन से सम्पर्क किया जिसकी सुचना मुझे मिली, ज़ब इससे बात की गई तो इसका रिएशन आप खुद सुनिए",411.0,0.0,0,164
women_girlsafety,1421,2024-01-27 13:02:21+00:00,"**“तुलसी साधी विपति के, विद्या विनय विवेक ।
साहस सुकृति सुसत्य व्रत ,राम भरोसे एक ।।”

अर्थ : किसी विपत्ति में आपको सात गुण बचाते है ।आपका ज्ञान या शिक्षा ,आपकी विनम्रता, आपकी बुद्धि,आपके भीतर साहस,आपके अच्छे कर्म,सच बोलने की आदत और ईश्वर में विश्वास ।**",418.0,0.0,0,254
women_girlsafety,1420,2024-01-27 11:31:06+00:00,**UP Police Exam Date**,407.0,0.0,0,23
women_girlsafety,1419,2024-01-20 15:05:05+00:00,"**पत्थरों के शहर में कच्चे मकान कौन रखता है…
आजकल हवा के लिए रोशनदान कौन रखता है..

अपने घर की कलह से फुरसत मिले तो सुने…
आजकल पराई दीवार पर कान कौन रखता है..

हर चीज मुहैया है मेरे शहर में किश्तों पर..
आज कल हसरतों पर लगाम कौन रखता है..

बहलाकर छोड़ आते है वृद्धाश्रम में मां बाप को…
आज कल घर में पुराना सामान कौन रखता है…

सबको दिखता है दूसरों में इक बेईमान इंसान…
खुद के भीतर मगर अब ईमान कौन रखता है…

फिजूल बातों पे सभी करते हैं वाह-वाह के कमेंट्स..
अच्छी बातों के लिये अब जुबान कौन रखता है...**",568.0,0.0,0,499
women_girlsafety,1418,2024-01-16 18:29:20+00:00,"जीवन में कुछ भी स्थायी नहीं है। न सुख, न दुःख,न नौकरी, न रिश्ते, कुछ भी नहीं। एक नियत समय पर सबको छूटना ही है, पर छूटने की क्रिया में कब कुछ छूट पाया है। बल्कि शामिल हो जाती है, उदासी, उदासीनता, ऊब, घुटन, पीड़ा और भी न जाने क्या-क्या? 
छूटने के क्रम में तो हरा पत्ता भी पीला-पीला पड़ जाता है, फिर हम तो मनुष्य हैं! और हमारी भावनाएं किसी की प्रयोगशाला, जिसपर लोग अपने प्रयोग करते रहते हैं!

""संवेदनशील हृदय के लिए कितनी बड़ी चुनौती है, प्रयोगात्मक दौर में भावनात्मक रहना""

●●●",673.0,0.0,0,475
women_girlsafety,1413,2024-01-12 12:50:59+00:00,"📌Big Breaking 🔥

🔳UPPSC 2024 कैलेंडर जारी

ज्यादातर आरक्षित डेट

◾️UPPCS 2024 
      ▪️प्रीलिम्स👉17 मार्च
      ▪️मेंस     👉7 जुलाई से शुरू


◾️RO/ARO 2023
   ▪️ प्रीलिम्स 👉11 फरवरी
   ▪️मुख्य परीक्षा 👉28 जुलाई से

◾️APS टाइपिंग 9 अप्रैल से",791.0,0.0,0,240
women_girlsafety,1411,2024-01-12 06:11:11+00:00,"राष्ट्रीय युवा दिवस की आप सभी को हार्दिक शुभकामनाएं 🎉

▪️उठो, जागो और तब तक मत रुको जब तक लक्ष्य की प्राप्ति ना हो जाए।

▪️युवा वही होता है, जिसके हाथों में शक्ति, पैरों में गति, हृदय में ऊर्जा और आंखों में सपने होते हैं।",682.0,0.0,0,221
women_girlsafety,1409,2024-01-10 19:59:29+00:00,"📝**UPPCS 2024 अपडेट सिलेबस📝

किसी भी चीज को करने  से सबसे पहले  काम होता है उसके बारे में पहले जानना समझना तभी उसे काम को करने के बाद रिजल्ट अच्छा आता है।
Pcs 2024 का जो भी तैयारी करने के बारे मे सोच रहे हैं वो लोग सबसे पहले सिलेबस को डाउनलोड करके समझे।**",655.0,0.0,0,255
women_girlsafety,1408,2024-01-10 10:49:19+00:00,◾️उत्तर प्रदेश सरकार ने पुलिस भर्ती के विज्ञापन के लिए आवश्यक EWS और जाति प्रमाण पत्र बनवाने के लिए अवैध वसूली पर रोक लगाने के लिए समस्त जिलाधिकारियों को दिया निर्देश!,568.0,0.0,0,167
women_girlsafety,1406,2024-01-07 18:43:42+00:00,"प्रेम के बदले प्रेम देना संभव ना हो तो
सम्मान देकर विदा कर दें.. तिरस्कार खोखले लोग करते हैं... चाँद कभी भी चकोर के लिए अपनी किरणेँ उग्र नहीं करता.. प्रेम एकतरफा हीं सही.. चकोर का अधिकार स्वयं चाँद भी नहीं छीनता उससे...❤...",636.0,0.0,0,223
women_girlsafety,1405,2024-01-06 18:46:49+00:00,"मथुरा वृंदावन, प्रेम मंदिर 🤗",641.0,0.0,0,28
women_girlsafety,1379,2023-12-12 19:04:12+00:00,"आजकल का प्यार ऐसा भी होता है, प्यार मे ऐसी गलती कभी भूल कर भी न करें",712.0,0.0,0,68
women_girlsafety,1376,2023-12-08 12:34:55+00:00,"UPSC CSE 2023 मुख्य परीक्षा रिजल्ट जारी

इंटरव्यू के लिए चयनित अभ्यर्थियों को शुभकामनाएं",700.0,0.0,0,88
women_girlsafety,1374,2023-12-05 05:41:36+00:00,दहेज 😔,642.0,0.0,0,6
women_girlsafety,1371,2023-11-27 03:40:21+00:00,"🌻भारत का सबसे बड़ा बाघ अभयारण्य दमोह, मध्य प्रदेश में बनेगा।

 🌻भारत सरकार ने 2,300 वर्ग किलोमीटर में फैले देश का सबसे बड़ा बाघ अभयारण्य बनाने के लिए मध्य प्रदेश में दो वन्यजीव अभयारण्यों - नौरादेही वन्यजीव अभयारण्य और रानी दुर्गावती वन्यजीव अभयारण्य को विलय करने के प्रस्ताव को मंजूरी दे दी है।

🌻 इसका केंद्र मध्य प्रदेश के दमोह के जबेरा क्षेत्र के आसपास होगा।

 नया बाघ अभयारण्य अगले दो से तीन महीनों के भीतर चालू हो जाएगा।",601.0,0.0,0,426
women_girlsafety,1370,2023-11-27 02:44:01+00:00,"हर घर में शबरी है..!! 

पति के लिए जूस बनाया और जूस पीने से पहले ही पति की आंख लग गई, नींद टूटी,तब तक एक घंटा हो चुका, पत्नी को लगा कि इतनी देर से रखा जूस कहीं खराब ना हो गया हो?

उसने पहले जरा सा जूस चखा और जब लगा कि स्वाद बिगड़ा नहीं है, तो पति को दे दिया पीने को..!

सवेरे जब बच्चों के लिए टिफिन बनाया तो सब्जी चख कर देखी,नमक,मसाला ठीक लगा तब खाना पैक कर दिया..!

स्कूल से वापस आने पर बच्चों को संतरा छील कर दिया..
 एक -एक परत खोल कर चैक करने के बाद कि कहीं कीड़े तो नहीं हैं,खट्टा तो नहीं है, सब देखभाल कर जब संतुष्टि हुई तो बच्चों को एक एक करके संतरे की फाँके  खाने के लिए दे दीं!

दही का रायता बनाते समय लगा कि कहीं दही खट्टा तो नहीं हुआ और चम्मच से मामूली दही ले कर चख लिया..!

""हां ,ठीक है "", जब यह तसल्ली हुई तब ही दही का रायता बनाया..!

सासू माँ ने सुबह खीर खूब मन भर कर खाई और रात को फिर खाने को मांगी तो झट से बहु ने सूंघी और चख ली कि कहीँ गर्मी में दिन भर की बनी खीर खट्टी ना हो गयी हो..!

बेटे ने सैंडविच की फरमाईश की तो खीरा छील एक टुकड़ा खा कर देखा कि कहीं कड़वा तो नहीं है! ब्रेड को सूंघा और चखा की पुरानी तो नहीं दे दी दुकान वाले ने! संतुष्ट होने के बाद बेटे को गर्मागर्म सैंडविच बनाकर खिलाया..!

दूध, दही, सब्जी,फल आदि ऐसी कितनी ही चीजें होती हैं जो औरतें हम सभी को परोसने से पहले मामूली-सी चख लेती हैं!

कभी कभी तो लगता है कि हर मां, हर बीवी, हरेक स्त्री अपने घर वालों के लिए ""शबरी"" की तरह ही तो है..!

जो जब तक खुद संतुष्ट नहीं हो जाती, किसी को खाने को नही देती, और यही कारण तो है कि हमारे घर वाले बेफिक्र होकर इस ""शबरी"" के चखे हुए खाने को खाकर स्वस्थ और सुरक्षित महसूस करते हैं!

हमारे भारतीय परिवारों की हर स्त्री ""शबरी"" की तरह अपने परिवार का ख्याल रखती है और घर के लोग भी शबरी के इन झूठे बेरों को खा कर ही सुखी, सुरक्षित,स्वस्थ और संतुष्ट रहते हैं..!

हर उस महिला को समर्पित जो अपने परिवार के लिये ""शबरी"" है !!",612.0,0.0,0,1732
women_girlsafety,1369,2023-11-25 12:27:19+00:00,🔘 MPPSC 2021- मुख्य परीक्षा रिजल्ट जारी,580.0,0.0,0,39
women_girlsafety,1367,2023-11-24 09:28:16+00:00,"**ये तस्वीर एक लिफ्ट मैन की है जो लिफ्ट में बैठा रहता है लोगों की सुविधा के लिए.. जिस व्यक्ति ने ये फोटो ली है वो बता रहे हैं कि रोज़ ये लिफ्टमैन सुबह 8 बजे से रात 8 बजे तक इस लिफ्ट में रहता है.. और वो रोज़ सुबह 9:20 से 9:25 के बीच जब ऑफिस जाने के लिए लिफ्ट का इस्तेमाल करते हैं तो इस लिफ्टमैन को इसी तरह से अपना फ़ोन देखते हुवे पाते हैं.. वो बस इस फ़ोन को ऑन करके देखा करता है और किसी और इंसान की तरफ़ मुहं घुमा कर भी नहीं देखता है.. उत्सुकतावश जब इन्होने इस लिफ्टमैन से पूछा कि “क्या वजह है कि आप अपना फ़ोन ऐसे घूरते रहते हैं?”

तो उसने जवाब दिया कि “मेरी बेटी की शादी हुवे अभी बहुत महीने नहीं हुवे.. और मुझे रोज़ उसका हाल लेना होता है.. मगर मेरा दामाद मेरी बेटी का मुझ से बात करना पसंद नहीं करता है.. इसलिए मैं फ़ोन पर टाइम देखा करता हूँ कि जैसे ही 9:30 बज जाए, मैं अपनी बेटी को कॉल करूँ, क्यूंकि उस टाइम तक  मेरा दामाद ऑफिस के लिए घर से जा चुका होता है”  

भारतीय परिवारों की सबसे बड़ी समस्या में एक ये समस्या बहुत प्रमुख है जिसमे लड़की के ससुराल वाले लड़की का अपने घर वालों से बात करना तक नहीं पसंद करते हैं.. अपना बेटा अगर घर देर से आये तो सास उसे दस बार कॉल करेगी मगर कहीं दूर से आई लड़की, जो अपना सब कुछ छोड़कर चली आई है, उसका अपने माता पिता से बात करना भी अपराध की श्रेणी में आने लगता है.. ऐसा क्यूँ?**",513.0,0.0,0,1211
women_girlsafety,1365,2023-11-23 15:12:10+00:00,"कुछ करना है, तो डटकर चल ,
थोड़ा दुनियां से हटकर चल ।

लीक पर तो सभी चल लेते है,
कभी इतिहास को पलटकर चल ॥

बिना काम के मुकाम कैसा ?
बिना मेहनत के दाम कैसा?
जब तक ना हाँसिल हो मंज़िल
तो राह में, आराम कैसा ?

अर्जुन सा, निशाना रख,
मन में, ना कोई बहाना रख !
लक्ष्य सामने है, बस उसी पे
अपना ठिकाना रख ॥

सोच मत, साकार कर ,
अपने कर्मों से प्यार कर ।

मिलेगा तेरी मेहनत का फल ।
किसी ओर का ना इंतज़ार कर!

जो चले थे अकेले उनके पीछे 
आज मेले है......

जो करते रहे इंतज़ार उनकी
जिंदगी में आज भी झमेले है ।।


══════•❁❀❁•══════",566.0,0.0,0,515
women_girlsafety,1364,2023-11-22 05:06:28+00:00,"कितना वाहियात और घटिया आदमी है ये सब लोग मिलकर एक लड़की का मजा ले रहे हैं

हद है यार एकदम ,और इस डोंगरे की मम्मी ये  भी डोंगरे के साथ उस लड़की का मजा ले रही है जिस लड़के का संस्कार ही ऐसा है, तो उसका लोगो के साथ कैसा व्यवहार होगा,,,,

और इसके  group में उपस्थित सभी लड़कियां भी वही वाहियात किस्म की हैं,
जो की एक लडकी होकर दूसरी लडकी की इज्जत उछाल रही हैं,

छी है ऐसे लोगो पर, इन लोगों के ऊपर केस होना चाहिए,,,😡😡🤬🤬👍",173.0,0.0,0,415
women_girlsafety,1363,2023-11-22 04:42:39+00:00,"सोसल मिडिया का इस्तेमाल किस प्रकार करना चाहिए किस प्रकार आपको सोसल मिडिया पर जुड़े कुछ गंदे लोगो से जागरूक रहना चाहिए इत्यादि के बारे मे आपको दिन प्रतिदिन जानकारी देता हूँ...सोसल मिडिया प्लेटफार्म पर आपको न जाने कुछ ऐसे नमूने मिल ही जायेंगे जो बातें तो बड़ी बड़ी करेंगे तथा महिला सुरक्षा, महिला सशक्तिकरण, महिला जागरूक इत्यादि जैसी बड़ी बड़ी बातें करने के साथ साथ कुछ ग्रुप भी आपको ऐसे गंदे लोगो को मिल जायेंगे जो महिला सुरक्षा की बड़ी बड़ी बातों की आड़ मे लड़कियो को ही प्रपोज करने की कोशिश करते है.... ऐसा ही एक ग्रुप सुनील डोंगरे नाम के गंदे इंसान ने girl safety नाम से ग्रुप बनाया हुआ है.... जिसकी आड़ मे गर्ल को ही प्रपोज करता है ज़ब कोई गर्ल उसके प्रपोजल को एक्सेप्ट नहीं करती है तो उसको अपनी फेक id गर्ल के नाम से बनाकर force करने की कोशिश करता है तथा खुद को भगवान साबित करने की कोशिश इसलिए करता है जिससे कि उसके झांसे मे गर्ल जल्दी से फ़स जाये....इसी प्रकार सुनील डोंगरे ने एक लड़की को न कि प्रपोज किया बल्कि लड़की को होटल मे बुलाने के लिए फोर्स भी किया.... इस मामले का खुलासा तब हुआ ज़ब लड़की ने अपनी खुद की का नाम गर्ल से हटाकर डेविल रख लिया और फिर सुनील डोंगरे द्वारा उस लड़की को वौइस् मैसेज किस प्रकार भेजें गए यह आप सभी इन रिकॉर्डिंग के माध्यम से सुनिये.....आदरणीय मेरे भाइयों बहनों 🙏
आपसे मेरा अनुरोध ही नहीं सविनय निवेदन है कि ऐसे गंदे लोगों के झांसे में बिल्कुल भी न आये 🙏
तथा ऐसे गंदे लोगो को तत्काल ब्लॉक करें तथा ऐसे गंदे लोगो से दूरियाँ बनाए साथ ही साथ ऐसे गंदे लोगो के ग्रुप से दूर हो जाये 🙏..... धन्यवाद 🙏",120.0,0.0,0,1410
women_girlsafety,1354,2023-11-01 13:12:16+00:00,"**दिनांक : 1/11/2023
दिन : बुधवार

वौइस् चैट टॉपिक : जियोग्राफी ncert
 Class : 6/7/8/9 
Chapter : 6/7/8/9class all chapters से क्वेश्चन 

Total Question : 20

आप सभी विद्यार्थियों से वौइस् चैट समय 9:00pm पर जियोग्राफी की ncert क्लास 6/7/8/9 class all chapter से 20 क्वेश्चन तक पूछे जायेंगे.... इसलिए आप सभी अच्छे से तैयारी करना.. मेहनत कीजिये.. फोकस पढ़ाई पर होना चाहिए.... Ok....

आंसर आपको पोल के माध्यम से देना होगा 👍

वौइस् चैट : स्टडी ग्रुप में होगा आप सभी को स्टडी ग्रुप मे आंसर देने हैं 👍


ग्रुप के सभी सदस्यों को अच्छे स्टडी करना है...

आज दिनांक 26/10/2023 से दिवाली तक 14/11/2023 तक जितने भी क्वेश्चन के आंसर आप सभी सदस्यों द्वारा दिए जायेंगे उन सभी सदस्यों में से जो भी सदस्य फर्स्ट आएगा उस सदस्य को 🪔Women's & girls' safety (Empowerment)🪔 द्वारा आंसर राइटिंग बुकलेट उपहार स्वरूप दिया जायेगा.... 👍
दिवाली तक टोटल क्वेश्चन संख्या :200

प्रतिदिन क्वेश्चन संख्या : 20

प्रथम श्रेणी प्राप्त करने के लिए? मार्क संख्या : 200 में से 175 अनिवार्य है 👍👍

क्वेश्चन हिंदी इंग्लिश दोनों में उपलब्ध कराये जायेंगे 👍

Join : ****@Upscpcsstudygroup**",271.0,0.0,0,1045
women_girlsafety,1353,2023-11-01 02:27:11+00:00,"**सफर में धूप तो बहुत होगी तप सको तो चलो,
भीड़ तो बहुत होगी नई राह बना सको तो चलो।

माना कि मंजिल दूर है एक कदम बढ़ा सको तो चलो,
मुश्किल होगा सफर, भरोसा है खुद पर तो चलो।

हर पल हर दिन रंग बदल रही जिंदगी,
तुम अपना कोई नया रंग बना सको तो चलो।

राह में साथ नहीं मिलेगा अकेले चल सको तो चलो,
जिंदगी के कुछ मीठे लम्हे बुन सको तो चलो।

महफूज रास्तों की तलाश छोड़ दो धूप में तप सको तो चलो,
छोटी-छोटी खुशियों में जिंदगी ढूंढ सको तो चलो।

यही है ज़िन्दगी कुछ ख़्वाब चन्द उम्मीदें,
इन्हीं खिलौनों से तुम भी बहल सको तो चलो।

तुम ढूंढ रहे हो अंधेरो में रोशनी ,खुद रोशन कर सको तो चलो,
कहा रोक पायेगा रास्ता कोई जुनून बचा है तो चलो।

जलाकर खुद को रोशनी फैला सको तो चलो,
गम सह कर खुशियां बांट सको तो चलो।**",232.0,0.0,0,691
women_girlsafety,1352,2023-10-31 14:46:34+00:00,"दिनांक : 31/10/23
दिन : मंगलवार 

वौइस् चैट टॉपिक : जियोग्राफी ncert
 Class : 6/7/8/9 
Chapter : 6/7/8/class all chapters तथा नवे चैप्टर के 1/2/3 चैप्टर से क्वेश्चन 

Total Question : 20

आप सभी विद्यार्थियों से वौइस् चैट समय 9:00pm पर जियोग्राफी की ncert क्लास 6/7/8/9 class all chapter से 20 क्वेश्चन तक पूछे जायेंगे.... इसलिए आप सभी अच्छे से तैयारी करना.. मेहनत कीजिये.. फोकस पढ़ाई पर होना चाहिए.... Ok....

आंसर आपको पोल के माध्यम से देना होगा 👍

वौइस् चैट : स्टडी ग्रुप में होगा आप सभी को स्टडी ग्रुप मे आंसर देने हैं 👍


ग्रुप के सभी सदस्यों को अच्छे स्टडी करना है...

आज दिनांक 26/10/2023 से दिवाली तक 14/11/2023 तक जितने भी क्वेश्चन के आंसर आप सभी सदस्यों द्वारा दिए जायेंगे उन सभी सदस्यों में से जो भी सदस्य फर्स्ट आएगा उस सदस्य को 🪔Women's & girls' safety (Empowerment)🪔 द्वारा आंसर राइटिंग बुकलेट उपहार स्वरूप दिया जायेगा.... 👍
दिवाली तक टोटल क्वेश्चन संख्या :200

प्रतिदिन क्वेश्चन संख्या : 20

प्रथम श्रेणी प्राप्त करने के लिए? मार्क संख्या : 200 में से 175 अनिवार्य है 👍👍

क्वेश्चन हिंदी इंग्लिश दोनों में उपलब्ध कराये जायेंगे 👍

Join : @Upscpcsstudygroup",769.0,0.0,0,1068
women_girlsafety,1351,2023-10-31 14:30:42+00:00,"कल दिनांक 30/10/2023 को किसी लड़की के नाम से यूट्यूब चैनल बनाकर सुमित सर की लाइव क्लास में किसी अभद्र व्यक्ति जो खुद को upsc एसपीरेंट कहता है ने उस लड़की को बेहद भद्दे कमेंट किये जिसकी सूचना women girl safety समूह के निर्माणकर्ता को सूचना दी जिसने तत्काल सुनवाई करते हुए,सुमित जी के सम्पर्क नंबर पर सम्पर्क कर उस लड़की के नाम से बने यूट्यूब चैनल को ब्लॉक कराया तथा उस लड़की की पूर्ण मदद की गई... आप सभी गर्ल से निवेदन है कि फर्स्ट टाइम कोई लड़का आपसे मीठी मीठी बातें करता है तो आप उसके झांसे मे आकर अपनी निजी जानकारी share कर देते है जबकि आपको उस लडके का बैकग्राउंड स्टेटस इत्यादि कुछ पता नहीं होता वह झूठ बोल रहा है या सच बिना कुछ जाने आप उसके झांसे में आ जाते है जिसका भुगतान आप सभी को भुगतना पड़ता है... आदरणीय गर्ल प्लीज ऐसा कतई न करें और सतर्क रहें साबधान रहें यह सोसल मिडिया है यहाँ कोई अपना नहीं है.... ध्यान रखने योग्य 👍",646.0,0.0,0,822
women_girlsafety,1350,2023-10-31 11:53:58+00:00,😁😁upsssc pet,357.0,0.0,0,12
women_girlsafety,1349,2023-10-31 05:37:45+00:00,"**राष्ट्रीय एकता एवं अखंडता के सूत्रधार, आधुनिक भारत के शिल्पकार, ""भारत रत्न"" लौह पुरुष सरदार वल्लभभाई पटेल जी की जयंती पर उन्हें कोटि-कोटि नमन ।
देशवासियों को राष्ट्रीय एकता दिवस की शुभकामनाएं।**",511.0,0.0,0,196
women_girlsafety,1348,2023-10-31 05:19:15+00:00,"**❤️👌👍

          "" चाहें कितना भी ऊंचा
           पद प्राप्त कर लो चाहें
           कितनी भी बड़ी डिग्रियाँ 
          हासिल कर लो अगर बोलने
           की तमीज और इंसानियत 
           नहीं सीखी तो वो इंसान
             अनपढ़ के बराबर है.. "" 

                                          ✍❤️👌**


इसलिए कहता हूँ कि वौइस् चैट पर बोलने का प्रयास किया करें",551.0,0.0,0,351
women_girlsafety,1345,2023-10-30 19:08:50+00:00,ग्रुप एडमिन दीपा जी का पेंटिंग 🤗🤗,465.0,0.0,0,33
women_girlsafety,1344,2023-10-30 13:57:42+00:00,"**UPPCS 2023 मुख्य परीक्षा रिजल्ट दिसंबर प्रथम सप्ताह तक।
दिसंबर 2023 लास्ट तक फाइनल रिजल्ट देने की तैयारी।

- सूत्रों के हवाले से**",574.0,0.0,0,132
women_girlsafety,1343,2023-10-30 07:07:40+00:00,"👍👌❤️

               
              "" दूसरों की मदद करो 
                लेकिन किसी मतलब
                 की उम्मीद मत रखो ""

                                           👍👌❤️",585.0,0.0,0,173
women_girlsafety,1342,2023-10-30 06:50:12+00:00,"**दिनांक : 30/10/23
दिन : सोमवार 

वौइस् चैट टॉपिक : जियोग्राफी ncert जियोग्राफी 
Chapter : 6/7/8 class all chapters

Total Question : 15/ 20

आप सभी विद्यार्थियों से वौइस् चैट समय 9:00pm पर जियोग्राफी की ncert क्लास 6/7/8 class के सभी chapter से 15 या 20 क्वेश्चन तक पूछे जायेंगे.... इसलिए आप सभी अच्छे से तैयारी करना.. मेहनत कीजिये.. फोकस पढ़ाई पर होना चाहिए.... Ok....

आंसर आपको पोल के माध्यम से देना होगा 👍

वौइस् चैट : स्टडी ग्रुप में होगा आप सभी को स्टडी ग्रुप मे आंसर देने हैं 👍


ग्रुप के सभी सदस्यों को अच्छे स्टडी करना है...

आज दिनांक 26/10/2023 से दिवाली तक 14/11/2023 तक जितने भी क्वेश्चन के आंसर आप सभी सदस्यों द्वारा दिए जायेंगे उन सभी सदस्यों में से जो भी सदस्य फर्स्ट आएगा उस सदस्य को 🪔Women's & girls' safety (Empowerment)🪔 द्वारा आंसर राइटिंग बुकलेट उपहार स्वरूप दिया जायेगा.... 👍
दिवाली तक टोटल क्वेश्चन संख्या :200

प्रतिदिन क्वेश्चन संख्या : 15/20

प्रथम श्रेणी प्राप्त करने के लिए? मार्क संख्या : 200 में से 175 अनिवार्य है 👍👍

क्वेश्चन हिंदी इंग्लिश दोनों में उपलब्ध कराये जायेंगे 👍

Join : ****@Upscpcsstudygroup**",536.0,0.0,0,1039
women_girlsafety,1339,2023-10-29 05:24:23+00:00,"**ना रास्ता, ना पता मालूम है मंजिल का
बस हम चले जा रहे हैं,
जो मन में संवर रहे हैं सपने
अब उन सपनों को हकीकत बना रहे है..!
एक आशा है मन में,
चमकेंगे आसमान में बनके सितारा
दुनिया देखती रह जाएगी
सफलता हमारा …..
हौसलों के गगनयान में
सवार होके जीत लेंगे जग सारा
दुनिया देखती रह जाएगी
****#सफलत****ा हमारा !!
लोग कहते हैं, तो कुछ भी कहते रहें
हमें किसी की परवाह नहीं.
जो चाहिए उसे अपने दम पे लेंगे
हाथ पसारने या मिन्नत की चाह नहीं..
हमारी इबारत दर्ज होगी तारीखों में 
फूल बनके मुस्कुराते रहेंगे कांटों में..!
सूरज पर भी चढ़ाई कर देंगे
आकाश को ढंक लेंगे बनके बादल आवारा..!
दुनिया देखती रह जाएगी
सफलता हमारा…
हौसलों के गगनयान में
सवार होके जीत लेंगे जग सारा
दुनिया देखती रह जाएगी
सफलता हमारा ….
हाथों की लकीरों से कोई वास्ता नहीं
हमें अपना रास्ता स्वयं बनाना है,
ब्रह्मा ने कुछ भी लिखा हो भाग्य में
हमें अपने भाग्य से ज्यादा पाना है.. 
आज की जिद कल ज्वालामुखी बनेगी
हमारी इस दुनिया में हर किसी से ठनेगी
कदम उठ गये हैं अब रूकेंगे नहीं
भले ही सब छोड़ के हो लें सायोनारा
दुनिया देखती रह जाएगी...
सफलता हमारा…
हौसलों के गगनयान में
सवार होके जीत लेंगे जग सारा
दुनिया देखती रह जाएगी
सफलता हमारा….....!! 🙏
~~~~~~~✍️~~~~~~**",405.0,0.0,0,1109
women_girlsafety,1338,2023-10-28 18:43:57+00:00,"**जो हो गया उसे सोचा नहीं करते जब मिल गया उसे खोया नहीं करते हासिल उन्हें होती है सफलता जो वक़्त और हालात पर रोया नहीं करते!!

नजर को बदलो तो नजारे बदल जाते हैं सोच को बदलो तो सितारे बदल जाते हैं !!

कश्तियां बदलने की जरुरत नहीं दिशाओं को बदलो तो किनारे खुद ब खुद बदल जाते हैं!

कामयाब होने के लिए अकेले ही आगे बढ़ना पड़ता है लोग तो पीछे तब आते हैं जब आप कामयाब होने लगते हैं !!

असंभव शब्द का प्रयोग केवल कायर ही करते हैं बहादुर और बुद्धिमान व्यक्ति अपना मार्ग स्वयं बनाते हैं !!

मंज़िल उन्हीं को मिलती है जिनके सपनों में जान होती है पंख से कुछ नहीं होता हौसलों से उड़ान होती है!**",412.0,0.0,0,583
women_girlsafety,1337,2023-10-28 06:33:16+00:00,"**दिनांक : 28/10/23
दिन : शनिवार 

वौइस् चैट टॉपिक : जियोग्राफी ncert
 Class : 7
Chapter : 6 to 7 class all chapters

Total Question : 15

आप सभी विद्यार्थियों से वौइस् चैट समय 9:00pm पर जियोग्राफी की ncert क्लास 6 to 7 class all chapter से 15 क्वेश्चन तक पूछे जायेंगे.... इसलिए आप सभी अच्छे से तैयारी करना.. मेहनत कीजिये.. फोकस पढ़ाई पर होना चाहिए.... Ok....

आंसर आपको पोल के माध्यम से देना होगा 👍

वौइस् चैट : स्टडी ग्रुप में होगा आप सभी को स्टडी ग्रुप मे आंसर देने हैं 👍


ग्रुप के सभी सदस्यों को अच्छे स्टडी करना है...

आज दिनांक 26/10/2023 से दिवाली तक 14/11/2023 तक जितने भी क्वेश्चन के आंसर आप सभी सदस्यों द्वारा दिए जायेंगे उन सभी सदस्यों में से जो भी सदस्य फर्स्ट आएगा उस सदस्य को 🪔Women's & girls' safety (Empowerment)🪔 द्वारा आंसर राइटिंग बुकलेट उपहार स्वरूप दिया जायेगा.... 👍
दिवाली तक टोटल क्वेश्चन संख्या :200

प्रतिदिन क्वेश्चन संख्या : 15

प्रथम श्रेणी प्राप्त करने के लिए? मार्क संख्या : 200 में से 175 अनिवार्य है 👍👍

क्वेश्चन हिंदी इंग्लिश दोनों में उपलब्ध कराये जायेंगे 👍**

Join : @Upscpcsstudygroup",433.0,0.0,0,1020
women_girlsafety,1336,2023-10-27 05:41:52+00:00,"दिनांक : 27/10/23
दिन : शुक्रवार 

वौइस् चैट टॉपिक : जियोग्राफी ncert
 Class : 7
Chapter : 4th, 5th, 6th
Total Question : 15

आप सभी विद्यार्थियों से वौइस् चैट समय 9:00pm पर जियोग्राफी की ncert क्लास 7 से चैप्टर 4,5,6, से 15 क्वेश्चन तक पूछे जायेंगे.... इसलिए आप सभी अच्छे से तैयारी करना.. मेहनत कीजिये.. फोकस पढ़ाई पर होना चाहिए.... Ok....

आंसर आपको पोल के माध्यम से देना होगा 👍

वौइस् चैट : स्टडी ग्रुप में होगा आप सभी को स्टडी ग्रुप मे आंसर देने हैं 👍


ग्रुप के सभी सदस्यों को अच्छे स्टडी करना है...

आज दिनांक 27/10/2023 से दिवाली तक 14/11/2023 तक जितने भी क्वेश्चन के आंसर आप सभी सदस्यों द्वारा दिए जायेंगे उन सभी सदस्यों में से जो भी सदस्य फर्स्ट आएगा उस सदस्य को 🪔Women's & girls' safety (Empowerment)🪔 द्वारा आंसर राइटिंग बुकलेट उपहार स्वरूप दिया जायेगा.... 👍
दिवाली तक टोटल क्वेश्चन संख्या :200
प्रतिदिन क्वेश्चन संख्या : 15

प्रथम श्रेणी प्राप्त करने के लिए? मार्क संख्या : 200 में से 175 अनिवार्य है 👍👍",467.0,0.0,0,914
women_girlsafety,1334,2023-10-25 04:31:57+00:00,"जैसा मन करे वैसा करो लेकिन कभी ऐसा काम मत करना,,,

जिससे लोग तुम्हारे मां बाप की परवरिश पर सवाल उठाने लगे..❤️🥀👍✍

      🥀❤️🙏 जय माता दी 🙏❤️🥀
                    ❤️सुप्रभात❤️",542.0,0.0,0,173
women_girlsafety,1332,2023-10-24 07:56:26+00:00,"**जागरूक रहें, 

 कहीं पर भी UPSC की तैयारी के नाम पर अपना कीमती समय और धन दोनों देने से बचना है।
 इस बात पर यकीन कर लो Upsc में आपका चयन केवल एक ही व्यक्ति करवा सकता है और वह व्यक्ति आप  "" स्वयं  "" हो।**",478.0,0.0,0,204
women_girlsafety,1330,2023-10-22 04:30:16+00:00,"**नमस्ते, आदाब, सत श्री अकाल। 😊🙏
Good Morning 🌞 मेरे प्यारे दोस्तों।
अपना ख्याल रखें, बड़ो का सम्मान करें, छोटो को प्यार दें और अपना व्यक्तित्व इस प्रकार विकसित करें कि महिलाएं  पुरुषों के साथ और पुरुष  महिलाओं के  साथ सुरक्षित और सम्मानित  महसूस करें। 😊🥰😊🥰😊🥰
आपका दिन शुभ हो।🙏**",577.0,0.0,0,279
women_girlsafety,1329,2023-10-20 01:11:44+00:00,"ठोकरें अपना काम करेंगी
तू अपना काम करता चल,
वो गिराएंगी बार बार 
तू उठकर फिर से चलता चल,,


हर वक्त, एक ही रफ्तार से
दौड़ना कतई जरुरी नहीं तुम्हारा,
मौसम की प्रतिकूलता हो, 
तो बेशक थोड़ा सा ठहरता चल,,


अपने से भरोसा न हटे
बस ये ध्यान रहे तुम्हें सदा,
नकारात्मक ख्याल दूर रहे तुझसे
उनसे थोड़ा संभलता चल,,


पसीने की पूंजी लूटाकर
दिन रात मंजिल की राह में,
दिल के ख़्वाबों को
जमीनी हकीकत में बदलता चल,,


एक दिन में नहीं लगते
किसी भी पेड़ पर फल कभी भी,
पड़ाव दर पड़ाव ही सही
अपनी मंजिल की ओर सरकता चल,,,❤️🥀👍✍


सुप्रभात मित्रों,,❤️🥀🌼🌻🌞",560.0,0.0,0,526
women_girlsafety,1325,2023-10-18 03:18:08+00:00,"उलझनों और कश्मकश में,
उम्मीद की ढाल लिए बैठी हूं,,


ए जिंदगी तेरी हर चाल के लिए,
मैं दो चाल लिए बैठी हूँ,,


लुत्फ़ उठा रही हूँ मैं भी आँख - मिचोली का
मिलेगी कामयाबी, हौसला कमाल का लिए बैठी हूँ,,


चल मान लिया, दो-चार दिन नहीं मेरे मुताबिक़, 
गिरेबान में अपने, ये सुनहरा साल लिए बैठी हूं,,


ये गहराइयां, ये लहरें, ये तूफां, तुम्हे मुबारक,
मुझे क्या फ़िक्र, मैं तो हिम्मत और हौसला बेमिसाल लिए बैठी हूं,,,❤️🥀✍",452.0,0.0,0,407
women_girlsafety,1324,2023-10-17 11:36:52+00:00,निंदा’ से घबराकर अपने “लक्ष्य” को ना छोड़े” क्योंकि ‘लक्ष्य’ मिलते ही “निंदा” करने वालों की राय बदल जाती है।”,485.0,0.0,0,109
women_girlsafety,1315,2023-10-17 03:51:57+00:00,"नमस्ते, आदाब, सत श्री अकाल। 😊🙏
Good Morning 🌞 मेरे प्यारे दोस्तों।
अपना ख्याल रखें, बड़ो का सम्मान करें, छोटो को प्यार दें और अपना व्यक्तित्व इस प्रकार विकसित करें कि महिलाएं  पुरुषों के साथ और पुरुष  महिलाओं के  साथ सुरक्षित और सम्मानित  महसूस करें। 😊🥰😊🥰😊🥰
आपका दिन शुभ हो।🙏",398.0,0.0,0,275
women_girlsafety,1314,2023-10-16 17:41:44+00:00,"**__प्रगति के लिए प्रयास करें, पूर्णता के लिए नहीं”__।” “__शिक्षा का उद्देश्य प्रगतिशील मनुष्यों का निर्माण करना है, न कि केवल वे जो पूर्णता के पीछे अस्पष्ट रूप से भागते हैं__**। “यदि आप इसके बारे में सोचते हैं, तो मानव समाज को एक सभ्य समाज में बदलने वाला एकमात्र आवश्यक कारक शिक्षा है। इस दुनिया में कोई चीज और मुकाम ऐसा नहीं जिसे हम हासिल नहीं कर सके। अगर हमें किसी मुकाम को पाने का लक्ष्य  निश्चय को साथ किया है तो कितनी ही अध्याय उस मंज़िल को पाने के लिए सामने क्यों ना आए हम उन बाधाओं से लड़ते हुए अपनी मंजिल को बढ़ते रहेंगे हम उसको हासिल कर सकते हैं।",432.0,0.0,0,556
women_girlsafety,1312,2023-10-16 11:00:33+00:00,"अभी दस दिन भी नहीं हुए कि सुनील डोंगरे जो गर्ल्स safety की बड़ी बड़ी बातें करता है उसका एक और रिकॉर्डिंग सामने आया है.... दरअसल यह रिकॉर्डिंग अंजना या संजना नाम की एक लड़की के साथ अभद्रता करने से संबंधित है.... दरअसल इस लड़की को परेशान किया जाता है और ज़ब वह लड़की शिकायत करती है तो किस प्रकार वौइस् चैट पर मजाक बनाया जा रहा है खुद सुनिये......इस रिकॉर्डिंग को सुनिए और कोई डॉउट हो तो वौइस् चैट पर पूछ लीजिये.... मेरे प्यारे भाइयों बहनों में यहाँ कोई जजमेंट न्याय करने के नहीं बैठा हूँ में यहाँ आप सभी को ऐसे गंदे लोगो से जागरूक करने के लिए यह सुना रहा हूँ.... सोसल मिडिया पर किसी का भरोसा न कीजिये 🙏

चाहें वह कोई भी हो... आपकी रेस्पेक्ट आपका भविष्य आपका फॅमिली आपका खुद का आसपास का माहौल सबसे best हैं...आप सभी का करियर बहुत इम्पोर्टेन्ट हैं बहुत ही ज्यादा इम्पोर्टेन्ट है... इसकी बेल्यू समझिये और पढ़ाई लिखाई पर ध्यान दीजिये ऐसे कमीने लोगो से खुद को दूर रखिये... ऐसे गंदे लोग समाज के लिए घातक होते है....",442.0,0.0,0,900
women_girlsafety,1310,2023-10-14 20:59:10+00:00,"Mera last massage he is grp me ab ........ 😔

Aap logo se mujhe bahut kuchh sikhne ko mila.....
Bahut se log is group ke achhe mile mujhe.....
Josh sir ..... Purvi .... Stranger..... In logo ne mujhe bahut kuchh sikhaya.... Ek amruta mam bhi mili jinse bhi thoda bahut sikha ...... 😊

Lekin ab me alone rhna chahti..... 
Mujhe shant maahaul me rhna he ..... 
Apni khud ki life jeena he .......
 
 Kuchh dino se mujhe sunil dongre sir ya unke chamcho dwara bahut preshan Kiya jaa rha he 😔 ..... Alag alag I'd se ....me block v kru toh kaha tak kru ....
Only mera kasoor ye tha ki me sunil sir ka  proposal accept nhi ki 😔 ..... Or me kuchh achhi tarah logo se baat kr jaati hu ..... Kabhi koi galat nhi bola mene kisi ko apni life me  ......

But ab bs ab nhi hoga mujhse kuchh .....padhai me disturbance bahut jyada..... 

Isliye ab is teligram ki duniya se kahi dur rhna chahti hu ..... 

Ab apne sirf or sirf dreams pr focus

Or last Josh sir thankyou so much 😊 ab tak mera sath diya aapne 🙏 real aap achhe person ho .... Aap bahut aange tak jaoge ...

Josh sir ( Dinesh sir ) milte he aapse LBSNAA me yaa kabhi IAS ya IPS ke tag me .......😊🥰

And all members thankyou 😊🙏 ...
Aap sabhi khush rho or khub padho ......
Apne parents ka naam Roshan kro .....
Mera Safar aap logo ke sath yhi tak tha .....
Take care...
And good bye ...🙏
......✍ Sherni ......",414.0,0.0,0,1355
women_girlsafety,1307,2023-10-14 20:54:58+00:00,"**सोसल मिडिया का इस्तेमाल किस प्रकार करना चाहिए किस प्रकार आपको सोसल मिडिया पर जुड़े कुछ गंदे लोगो से जागरूक रहना चाहिए इत्यादि के बारे मे आपको दिन प्रतिदिन जानकारी देता हूँ...सोसल मिडिया प्लेटफार्म पर आपको न जाने कुछ ऐसे नमूने मिल ही जायेंगे जो बातें तो बड़ी बड़ी करेंगे तथा महिला सुरक्षा, महिला सशक्तिकरण, महिला जागरूक इत्यादि जैसी बड़ी बड़ी बातें करने के साथ साथ कुछ ग्रुप भी आपको ऐसे गंदे लोगो को मिल जायेंगे जो महिला सुरक्षा की बड़ी बड़ी बातों की आड़ मे लड़कियो को ही प्रपोज करने की कोशिश करते है.... ऐसा ही एक ग्रुप सुनील डोंगरे नाम के गंदे इंसान ने girl safety नाम से ग्रुप बनाया हुआ है.... जिसकी आड़ मे गर्ल को ही प्रपोज करता है ज़ब कोई गर्ल उसके प्रपोजल को एक्सेप्ट नहीं करती है तो उसको अपनी फेक id गर्ल के नाम से बनाकर force करने की कोशिश करता है तथा खुद को भगवान साबित करने की कोशिश इसलिए करता है जिससे कि उसके झांसे मे गर्ल जल्दी से फ़स जाये....इसी प्रकार सुनील डोंगरे ने एक लड़की को न कि प्रपोज किया बल्कि लड़की को होटल मे बुलाने के लिए फोर्स भी किया.... इस मामले का खुलासा तब हुआ ज़ब लड़की ने अपनी खुद की का नाम गर्ल से हटाकर डेविल रख लिया और फिर सुनील डोंगरे द्वारा उस लड़की को वौइस् मैसेज किस प्रकार भेजें गए यह आप सभी इन रिकॉर्डिंग के माध्यम से सुनिये.....आदरणीय मेरे भाइयों बहनों 🙏
आपसे मेरा अनुरोध ही नहीं सविनय निवेदन है कि ऐसे गंदे लोगों के झांसे में बिल्कुल भी न आये 🙏
तथा ऐसे गंदे लोगो को तत्काल ब्लॉक करें तथा ऐसे गंदे लोगो से दूरियाँ बनाए साथ ही साथ ऐसे गंदे लोगो के ग्रुप से दूर हो जाये 🙏..... धन्यवाद 🙏**",49.0,0.0,0,1414
women_girlsafety,1302,2023-10-14 17:29:59+00:00,"**थम   नहीं  सकता  अँधेरा  रौशनी  के  सामने
मौत  क्या  है  कुछ  नहीं  है ज़िन्दगी के सामने

माँ तेरी ममता से बढ़कर  कुछ मुझे प्यारा नहीं
दो - जहां  कुरबान  हैं,  तेरी  ख़ुशी  के  सामने

आँच हम आने न देंगे जब तलक है जान ओ तन
खा  रहे  हैं  यह  शपथ  माँ  भारती  के  सामने

आ गया उसको सुनो अब मुश्किलों से जीतना
आख़िरी  कोई  न  मंजिल  आदमी  के  सामने

जीतने  के  और  भी  हैं  पास अपनें जब हुनर
हौसला  क्यूँ  हारना  फिर  इक कमी के सामने

लुत्फ़  से  लबरेज़  है  हर मंज़र ए दुनिया मगर,
ख़ाक  हैं  सब  दश्त  की  आवारगी  के सामने

नाज़ था जिस पर हमें पल में बिखर कर ढ़ह गया
एक  पल  भारी  हुआ  है  इक  सदी के सामने 
                     ****@josh6767**** ✍️🙏**",369.0,0.0,0,641
women_girlsafety,1287,2023-10-12 06:49:09+00:00,"**यह वो वौइस् रिकॉर्डिंग है जो सुनील डोंगरे द्वारा एक लड़की को होटल के लिए अकेले में मिलने के लिए रिक्वेस्ट करने के बाद उस लड़की को सेंड की गई है.... इसका कहना है कि इसके पास लड़कियो के ऑफर आते है.. लड़कियां इसे प्रपोज करने के लिए ऑफर देतीं है... कितना बदतमीज और गिरा हुआ इंसान है जो लड़कियो के बारे मे ऐसी सोच रखता है.... बदतमीज  है एक नंबर का 

.... शायद लड़कियो के समाज, मोहल्ले, आसपास लडके नहीं रहे हैं जो इस गंदे इंसान को सोसल मिडिया प्लेटफार्म पर ऑफर देतीं हैं 😁😁🤣🤣**",47.0,0.0,0,467
women_girlsafety,1278,2023-10-08 04:40:28+00:00,"श्रेष्ठ पुरुष नजर आओ 

औरत का पुरुषों से, क्यों भरोसा टूट रहा
बेशकीमती ईमान, क्यों पुरुषों से छूट रहा,,


अपनी ही जुबान पर, कायम ना रह पाता
हवस का गुलाम, ये मर्द क्यों नजर आता,,


खुदा भी करता आज के, इंसान पर हैरत
पुरुषों की आंखों से, गुम होने लगी गैरत,,
 

भरता जाता अपने, दिल में खोट ही खोट
देता रहता नारी को, ना जाने कितनी चोट,,


नीयत गंदी करके, अपना भरोसा गंवाता
सारे फर्ज भूलकर, स्वयं का मान घटाता,,


मौका मिल जाए तो, बिलकुल ना चूकता
अपने ही चरित्र पर, बेशर्म होकर थूकता,,


वासनाएं पालकर बना, गन्दगी का कीड़ा
नजर ना आती इसे, और किसी की पीड़ा,,


हिसाब होगा इसका, समय वो भी आएगा
अगले जन्म में ऐसा मर्द, नारी तन पाएगा,,


कष्ट सभी सहने होंगे, बनकर उसको नारी
देरी ना होगी अब, आएगी उसकी भी बारी,,


समय बहुत कम है, अपना ईमान जगाओ
त्यागो सारी बुराइयां, दिव्य गुण अपनाओ,,


नारी का भरोसा तुम, जीतकर दिखलाओ
हर औरत को तुम, श्रेष्ठ पुरुष नजर आओ,,,❤️🥀✍",500.0,0.0,0,850
women_girlsafety,1277,2023-10-06 15:11:21+00:00,"**ये पोस्ट सभी के लिए नही है 💖 
कुछ लोग ऐसे भी हैं,जो बिना डर के, 
मदद के लिये आगे आ जाते हैं
 ईश्वर का रूप बन के 🌹🙏🌹**",587.0,0.0,0,119
women_girlsafety,1273,2023-09-24 15:47:43+00:00,"समूह के सभी सदस्यों से निवेदन है कि अगर आपके किसी के द्वारा किसी प्रकार का लिंक आता है तो बिना जानकारी के या बिना उस लिंक के बारे जानकारी लिए बिना उस पर क्लिक न करें, एवम न किसी प्रकार का कोई भी एप्प डाउनलोड करें,हमेशा देखा गया है कि आप लोग किसी प्रकार के एप्प को डाउनलोड करने के बाद install करते हैं तो कुछ परमिशन के लिए आपको क्लिक करने के लिए कहा जाता है और आप बिना डिटेल जानें व बिना किसी परमिशन के पढ़ते हुए उन पर allow allow करते जाते हैं जिससे कुछ Hacker के पास सारी डिटेल पहुंच जाती है और hacker के पास आपकी सारी जानकारी साझा हो जाती है जिससे वह आपके साथ आपकी आपके द्वारा अपलोड की गयीं सोसल साइट पर फोटो, user id, MAIL iD, mobile number, location, व अन्य सारी महत्वपूर्ण जानकारी साझा हो जाती है जिससे hacker द्वारा कॉपीराइट कर या save कर आपको blackmail किया जाता है. कभी कभी ऐसा देखा गया है कि आप कहीं ऑनलाइनशॉपिंग करते हैं,तो जो समान आप ऑनलाइन order करते हैं वह आप तक न पहुंच कर कुछ और ही पाया जाता है फिर वह चाहें फ़टे पुराने कपड़े हो या पत्थर हों या कुछ भी जो आपके साथ धोखाधडी जैसे कारनामें सामने आते हैं फिर आप ऑनलाइन शॉपिंग के पैसों को वापस कराने हेतु कम्पनी से सम्पर्क करते हैं जिससे कुछ फ्रॉड आपसे एक otp ( one time password ) साझा करने को कहते हैं और आप हसीं ख़ुशी से वह otp साझा कर देते हैं जिससे आपके अकाउंट से सारे पैसे विलुप्त हो जाते हैं.... ✅️

अगर आप phone pay, paytm, Gpay का प्रयोग करते हैं तो आप वहाँ भी प्राइवेसी का प्रयोग करें..लॉक रखें 

आग्रह : निवेदन है कि आप सभी इस प्रकार की फ्रॉडगिरी से बचें किसी प्रकार का link, websites, mail, mobile number, profile photo, otp, या अपनी निजी जानकारी किसी के साथ shere न करें.... ✅️🙏🏻

साबधान रहे, सतर्क रहे
सुचना जनहित में जारी... Thank you.",171.0,0.0,0,1605
women_girlsafety,1271,2023-09-23 13:57:09+00:00,"**जिंदगी के इस रण में 
खुद ही श्री कृष्ण और 
खुद ही अर्जुन बनना पड़ता है,

रोज अपना ही सारथी बनकर 
जीवन की महाभारत को 
लड़ना पड़ता है।

ज़िंदगी में टेंशन ही टेंशन है,
फिर भी इन लबों पर मुस्कान है,
क्योंकि जीना जब हर हाल में है तो 
मुस्करा के जीने में क्या नुकसान है…!!

।।सदा मुस्कुराते रहिये।।

जिस प्रकार आज लगाया गया 
छोटा सा पौधा भविष्य में 
विशाल वृक्ष बनता है, 

उसी प्रकार वर्तमान में किये गए 
हर छोटे प्रयास भविष्य में 
बड़े परिवर्तन की ओर ले जाते हैं।**",459.0,2.0,0,461
women_girlsafety,1270,2023-09-22 20:07:06+00:00,"**मेरी आन, बान,शान है मेरा हिंदुस्तान,....
दिल है हिन्दू, सिक्ख तो जान है ईसाई मुसलमान,.....
तीन रंगो के संगम से बना है मेरा हिंदुस्तान,....
लहराये हर जगह तिरंगा, ये वतन की है शान,.....
दिल मे हमेशा धड़कता रहे,नमन तुझको ओ मेरे हिंदुस्तान,.....
नारा लगाते है हम सब जय हिंद,जय जवान, जय किसान......
मिट गए वतन पर वीर जवान...
करते है हम उनको सलाम... यही मेरी आन, बान, शान यही मेरा हिंदुस्तान.....**",517.0,0.0,0,393
women_girlsafety,1268,2023-09-22 08:04:38+00:00,"**पुरूष का प्यार तब तक प्यार है, जब तक वो स्त्री को स्पर्श ना करले
जबतक वो स्त्री स्पर्श को छू नहीं पाता उसके लिए वो सबकुछ होती है
और जैसे ही स्त्री उसपर भरोसा करती है अपनी दुनिया समझने लगती है और सौप देती है 
सब कुछ 
अचानक से वो उसे घिनौनी लगती है ,चरित्र हीन लगने लगती है ,
क्यों
उस स्त्री ने तो उसे भगवान माना है अच्छा बुरा कुछ सोचा ही नहीं
लेकिन पुरूष तो प्यार करता ही नहीं था वो तो सिर्फ और सिर्फ उसके शरीर को पाना चाहता था 
उसके जज्बात उसका प्यार या उसका सम्मान उसके लिए सब एक दिखावा है 
वो बस यही तक आना चाहता है औरत के साथ 
अगर पुरूष इतना पवित्र है तो  क्यूँ वो हर औरत को वासना की नजर से देखता है 
क्यू छूना चाहता है हर औरत को
और जिन हाथों से वो किसी परायी औरत को छूता है फिर क्यूँ उन्ही हाथों से अपनी पत्नी को छूता है 
अगर एक पुरुष के छूने से एक औरत अपवित्र होती है तो उस औरत को छूकर पुरूष कैसे पवित्र रह जाता है
उन्हीअपवित्र हाथों के छूने से उसकी बीवी उसकी बेटी कैसे पवित्र रह सकती हैं 
जो खेल वो घर से बाहर हर दूसरी औरतों के साथ खेलना चाहते हैं 
अगर वही खेल उनकी अपनी बीवी या बेटी के साथ कोई खेल रहा हो तो
क्या वो उनको अपना पायेगा या फिर अपने आप को माफ कर पायेगा ?

नोट :-जो मर्द ऐसे हैं मेने पोस्ट मे सिर्फ उनकी ही बात की है सब खुदपर ना लें ओर मेरी ये पोस्ट सही हे य़ा गलत सायद ये बात बहुत सी औरतें अच्छे से समझेंगी ज़िनके साथ ऐसा हुआ हे य़ा हो रहा हे बाकी किसी को  कोई बात गलत लगे तो क्षमा करें**",519.0,9.0,0,1306
women_girlsafety,1264,2023-09-10 09:17:44+00:00,"लड़के हमेशा खड़े रहे
खड़ा रहना उनकी कोई मजबूरी नहीं रही
बस उन्हें कहा गया हर बार
चलो तुम तो लड़के हो, खड़े हो जाओ
तुम मलंगों का कुछ नहीं बिगड़ने वाला
छोटी-छोटी बातों पर ये खड़े रहे कक्षा के बाहर

स्कूल विदाई पर जब ली गई ग्रुप फोटो
लड़कियाँ हमेशा आगे बैठी 
और लड़के बगल में हाथ दिए पीछे खड़े रहे
वे तस्वीरों में आज तक खड़ेंं हैं

कॉलेज के बाहर खड़े होकर 
करते रहे किसी लड़की का इंतजार
या किसी घर के बाहर घंटों खड़े रहे
एक झलक एक हाँ के लिए
अपने आपको आधा छोड़ 
वे आज भी वहीं रह गए हैं।

बहन-बेटी की शादी में खड़े रहे मंडप के बाहर
बारात का स्वागत करने के लिए
खड़े रहे रात भर हलवाई के पास
कभी भाजी में कोई कमी ना रहे
खड़े रहे खाने की स्टाल के साथ
कोई स्वाद कहीं खत्म न हो जाए
खड़े रहे विदाई तक दरवाजे के सहारे
और टैंट के अंतिम पाईप के उखड़ जाने तक
बेटियाँ-बहनें जब लौटेंगी
वे खड़े ही मिलेंगे।

वे खड़े रहे पत्नी को सीट पर बैठाकर 
बस या ट्रेन की खिड़की थाम कर
वे खड़े रहे बहन के साथ घर के काम में
कोई भारी सामान थामकर 
वे खड़े रहे माँ के ऑपरेशन के समय
ओ. टी. के बाहर घंटों
वे खड़े रहे पिता की मौत पर अंतिम लकड़ी के जल जाने तक
वे खड़े रहे दिसंबर में भी
अस्थियाँ बहाते हुए गंगा के बर्फ से पानी में

लड़कों रीढ़ तो तुम्हारी पीठ में भी है 
क्या यह अकड़ती नहीं?",562.0,1.0,0,1151
women_girlsafety,1261,2023-09-06 19:33:20+00:00,**श्री कृष्ण जन्माष्टमी की हार्दिक शुभकामनाएं💐💐**,437.0,0.0,0,49
women_girlsafety,1259,2023-09-05 17:38:27+00:00,**उत्तर प्रदेश पुलिस दरोगा (SI) भर्ती के लिए EOI नोटिस जारी**,503.0,0.0,0,61
women_girlsafety,1258,2023-09-04 20:21:18+00:00,"दुनिया में एकमात्र संबंध ऐसा है, जिसमे न जाति देखी जाती है न धर्म, न अमीर न गरीब, न ऊंच न नीच.. और वो संबंध है -
                        ""अवैध_संबंध""
बुरी लगने को बात बुरी लग सकती है.. पर शत प्रतिशत सत्य है... जिन जातियों के हाथ का छुआ पानी नही पीना चाहते उन जातियों की सुंदर कन्याएं अगर सोने के लिए मिलें तो हाथ का छुआ पानी तो दूर,पैर के तलवे भी चाट लेंगे लड़की के... जिस धर्म के लोगों से बेपनाह नफरत हो, बंद कमरे में उस धर्म की लड़की के चरणों में बिछ जायेंगे...
                          जाति पात , धर्म अधर्म, छुआछूत ये सब तो समाज में दिखाने और शोषण करने , रौब  गांठने की चीजें हैं..! छुवाछूत, जातिवाद को खत्म कीजिये🙏🙏🙏🙏🙏 किसी की भावना को ठेस ना पहुँचे!",459.0,4.0,0,656
women_girlsafety,1255,2023-09-01 14:07:11+00:00,"Women's & Girls' Safety (Empowerment) 

🎯✨🎯✨🎯✨🎯✨🎯
🇮🇳✍🇮🇳✍🇮🇳✍🇮🇳✍🇮🇳
🍀💐🍀💐🍀💐🍀💐🍀

इस ग्रुप का मुख्य उद्देश्य लड़कियों और महिलाओं के साथ हो रहे 👉 दुर्व्यवहार, बलात्कार, यौन-उत्पीड़न, शारीरिक व मानसिक प्रताड़ना आदि को रोकने एवं जागरूकता फैलाने से है। क्योंकि आए दिन हमें ऐसे अपराध सुनने को मिल रहे हैैं लेकिन लोगों के द्वारा इनके खिलाफ विरोध ना करने, आवाज ना उठाने के कारण अपराधियों का दिन प्रतिदिन उत्साह बढ़ता ही जा रहा है 🤬 जिससे वो छोटे अपराध को बड़े अपराध में बदल देते हैं और जिसके कारण स्त्रियों और बालिकाओं को शारीरिक व मानसिक कष्ट झेलने पड़ते हैं! 😔 वो न तो अपना दर्द किसी से साझा कर पाती हैं और  न ही उसको सह पाती हैं!
इसके चलते वो आत्महत्या जैसे कदम उठा लेती है!

😥😔😥😔😥😔😥😔😥

इन सभी समस्याओं के निराकरण हेतु 
हम सभी  ग्रुप के सदस्य रूपी परिवारीजन मिलकर ऐसे हो रहे अपराधों पर लगाम लगाने की पूरी कोशिश करेंगे!

🎯🤝🎯🤝🎯🤝🎯🤝🎯

इसके लिए हम सभी बहन-भाइयों को मिलकर एक परिवार की तरह एक दूसरे का सहयोग करना होगा!

🥰🙌🥰🙌🥰🙌🥰🙌🥰

🍀 जो बालिकाएं या स्त्रियां खुद पर पर हुए गलत व्यवहार को किसी से साझा नहीं कर पातीं हैं,  वो यहाँ पर साझा कर सकती हैं! जिससे दूसरे सदस्य उसने साथ कंधे से कंधा मिलाकर उनका साथ दे सकें और अपराधी को सजा का प्रावधान हो सके

✌️🔥✌️🔥✌️🔥✌️🔥✌️

🌷🌷🌷🌷🌷🌷🌷🌷🌷

इसमें ग्रुप के भाइयों को महति भूमिका निभानी होगी, क्योंकि जो आज दूसरों के परिवार के साथ हो रहा है, वैसा ही हमारे साथ भी न हो!

इसलिए हमें इस पहल को आगे बढ़ाना होगा और संगठित होकर मदद करना होगा!


आप सभी के सहयोग से ही समाज और देश में सकारात्मक बदलाव लाया जा सकता है और देश व समाज में घट रहे अपराधों पर लगाम लगाया जा सकता है!  

🇮🇳🇮🇳🇮🇳🇮🇳🇮🇳🇮🇳🇮🇳🇮🇳🇮🇳🇮🇳

हम सभी का प्रयास,
                हो सभी का विकास!

🇮🇳🇮🇳🇮🇳🇮🇳🇮🇳🇮🇳🇮🇳🇮🇳🇮🇳🇮🇳

जय हिन्द 🇮🇳

           🌹    🥰    🌹
           🙏    🤝    🙏",131.0,0.0,0,1638
women_girlsafety,1254,2023-09-01 11:17:25+00:00,".
         *💐  दो परिवार  💐*

        दो परिवार एक दूसरे के 
           पड़ोस में रहते थे.
   एक परिवार हर वक्त लड़ता था,
    जबकि दूसरा परिवार शांति से 
          और मैत्रीपूर्ण रहता था.

              एक दिन, 
    झगड़ालू परिवार की पत्नी ने 
       शाँत पडोसी परिवार से 
         ईर्ष्या महसूस करते हुए 
              अपने पति से कहा ~
    अपने पडोसी के यहाँ जाओ और 
      देखो कि इतने अच्छे तरीके से 
      रहने के लिए वो क्या करते हैं ?

      पति वहाँ गया, और छुप के 
         चुपचाप देखने लगा.

       उसने देखा कि एक स्त्री 
       फर्श पर पोंछा लगा रही है.
          अचानक किचन से 
      कुछ आवाज आने पर वो 
          किचन में चली गई.

      तभी, उसका पति तेजी से
    एक रूम की तरफ जाने लगा.
   उसका ध्यान नहीं रहने के कारण 
      फर्श पर रखी बाल्टी से 
        ठोकर लगाने के कारण 
          बाल्टी का सारा पानी 
             फर्श पर फैल गया.

उसकी पत्नी किचन से वापिस आयी 
   और अपने पति से बोली ~
       आई एम सॉरी, डार्लिंग !
         यह मेरी गल्ती थी कि मैंने
      रास्ते से बाल्टी को नहीं हटाया.

   पति ने जवाब दिया ~ नहीं डार्लिंग,
     आई एम सॉरी ! क्योंकि मैंने ही 
          इस पर ध्यान नहीं दिया.

     झगड़ालू परिवार का पति 
        जो छुपकर देख रहा था,
          वापस घर लौट आया.
       उसकी पत्नी ने पडोसी की
        खुशहाली का राज पूछा.

पति ने जवाब दिया ~ उनमें और हम में 
     बस यही अंतर हैं कि हम हमेशा 
          खुद को सही बताने की
              कोशिश करते है.
      एक दूसरे को गल्ती के लिए
               जिम्मेदार ठहराते हैं.

    जबकि वो ... हर चीज़ के लिए 
       खुद जिम्मेदार बताते हैं और 
      अपनी गल्ती मानने के लिए
              तैयार रहते हैं.
★

दोस्तों ..!! 
     एक खुशहाल और शाँतिपूर्ण 
   रिश्ते के लिए जरुरी है कि हम 
     अपने अहंकार (Ego) को 
   भूलकर स्वयं के हिस्से के लिए
      व्यक्तिगत ज़िम्मेदारी को 
             ध्यान में रखें.

      एक दूसरे को दोषी ठहराने से 
    दोनों का नुकसान होता है, और 
  अपने रिश्ते भी खराब हो जाते हैं.

     परिवार में दूसरे की जीत भी 
           अपनी जीत होती है.
          अगर हम बहस करके 
     दूसरे सदस्य को नीचा दिखा दें ,
     तो यह उसकी हार नहीं बल्कि 
            आपकी हार है.

    इसीलिए परिवार को तोड़ना नहीं 
                  जोड़ना सीखें.
    ऐसा करने से आप एक खुशहाल 
      और शाँति पूर्ण परिवार का 
           हिस्सा बन जायेंगे.
          🙏🙏🙏🙏🙏🙏",419.0,1.0,0,2241
women_girlsafety,1252,2023-08-31 15:19:25+00:00,"इंसानियत से बड़ा कुछ नहीं ... 
 रक्षा बंधन के दिन एक पति पत्नी लड़ झगड़ कर थाने आये उनके साथ उनका बेटा और बेटी भी साथ थे, पति - पत्नी मजदूर वर्ग के थे, आर्थिक स्तिथि कमजोर वर्ग के थे 
पति ने सुबह से शराब पी कर पत्नी के साथ मारपीट कर दी जब उसके बेटे से मेरे द्वारा पूछा गया कि आज तो राखी है तो तुमने राखी क्यों नही बंधवाई तो उसने ऐसा जवाब दिया की आंखों में आंसू आ गए, बोला पापा ने शराब पी ली और मम्मी को मारा और ना राखी लेकर आये और ना ही मिठाई इतना कहते ही दोनो भाई बहन रोने लगे उसके बाद मेरे द्वारा बाजार से राखी और मिठाई मंगवा कर बिटिया से उसके भाई को राखी बंधवायी और मिठाई भी खिलाई गई..
दोनो बहुत खुश हुए, ये देखकर जो खुशी की अनुभूति हुई उसे शब्दों में बयां नहीं किया जा सकता ।",443.0,2.0,0,678
women_girlsafety,1250,2023-08-22 12:53:40+00:00,"**जिस दुनिया में माॅं- बहनें रिश्तें नहीं हैं एक गाली है,
उस दुनिया से मर्यादा के रिश्ते सारे तोडूंगी,

कदम मिलाकर देखो तो मैं साथ में तेरे चल दूॅंगी,
पर छेड़के देखो तुम मुझको मैं तुमको नहीं छोडूंगी।**",500.0,2.0,0,201
women_girlsafety,1249,2023-08-22 12:34:23+00:00,"**भाग्य भी उन्ही का साथ देता है जो कठिन से कठिन स्थितियों में भी अपने लक्ष्य के प्रति अडिग रहते है।🙏📚🌺


****#LBSNAA_video**",499.0,3.0,0,124
women_girlsafety,1248,2023-08-06 19:03:47+00:00,"**जैसा कि आप सभी को मालूम है कि दिनांक 3/08/2023 को समय करीब 11:45के आसपास shivam satyam द्वारा अपनी समस्या जो यह है कि shivam satyam की बड़ी बहन गोरखपुर घर से बाहर नीत की पढ़ाई वर्तमान से करीब आठ साल पहले से कर रही थी लेकिन वर्तमान से करीब दो साल पहले काफ़ी प्रयास के बाद भी लड़की नीत मे असफल रही तो परिवार द्वारा सादी व घर से पढ़ाई करने के लिए कहा गया तो और उसे वापस घर बुलाने के लिए एक दो बार फॅमिली उसके पास पहुंची तो लड़की को महसूस हुआ कि फॅमिली अब मुझे पढ़ने नहीं देगी जिसके डर से लड़की द्वारा बिना फॅमिली को सूचना दिए अपना लोकेशन बगेरा सब चेंज कर लिया तथा फॅमिली से सम्पर्क करना बंद कर दिया.. अब लड़की की फॅमिली अत्यंत दुखी व परेशान थी तथा दो साल से लड़की से दूर बिना बेटी के जीवन यापन कर रहे थे.. एक दिन अचानक shivam satyam को 🪔Women's & girls' safety (Empowerment)🪔 ग्रुप के बारे में पता चलता है कि यहां सभी की लड़कियो व लड़को की बिना किसी भेदभाव के मदद होती है तो उन्होंने अपनी समस्या इस समूह मे 3/8/23 को यहां रखी....🪔Women's & girls' safety (Empowerment)🪔 ग्रुप ने ज़ब यह समस्या सुनने व समझने के बाद तत्काल सुनवाई की गई और आज दिनांक 6/8/23 को लड़की की फॅमिली को लड़की से मिलवाया गया तथा लड़की की फॅमिली का टेंशन, दुख, दर्द जैसी समस्याओं का निस्तारण किया गया... अंततःलड़की की फॅमिली आज अत्यंत प्रसन्न है और 🪔Women's & girls' safety (Empowerment)🪔 टीम को तहे दिल से शुक्रिया अदा करती है.. धन्यवाद 🙏

लड़की की मिसिंग परिवार से सम्पर्क न करना इत्यादि समस्या मे सहयोग करने वालों में आप सभी मेंबर का सहयोग है आप सभी इसी प्रकार हमारे साथ जुड़े रहें तथा इसी प्रकार आप सभी अपना प्यर बनाए रखें....

एक निवेदन :-👇👇

इस ग्रुप के लिंक को ज्यादा से ज्यादा लोगो तक अपने परिवार दोस्त समाज मोहल्ले के सभी लोगो तक share करें और आप सभी इसी प्रकार अपना प्यार इस समूह के लिए बनाये रखें 👍🙏🤗**",640.0,1.0,0,1663
women_girlsafety,1243,2023-07-30 03:53:28+00:00,"👉हॉस्टल (Hostel) और पीजी (PG) में रहने वालों को अब जेब और ढील करनी पड़ेगा. Hostel के किराए पर अब 12%जीएसटी (GST) लगेगा, जिसके चलते छात्रों को अब अधिक भुगतान करना होगा. अथॉरिटी फॉर एडवांस रूलिंग्स (AAR) ने दो अलग-अलग मामलों में यह फैसला दिया।।",423.0,2.0,0,242
women_girlsafety,1239,2023-07-28 05:22:43+00:00,"अत्यधिक महत्त्वपूर्ण है यह सेक्शन...!!!!

👉आप तैयारी कर रहे हो या नहीं लेकिन इन्हें अवश्य पढ़ें और अधिक लोगों तक शेयर करें।

👉किस तरह एंटीबायोटिक मनमानी ढंग से प्रयोग करने से प्रभाव पड़ता है।",504.0,2.0,0,189
women_girlsafety,1226,2023-07-19 19:10:16+00:00,"एक बार एक राजा के महल में एक व्यापारी दो गायों को लेकर आया। दोनों ही स्वस्थ, सुंदर व दिखने में लगभग एक जैसी थीं।

व्यापारी ने राजा से कहा- ""महाराज! ये दोनों गायें माँ - बेटी हैं, परन्तु मुझे यह नहीं पता है कि दोनों में माँ कौन है और बेटी कौन है। मैं इसलिए नहीं जान पाया क्योंकि दोनों में कोई विशेष अंतर नहीं है। मैंने अनेक स्थानों पर लोगों से यह पूछा किंतु कोई भी इन दोनों में माँ-बेटी की पहचान नहीं कर पाया। बाद में मुझसे किसी ने यह बताया है कि आपका बुजुर्ग मंत्री बेहद कुशाग्र बुद्धि का है और यहाँ पर मुझे अवश्य मेरे प्रश्न का उत्तर मिल जाएगा इसलिए मैं यहाँ पर चला आया। कृपया मेरी समस्या का समाधान किया जाए!""

यह सुनकर सभी दरबारी मंत्री की ओर देखने लगे । मंत्री अपने स्थान से उठकर गायों की ओर गया। उसने दोनों का गहराई से निरीक्षण किया किंतु वह भी नहीं पहचान पाया कि वास्तव में कौन मां है और कौन बेटी है। अब मंत्री बड़ी दुविधा में फंस गया। उसने राजा से मां बेटी की पहचान करने के लिए एक दिन की मोहलत मांगी।

घर आने पर वह बेहद परेशान रहा। उसकी पत्नी इस बात को समझ गई। उसने जब मंत्री से परेशानी का कारण पूछा तो उसने सारी बात बता दी।

यह सुनकर उसकी बुद्धिमती पत्नी बोली- 'अरे! बस इतनी सी बात है। यह तो मैं भी बता सकती हूँ।'

अगले दिन मंत्री अपनी पत्नी को वहां अपने साथ लेकर गया जहाँ गायें बंधी थीं। मंत्री की पत्नी ने दोनों गायों के आगे अच्छा भोजन रखा। कुछ ही देर बाद उसने माँ व बेटी में अंतर बता दिया। लोग चकित रह गए।

राजा ने पूछा कि उसने कैसे पहचाना कि कौन मां और कौन बेटी है तो मंत्री की पत्नी बोली - ""पहली गाय जल्दी-जल्दी खाने के बाद दूसरी गाय के भोजन में मुंह मारने लगी और दूसरी वाली ने पहली वाली के लिए अपना भोजन छोड़ दिया। ऐसा केवल एक मां ही कर सकती है यानि दूसरी वाली माँ है। माँ ही बच्चे के लिए भूखी रह सकती है। माँ में ही त्याग, करुणा, वात्सल्य, ममत्व के गुण विद्यमान होते हैं।""

इस दुनियाँ मे माँ से महान कोई नही है। माँ के चरणों मे भगवान को भी झुकना पड़ता है। माँ ममता का सागर नहीं बल्कि महासागर है!
#नर_सेवा_नारायण_सेवा 
#सेवक_हूँ_सेवक_ही_रहूँगा 
#विमल_द्विवेदी",311.0,1.0,0,1872
women_girlsafety,1224,2023-07-19 18:01:04+00:00,"__**सिंधु घाटी सभ्यता से संबंधित प्रश्न उत्तर – इस लेख में सिन्धु घाटी सभ्यता या हड़प्पा सभ्यता से जुड़े वन लाइनर ( One Liner ) प्रश्न उत्तर दिए गए हैं।**

●सर्वप्रथम ( 1826 में ) किसने हड़प्पा के टीलों का उल्लेख किया – चार्ल्स मैसन 

●वह कौन था जो हड़प्पा के टीलों का महत्त्व नहीं समझ पाया – कनिंघम 

●किसने इस सभ्यता पर रॉयल एशियाटिक सोसाइटी में अपना लेख प्रतिवेदित किया – जे. एफ. फ्लीट 

●मोहनजोदड़ो जाने वाले पहले व्यक्ति कौन थे –राखालदास बनर्जी 

●हड़प्पा सभ्यता किस काल की थी – कांस्य युगीन / प्राक इतिहास 

●मोहनजोदड़ो की सबसे बड़ी ईमारत कौनसी थी –अन्नागार 

●मोहनजोदड़ो की सबसे महत्वपूर्ण ईमारत कौनसी थी – स्नानागार 

●स्नानागार की परिमाप कितनी थी – लंबाई- 11.89 मीटर, चौङाई- 7 मीटर, गहराई- 2.44 मीटर 

●इस सभ्यता के अब तक कितने स्थल प्रकाश में आ चुके हैं – लगभग 350 

●सबसे पहले सिंधु सभ्यता के काल का निर्धारण किसने किया – जॉन मार्शल 

●कार्बन डेटिंग को आधार को बनाकर सर्वप्रथम काल निर्धारण किसने किया – धर्मपाल अग्रवाल 

●सैंधव सभ्यता का सबसे पूर्वी स्थल – आलमगीरपुर (मेरठ, उत्तर प्रदेश)

●सैंधव सभ्यता का सबसे पश्चिमी स्थल – सुतकांगेडोर (बलूचिस्तान)

●सैंधव सभ्यता का सबसे उत्तर में स्थित स्थल –माण्डा (अखनूर, जम्मू कश्मीर)

●सैंधव सभ्यता का दक्षिणतम स्थल – दैमाबाद (अहमदनगर, महाराष्ट्र)

●इस सभ्यता का पूर्व से पश्चिम विस्तार कितना है – 1400 किलो मीटर 

●इस सभ्यता का उत्तर से दक्षिण विस्तार कितना है – 1600 किलो मीटर 

●इस सभ्यता के कितने स्थल हैं जिन्हें नगर कहा जा सकता है – सात 

●सिंधु सभ्यता के बंदरगाह – लोथल वसुतकोटदा 

●सड़कें मुख्य रूप से किस प्रकार की होती थीं – कच्ची सड़कें 

●अपवादस्वरूप किस एक स्थल की सड़कें पक्की पायी गयीं – कालीबंगा 

●मुख्य सड़क को क्या कहा जाता था – राजपथ या प्रथम सड़क 

●इन स्थलों में सर्वाधिक (लगभग 200) किस राज्य में हैं – गुजरात 

●किस हड़प्पाई स्थल को तोरण द्वार का नगर भी कहा जाता है – हड़प्पा 

●पक्षियों में सर्वाधिक किसकी मृणमूर्तियाँ प्राप्त हुयी हैं – गौरैया 

●स्वतंत्रता के बाद सर्वाधिक स्थलों का उत्खनन किस राज्य में हुआ – गुजरात 

● मुहरों पर बांध की आकृति मिलती है – कालीबंगा 

●हड़प्पा और मोहनजोदड़ो की खुदाई के प्रभारी कौन थे – सर जॉन मार्शल 

●पशुओं में सर्वाधिक किसकी मृणमूर्तियाँ प्राप्त हुयी हैं – कूबड़ वाला बैल 

●सभ्यता के लोग सिंचाई के लिए नहरों का प्रयोग किया करते थे – नहीं 

●अपवादस्वरूप किस एक स्थल से नहरों के साक्ष्य मिले हैं – शोर्तघई से 

●कौनसा हड़प्पाई स्थल स्तूपों के शहर के नाम से भी जाना जाता है – मोहनजोदड़ो 

●अंडाकार कब्र और एक बालक की 6 छेड़ वाली खोपड़ी कहाँ से प्राप्त हुयी है – कालीबंगा 

●किसे सैंधव सभ्यता का अर्द्ध औद्योगिक नगर कहा जाता है – हड़प्पा  

●घोड़े की मृणमूर्ति किस स्थल से प्राप्त हुयी है – लोथल से 

●हड़प्पा के किस स्थल से उन्नत जल प्रबंधन प्रणाली का पता चला है – धौलावीरा 

●हड़प्पा के मिटटी के वर्तनो पर सामान्यतः किस रंग का प्रयोग हुआ है – लाल 

●किन स्थलों से अग्निकुण्ड की प्राप्ति हुयी है – लोथल व कालीबंगा 

●अफगानिस्तान में इस सभ्यता के प्राप्त स्थल हैं – सोर्तुघई व मुण्डीगाक 

●हिंदुकुश पर्वत के उत्तर में स्थित दो हड़प्पाई स्थल – सोर्तुघई व मुण्डीगाक

●किस स्थल से लकड़ी के अन्नागार के साक्ष्य प्राप्त हुए हैं – लोथल 

●नर्तकी की एक कांस्य मूर्ति कहाँ से प्राप्त हुयी – मोहनजोदड़ो 

●मोहनजोदड़ो से प्रपात पुजारी की मूर्ति किस प्रजाति की है – मंगोलायड 

●चन्हूदड़ो का उत्खनन किसके नेतृत्व में हुआ – मैके 

●सभ्यता के किस स्थल को तोरण द्वार का नगर कहा जाता है – हड़प्पा 

●केवल एक स्थल के घरों के खिड़की व दरवाजे मुख्य सड़क की ओर खुलते थे – लोथल 

●युग्म शवाधान के साक्ष्य कहाँ से प्राप्त हुए हैं – लोथल व कालीबंगा 

●किन जानवरों का अंकन मोहरों पर नहीं मिलता है – गाय, ऊँट, घोड़े 

●कहाँ से सर रहित स्त्री की आकृति वाला ताम्रदर्पण प्राप्त हुआ है – मेही की कब्र से 

●लकड़ी की नालियों का साक्ष्य कहाँ से मिला है – कालीबंगा से

●सिंधु सभ्यता को ‘प्रथम नगरीय क्रांति किसने कहा’ – गार्डेन चाइल्ड 

●इस सभ्यता के लोग मिठास के लिए किसका प्रयोग करते थे – शहद 

●नगरों का निर्माण किस पद्यति पर किया गया था – चेसबोर्ड/शतरंज या ग्रिड पद्यति पर 

●किस स्थल से एक तालाब के साक्ष्य मिले हैं – धौलावीरा 

●धान की खेती होने के प्रमाण (चावल के दाने) कहाँ से प्राप्त हुए हैं – रंगपुर व लोथल 

●इस संस्कृति को सर्वप्रथम किसने सैंधव सभ्यता कहकर पुकारा – सर जॉन मार्शल 

●सोथी संस्कृति के मृदभांडों की खोज किसने की थी – अमलानंद घोष 

●किस हड़प्पाई स्थल को सिंधु सभ्यता का औद्योगिक शहर कहा जाता था – चन्हूदड़ो __",291.0,1.0,0,4074
women_girlsafety,1222,2023-07-19 14:28:10+00:00,"*समय पुराना था*
तन ढँकने को कपड़े न थे, फिर भी लोग तन ढँकने का प्रयास करते थे
आज कपड़ों के भंडार हैं, फिर भी तन दिखाने का प्रयास करते हैं
समाज सभ्य जो हो गया है
*समय पुराना था*
आवागमन के साधन कम थे फिर भी लोग परिजनों से मिला करते थे
आज आवागमन के साधनों की भरमार है फिर भी लोग न मिलने के
बहाने बनाते हैं
समाज सभ्य जो हो गया है
*समय पुराना था*
घर की बेटी, पूरे गाँव की बेटी होती थी, आज की बेटी पड़ोसी से ही असुरक्षित है
समाज सभ्य जो हो गया है
*समय पुराना था*
लोग नगर-मोहल्ले के बुजुर्गों का हालचाल पूछते थे
आज माँ-बाप तक को वृद्धाश्रम में डाल देते हैं
समाज सभ्य जो हो गया है
*समय पुराना था*
खिलौनों की कमी थी फिर भी मोहल्ले भर के बच्चे साथ खेला करते थे
आज खिलौनों की भरमार है, पर बच्चे मोबाइल की जकड़ में बंद हैं
समाज सभ्य जो हो गया है
*समय पुराना था*
गली-मोहल्ले के पशुओं तक को रोटी दी जाती थी
आज पड़ोसी के बच्चे भी भूखे सो जाते हैं
समाज सभ्य जो हो गया है
*समय पुराना था*
नगर-मोहल्ले मे आए अपरिचित का भी पूरा परिचय पूछ लेते थे
आज तो पड़ोसी के घर आए अतिथि का नाम भी नहीं पूछते
समाज सभ्य जो हो गया है

वाह रे सभ्य समाज..
    😥😥",76.0,0.0,0,1023
women_girlsafety,1221,2023-07-19 14:02:17+00:00,"💐सविधान के प्रमुख अनुच्छेद💐
💐💐✍BY👉LSA💐💐

 अनुच्छेद 1 :- संघ का नाम और राज्य क्षेत्र

 अनुच्छेद 2 :- नए राज्यों का प्रवेश या स्थापना

 अनुच्छेद 3 :- राज्य का निर्माण तथा सीमाओं या नामों मे परिवर्तन

 अनुच्छेद 4:- पहली अनुसूचित व चौथी अनुसूची के संशोधन तथा दो और तीन के अधीन बनाई गई विधियां

 अच्नुछेद 5 : - संविधान के प्रारंभ पर नागरिकता

 अनुच्छेद 6 : - भारत आने वाले व्यक्तियों को नागरिकता

 अनुच्छेद 7 :-पाकिस्तान जाने वालों को नागरिकता

 अनुच्छेद 8 :- भारत के बाहर रहने वाले व्यक्तियों का नागरिकता

 अनुच्छेद 9 :- विदेशी राज्य की नागरिकता लेने पर नागरिकता का ना होना

 अनुच्छेद 10 :- नागरिकता के अधिकारों का बना रहना

 अनुच्छेद11 :- संसद द्वारा नागरिकता के लिए कानून का विनियमन

 अनुच्छेद 12 : - राज्य की परिभाषा

 अनुच्छेद 13 :- मूल अधिकारों को असंगत या अल्पीकरण करने वाली विधियां

 अनुच्छेद 14 :- विधि के समक्ष समानता

 अनुच्छेद 15 :- धर्म जाति लिंग पर भेद का प्रतिशेध

 अनुच्छेद 16 :- लोक नियोजन में अवसर की समानता

 अनुच्छेद 17 :- अस्पृश्यता का अंत

 अनुच्छेद 18 :- उपाधीयों का अंत

 अनुच्छेद 19 :- वाक् की स्वतंत्रता

 अनुच्छेद 20 : - अपराधों के दोष सिद्धि के संबंध में संरक्षण

 अनुच्छेद 21 :- प्राण और दैहिक स्वतंत्रता

 अनुच्छेद 21 क :- 6 से 14 वर्ष के बच्चों को शिक्षा का अधिकार

 अनुच्छेद 22 :- कुछ दशाओं में गिरफ्तारी से सरंक्षण

 अनुच्छेद 23 :- मानव के दुर्व्यापार और बाल आश्रम

 अनुच्छेद 24 : - कारखानों में बालक का नियोजन का प्रतिशत

 अनुच्छेद 25 :- धर्म का आचरण और प्रचार की स्वतंत्रता

 अनुच्छेद 26 :- धार्मिक कार्यों के प्रबंध की स्वतंत्रता

 अनुच्छेद 29 : - अल्पसंख्यक वर्गों के हितों का संरक्षण

 अनुच्छेद 30 :- शिक्षा संस्थाओं की स्थापना और प्रशासन करने का अल्पसंख्यक वर्गों का अधिकार

 अनुच्छेद 32 :- अधिकारों को प्रवर्तित कराने के लिए उपचार

 अनुच्छेद 36 :- परिभाषा

 अनुच्छेद 40 :- ग्राम पंचायतों का संगठन

 अनुच्छेद 48 :- कृषि और पशुपालन संगठन

 अनुच्छेद 48क : - पर्यावरण वन तथा वन्य जीवों की रक्षा

 अनुच्छेद 49:- राष्ट्रीय स्मारक स्थानों और वस्तुओं का संरक्षण

 अनुछेद. 50 :- कार्यपालिका से न्यायपालिका का प्रथक्करण

 अनुच्छेद 51 :- अंतर्राष्ट्रीय शांति और सुरक्षा

 अनुच्छेद 51क :- मूल कर्तव्य

 अनुच्छेद 52 : - भारत का राष्ट्रपति

 अनुच्छेद 53 : - संघ की कार्यपालिका शक्ति

 अनुच्छेद 54 :- राष्ट्रपति का निर्वाचन

 अनुच्छेद 55 :- राष्ट्रपति के निर्वाचन की रीती

 अनुच्छेद 56 : - राष्ट्रपति की पदावधि

 अनुच्छेद 57 : - पुनर्निर्वाचन के लिए पात्रता

 अनुच्छेद 58 :- राष्ट्रपति निर्वाचित होने के लिए आहर्ताए

 अनुच्छेद 59 :- राष्ट्रपति पद के लिए शर्ते

 अनुच्छेद 60 :- राष्ट्रपति की शपथ

 अनुच्छेद 61:- राष्ट्रपति पर महाभियोग चलाने की प्रक्रिया

 अनुच्छेद 62 : राष्ट्रपति पद पर व्यक्ति को भरने के लिए निर्वाचन का समय और रीतियां

 अनुच्छेद 63 :- भारत का उपराष्ट्रपति

 अनुच्छेद 64 :- उपराष्ट्रपति का राज्यसभा का पदेन सभापति होना

 अनुच्छेद 65 :- राष्ट्रपति के पद की रिक्त पर उप राष्ट्रपति के कार्य

 अनुच्छेद 66 :- उप-राष्ट्रपति का निर्वाचन

 अनुच्छेद 67 :- उपराष्ट्रपति की पदावधि

 अनुच्छेद 68 :- उप राष्ट्रपति के पद की रिक्त पद भरने के लिए निर्वाचन

 अनुच्छेद69 :- उप राष्ट्रपति द्वारा शपथ

 अनुच्छेद 70 : - अन्य आकस्मिकता में राष्ट्रपति के कर्तव्यों का निर्वहन

 अनुच्छेद 71 . :- राष्ट्रपति और उपराष्ट्रपति के निर्वाचन संबंधित विषय

 अनुच्छेद 72 :-क्षमादान की शक्ति

 अनुच्छेद 73 :- संघ की कार्यपालिका शक्ति का विस्तार

 अनुच्छेद 74 :- राष्ट्रपति को सलाह देने के लिए मंत्रिपरिषद

 अनुच्छेद 75 :- मंत्रियों के बारे में उपबंध

 अनुच्छेद 76 :- भारत का महान्यायवादी

 अनुच्छेद 77 : - भारत सरकार के कार्य का संचालन

 अनुच्छेद 78 :- राष्ट्रपति को जानकारी देने के प्रधानमंत्री के कर्तव्य

 अनुच्छेद 79 : - संसद का गठन

 अनुच्छेद 80 :- राज्य सभा की सरंचना

 अनुच्छेद 81 :- लोकसभा की संरचना

 अनुच्छेद 83 :- संसद के सदनो की अवधि

 अनुच्छेद 84 : -संसद के सदस्यों के लिए अहर्ता

 अनुच्छेद 85 :- संसद का सत्र सत्रावसान और विघटन

 अनुच्छेद 87 :- राष्ट्रपति का विशेष अभी भाषण

 अनुच्छेद 88 :- सदनों के बारे में मंत्रियों और महानयायवादी अधिकार

 अनुच्छेद 89 :- राज्यसभा का सभापति और उपसभापति

 अनुच्छेद 90 :- उपसभापति का पद रिक्त होना या पद हटाया जाना

 अनुच्छेद 91 :- सभापति के कर्तव्यों का पालन और शक्ति

 अनुच्छेद 92 :- सभापति या उपसभापति को पद से हटाने का स",92.0,0.0,0,3976
women_girlsafety,1213,2023-06-29 05:19:34+00:00,"1. एक नारी को तब क्या करना चाहिये जब वह देर रात में किसी उँची इमारत की लिफ़्ट में किसी अजनबी के साथ स्वयं को अकेला पाये ? 
जब आप लिफ़्ट में प्रवेश करें और आपको 13 वीं मंज़िल पर जाना हो, तो अपनी मंज़िल तक के सभी बटनों को दबा दें ! कोई भी व्यक्ति उस परिस्थिति में हमला नहीं कर सकता जब लिफ़्ट प्रत्येक मंजिल पर रुकती हो ! 

2. जब आप घर में अकेली हों और कोई अजनबी आप पर हमला करे तो क्या करें ? तुरन्त रसोईघर की ओर दौड़ जायें 

आप स्वयं ही जानती हैं कि रसोई में पिसी मिर्च या हल्दी कहाँ पर उपलब्ध है ! और कहाँ पर चक्की व प्लेट रखे हैं !यह सभी आपकी सुरक्षा के औज़ार का कार्य कर सकते हैं ! और भी नहीं तो प्लेट व बर्तनों को ज़ोर- जोर से फैंके भले ही टूटे !और चिल्लाना शुरु कर दो !स्मरण रखें कि शोरगुल ऐसे व्यक्तियों का सबसे बड़ा दुश्मन होता है ! वह अपने आप को पकड़ा जाना कभी भी पसंद नहीं करेगा ! 

3. रात में ऑटो या टैक्सी से सफ़र करते समय ! 

ऑटो या टैक्सी में बैठते समय उसका नं० नोट करके अपने पारिवारिक सदस्यों या मित्र को मोबाईल पर उस भाषा में विवरण से तुरन्त सूचित करें जिसको कि ड्राइवर जानता हो ! मोबाइल पर यदि कोई बात नहीं हो पा रही हो या उत्तर न भी मिल रहा हो तो भी ऐसा ही प्रदर्शित करें कि आपकी बात हो रही है व गाड़ी का विवरण आपके परिवार/ मित्र को मिल चुका है ! . इससे ड्राईवर को आभास होगा कि उसकी गाड़ी का विवरण कोई व्यक्ति जानता है और यदि कोई दुस्साहस किया गया तो वह अविलम्ब पकड़ में आ जायेगा ! इस परिस्थिति में वह आपको सुरक्षित स्थिति में आपके घर पहुँचायेगा ! जिस व्यक्ति से ख़तरा होने की आशंका थी अब वह आपकी सुरक्षा का ध्यान रखेगा ! 

4. यदि ड्राईवर गाड़ी को उस गली/रास्ते पर मोड़ दे जहाँ जाना न हो और आपको महसूस हो कि आगे ख़तरा हो सकता है - तो क्या करें ? 

आप अपने पर्स के हैंडल या अपने दुपट्टा/ चुनरी का प्रयोग उसकी गर्दन पर लपेट कर अपनी तरफ़ पीछे खींचती हैं तो सैकिण्डो में वह व्यक्ति असहाय व निर्बल हो जायेगा ! यदि आपके पास पर्स या दुपट्टा न भी हो तो भी आप न घबरायें ! आप उसकी क़मीज़ के काल़र को पीछे से पकड़ कर खींचेंगी तो शर्ट का जो बटन लगाया हुआ है वह भी वही काम करेगा और आपको अपने बचाव का मौक़ा मिल जायेगा ! 

5. यदि रात में कोई आपका पीछा करता है ! 

किसी भी नज़दीकी खुली दुकान या घर में घुस कर उन्हें अपनी परेशानी बतायें ! यदि रात होने के कारण बन्द हों तो नज़दीक में एटीएम हो तो एटीएम बाक्स में घुस जायें क्योंकि वहाँ पर सीसीटीवी कैमरा लगे होते हैं ! पहचान उजागर होने के भय से किसी की भी आप पर वार करने की हिम्मत नहीं होगी ! 

आख़िरकार मानसिक रुप से जागरुक होना ही आपका आपके पास रहने वाला सबसे बड़ा हथियार सिद्ध होगा ! 

कृपया समस्त नारी शक्ति जिसका आपको ख़्याल है उन्हें न केवल बतायें बल्कि उन्हें जागरुक भी कीजिए ! अपनी नारी शक्ति की सुरक्षा के लिये ऐसा करना ! न केवल हम सभी का नैतिक उत्तरदायित्व है बल्कि कर्त्तव्य भी है ! 

प्रिय मित्रों इससे समस्त नारी शक्ति -अपनी मां, बहन, पत्नी व महिला मित्रों को अवगत करावें !

आप सभी से विनम्र निवेदन की इस संदेश को महिला शक्ति की जानकारी में अवश्य लायें यह समस्त नारी शक्ति की सुरक्षा के लिये सहायक सिद्ध होगा ! ऐसा मेरा विश्वास है !",476.0,4.0,0,2791
women_girlsafety,1212,2023-06-28 14:45:56+00:00,"कभी-कभी कुछ मर्द भी जला दिए जाते हैं...
उस दहेज की आग में जो उन्होने कभी माँगा ही नहीं होता...!!",383.0,2.0,0,96
women_girlsafety,1211,2023-06-27 11:03:44+00:00,"पढ़ाई में तेज कैसे हो सकते हैं?

1.समय सारणी का पालन करें
2.सुबह के समय पढ़ाई करें
3.कम से कम 4 घंटे रोज पढ़ें
4.नियमित स्कूल जाएं
5.घर पर जरूर पढे
6.नोट्स बनाए
7.शिक्षक से सवाल पूछे
8.विषयों को समझें
9.बुनियादी ज्ञान मजबूत करे
10.फॉर्मूला याद कर ले
11.शिक्षक की बातों पर ध्यान दे",458.0,6.0,0,280
women_girlsafety,1210,2023-06-26 14:19:11+00:00,AC में बैठकर 10 टीचर एक पेपर को 2 घंटे में हल करते हुए आसानी से कह देते है कि पेपर आसान था और सब मेरे पढ़ाए में से आया था😁,426.0,2.0,0,122
women_girlsafety,1209,2023-06-24 04:02:10+00:00,"एक बार भगत सिंह रेलगाड़ी से कहीं जा रहे हैं थे।एक स्टेशन पर गाड़ी रुकी तो भगत सिंह पानी पीने के लिए उतरे।

पास के ही एक कुँए के पास गये और पानी पिया। तभी उनकी नजर कुछ दूर पर खड़े एक शख्स पर पड़ी जो धूप में नंगे बदन खड़ा था और बहुत भारी वजन भी अपने कंधे पर रखा था।

तरसती हुई आंखों से पानी की ओर देख रहा था
मन में सोच रहा था शायद मुझको थोड़ा पानी पीने तो मिल जाए।भगत सिंह उसके पास गए और पूछने लगे आप कौन हो और इतना भारी वजन को धूप में क्यों उठाये खड़े हो।

तो उसने डरते हुए कहा साहब आप मुझसे दूर रहे नहीं तो आप अछूत हो जायँगे क्योंकि मैं एक बदनसीब अछूत हूँ।

भगत सिंग ने कहा आपको प्यास लगी होगी
पहले इस वजन को उतारो और मैं पानी लाता हूं 
आप पानी पी लो।भगत सिंह के इस व्यवहार से वह बहुत खुश हुआ।

भगत सिंह ने उसको पानी पिलाया और फिर पूछा आप अपने आपको अछूत क्यों कहते हो
तो उसने हिम्मत करते हुए जबाब दिया -
अछूत मैं नहीं कहता अछूत तो मुझको एक वर्ग विशेष के लोग बोलते हैं और मुझसे कहते हैं आप लोग अछूत हो।तुमको छूने से हमारा धर्म भ्रष्ट हो जाएगा और मेरे साथ जानवरों जैसा सलूक करते हैं।

आप ने तो मुझको पानी पिला दिया नहीं तो मुझको पानी भी पीने का अधिकार नहीं हैं और न ही छाया में भी खड़े होने का अधिकार हैं और न ही सार्वजनिक कुँए से पानी पीने का अधिकार हैं।

तब भगत सिंह को आभास हुआ

मुझको तो बचपन से यही बताया गया हैं की देश अंग्रेजों से गुलाम हैं पर ये तस्वीर तो कुछ और ही बयां करती है।देश तो एक वर्ग विशेष के धर्मवादियों का गुलाम हैं जो धर्म के नाम भारत को मूर्ख बनाये हुए हैं।

तभी भगत सिंह सोचने लगे देश अग्रेजों से आजाद होकर भी गुलाम रहेगा क्योंकि इन अछूतों को कौन आजाद कराएगा।

फिर भगत सिंह ने इस बात को लेकर अध्यन किया और फिर सोचने लगे इनकी ऐसी हालत कैसे हुई।भगत सिंह ने ""मैं नास्तिक क्यों"" पुस्तक में लिखा हैं-
मैं तो नकली दुश्मनो से लड़ रहा था,असली दुश्मन तो मेरे देश में हैं।

ये बात भगत सिंह शायद न कहते और न अपनी जेल डायरी में लिखते तो शायद फांसी न होती।

संदर्भ: भगतसिंह की जेल डायरी",436.0,1.0,0,1785
women_girlsafety,1208,2023-06-17 03:43:30+00:00,राजनीती की कुस्ती में हार गए पहलवान 😔😔,349.0,0.0,0,38
women_girlsafety,1207,2023-06-16 03:14:24+00:00,"फ्रिज़ और कुकर में इतना भेदभाव आख़िर क्यों..? , आज मीडिया कोई चिल्लाती हुई नज़र नही आ रही।।

पूछता है भारत
    #भेदभाव🤔",361.0,0.0,0,119
women_girlsafety,1206,2023-06-16 03:08:09+00:00,"कुकर में उबलने से पहले पढ़ लेती.....

लक्की लाडो

रात के बारह बज रहे थे उसका फ़ोन आया ""हेल्लो"" किसी ने फुसफुसा-हट भरे लफ़्ज़ों में कहा।

 ""हाँ, बोलो"" उसने भी हौले से कहा। 
 
""सब तैयारी हो गई क्या, सुबह चार बजे की बस है।"" 

""मैंने अपने कपड़ों का बैग तो पैक कर लिया है, पैसे और गहने लेने हैं।"" 

""अपने सब डॉक्यूमेंट भी ले लेना, हो सकता है दोनों को नौकरी करनी पड़े, नया घर संसार जो बसाना है।"" 

""ओके, मैं सब कुछ लेकर तुम्हें कॉल करती हूँ।""

उसने सबसे पहले माँ की अलमारी खोली, और उसमें से गहनों का डिब्बा निकाला, अपने लिए बनवाया गया मंगलसूत्र बैग में डाला, अंगूठी और झुमके पहन लिए, चूड़ियों का डिब्बा उठाकर बैग में डाल रही थी कि माँ की तस्वीर नीचे गिर पड़ी। 

उसे याद आया माँ की बरसों की इच्छा थी सोने का चूड़ा पहनने की। मगर जब पापा का एरियर मिला था तो जो चूड़ा बनवाया गया वो माँ ने ये कहकर उसके लिए सम्भाल कर रख दिया था कि जब बिट्टू इंजीनियरिंग करके नौकरी लग जायेगा खूब सारे बनवा लूँगी। अभी तो तेरी शादी के लिए रख लेती हूँ, मेरी लाडो कितनी सुंदर लगेगी। उसने तस्वीर वापस अलमारी में रखी और चूड़ा बैग में रख लिया।

अब बारी थी नकदी की, घर में पिचहत्तर हज़ार पड़े थे पापा कल ही बैंक से एज्युकेशन लोन लेकर आये थे। बिट्टू का आई आई टी का दूसरा साल चल रहा था। घर के रुपये पैसे का हिसाब और चाबी उसी के पास रहती थी। पापा हमेशा कहते हैं, जब ये पैदा हुई उससे पहले मैं स्टेशन पर कुली का काम करता था, जैसे ही ये पैदा हुई मेरी सरकारी नौकरी लग गई, यही मेरे भाग्य की देवी है, मेरी लाडो बेटी।"" 

उसने अपने सभी डॉक्यूमेंट बैग में रख लिए,  अब उसे चैक करना था की घर मे जाग तो नहीं है सब सो तो रहे हैं ना? सबसे पहले उसने बिट्टू के कमरे के दरवाज़े से अंदर झाँका, बिट्टू अभी तक पढ़ रहा था। उसकी खाने की थाली वैसे ही ढकी पड़ी थी जैसी वो रखकर आई थी।

 अगले कमरे में झाँका, माँ गहरी नींद सोई थी दवा लेकर । माँ हमेशा कहती है इस दवा में कोई गड़बड़ है जो नींद बहुत आती है । ये मुई शुगर भी बुरी बीमारी है लगकर खत्म ही नहीं होती।
 
 दरवाज़े की झिर्री में से पापा दिखाई दे रहे थे, वो अपनी वर्किंग टेबल पर बैठे व्यापारियों का बही खाता तैयार कर रहे थे। अभी कुछ दिन पहले ही उन्होंने ये नया काम ढूंढा था, पापा कहते है कॉमर्स पढ़ा हूँ बही खाते भूलने लगा था । चलो इससे भूलूंगा भी नही और एक्स्ट्रा इनकम भी हो जाएगी। 

सब अपने काम मे व्यस्त थे वो अपने कमरे में आई और उसे फ़ोन लगाया ""सब रास्ते साफ़ हैं, सब अपने काम में लगे है मैं चुपचाप घर से बाहर निकालूँगी, उससे पहले फ़ोन करके बता दूँगी।"" 

""अच्छा तुमने गहने और पैसे ले लिए न।"" 

""हाँ,  ले लिए  तुम बारबार गहनों और पैसों का क्यूँ पूछ रहे हो, मैंने कहा न ले लिए।"" 

""अरे बाबू वो इसलिये की नया घर संसार बसाना है, नई जगह जाते ही काम थोड़े मिल जाएगा। तो हमें घर के रूटीन कामों के लिए पैसा तो चाहिए ही मेरा मोबाइल भी बहुत पुराना है मुझे नया मोबाइल भी लेना है, और फिर मैं कोई न कोई नौकरी पकड़ लूँगा, जिससे हम आराम से जिंदगी गुजारेंगे।"" 

""सुनो एक बात पूछुं ? क्या तुम में इतनी हिम्मत नहीं कि मुझे कमा कर अपने पैसे से रख सको,खाना खिला सको।""

 ""ऐसी बात नहीं बाबू! तुम बिन रहा नहीं जाता, और हम जाते ही मंदिर में शादी कर लेंगे ओर काम मिलेगा तो आराम से जिएंगे न।""
 
 ""सुनो तुम एक काम करो, अभी भागने का प्लान कैंसल करते हैं। पहले तुम काम करो और इतना पैसा कमा कर इकट्ठे कर लो कि दो महीने तक काम न भी मिले तो हमें भूखों मरने की नौबत न आये। जैसे ही तुम पैसा इकट्ठा कर लोगे हम भाग चलेंगे। तब तक इन्तज़ार करो, दो महीने तक न कर पाए तो मुझे भूल जाना।"" 
 
""अरे बेबी, बात तो सुनो, मेरी बात….।"" लड़की ने फ़ोन काट दिया वो अपने पिता के कमरे में झाँक आई। वो अभी भी बहीखाता कर रहे थे। 

उसने दरवाजा खटखटाया, ""क्या बात है लाडो, सोई नहीं तुम।"" 

""पापा एक बात कहनी है।"" 

""कहो लाडो।"" 

""पापा जब तक बिट्टू की पढ़ाई पूरी न हो मैं नौकरी करना चाहती हूँ, मेरी पढ़ाई पूरी हो चुकी है घर में बेकार बैठने से क्या फ़ायदा, घर में दो रुपये जुड़ेंगे ही।"" उसकी बात सुनकर पापा ने लाडो के सर पर स्नेह से हाथ फिरा दिया पापा बेटी दोनों की आँखें नम थीं।",413.0,2.0,0,3580
women_girlsafety,1205,2023-06-16 02:59:55+00:00,"बाहर बारिश हो रही थी और अन्दर क्लास चल रही थी, तभी टीचर ने बच्चों से पूछा कि अगर तुम सभी को 100-100 रुपये दिए जाए तो तुम सब क्या क्या खरीदोगे? किसी ने कहा कि मैं वीडियो गेम खरीदुंगा। किसी ने कहा मैं क्रिकेट का बेट खरीदुंगा। किसी ने कहा कि मैं अपने लिए प्यारी सी गुड़िया खरीदुंगी, तो किसी ने कहा मैं बहुत सी चॉकलेट्स खरीदुंगी। एक बच्चा कुछ सोचने में डुबा हुआ था। टीचर ने उससे पुछा कि तुम क्या सोच रहे हो? तुम क्या खरीदोगे? बच्चा बोला कि टीचर जी, मेरी माँ को थोड़ा कम दिखाई देता हैं तो मैं अपनी माँ के लिए एक चश्मा खरीदूंगा। टीचर ने पूछा, तुम्हारी माँ के लिए चश्मा तो तुम्हारे पापा भी खरीद सकते हैं, तुम्हें अपने लिए कुछ नहीं खरीदना? बच्चे ने जो जवाब दिया उससे टीचर का भी गला भर आया। बच्चे ने कहा कि मेरे पापा अब इस दुनिया में नहीं है। मेरी माँ लोगों के कपड़े सिलकर मुझे पढ़ाती हैं और कम दिखाई देने की वजह से वो ठीक से कपड़े नहीं सिल पाती है इसीलिए मैं मेरी माँ को चश्मा देना चाहता हुँ ताकि मैं अच्छे से पढ़ सकूँ, बड़ा आदमी बन सकूँ और माँ को सारे सुख दे सकूँ। टीचर ने कहा, बेटा तेरी सोच ही तेरी कमाई है। ये 100 रूपये मेरे वादे के अनुसार और ये 100 रूपये और उधार दे रहा हूँ। जब कभी कमाओ तो लौटा देना। और मेरी इच्छा है तू इतना बड़ा आदमी बने कि तेरे सर पर हाथ फेरते वक्त मैं धन्य हो जाऊं। 15 वर्ष बाद। बाहर बारिश हो रही है। अंदर क्लास चल रही हैं। अचानक स्कूल के आगे जिला कलेक्टर की बत्ती वालीगाड़ी आकर रूकती है। स्कूल स्टाफ चौकन्ना हो जाता है। स्कूल में सन्नाटा छा जाता है। मगर ये क्या? जिला कलेक्टर एक वृद्ध टीचर के पैरों में गिर जाते है और कहते है "" सर मैं दामोदर दास उर्फ़ झंडू। आपके उधार के 100 रूपये लौटाने आया हूँ ""पूरा स्कूल स्टॉफ स्तब्ध। वृद्ध टीचर झुके हुए नौजवान कलेक्टर को उठाकर भुजाओं में कस लेता है और रो पड़ता है। हम चाहें तो अपने आत्मविश्वास और मेहनत के बल पर अपना भाग्य खुद लिख सकते है और अगर हमको अपना भाग्य लिखना नहीं आता तो परिस्थितियां हमारा भाग्य लिख देंगी l",350.0,2.0,0,1769
women_girlsafety,1204,2023-06-12 01:12:16+00:00,"IAS Divya Tanwar 
2011 में पिताजी का निधन हो गया घर के हालात भी ठीक नही थे सिर्फ दो कमरे थे और उसमे भी बारिश के समय छत टपकती थी मां ने दूसरो के घर जा जा कर मजदूरी की और पढ़ाया था 
जब बारिश आती थी तब किताबे ना भीग जाए इसलिए लकड़ियो के सहारे चदर बांधकर पढ़ाई करती थी वो समय मुश्किल था ना सुविधा थी ना ही व्यवस्था थी लेकिन एक जिद थी की मुझे कलेक्टर बनना ही है और मेरी मां ने जो कष्ट देखे है उनको दूर करके उनको अच्छी जिंदगी देनी है और इसी संकल्प ने मुझे इस मुकाम पर पहुंचाया है 
इसलिए आप सभी से यही कहना चाहती हू की मुश्किल कुछ भी नही है बस आपको जिद करनी होगी की मुझे ये चाहिए तो चाहिए आप जो सोसल मीडिया पर और फालतू चीजों में अपना समय खराब कर रहे हो मत करो क्योंकि आपका एक एक दिन कीमती है 
ये सोचकर मत निराश होवो की उसके पास सारी सुविधा है वो कोचिंग करता है मेरे पास कोई सुविधा नहीं है तो भाईयो जरूरी नहीं की सिर्फ कोचिंग करने वाले ही कामयाब होते है घर में रहकर पढ़ाई करने वाले भी कामयाब होते है इसका उदाहरण आपके सामने में खुद हूं ।
#photography",530.0,4.0,0,941
women_girlsafety,1203,2023-06-06 01:27:23+00:00,एक लड़की अपने प्रेमी के संग घर से भागी। और थाने में लड़की ने अपने मां बाप को बोल दिया कि मैं इन्हे नही जानती। बाप ने घर आते ही बेटी की मृत्यु के शोक संदेश वाले कार्ड छापकर बांट दिए। आपकी विचार ऐसे मामलों में?????,813.0,7.0,0,212
women_girlsafety,1196,2023-06-01 14:44:00+00:00,"अपने देश का एक क़ानून यह है कि अगर कोई व्यक्ति किसी आम  नागरिक के सामने कोई अपराध करता है और सामने वाला बचाने की कोशिश नहीं करता तो उसके खिलाफ कोई कानूनी कार्यवाही नहीं होगी अगर किसी पुलिस कर्मचारी के सामने कोई अपराध होता है और वह अनदेखा कर देता है तो उसके खिलाफ कानूनी कार्यवाही बनती है.... शायद इसी क़ानून का फायदा उठा यह लोग तमाशबीन बने हुए है यह कोई दिल्ली इकलौती घटना नहीं है ऐसी कई घटनाए सामने आई है और शायद ज़ब तक यह दिल्ली अन्धो का शहर रहेगी तब तक और भी ऐसी घटनाए सामने आती रहेंगी.... शायद ये तमाशबीन लोग साक्षी को बचाने की कोशिश करते तो शायद आज साक्षी हमारे बीच मौजूद होती... सारी जिम्मेदारियां सिर्फ पुलिस की ही नहीं है सरकार की नहीं है कुछ जिम्मेदारी हम नागरिकों की भी होती है....ईंटों मारवल पत्थर से बने मकानों का नाम ही शहर नहीं है... जिन्दा लोगो का नाम शहर है... लेकिन दिल्ली की तो कहानी ही अलग नजर आती है.... और ऐसी घटनाए कई बार सामने आई है... यह भी सम्भव नहीं है कि हर गली, मोहल्ले, सड़क, घर पर एक पुलिसकर्मचारी की मौजूदगी आवश्यक हो.. ज़ब तक हम लोग अपनी जिम्मेदारीयों से भागते रहेंंगे तब तक ऐसी घटनाए सामने आई है और शायद आती रहेंगी.... अगर हमारे देश के क़ानून में किसी अपराध को देखकर अनदेखा करने वाले के खिलाफ कार्यवाही होने वाला क़ानून बन जाए तो शायद आम नागरिक अपनी जिम्मेदारी या क़ानून के डर से ऐसी घटनाओ को अनदेखा न करे और शायद ऐसी घटनाए रुक सके..... मेरे ( @josh6767 ) के शब्दों पर आप सभी की क्या राय है क्या बाकई हमें ऐसे क़ानून की आवशयकता है जबाब दें 🙏",46.0,0.0,0,1365
women_girlsafety,1195,2023-06-01 14:33:08+00:00,"वक्त तू कितना भी परेशान कर ले हमे 
लेकिन याद रख किसी मोड़ पे तुझे भी बदलेंगे 🤞⏱️",295.0,1.0,0,80
women_girlsafety,1194,2023-06-01 03:11:58+00:00,"शैतान, हैवान, राक्षस…दिल्ली के शाहबाद डेरी में साक्षी की हत्या करने वाले साहिल के सामने ये सारे शब्द छोटे हैं। उसके चेहरे की हंसी को देखिए ये इंसान के रूप में राक्षस की हंसी है। जैसे उसने किसी रणभूमि में जीत हासिल कर ली हो। उससे भी ज्यादा खतरनाक वे लोग हैं जो साक्षी को मरते हुए देखकर खामोश रहे। उन्होंने 16 साल की मासूम की चीख को अनसुना कर दिया। उन्हें जरा भी कोई फर्क नहीं पड़ा। शायद उन्हें लगा को कि मामला उनके घर का थोड़ी है। उनके घर की बेटी थोड़ी मारी जा रही है। उन्हें देखकर हत्यारे साहिल के हौंसले और बुलंद हो गए। साहिल को लगा कि उसका कोई कुछ बिगाड़ नहीं पाएगा। वह तो किसी भी हाल में साक्षी को मारना चाहता था। उस पर हत्या करने का भूत सवार था।

इतना तो पता चल चुका है कि साक्षी की हत्या साहिल ने की है मगर क्या वे लोग दोषी नहीं है कि जिन्होंने साक्षी को उनकी आंखों के सामने मरने दिया। सीसीटीवी में यह साफ दिख रहा है कि जब साहिल चाकू से ताबड़तोड़ साक्षी पर हमला कर रहा है तो वहां कई लोग मौजूद हैं। सड़क पर लोग आ जा रहे हैं। महिलाएं, लड़के, लड़कियां सभी उसी रास्ते से गुजर रहे हैं। वे देख रहे हैं कोई सिरफिर एक नाबालिग लड़की को मार रहा है मगर वे कुछ नहीं करते हैं।
वे ऐसे देख रहे हैं जैसा स्क्रीन पर फिल्म चल रही हो। ऐसा लग रहा है जैसे कुछ हो ही नहीं रहा है? लड़की को मरता देख दिल्ली वाले ऐसे खामोश हैं जैसे उनका दिल पत्थर का हो चुका है। लोग झूठ बोलते हैं कि दिल्ली के लोगों के पास दिल है क्योंकि इस घटना को देखकर यह कहावत झूठी पड़ जाती है। हकीकत तो ये है कि दिल्ली वालों का दिल पत्थर का हो चुका है। अगर वहां मौजूद लोग जरा सी कोशिश करते तो साक्षी बच सकती थी।

ALSO READ
Sakshi Murder Case: साक्षी का कातिल साहिल गिरफ्तार, हत्या के बाद भाग गया था बुलंदशहर
लोग चाहते तो साक्षी बच सकती थी
अगर लोग चाहते तो साक्षी की जान बच सकती थी। जिस तरह साहिल ने लड़की पर करीब 40 बार चाकू से हमला किया। पत्थर से चेहरे और सिर को कुचला…सीसीटीवी फुटेज देख रोंगटे खड़े हो जाते हैं। अगर वहां मौजूद लोगों ने हाथों में पत्थर उठा लिया होता तो उसकी इतनी हिम्मत ना होती।

लड़की की गलती सिर्फ इतनी थी कि वह उससे दोस्ती नहीं रखना चाहती थी। साहिल ने उससे इसी बात का बदला लिया। सीसीटीवी फुटेज देख कलेजा फट जाता है मगर घटनास्थल पर मौजूद लोगों के लिए वह एक सामान्य सी बात थी। मानो वह सिनेमा में बैठकर फिल्म देख रहे हों। यहां तक कि किसी ने पुलिस को फोन करना भी जरूरी नहीं समझा। लोग कहते हैं कि सुनसान जगह पर लड़कियों के लिए खतरा है मगर इस वीडियो को देखने के बाद यह कहा जा सकता है कि दिल्ली में लड़कियां कहीं भी सुरक्षित नहीं है। अगर आपको लगता है कि सड़क पर भीड़ है तो आप सेफ हैं तो यह आपकी सबसे बड़ूी भूल है। इस दर्दनाक सीन को देखकर हमें ये लाइनें याद आती हैं
यहां इक खिलौना है इसां की हस्ती
ये बस्ती हैं मुर्दा परस्तों की बस्ती
यहाँ पर तो जीवन से है मौत सस्ती
ये दुनिया अगर मिल भी जाए तो क्या है…",332.0,1.0,0,2567
women_girlsafety,1192,2023-05-30 01:44:41+00:00,"सभी_महिलाओ_को_आदर_सहित_समर्पित

लड़के ने नम्बर मांगा आप ने दे दिया... 
लड़के ने तस्वीर मांगी आप ने दे दी...
लड़के ने वीडियो कॉल के लिए कहा आप ने कर ली...
लड़के ने दुपट्टा हटाने को कहा आप ने हटा दिया...
लड़के ने कुछ देखने की ख्वाहिश की आप ने पूरी कर दी...
लड़के ने मिलने को कहा आप माँ बाप को धोखा देकर आशिक़ से मिलने पहुंच गयीं...
लड़के ने बाग में बैठ कर आप की तारीफ़ करते हुए आपको सरसब्ज़ बाग दिखाए आपने देख लिये...
फिर जूस कार्नर पर जूस पीते वक़्त लड़के ने हाथ लगाया, इशारे किये, मगर कोई बात नहीं अब नया ज़माना है यह सब तो चलता ही है...
फिर लड़के ने होटल में कमरा लेने की बात की, आप ने शर्माते हुए इंकार कर दिया, कि शादी से पहले यह सब अच्छा तो नहीं लगता न...
फिर दो तीन बार कहने पर आप तैयार हो गयीं होटल के कमरे में जाने के लिए...
आप दोनों ने मिल कर खूब एंजॉय किया...
अंडरस्टेंडिंग के नाम पर दुल्हा दुल्हन बन गए बस बच्चा पैदा न हो इस पर ध्यान दिया...
फिर एक दिन झगड़ा हुआ और सब खत्म क्योंकि हराम रिश्तों का अंजाम कुछ ऐसा ही होता है...
लेकिन लेकिन...
यहां सरासर मर्द गलत नहीं है, वह भेड़िया है, वह मुजरिम है, वह सबकुछ है...
क्योंकि आप ने तो तस्वीर नहीं दी थी वह जबर्दस्ती आपके मोबाइल में घुस कर ले गया था...
आप ने तो अपना नम्बर नहीं दिया वह लड़का खुद आप के मोबाइल से नम्बर ले गया था...
आप ने तो वीडियो कॉल नहीं की वह लड़का खुद आप के घर पहुंच गया था आपको लाइव देखने...
जूस कार्नर पर भी जबरदस्ती ले गया था गन प्वाइंट पर...
होटल के कमरे तक भी वह आपको जबर्दस्ती आपके घर से ले गया था...
तो मुजरिम तो सिर्फ लड़का है आप तो बिल्कुल भी नहीं...
बच्ची हैं आप कोई चार साल की?
आपको समझ नहीं आती?
यह कचरे में पड़ी लाशें देख कर भी आपको अक़्ल नहीं आती?
यह बिना सर के मिलने वाले धड़ आपकी अक़्ल पर कोई चोट नहीं देते?
यह सोशल मीडिया पर आए दिन ज़्यादती के बढ़ती हुई घटना आपको कुछ नहीं बताती?
जूस कार्नर पर जाना, अपनी नंगी तस्वीर किसी गैर आदमी या लड़के को देना...
आपको नहीं पता था कि एक होटल के कमरे में या चारदीवारी में जिस्मों की प्यास बुझाई जाती है, 
सब पता था आपको, सब पता है आपको...
होटल के कमरे में मुहब्बत के अफसाने नहीं लिखे जाते,वहां कोई इबादत नही होती है
फिर शिकायत होती है के चार लड़कों ने ग्रुप रेप कर दिया... 
क्या लगता है वह आपका जो आपकी इज्ज़त का ख्याल रखे जो खुद आपको इसी मकसद के लिए लेकर जा रहा है?
अपनी सीमा में रहेंगी तो आपको कोई नुकसान नहीं पहुंचा सकता...
जिस्म के भूखो से दूर ही रहे लड़का हो या लड़की प्यार जैसे पवित्र रिश्ते को बदनाम ना करे प्यार दिल देखकर करे ना कि जिस्म देखकर l❣ जब तक तुम साथ नही दोगी तब तक किसी लड़के की कोई औकात नही हैं कि वो तुम्हे किसी होटल के रूम तक ले जा सके।।।।गलत लगे तो  मुझे माफ कीजिएगा!!!🙏😓😭",332.0,1.0,0,2420
women_girlsafety,1191,2023-05-28 17:31:15+00:00,"राष्ट्रपति के बिना संसद अधूरी है और संसद के उद्घाटन में राष्ट्रपति को ही नहीं बुलाया 
वाह!! रे लोकतंत्र 👏",338.0,3.0,0,105
women_girlsafety,1190,2023-05-22 17:35:44+00:00,"`अगर कोई आपको पर्सनल मैसेज कर रहा है और वो इस ग्रुप का मेंबर है, तो आप सभी से रिक्वेस्ट है कि ऐसे लोगो को रिपोर्ट करे.....

हमे ऐसे मेंबर्स को इस ग्रुप से बाहर निकालना है जो इस ग्रुप में सिर्फ इसलिए हैं कि वो सिर्फ दूसरे मेंबर्स को पर्सनल मैसेज कर परेशान कर सके या स्पैम करें.....
आप सभी से उम्मीद है की आप ऐसे मेंबर्स को रिपोर्ट करें....

धन्यवाद 🙏

`@josh6767

ग्रुप का कोई भी सदस्य किसी क़ो पर्सनल मैसेज करता है तो आप किसी भी एडमिन से शिकायत कर मैसेजकर्ता के खिलाफ शिकायत दर्ज करा सकते है 👍",371.0,0.0,0,492
women_girlsafety,1188,2023-05-22 17:26:48+00:00,"**इस ग्रुप के सभी मेम्बर को अपने विचार रखने की स्वाधीनता है,किन्तु किसी महिला सदस्य से किसी भी प्रकार का अनुचित व्यव्हार अछ्म्य होगा और उस व्यक्ति को ग्रुप से ban कर दिया जायेगा✔️

अगर कोई फेक ID आपसे संपर्क करने की कोशिस करता है और ग्रुप या ग्रुप ओनर या ग्रुप एडमिन के खिलाफ कुछ अनुचित बातें कर्ता है तो बिना पूर्ण जानकारी के आप उस फेक iD की बातों पर यकीन करके खुद फैसला न लें🙏🙏

ग्रुप ओनर या ग्रुप के खिलाफ या ग्रुप एडमिन के खिलाफ शिकायत करने वाले व्यक्ति से उसकी पहचान व उसका मोबाइल नंबर उसके पते के साथ लेने की कोशिश करे या शिकायतकर्ता को ग्रुप मे वौइस् चैट 9:00 pm पर जुड़ने को कहें🙏🙏

कृपया फेक iD से बचें, और अपने विवेक का इस्तेमाल करते हुए फेक iD को तुरंत ब्लॉक करें🙏🙏


या ग्रुप का कोई भी सदस्य किसी भी प्रकार का शोषण करने की कोशिस करता हैं तो आप किसी भी एडमिन से संपर्क कर सकते है ✔️

हम उम्मीद करते है आप सब शांति व्यवस्था बनाने में एडमिन का सहयोग करेंगे और साथ देंगे
कोई भी पुरुष सदस्य किसी महिला सदस्य को इनबॉक्स में मैसेज करने हेतु बाध्य नहीं करेगा.🙏🙏

ग्रुप में किसी अन्य ग्रुप या पेज की लिंक डाल कर प्रचार करना मना है,

ऐसे करने वाले को पहले सचेत किया जायेगा,न मानने पर बैन कर दिया जायेगा

अगर कोई भी मेम्बर एडमिन को ब्लाक करता है तो उसे बिना किसी पूर्व चेतावनी के बैन कर दिया जायेगा....

कोई भी व्यक्ति किसी महिला को इनबॉक्स में या ग्रुप में अश्लील या फिर अनुचित बाते करते हुवे पाया जाता है,तो उसे पहले ग्रुप में सबके सामने एक्स्पोज किया जायेगा,
जिससे कुछ लोगो के सामने उनकी असलियत सामने जरुर आएगी,

इस स्थिति या खुद की बदनामी से बचने हेतु और ग्रुप के नाम की मर्यादा बनाये रखने हेतु ऐसा बिलकुल भी न करें 🙏🙏

All admin team**",112.0,0.0,0,1540
women_girlsafety,1186,2023-05-18 17:30:09+00:00,"साइबर एक्सपर्ट ने बताया कि लोगों को ये समझना होगा कि वो अपना ओटीपी पासवर्ड किसी के साथ भी शेयर ना करें. न किसी के द्वारा दिए गये लिंक पर क्लिक करें ओटीपी शेयर करना या किसी लिंक पर क्लिक करना मतलब धोखाधड़ी का शिकार होना. चाहे कोई किसी भी चीज का लालच आपको दे, लेकिन आप अपना वन टाइम पासवर्ड या किसी के द्वारा आएं किसी प्रकार का लिंक किसी के साथ भी शेयर ना करें.
आज के जमाने में धोखाधड़ी एक बहुत बड़ी समस्या हो गई हमारे फोन पर आने वाले बहुत सारे लिंक जो हमारी सारी बैंक डिटेल एवं पर्सनल जानकारियों को चुरा देते हैं और हमारे बैंक अकाउंट एवं पर्सनल डाटा का दुरुपयोग करते हैं आजकल लिंक के माध्यम से यह सब एक नया तरीका चालबाज ओं के द्वारा आपको ऑनलाइन ngo, महिला सुरक्षा, समाज सेवक, जैसे बहुत सारा लालच देकर यह तरीका अपनाया जा रहा है जो समझ लीजिए इतना खतरनाक है कि आपने किसी लिंक को बंद किया और आपकी सारी व्यक्तिगत जानकारी उस लिंक के माध्यम से उस व्यक्ति ने हैक कर दी सब कुछ ऑनलाइन होने के कारण बैंक धोखाधड़ी के बहुत बड़े बड़े मामले सामने आ रहे हैं दूसरा आपका फोन हैक होने के चांसेस हैं आपकी आईडी हैक होने के चांसेस हैं आपके सोशल मीडिया के जितने अकाउंट है वह सब हैक होने के चांसेस हैं जो आप यूज़ नहीं कर सकते हो और आपके मित्र धोखे में रह सकते हैं...क्या आप जानते हो कि Wi-Fi के जरिये भी मोबाइल हैक या आपकी सारी डिटेल पहुंच सकती है.... जी""हाँ किसी भी अजनबी इंसान को वाई फाई देने से भी मोबाइल हैक हो जाता है।

जब आप किसी अजनबी को वाईफाई देते है तो वो आपके मोबाइल के वाईफाई का आईपी एड्रेस के जरिए अपका फोन हैक है सकता है।
इससे बचने का तरीका है कि आप किसी भी अनजान जगह का वाईफाई प्रयोग ना करे ना ही किसी
 अजनबी को वाईफाई दे।

और अपने वाईफाई का पासवर्ड भी समय समय से बदल दे।
इंस्टाग्राम, टेलीग्राम, ट्विटर, फेसबुक, व्हाट्सप्प, ब्राउज़र अन्य सोसल साइट के द्वारा आपको सेंड किए गए लिंक, otp व किसी साइट पर क्लिक न करें... इसकी परमिशन आपको न कोई साइबर सेल देता है न कोई बैंक....

धन्यवाद 🙏🏻

साबधान रहे, सतर्क रहे..",116.0,2.0,0,1795
women_girlsafety,1184,2023-05-09 11:09:13+00:00,"पति को पीटते हुए पत्नी का वीडियो हुआ वायरल, कहते है पत्नी अपने पति को ईश्वर का दर्जा देती है, लेकिन ज़ब पति कोई गंदी हरकत करता है तो चंडी का रूप धारण कर उसको सुधारने में लग जाती है, ऐसा ही एक वीडियो मथुरा जिले के अंतर्गत सामने आया है पत्नी ने पति के साथ इस प्रकार मारपीट की कि वह घर के बाहर गली में बेहोश हो गया 😔😔",441.0,1.0,0,313
women_girlsafety,1182,2023-04-28 17:09:09+00:00,"मुझे नही पता इसे कितने लोग सही मायने में follow करेंगे , लेकिन एक बार सुन करके विचार अवश्य करें तथा थोड़ा बदलाव करने की कोशिश अवश्य करें जिससे ऐसे भेदभाव को जड़ से मिटाया जा सके....",912.0,8.0,0,180
women_girlsafety,1179,2023-04-22 19:07:43+00:00,"“समूचा सिन्धु पीना चाहता हूँ,
धधक कर आज जीना चाहता हूँ,
समय को बन्द करके एक क्षण में,
चमकना चाहता हूँ मैं सघन में ।


लगे रहिए दोस्तों.....
सफलता करीब है..💐💐💐",442.0,0.0,0,158
women_girlsafety,1175,2023-03-22 04:30:20+00:00,"घर में एक चलती बोलती लक्ष्मी पानी भरती है 

अन्नपूर्णा बनके भोजन बनाती है

गृहलक्ष्मी बन कर कुटुम्ब सम्भालती है

सरस्वती बन कर बच्चों को शिक्षा देती है

दुर्गा बनकर संकटों का सामना करती है

कालिका, चण्डी बन कर घर का रक्षण करती है

उसकी पूजा ना सही परंतु स्त्री होने का सम्मान ज़रूरी है 

देवी को मंदिर में ही नहीं अपने मन में भी बसाइए 

मूर्ति के साथ जीवित स्त्री का भी आदर करें इसी में नवरात्रि उत्सव का सही सार है 🙏

जय माता दी 🌹🌹🌹",803.0,3.0,0,433
women_girlsafety,1172,2023-03-06 18:17:05+00:00,"*एक कदम नैतिक पहल की ओर*,,,,,,,✍🏻

आप *सभी भाई बंधुओं*  को इस ग्रुप के माध्यम से हमारा एक *विनयवत और भावनात्मक* अपील है कि भोपाल मध्यप्रदेश की रहने वाली एक गरीब परिवार लड़की जिसका नाम आरती ""दुखी ""है.. लड़की की उम्र  महज 24 वर्ष है, जिसका 2021 में रोड एक्सीडेंट हो गया था जिसके कारण उनकी  स्थिति *काफी गंभीर* बनी हुई है,अभी उनकी स्तिथि ठीक ठाक है लेकिन वह एक्सीडेंट होने के बाद सही सलामत होने के बाद upsc की प्रिपरेशन भोपाल में रह कर रही है 
 ,, जिसके लिए उन्हें समुचित आर्थिक सहयोग की जरूरत है...

और इस नैतिक पहल को हम सब अपने ग्रुप के 

*""""एडमिन महोदय*"""" @vanis_jurnery255 @H1e9m9u9 @Brijesh_Pandey_Nature_Lover_108 @P2I0N9L  @PRAMJIT_SINGH🙏 """"""* 
की अगुवाई में ही इस प्रकार के सरोकार का कदम उठाया है। आप सभी इसमें अपनी आर्थिक स्थिति और क्षमता के अनुसार अपनी इस *मुहिम* को सफल बनाने के लिए आगे आएं …. जिससे एक गरीब लड़की की उम्मीद, उसकी स्टडी को और भविष्य को बचाया जा सके..🙏

... यह अपील आप सभी महानुभाव से महज *करुणादायी अथवा दया का भाव जागृत करने के लिए नहीं है* बल्कि एक गरीब परिवार में होते हुए जीवन से लड़ रही बच्ची को उसके *मां-बाप की उम्मीदों को सजोने का।। एक उपक्रम है...*🙏

 हमें आशा ही नहीं *पूर्ण विश्वास* है कि आप सभी इसके लिए आगे आएंगे...🙏🙏

और हम सभी की एक कोशिश है कि हमारा यह प्रयास *सार्थक* हो...

दोस्तों उस लड़की को मात्र 6,000 रूपये की जरूरत है अगर हम सभी ग्रुपवासी 50- 50 रूपये भी करें तो शायद हम सब मिलकर उस लड़की का सहयोग कर सकते है... 6,000 रूपये कोई ज्यादा बड़ी बात नहीं है..... जो व्यक्ति आरती का सहयोग करना चाहते है वह व्यक्ति ग्रुप में मैसेज करें....हमें आशा ही नहीं *पूर्ण विश्वास* है कि आप सभी इसके लिए आगे आएंगे...🙏🙏

*।।सर्वे भवंतु सुखिनः सर्वे संतु निरामया।।*.. 🪔",93.0,0.0,0,1592
women_girlsafety,1168,2023-03-02 08:54:59+00:00,",,,,स्त्री क्या है ,,,,,

भगवान .. जब स्त्री की रचना कर रहे थे ,
       तब उन्हें काफी समय लग गया !

 आज छठा दिन था , और स्त्री की रचना 
            अभी भी अधूरी थी !
    इसलिए देवदूत ने पूछा ~ भगवन् !
  आप इसमें इतना समय क्यों ले रहे हो ?

भगवान ने जवाब दिया ~ क्या तुमने 
इसके सारे गुण धर्म (specifications) 
देखे हैं, जो इसकी रचना के लिए जरूरी हैं !

👉 यह हर प्रकार की परिस्थितियों को 
              संभाल सकती है !
👉 यह अपने सभी बच्चों को एक साथ
             संभाल सकती है , एवं 
              खुश रख सकती है !
👉 यह अपने प्यार से ~
    घुटनों की खरोंच से लेकर टूटे हुये दिल 
          💔 के घाव भी भर सकती है !
👉 इसमें सबसे बड़ा गुणधर्म यह है कि 
        बीमार होने पर भी अपना ख्याल 
             खुद रख सकती है , एवं 
          18 घंटे काम भी कर सकती है !

देवदूत चकित रह गया , और आश्चर्य से 
पूछा ~ भगवान ! क्या यह सब ...
         दो हाथों से कर पाना संभव है ?

  भगवान ने कहा ~ यह स्टैंडर्ड रचना है !

        देवदूत ने नजदीक जाकर ...
    स्त्री को हाथ लगाया , और कहा ~
   भगवान .. यह तो बहुत सोफ्ट है !

भगवान ~ हाँ ... यह बहुत ही सोफ्ट है ,
    मगर ... इसे बहुत strong बनाया है !

 👉 इसमें हर परिस्थिती को संभालने की 
        ताकत है !

             देवदूत ने पूछा ~ 
          क्या यह सोच भी सकती है ?

   भगवान ने कहा ~ 
👉 यह सोच भी सकती है , और मजबूत 
        होकर मुकाबला भी कर सकती है !

         देवदूत ने नजदीक जाकर ...
   स्त्री के गालों को हाथ लगाया , और 
     बोला ~ भगवान ये तो गीले हैं !
   लगता है इसमें से लिकेज हो रहा है !

     भगवान बोले यह लीकेज नहीं है !
                         यह इसके आँसू हैं !

    देवदूत ~ आँसू किस लिए ?

             भगवान बोले ~ 
          यह भी इसकी ताकत हैं !
      आँसू .. इसको फरियाद करने , 
       प्यार जताने एवं अपना अकेलापन 
               दूर करने का तरीका है !

            देवदूत ~ भगवन् ! 
       आपकी रचना अदभुत है ! 
    आपने सब सोच-समझ कर बनाया है !
               आप महान हैं ! 

भगवान बोले ~ 
        यह स्त्री रूपी रचना अदभुत है !
         यही हर पुरुष की ताकत है , जो 
              उसे प्रोत्साहित करती है !
सभी को खुश देखकर ये भी खुश रहती है !
      हर परिस्थिति में हंसती रहती है !

               उसे जो चाहिए ... 
         वह लड़ कर भी ले सकती है !
       उसके प्यार में कोइ शर्त नहीं है !

       उसका दिल टूट जाता है , जब ...
       अपने ही उसे धोखा देते हैं !
        मगर .. हर परिस्थिती से ...
      समझौता करना भी जानती है !

      देवदूत ~ भगवन् ! 
             आपकी रचना संपूर्ण है !

           भगवान बोले ~ ना ...
           अभी इसमें एक त्रुटि है !
      यह अपनी  'महत्वत्ता'  भूल जाती है !

~ सभी आदरणीय स्त्रियों को समर्पित...यह हमारी माँ,पत्नी,मित्र, बहन  या बेटियां या कोई भी हो सकती है उनको हमारा नमन,,,,,🙏🙏",418.0,4.0,0,2598
women_girlsafety,1167,2023-02-28 16:19:09+00:00,"🙏🏻🥀🙏🏻*
  ︵︷︵︷︵︷︵︷︵​︷︵
  •❁  मेरी कोई ज़ायदाद नहीं  ❁•
  ︶︸︶︸︶︸︶︸︶︸︶
    एक दिन मैं तन्हा बैठा था 
      अपने मकान में,
        चिड़िया बना रही थी घोंसला 
          रोशनदान में.

    पल भर में आती .. 
      पल भर में जाती थी वो,
         छोटे-छोटे तिनके ...
            चोंच में भर लाती थी वो.

    बना रही थी वो अपना 
      घर .. एक न्यारा,
        एक तिनका ही था, 
          उसकी ईंट और गारा.

    कड़ी मेहनत से घर जब 
      उसका बन गया,
        आए खुशी के आँसू और 
          सीना तन गया.

     कुछ दिन बाद मौसम बदला और ...
        हवा के झोंके आने लगे,
          नन्हे से प्यारे-प्यारे दो बच्चे,
            घोंसले में चहचहाने लगे.

     पाल पोसकर चिड़िया ...
       कर रही थी बड़ा उन्हे,
          पंख निकल रहे थे दोनों के ...
            पैरों पर करती थी खड़ा उन्हे.

     इच्छुक है हर इंसान ...
       जमीन आसमान के लिए,
          कोशिश थी जारी उन दोनों की ...
            एक ऊँची उड़ान के लिए.
    
   देखता था मैं हर रोज उन्हें ...
     जज्बात मेरे उनसे कुछ जुड़ गए,
       पंख निकलते ही दोनों बच्चे ... 
          माँ को छोड़ अकेला .. उड़ गए.

   चिड़िया से पूछा मैंने कि .. तेरे बच्चे 
      तुझे अकेला क्यों छोड़ गए ?
         तू तो थी माँ उनकी ...
            फिर ये रिश्ता क्यों तोड़ गए ?

    इंसान के बच्चे अपने माँ-बाप का ...
       घर नहीं छोड़ते,
          जब तक मिले न हिस्सा अपना ...
              रिश्ता नहीं तोड़ते.

     चिड़िया बोली ~
        परिन्दे और इंसान के बच्चे में ...
                          यही तो फर्क है.
           आज के इंसान का बच्चा ...
         मोह-माया के दरिया में गर्क है.

     इंसान का बच्चा .. पैदा होते ही ...
       हर चीज पर अपना हक जमाता है.
         न मिलने पर वो माँ-बाप को ...
           कोर्ट कचहरी तक ले जाता है.

     मैंने बच्चों को जन्म दिया, पर ...
       करता कोई मुझको याद नहीं.
          मेरे बच्चे .. क्यों रहेंगे साथ मेरे, 
                   क्योंकि ... 
      ★  मेरी कोई जायदाद नहीं. ★

            ●▬▬๑۩ 🐣 ۩๑▬▬●",406.0,3.0,0,1875
women_girlsafety,1163,2023-02-19 13:27:02+00:00,"हमारा👉देश नही था सपेरों का। 
बस शिकार हो गया, लुटेरों का।😴
14 वीं 15वीं  शताब्दी तक यूरोप के अधिकांश लोग जंगल में रहते थे कपड़े बनाना जानते नहीं थे ।
कपड़ों के स्थान पर जानवरों की खाल का लबादा लपेटते थे या जानवरों की खाल से मोटे बने हुए जो जूट की बोरी से भी ज्यादा खराब क्वालिटी के कपड़े जिसको कहा नही जा सकता वह ओढते थे नग्नता, असभ्यता की अशिक्षा की अवैज्ञानिकता की निशानी है भारत में केवल रुई के नही बल्कि सोने चांदी के तारों से कपड़े बनाना जानता था और नग्नता भारत की कभी भी निशानी नहीं रही । भारत ऐसा देश है जिसने ऐड़ी से लेकर चोटी तक उंगली के नाखून से लेकर बाजू तक लगभग हजारों प्रकार के आभूषण ,हजारों प्रकार के कपड़ों के डिजाइन और उसमें भी हजारों प्रकार के अलग-अलग जेवर में कपड़ों के डिजाइन भारत ने बनाए हैं। इस भारत में यदि कोई नग्नता को आधुनिकता मानता है तो वह निरा महामूर्ख है, नग्नता आधुनिकता की नहीं है असभ्यता और दरिद्रता की निशानी है।🇮🇳",525.0,3.0,0,846
women_girlsafety,1161,2023-01-31 15:09:55+00:00,"कुछ पुरूषों की मानसिकता...

पुरूष का प्यार तब तक प्यार है, जब तक वो स्त्री को स्पर्श ना करले
जबतक वो स्त्री स्पर्श को छू नहीं पाता उसके लिए वो सबकुछ होती है
और जैसे ही स्त्री उसपर भरोसा करती है अपनी दुनिया समझने लगती है और सौप देती है 
सबकुछ 
अचानक से वो उसे घिनौनी लगती है ,चरित्र हीन लगने लगती है ,
क्यू 
उस स्त्री ने तो उसे भगवान माना है अच्छा बुरा कुछ सोचा ही नहीं
लेकिन पुरूष तो प्यार करता ही नहीं था वो तो सिर्फ और सिर्फ उसके शरीर को पाना चाहता था 
उसके जज्बात उसका प्यार या उसका सम्मान उसके लिए सब एक दिखावा है 
वो बस यही तक आना चाहता है औरत के साथ 
अगर पुरूष इतना पवित्र है तो  क्यूँ वो हर औरत को वासना की नजर से देखता है 
क्यू छूना चाहता है हर औरत को
और जिन हाथों से वो किसी परायी औरत को छूता है फिर क्यूँ उन्ही हाथों से अपनी पत्नी को छूता है 
अगर एक पुरुष के छूने से एक औरत अपवित्र होती है तो उस औरत को छूकर पुरूष कैसे पवित्र रह जाता है
उन्हीअपवित्र हाथों के छूने से उसकी बीवी उसकी बेटी कैसे पवित्र रह सकती हैं 
जो खेल वो घर से बाहर हर दूसरी औरतों के साथ खेलना चाहते हैं 
अगर वही खेल उनकी अपनी बीवी या बेटी के साथ कोई खेल रहा हो तो
क्या वो उनको अपना पायेगा या फिर अपने आप को माफ कर पायेगा ??

शायद जानते बूझते हुए... कदापि नहीं।

दोस्तों... बहन - बेटियां यदि दुश्मन की भी हों तो उनके लिए वही भाव रखिए जैसा हम अपनी बहन और बेटियों के लिए रखते हैं..!!",561.0,4.0,0,1258
women_girlsafety,1157,2023-01-29 15:06:17+00:00,"**समूह के सभी सदस्य ...... आप सभी  भी  अपना अपना पूर्ण सहयोग  दीजिये इस ग्रुप को आगे बढ़ाने में......
ये ग्रुप का उद्देश्य  है समाज मे बदलाव और  सुरक्षा हेतु.....आप सभी ज्यादा से ज्यादा लोगो को जोड़िये  जिस से सभी को पता चले इस ग्रुप के बारे में... आपका सहयोग समाज का विकास....**",93.0,0.0,0,279
women_girlsafety,1153,2023-01-25 18:51:31+00:00,"एक मुसाफिर
तुम मंदिर उतर जाना में मस्जिद 🙏",340.0,0.0,0,42
women_girlsafety,1151,2023-01-22 06:01:17+00:00,"बीकानेर: दो बहनों की शादी का नेग लेने पहुंचे थे किन्नर, पता चला पिता की हो गई है मृत्यु, किन्नरों ने उठा लिया शादी का खर्चा और दोनो बहनों की करा दी धूम धाम से शादी !
तुम्हारे घर भगवान गए थे बिटिया 🙏",393.0,0.0,0,198
women_girlsafety,1149,2023-01-19 16:26:56+00:00,"पोस्ट बूरी लगे तो l am Really sorry Sorry Sorry 
      सभी गर्ल के लिए एक बहुत बड़ा कदम है यह
दिल को छूने वाली पोस्ट है.....
गर्ल _ बाबू यह क्या कर रहे हो
Boy - शादी के बाद जो पति करता है .. अपनी पत्नी के साथ..
Girl - तो अभी क्यू..
Boy - तो मैं क्या गलत कर रहा हूँ .. जो शादी के बाद करते है वो मैं पहले कर रहा हूँ .. मैं तुम्हारा पति हूँ मेरा हक़ है.. शादी से पहले ..
Girl - यह अच्छी बात नही.. पर शादी तो नही हुई ना ..
Boy - तू सोच रही है ना मैं टाइम पास कर रहा हूँ मैं तुझे अपनी पत्नी समझता हूँ .. तुम तो , ओके आज के बाद तुझे टच भी नही करूँगा ..,
Girl - बाबू sorry .. मैं तुम्हारी हूँ. मुझ पर सिर्फ तुम्हारा ही अधिकार है. जो चाहे वो कर सकते हो.. sorry
Boy - Thankyou my sweet wife..
2 महीने के बाद..,
Girl - बाबू मैं प्रेग्नेन्ट हूँ.?
Boy - क्या,
Girl - प्लीज मुझसे शादी करलो..,
Boy - पागल हो गयी हो क्या? 
अभी नही कर सकता शादी.. मैं जोब भी नहीं करता..एक काम करो हॉस्पिटल जाके Abortion karwa lete हैं.?
Girl - नहीं एक मां अपनी ही बच्ची को नही मार सकती.,
Boy - ठीक है यह डिसाइड करलो की तुम्हें यह किसी और का बच्चा चाहिए.?
या मैं ..,
Girl - क्या किसी और का बच्चा??
वाव बहुत अच्छा यह ही सुनना बाकी रह गया था .,
Boy - और नहीं तों क्या ? जो लड़की शादी से पहले ही मेरे साथ रिलेशन्स रख सकती है..
तो क्या गारंटी है की किसी और के साथ नही कर सकती हो.. 
किसी और का बच्चा नही हो सकता क्या गारंटी है.?
Girl - छि कुछ तो शर्म करो .. भगवान सब देख रहे है..माफ़ नही करेंगे तुम्हें .,
Boy - सुनो आज़ से अपनी सकल मुझे मत दिखना किसी और के बच्चे को मेरा नाम दे रही हो ..छि कितनी घटिया है तू..,
Girl - (jor jor से रोने लगती है) ठीक है...
बहुत पछतायेगा तू.. (crying)
(Girl बहुत रोने लगती है और Mom Dad ने उसको घर से निकाल दीया... वो अकेली इधर उधर घूमती रही पर किसी ने उसे हेल्प नही की एक दीन एक कार के सामने आ गयी और उसकी Death हो गई.)
     पर उस बच्ची की क्या गलती थी जो दुनिया में आने से पहले ही आँख बुझा दी.?
    गलती दो प्यार करने वाले करते है. पर सजा किसी और को मिलती है ...
     और एक बात boys से कहना चाहता हु मैं 
ये जो_ girls होती हैं ना इन्हें अपनी इज़त अपनी जान से भी ज़्यादा प्यारी होती हैं..,
     ये हम boyz पे इसलिए भरोसा नही करती हैं के हम बहुत cute हैं बल्कि इसलिए करती हैं .
    वो समझती हैं हम भी उनसे सच्चा प्यार करते हैं उनको क्या पता हैं के कुछ boys   सिर्फ और सिर्फ girls को यूज़ करने के लिए ही प्यार करते हैं ..,
     मर्द की मर्दानगी ओरत की इज़त लुटने से नही बढ़ती हैं बल्कि उनकी इज्ज़त करने से बढ़ती है! 
       कुछ गलत लिखा हो तो नादान समझ कर माफ़ कर देना.",437.0,12.0,0,2348
women_girlsafety,1147,2023-01-19 15:11:50+00:00,यह वीडियो देश की हर लड़की को देखनी चाहिए,326.0,3.0,0,39
women_girlsafety,1146,2023-01-18 15:31:20+00:00,"मेरा तो बस इतना कहना है कि....
जब भी किसी रिश्ते में से किसी एक को निकलना हो तो...
 बिना किसी साज़िश के...
बिना उस रिश्ते को ख़राब किए हुए...
 बिना किसी को नीचा दिखाए...
बिना सही ग़लत की लड़ाई किए...
बिना किसी पर झूठे आरोप लगाए हुए...
शांति से और आपसी सहमति से उस रिश्ते से निकल जाना चाहिए..!!
सामने वाले को एक बार ज़ोर से गले लगा कर, जो की उस रिश्ते का हक़ था 
सिवाय तुम ग़लत मै सही, मैंने ये किया, तुमने वो किया..
 
जिसे जाना होता है, वो जाता है दोस्तों,
 तुम लाख रो लो, गा लो या मर लो और सत्य तो ये भी है कि मरते तुम भी नहीं...
जो सोचते थे की उसके जाने के बाद मर जाओगे..
तो छोड़ो, बढ़ो आगे, क्यूँ कि उसको किसी और का हाथ थामना होगा तो वो थाम ही लेंगे...
 बस तुम अपने मन से सच्चे रहना ताकि वो कभी किसी चौराहे पे तुम्हें कभी दिख जाए तो...

रिश्तों को ऐसी ख़राब करके मत जाओ की कभी किसी चौराहे पे मिलो तो आँखे भी ना मिला पाओ..!!",340.0,5.0,0,826
women_girlsafety,1144,2023-01-14 17:36:42+00:00,"एक बेटा पढ़-लिख कर बहुत बड़ा आदमी बन गया .
पिता के स्वर्गवास के बाद माँ ने हर तरह का काम करके उसे इस काबिल बना दिया था.
शादी के बाद पत्नी को माँ से शिकायत रहने लगी के वो उन के स्टेटस मे फिट नहीं है.
लोगों को बताने मे उन्हें संकोच होता है कि ये अनपढ़ उनकी सास-माँ है…!
बात बढ़ने पर बेटे ने… एक दिन माँ से कहा....
” माँ ”_ मै चाहता हूँ कि मै अब इस काबिल हो गया हूँ कि कोई भी क़र्ज़ अदा कर सकता हूँ मै और तुम दोनों सुखी रहें, इसलिए आज तुम मुझ पर किये गए अब तक के सारे खर्च सूद और व्याज के साथ मिला कर बता दो .
मै वो अदा कर दूंगा…!
फिर हम अलग-अलग सुखी रहेंगे.
माँ ने सोच कर उत्तर दिया…
“बेटा”_ हिसाब ज़रा लम्बा है…. सोच कर बताना पडेगा मुझे.
थोडा वक्त चाहिए.
बेटे ने कहा माँ कोई ज़ल्दी नहीं है. दो-चार दिनों मे बता देना.
रात हुई, सब सो गए, माँ ने एक लोटे मे पानी लिया और बेटे के कमरे मे आई.
बेटा जहाँ सो रहा था उसके एक ओर पानी डाल दिया.
बेटे ने करवट ले ली.
माँ ने दूसरी ओर भी पानी डाल दिया.
बेटे ने जिस ओर भी करवट ली माँ उसी ओर पानी डालती रही.
तब परेशान होकर बेटा उठ कर खीज कर बोला कि माँ ये क्या है ?
मेरे पूरे बिस्तर को पानी-पानी क्यूँ कर डाला..?
माँ बोली बेटा तुने मुझसे पूरी ज़िन्दगी का हिसाब बनानें को कहा था.
मै अभी ये हिसाब लगा रही थी कि मैंने कितनी रातें तेरे बचपन मे
तेरे बिस्तर गीला कर देने से जागते हुए काटीं हैं.
ये तो पहली रात है ओर तू अभी से घबरा गया ..?
मैंने अभी हिसाब तो शुरू भी नहीं किया है जिसे तू अदा कर पाए…!
माँ कि इस बात ने बेटे के ह्रदय को झगझोड़ के रख दिया.
फिर वो रात उसने सोचने मे ही गुज़ार दी. उसे ये अहसास हो गया था कि माँ का क़र्ज़ आजीवन नहीं उतरा जा सकता.
माँ अगर शीतल छाया है. पिता बरगद है जिसके नीचे बेटा उन्मुक्त भाव से जीवन बिताता है.
माता अगर अपनी संतान के लिए हर दुःख उठाने को तैयार रहती है. तो पिता सारे जीवन उन्हें पीता ही रहता है.
हम तो बस उनके किये गए कार्यों को आगे बढ़ाकर अपने हित मे काम कर रहे हैं.
आखिर हमें भी तो अपने बच्चों से वही चाहिए ना  ॥
अर्थात अपने माता पिता से कोई ऊरिन हो ही नहीं सकता ,इसलिए अपने माता-पिता की सेवा करना  ही सबसे बडी पूजा है,ओर यही धर्म भी है वही हमारे साक्षात भगवान हैं।।
🌹 🌹 🌹 🌹 🌹 🌹 🌹 🌹 🌹 


हर_बेटी_मेरी",416.0,1.0,0,1972
women_girlsafety,1142,2022-12-28 12:58:57+00:00,"कोरबा: छत्तीसगढ़ के कोरबा जिले में एक व्यक्ति ने 20 वर्षीय युवती पर पेचकस से 51 बार वार कर कथित तौर पर उसकी हत्या कर दी, क्योंकि पीड़ित ने आरोपी से बात करने से इनकार कर दिया था. आरोपी जब पीड़ित के घर पहुंचा, तब वह अपने घर में अकेली थी.आरोपी ने वार करने के दौरान युवती के चेहरे पर तकिया रखा था, ताकि उसकी चीख कोई नहीं सुन सके और उस पर 51 बार पेचकस से वार किया.",406.0,2.0,0,359
women_girlsafety,1140,2022-12-24 06:44:16+00:00,Right...💯💯,492.0,2.0,0,10
women_girlsafety,1139,2022-12-19 15:25:33+00:00,"🔴जब कोई औरत बच्चे की पैदाइश के वक्त दर्द से चीख रही होती है, तड़प रही होती है, एक आदमी के वंश को बढ़ाने की खातिर कैसे तड़पती है ताकि उसे बाद मे ये ना कह सके कि
 "" तुमने_क्या_किया_है_मेरे_लिए..❓

तुमने औलाद पैदा कर के कोई अनोखा काम नही किया! कभी उसे घर से निकाल देने और तलाक़ की धमकी ना दे, एक पल मे ना कह दे उसके माँ बाप को के ले जाओ अपनी बेटी को❗

काश,,,,,,,,, 
काश के एक पल मे औरत को एक कौड़ी का कर देने वाले मर्द भी उस दर्द का अंदाजा कर सके जो बीस हड्डियो के एक साथ टूटने के बराबर होती है❗

औरत क्या है?
हॉट है, चोट है, या सड़क पर गिरा नोट है?
अकेली दिखती है तो,.......ललचाती है,.......बहलाती है,
बड़े-बड़े योगियों को भरमाती है❗

अपनी कोख से जनती है, पीर पैगम्बर फिर भी पाप का द्वार कहलाती है❗

चुप रहना ही स्वीकार्य है, बस बोले तो मार दी जाती है।
प्रेम और विश्वास है गुण उसका उन से ही ठग ली जाती है❗

जिस को पाला निज वत्सल से जिस छाती से जीवन सींचा
उस छाती के कारण ही वो उन की नजरों में आती है❗

मेरा तन मेरा है, कह दे तो मर्यादा का उल्लंघन है।
और ये औरत ही विवाह समय बस दान में दे दी जाती है।

साहस भी है, अहसास भी है ईश्वर की रचना खास भी है
अपमानित हो कर क्यों फिर वो गाली में उतारी जाती है🔴

(Write by)-
@josh6767",465.0,0.0,0,1115
women_girlsafety,1138,2022-12-19 07:09:20+00:00,"Sun Aey Musafir 

Manjil kareeb hai, 
magar Raasta lamba hai,
Yaha Tujhe muskilo se bhi ladna hai,
Logo ke gande tane bane muh dekhne ko milenge,

Yaha Tujhe Apno mein paraiye bhi milenge,
Magar Tu rukna nahi Udaas na Hona,
Logo ka kaam hai kahna unhe kahne dena,
Bs Tu khamosh hokar chalte rahna,

Ek din woh bhi aayega jb teri Manjil Tu payega,
Bahut Haseen hoga woh din 
jb hr koi tera hi naam गुनगुनाये गा 

Tu rukna nahi bs chalte rahna 
Ek din Tu apni Manjil pa hi jayega...🤟😊",333.0,0.0,0,482
women_girlsafety,1136,2022-12-14 13:45:46+00:00,"*सभी के साथ विनम्रता और दया से व्यवहार करें*,       
             *इसलिए नहीं कि वे अच्छे हैं*, *बल्कि इसलिए कि आप अच्छे हैं।”*
🌹🌹🌹🌹🌹🌹🌹🌹🌹🌹🌹🌹",152.0,0.0,0,140
women_girlsafety,1135,2022-12-12 14:56:29+00:00,"आवश्यक जानकारी :~
————————
भारतीय रिजर्व बैंक द्वारा जारी एक रुपए से लेकर बीस रुपए तक समस्त सिक्के देश की वैध मुद्रा है। किसी व्यक्ति द्वारा इन सिक्के को (बंद हो गया है या नकली है) कहते हुए अस्वीकार करने पर आप उसके खिलाफ भारतीय मुद्रा अधिनियम व आइपीसी के तहत FIR दर्ज करा सकते है।

किसी भी व्यक्ति द्वारा एक रुपये से लेकर बीस रुपए तक के सिक्के ना स्वीकार करने पर तत्काल सहायता हेतु पुलिस हेल्पलाइन 100/ 112 पर कॉल करे। वैध मुद्रा लेने से इंकार करने वालों पर भारतीय मुद्रा अधिनियम के साथ IPC की धारा 489(A) से 489(E) के तहत भी शिकायत दर्ज किया जा सकता है।",342.0,0.0,0,554
women_girlsafety,1134,2022-12-12 14:08:40+00:00,"महिलाओं के विरूद्ध हो रहे अपराधों को ना सहें, उत्पीड़न या छेड़खानी होने पर तुरंत मोबाइल उठाएँ एवं 1090 मिलाएँ।",329.0,1.0,0,110
women_girlsafety,1130,2022-12-02 14:36:59+00:00,"तुम्हें भी देने पड़ते हैं
प्रमाण अपनी महिला मित्र से
पवित्र रिश्ते का
अपने पुरुष समाज को,

स्त्री के लिए तो घोर पाप हैं
किसी पुरुष से मित्रता करना,

आज भी हमारा समाज 
स्त्री-पुरुष के रिश्ते को
घिनोनी दृष्टि से देखता हैं,

मित्रता जैसे पवित्र रिश्ते को
अवैध संबंध करार देता हैं
बिना सत्य की तह तक जाए,

यह सोच प्रमाणित करती हैं
हमारे विकासक्रम को
हम कितने विकसित हुए,

कितने शिक्षित हुए,
और कितने आधुनिक,
इससे अच्छा तो आदिम युग
ही था...

भले ही तन पर कपड़ा न था
सोच इतनी विकृत तो नहीं थी
बंधन इतने कठोर तो नहीं थे,
ज्यों-ज्यों सभ्यता का विकास हुआ 
बौद्धिकता खंडहरों में तब्दील
होती चली गई,

मानव जितना सभ्य हुआ
अश्लीलता का 
आवरण ओढ़ता चला गया,

इस प्रकार की प्रगति को देखकर
अतीत में लौट जाना
बेहतर लगता हैं,

इस नकली और दिखावटी सभ्यता
का अंत हो जाना ही श्रेयस्कर लगता हैं...!!

- @josh6767",326.0,1.0,0,785
women_girlsafety,1127,2022-11-27 06:30:51+00:00,"एक गर्भवती स्त्री ने अपने पति से कहा, ""आप क्या आशा करते हैं लडका होगा या लडकी""
पति-""अगर हमारा लड़का होता है, तो मैं उसे गणित पढाऊगा, हम खेलने जाएंगे, मैं उसे मछली पकडना सिखाऊगा।"" 
पत्नी - ""अगर लड़की हुई तो...?"" 
पति- ""अगर हमारी लड़की होगी तो, मुझे उसे कुछ सिखाने की जरूरत ही नही होगी""
""क्योंकि, उन सभी में से एक होगी जो सब कुछ मुझे दोबारा सिखाएगी, कैसे पहनना, कैसे खाना, क्या कहना या नही कहना।""
""एक तरह से वो, मेरी दूसरी मां होगी। वो मुझे अपना हीरो समझेगी, चाहे मैं उसके लिए कुछ खास करू या ना करू।""
""जब भी मै उसे किसी चीज़ के लिए मना करूंगा तो मुझे समझेगी। वो हमेशा अपने पति की मुझ से तुलना करेगी।""
""यह मायने नही रखता कि वह कितने भी साल की हो पर वो हमेशा चाहेगी की मै उसे अपनी baby doll की तरह प्यार करूं।""
""वो मेरे लिए संसार से लडेगी, जब कोई मुझे दुःख देगा वो उसे कभी माफ नहीं करेगी।""
पत्नी - ""कहने का मतलब है कि, आपकी बेटी जो सब करेगी वो आपका बेटा नहीं कर पाएगा।""
पति- ""नहीं, नहीं क्या पता मेरा बेटा भी ऐसा ही करेगा, पर वो सिखेगा।""
""परंतु बेटी, इन गुणों के साथ पैदा होगी। किसी बेटी का पिता होना हर व्यक्ति के लिए गर्व की बात है।""
पत्नी -  ""पर वो हमेशा हमारे साथ नही रहेगी...?""
पति- ""हां, पर हम हमेशा उसके दिल में रहेंगे।""
""इससे कोई फर्क नही पडेगा चाहे वो कही भी जाए, बेटियाँ परी होती हैं""
""जो सदा बिना शर्त के प्यार और देखभाल के लिए जन्म लेती है।""
""बेटीयां सब के मुकद्दर में, कहाँ होती हैं
जो घर भगवान  को हो पसंद  वहां पैदा होती हैं बेटियाँ .",415.0,5.0,0,1345
women_girlsafety,1124,2022-11-25 08:05:01+00:00,"🌸Ladki ka kirdaar

Ek ladki ka kirdaar itna mazboot to hona chahiye,
ke mard ko us tak pahonchne ka sirf ek hi rasta mile...

Matlab Nikah ka rasta 

baki wo hazar minnate kare shifarishe kare lekin wo use apni baato mein na la sake,
itna mazboot kirdaar to hona chahiye...",114.0,0.0,0,273
MDersConfa,1732,2026-05-23 20:35:16+00:00,"Здрастее,мне психиатр поставил БАР,но тип не сказали,с депрессивной фазой всё понятно,а может ли быть мания без психоза?На гипоманию не сильно похоже просто,агрессия,эйфория,есть паранойя,сплю или 1-2,или вообще не сплю,странные идеи,зрительные/слуховые галлюцинации были,но не пугали
мне к врачу ещё не скоро,интересно узнать ваше мнение🫠

୨୧・┈ #МДтейк ┈・୨୧
:→@MDersbot || #БАР",49.0,1.0,2,378
MDersConfa,1715,2026-05-23 17:17:30+00:00,"Вопрос людям у которых траблы с башкой после груминга. Как у вас вообще терапия вся хуйня проходит? Мне оч надо узнать что вообще да как. Я в душе не могу представить даже что там может быть такого помогающего я не понимаю ааааааааа
И если что про таблетки. Например помогает вам нет, побочки все дела

୨୧・┈ #МДтейк ┈・୨୧
:→@MDersbot || #Общее",37.0,1.0,1,342
MDersConfa,1710,2026-05-23 14:30:34+00:00,"Тв/кв: сх, суицид

Всем привет, я хотела спросить.... Мать наконец то решила меня записать к детскому психиатру... И я хочу спросить... Как проходили ваши приемы? Что детский психиатр может сделать, если увидит шрамы и порезы? Отправят ли меня в психдиспансер, если у меня мысли о том, как покинуть сервер ""жизнь"", и даже есть план?Простите что много вопросов, мне страшно..
Анон

୨୧・┈ #МДтейк ┈・୨୧
:→@MDersbot || #Общее",73.0,1.0,7,420
MDersConfa,1682,2026-05-21 15:50:21+00:00,"всем пр друзья товарищи ебать. вышла я от психиатра с штрл и расстройством адаптации. 

что я могу сказать. три года я думала что если слышу в шуме кондиционера монолог то это нормально. я охуела. задавайте вопросы

୨୧・┈ #МДтейк ┈・୨୧
:→@MDersbot || #ШтРЛ",100.0,0.0,2,254
MDersConfa,1681,2026-05-21 12:31:04+00:00,"собрал фулхаус. мне другой психиатр ставил депрессивный эпизод, потом тяжелую депрессию. оказалось все куда хуже..

୨୧・┈ #МДтейк ┈・୨୧
:→@MDersbot || #РАС #ПРЛ #СДВГ #прдпРПП",109.0,1.0,5,173
MDersConfa,1676,2026-05-20 17:01:11+00:00,"🍙 любишь шушиков?
🍙 хочешь больше контента по ним..?
🌟🌟🌟🌟🌟🌟🌟🌟🌟🌟🌟?
ᥕᥱᥣᥣ . . точно в цель!! 🤩
welcome tooo —
     🕊 "" "" ¦︎** **🌟🌟🌟🌟🌟🌟🌟🌟🌟🌟🤩
                       🤩 🌟🌟🌟🌟!! ¦︎ "" "" 
                                               🥹  cf + daily__
__🤩 __здесь вы можете довольствоваться и делиться любым контентом с шиншиллами __!",85.0,0.0,1,322
MDersConfa,1675,2026-05-20 12:56:13+00:00,"тв суицид
как обратиться к психиатру если у меня вообще нет возможности 
из-за расставания с девушкой паранойи подозрительности  чувства брошенности и нездоровой привязанности у меня всплыла травма которую я закопал глубоко в себе. я вспоминал ее около двух-трех месяцев, может даже больше: сначала меня трясло от запахов которые ассоциировались с тем периодом, бился головой об стену чтобы больше не слышать не думать об этом когда я думаю о случившемся бьюсь головой об стены рву волосы на голове меня тошнит иногда просто сижу пялюсь в одну точку потом начинаю рыдать вскрикиваю от раздражения  кружится голова так же заметил что это сильно влияет на мое сексуальное развитие если бы меня даже попросили рассказать о том что случилось я бы не смог просто заплакал и убежал бы я нервный раздражительный очень обидчивый ревнивый постоянно плачу хотя до того как я начал вспоминать все было нормально я конечно плакал иногда но из-за этого и не становился плаксой я чувствую что не заслуживаю любви не заслуживаю друзей счастья я для себя как обуза пятно мерзкое существо мне даже противно про себя говорить знаете будто я смотрю на этого человека и думаю какой он мерзотный лучше бы я умер где-то
я не имею возможности ни к кому обратиться тем более мне не нужно чтобы мне в медкарте написали что я больной идиот ибо понимаю что там явно не один диагноз или я себе накрутил говна я собираюсь покорять горы я стану победителем физических олимпиад и уйду в инженерное дело если мне напишут это я буквально лишусь всего и я не смогу обеспечить матери богатство и счастье ей нечем будет гордиться и реализовать я себя не смогу нахуй мне это надо. у меня даже план был когда я вырасту и отдам матери все что могу обеспечу чем надо а потом перережу себе горло чтобы перестать мучиться. я знаю что мне никто не поможет и я никому о случившемся не расскажу я не хочу чтобы меня возненавидели девушка бросила меня потому что я скрытный и именно она заставила меня вспомнить весь этот ужас своим отношением я даже ей не смог открыться а мать мне сказала прямым текстом что если я разобью себе голову или окажусь неадекватным она меня бросит оставит в детдоме нахуй ей нужен больной ребенок я просто разбит

୨୧・┈ #МДтейк ┈・୨୧
:→@MDersbot || #Непонятно",116.0,0.0,2,2241
MDersConfa,1665,2026-05-18 20:10:29+00:00,"тв: политика, упоминание самовыпила

я устал от своего прошлого,  которое не могу забыть из-за ебаного кптср. я стыдюсь своей травмы, ведь все мне говорят, что я просто балованный. когда в 22 году началась война, мне пришлось покинуть свою страну и уехать за границу, в Испанию. это было не по моей воле, я совсем не хотел уезжать, но никто меня не спрашивал. мне пришлось покинуть мой родной город, друзей, родных, дом и отца к которому я был безумно привязан. каждый день я плакал ведь хотел домой. и это все превратилось в депрессию, я ненавидел Испанию (и сейчас тоже), я ненавидел свою жизнь, войну и себя, безумно хотел домой, у меня было 3 попытки самовыпила, но у меня ничего не вышло. это был безумно тяжелый период в моей жизни, который оставил на мне огромный шрам. я постоянно ругался с мамой, меня обижали в школе и было много проблем. но спустя полтора года я вернулся домой, если бы этого не произошло, меня бы уже не было.  и теперь мне безумно страшно ездить за границу даже на отдых. все радуются лету, морю, а у меня слезы на глазах, что все вернется и я больше не вернусь домой. когда кто то упоминает Испанию, я будто проживаю те моменты заново. я устал. ещё мои родителям заставляют меня насильно учить испанский, чтобы я его не забыл, это просто пиздец.

୨୧・┈ #МДтейк ┈・୨୧
:→@MDersbot || #КПТСР #Депрессия",142.0,0.0,7,1328
MDersConfa,1664,2026-05-18 20:07:38+00:00,"Здаров ребята! У меня БАР 1, из-за ламотриджина началась сыпь и поэтому отменили его, но новый нормотипик мне врач не назначил, и я щас чисто на 0.5 мг рисперидона на ночь. Это вообще нормально? Или стоит другого психиатра найти? Или ждать прием все таки?

୨୧・┈ #МДтейк ┈・୨୧
:→@MDersbot || #БАР",134.0,0.0,3,294
MDersConfa,1663,2026-05-18 19:36:03+00:00,"ТВ: политика

кптср стёр мою личность, менталку и физ здоровье, все устали от моих проблем, на специалиста нет денег и возможности.
недавно было обострение из за которого я лежала как овощь в онемении и с истерикой не могла смотреть в окно, потому что деревья позеленели и солнце светило точно также как 4 года назад в оккупации💪🔥✌️😅 я выжата морально и физически хоть  уже прошло недели две после этого не помню.
я чувствую себя очень одиноко, люди из моего города или других где были боевые действия и/или оккупация не понимают меня. не обесценивают но говорят что живут как обычно дальше с чувством облегчения что это закончилось. хей нана а как же я

простите я устала я хотела это кому то написать,
краткая биография так сказать


୨୧・┈ #МДтейк ┈・୨୧
:→@MDersbot || #КПТСР",150.0,1.0,3,775
MDersConfa,1662,2026-05-18 19:26:22+00:00,"у моей тети диагностировано заболевание - короче, лёгкая форма аутизма. и хотя я выросла с ней под боком (мы с ней, бабулей и кузиной видимся минимум раз в месяц), мне все равно хотелось бы спросить совета, как с ней лучше всего общаться. она осознает, что у неё «есть проблема», но обычно это не обсуждается. она ссорится с кузиной и бабушкой(её дочерью и матерью), из-за чего моему отцу(ее брату) иногда нужно приезжать и всех успокаивать. она на самом деле милый человек. ей нравятся кошки и попугаи, её смешат курицы. она жестко разбирается в нашей родословной. так как с ней контактировать? в смысле, что мы, конечно, иногда общаемся, но я все равно чувствую внутреннее волнение 

୨୧・┈ #МДтейк ┈・୨୧
:→@MDersbot || #РАС",137.0,1.0,2,723
MDersConfa,1649,2026-05-18 17:40:36+00:00,"🍬🍬 🥹  ☺️o u like   💤
🤩🤩🤩🥹 slimeknight  nvm
& __want__ **more** content __of them__❓
🥹well . . . 
  🍬  🍬  then sub **now** ‼️🔔
🗝rt cr: yyurpigeon on tt",75.0,3.0,0,150
MDersConfa,1647,2026-05-18 17:31:27+00:00,"🤩🤩-🔤__~~де чертов гороскоп с мга~~!!??__🥹➖➖➖➖➖➖
     __загляните в наш..__
🥹🔘🔘🔘🔘🔘🔘🔘🔘🤩
❤️🍀🍀🍀 🍀🔘🍀🥹😀😀😀
    ⏬   🤩/.              🎁➖➖       😀➖➖",77.0,0.0,0,138
MDersConfa,1588,2026-05-14 05:31:04+00:00,"Кв/тв: сх

всем приветттт. ребята, которые занимаются селфхармом (неважно, каким именно), расскажите пожалуйста, какие при этом у вас диагностированы расстройства или какие есть подозрения? ещё очень хочется узнать, как вы себя во время этого ведёте и сильно ли это мешает лично вам жить. я просто с этой херней живу больше 5 лет и если раньше это делала с целью наказания только при определённых моментах, то сейчас это происходит на ежедневной основе без каких-либо причин. и меня уже начинает пугать, что я после этого будто бы становлюсь совсем другим человеком и веду себя максимально нездорово, хотя на повседневной основе я адекватная и при взаимоотношениях с другими людьми я веду себя безопасно и стабильно

୨୧・┈ #МДтейк ┈・୨୧
:→@MDersbot || #Общее",247.0,3.0,4,756
MDersConfa,1554,2026-05-13 16:31:19+00:00,"привет, расскажите пожалуйста про действие препарата тералиджен, для чего его выписывают?. мой знакомый мимолетом упомянул что его принимает, выписывают ли рецепт на это при каких-то расстройствах или чего-то подобного?

୨୧・┈ #МДтейк ┈・୨୧
:→@MDersbot || #Общее",225.0,2.0,7,260
MDersConfa,1553,2026-05-13 16:04:29+00:00,"всем привет, расскажите пожалуйста о опыте принятия препарата таниксен солофарм🙏
у меня стоит депрессия, но этот препарат вроде как от окр (я читала в инструкции) ещё я пью Атаракс, но я от него только спать хочу

୨୧・┈ #МДтейк ┈・୨୧
:→@MDersbot || #Общее",234.0,0.0,1,253
MDersConfa,1552,2026-05-13 08:03:17+00:00,"Ребят, привет. А порассказывайте, пожалуйста, о вашем (🫵🏻) опыте обращения в бесплатные психологические службы. Телефоны доверия, сайты всякие, может. Спрашиваю с целью посмотреть, кто куда обращался по части психологической помощи, и как в итоге всё прошло.
Общее

୨୧・┈ #МДтейк ┈・୨୧
:→@MDersbot || #Общее",250.0,1.0,16,305
MDersConfa,1551,2026-05-13 07:45:42+00:00,"Доброе время суток читающим!! Заранее прощу прощения, если этот тейк вышел размытым и оборванным по содержанию или не совсем соответствующим тематике. Также любезно хочу обозначить, что [мои] нижеперечисленные симптомы продолжительны (больше двух-трёх недель) и мешают мне функционировать иначе бы я сюда не писал нуну.
Есть ли какие-нибудь способы самому (без медикаментов и квалифицированной психотерапии) бороться с паранойей и беспричинной  (действительно беспричинной) агрессией?
Под паранойей я имею в виду мысли от весьма обычных вроде ""боюсь, что мои друзья ненавидят меня и имеют на меня целый архив/компромат"" (что может сойти за просто тревожку я думаю?) до убежденности в том, что прохожие могут читать мои мысли или что у меня дома обязательно где-то спрятан жучок. Очень много на самом деле мыслишек разного сорта в голову приходит, долго перечислять, но, надеюсь, картинка складывается.
Касательно агрессии: ощущается будто бы мне моча в голову бьёт,  возникает очень внезапно, даже триггера иногда не нужно. Это контролируемо, но жить так мне очень и очень трудно.
Спасибо большое если прочли, огромная благодарность если ответите.

୨୧・┈ #МДтейк ┈・୨୧
:→@MDersbot || #Непонятно",230.0,2.0,3,1192
MDersConfa,1488,2026-05-10 13:26:54+00:00,"Ребята, простите конечно за такую просьбу, но кто-нибудь сможет рассказать, какие симптомы, характерные ""повадки""? У людей, который есть скрытое раздвоение личности.
Я пишу сейчас историю, и хотелось бы узнать, как правильно было бы сделать. 
Лор персонажа в том, что у неё, на фоне проблем в окружении и других препаратов, усилилось, до виденных симптомов, расстройство.  И она начала причинять вред другим и т.п.
Как правильно, это вообще может выглядеть, и какие эмоции могут выражаться?

୨୧・┈ #МДтейк ┈・୨୧
:→@MDersbot || #ДРИ",266.0,0.0,1,529
MDersConfa,1487,2026-05-10 12:52:27+00:00,"просто история из жизни, где-то год или чуть больше психиатр думал что у меня прл или бар, остановились что прл потому что признаков и симптомов оч дохуя, а недавно я пошёл к другому психиатру и она мне сказала что у меня ещё и шиза, мне интересно почему этого не заметил первый психиатр, щас я тупо живу с мыслью что у меня 2 ""неизлечимых"" расстройства, ещё и состояние щас ухудшилось, пару раз подумывал про больницу, но у меня такого выбора нет, что со мной и моим состоянием творится я вообще без понятия, вот что делать в этой ситуации🥹🥲

୨୧・┈ #МДтейк ┈・୨୧
:→@MDersbot || #прл #шизофрения",299.0,0.0,4,593
MDersConfa,1438,2026-05-08 16:47:27+00:00,"Тв/кв: самоповреждение / тревожность / мысли о суисайде.
Так... У меня вопрос, вы когда нибудь боялись свою мать? Я да...в последнее время она относится ко мне с холодом и даже грубостью,из за этого мне хочется навредить себе еще сильнее. На данный момент я занимаюсь сх два года, но сейчас держусь уже неделю. Так же она меня добивает эмоциональными качелями, холодным отношением, угрозами сдать в дурку / приют / интернат а также оскорблениями. Она мне не дает личного пространства. А отец? А что отец? Ему поуй было на меня все детство, а как только я достигла 12, сразу пошел на контакт, хотя он все равно постоянно уезжает. Еще и 9 мая на носу.. А у меня еще блять триггер на войну и все что с ней связанно, брр. В общем, я конечно не буду сейчас ничего утверждать, но я подозреваю у себя тревожное расстройство, но моя любимая мать не хочет меня никуда вести👍👍
Ладно, хотя бы выговорилась👍👍
Анон

୨୧・┈ #МДтейк ┈・୨୧
:→@MDersbot || #прдпТревожноеРасстройство",316.0,0.0,5,962
MDersConfa,1437,2026-05-08 14:45:58+00:00,"всем привее 
мне нужен совет: лучше же обратиться за помощью психолога, чем нет? 
однажды, когда я ходила к очередному психологу, а меня по ним часто водят, мне сказали ""судя по тому, как мне вас описали родители, у вас ПРЛ"" 
плюс, мне большинство моих родственников и знакомых говорят такое же 
тогда я пошла смотреть, а что же такое ПРЛ? и почитав, поняла, что скорее всего так и есть. я проходила много разных тестов в разное время, в разном состоянии (да они из интернета, но я на них не полностью опираюсь, чтобы не ставить себе самой диагноз) и все как один говорят, что у меня есть такое. меня все описывают именно такой. да даже психолог сказал мне, что у меня скорее всего есть ПРЛ
и теперь я мучаюсь: идти, не идти. потому что у меня мысли насчёт этого меняются очень часто. то я хочу, то не хочу, то надо, то не надо 
подскажите что-нибудь

୨୧・┈ #МДтейк ┈・୨୧
:→@MDersbot || #ПРЛ",301.0,1.0,5,889
MDersConfa,1436,2026-05-08 14:35:26+00:00,"Это пиздец. У меня остались считанные дни до нового приёма у психиатра, но мне так плохо аж пиздец. Я просыпаюсь с мыслями об убийстве, иду с ними, сижу в школе и пытаюсь просто не убить чувака который сидит со мной, не убить мать, отца или своих домашних животных. Я надеюсь что за оставшееся время мне хватит сил сдерживпть себя и не натворить глупостей. У меня участились галлюцинации и кошмары, бред туда же идёт. Я не уверен что это бред даже. У меня снова начались проблемы с гигиеной. Господи, ненавижу весну за вот такой вот закидон, хотя я думаю здесь есть и моя вина что я напиздел своему психиатру обо всем, кроме страха преследования и в итоге мне поставили временный диагноз какого-то там депрессивного расстройства.
Пожалуйста, не врите психиатрам, не совершайте мою ошибку

୨୧・┈ #МДтейк ┈・୨୧
:→@MDersbot || #непонятно",290.0,2.0,2,832
MDersConfa,1435,2026-05-08 14:25:32+00:00,"всем приве. можете пожалуйста рассказать что вообще происходит на первом сеансе у детского психолога?? заранее спасибо!!

୨୧・┈ #МДтейк ┈・୨୧
:→@MDersbot || #общее",258.0,1.0,12,161
MDersConfa,1434,2026-05-08 11:00:57+00:00,"Здравствуйте! Извините пожалуйста, есть ли кто-то, кто страдает трихотиломанией как я? Мне нужен совет как справиться с этим без помощи психолога, ведь у меня нету возможности обратиться к нему из-за родителей..

୨୧・┈ #МДтейк ┈・୨୧
:→@MDersbot || #прдпОКР",421.0,0.0,2,254
MDersConfa,1433,2026-05-08 05:50:15+00:00,"Ребятки с ГРЛ! Важный вопрос.

Если бы вы помогали с написанием гайда 'как справляться с ГРЛ' для людей с диагнозом и их близких, то что бы вы хотели в нём видеть? Какие частые явления/трудности можно встретить у людей с ГРЛ (помимо основных симптомов)? Можете записать содержание такого гайда, прям как пишется содержание в начале книги?

Вы можете подумать о том, как выглядят гайды и книги про ПРЛ/депрессию/тревожное, и при размышлении опираться на них.

Примечание: У меня АРЛ + НРЛ. И меня просто бесит невозможность найти что-то полезное про мои расстройства, особенно про НРЛ. Но про ГРЛ я спрашиваю, так как о нём информации меньше чем 0.

୨୧・┈ #МДтейк ┈・୨୧
:→@MDersbot || #ГРЛ",474.0,0.0,1,686
MDersConfa,1432,2026-05-08 05:21:54+00:00,"Всем привет. Не знаю, можно ли подобное в тейках, но🙏 мы слишком любим делиться опытом в виде мини статей о психическом здоровье. 
__Внимание!! Мы не являемся терапевтами, не имеем врачебного опыта. Мы делимся тем, что помогает нам пережить наш нынешний депрессивный эпизод.🍀__

Совсем недавно, мы открыли для себя такую штуку, как дневник сна.🌟 И на самом деле, это очень хороший способ относительно понять, сколько часов вам действительно нужно спать, чтоб чувствовать себя лучше ❤️‍🩹

— Почему вообще сон что-то важное?
Чем лучше наш сон, тем больше и качественнее наш мозг имеет время на отдых. А благодаря отдохнувшему мозгу, некоторые проблемы в сфере психического здоровья притупляются. Психозы легче переносить; при аутизме достаточное кол-во сна помогает восстановиться после сенсорных постоянных перегрузок; а при депрессии это инструмент, чтоб не попасть в петлю: ""много сплю, но все равно уставший"", так как именно чрезмерно длительный сон может вызывать ощущение усталости. 

__Принцип действий:__ 
— После пробуждения, может, сразу, либо через время, вести запись в дневнике, так, как пожелаете вы сами. Это может быть в виде большой таблицы эксель с различными пунктами для подробного ведения, либо несколько предложений в блокноте/заметках. __Например мы комбинируем это, так как каждый альтер в нашей системе любит оформлять по разному__ 
**__— что ""обязательно"" должно быть? __**
Желательно, время во сколько вы легли спать, и время, когда вы окончательно проснулись, и ваше самочувствие после сна🌷
Этот короткий вариант очень хорош для людей с депрессивным состоянием. Коротко, лаконично: не давит на мозг огромным количеством информации.
**__— А если мне лень запоминать время, когда я лёг? __**
На самом деле, можно даже примерное время обозначить. Во-сколько, как думаете, вы легли.
Для облегчения задачи можно использовать такие штуки, как слип трекеры ❤️‍🩹 в открытом доступе есть много разных, но лично мы используем для сна Pokemon sleep tracker. Потому что за твой сон идёт награда, даже если ты ""условно"" плохо спал. 

**__Главное! __**
- не ругайте себя, если спали мало/много/не записали полную запись сна/пропустили запись. Это нормально. Это не контрольная работа, подразумевающая в себе обязательство быть идеальным. Вы можете даже написать ""поспал ~7 часов. Чувствую себя отстойно"" — и это нормально. Или даже в формате ""сон 22:30 до 10:20. Плохо."" Главное, чтобы вы видели ваш ""паттерн сна"", и чтоб благодаря дневнику, вы могли найти тот вариант сна, который вам удобен. 
- так же, этот инструмент отлично подойдёт, чтоб проконсультироваться с врачом или скорректировать время принятия лекарств. Мы таким образом смогли подобрать время принятия лекарств таким образом, чтоб на утро не было вредных побочек/было их минимальное влияние.

__Всем спасибо за внимание, будьте здоровы. Помните: вы любимы, какими бы вы не были ____🌷__
Неанон, Расп тушканчик. 

୨୧・┈ #МДтейк ┈・୨୧
:→@MDersbot || #Общее",370.0,4.0,3,2929
MDersConfa,1431,2026-05-08 05:09:45+00:00,"со мной реально что то не так мне плевать что но пиздей как не так да будь это хоть шизофрения хоть арл хоть что что угодно я просто хочу чтобы мне стало легче
мне ставили депрессию и шрл, я чисто подозреваю у себя аусдвг и птср (все пиздецки совпадает, даж звоночки с детства были)
каждый раз когда я вижу какое то грубое слово, что то не то, пускай оно не мне адресовано, меня выворачивает, мне становится плозо и стоашно даже если это ебучий комиентарий из тиктока (особенно если это ебаный коммент из тиктока, ненавижу тиктокерских мудил, именно мудил с ебаной губкой вместо их проклятой сука башки)
и они повсюду я не знаю как мне скрыться от них они агрессивные злые и нападают а я аак будто бы не могу защититься и я не хочу чтобы меня унижали
за одно только грубое слово я могу разодрать себе руку или повырывать волосы я хочу мстить им всем я правда хочу контактировать с людьми но только не со злыми агрессивными и ебанутыми мне так хреново ебаный ты козел
я просто хочу спокойствия, я просто хочу не бояться не набираться опыта в словесной перепалке потому что у меня будет уверенность что я отвечу и буду в безопасности но я никогда не в безопасности я хочу покоя почему все вокруг такие злые
отета я наныу класс

୨୧・┈ #МДтейк ┈・୨୧
:→@MDersbot || #Непонятно",273.0,2.0,1,1269
MDersConfa,1349,2026-05-05 08:01:32+00:00,"❕ТВ: самоповреждение, самоубийство, религия, травля, сексуальное насилие, мерзкие темы

привет, хотелось бы выговориться.
У меня стоит несколько нейроотличий и пару псих расстройств (сильно неповезло с генетикой и опытом) но я подозреваю, что у меня есть какое-то психическое расстройство, но я даже не представляю какое. Это ужасно мучает меня и о многом этом я не могу рассказать психиатру так как боюсь, что меня могут положить в дурку а моя семья узнает о том, что я скрываю. Иногда ко мне приходят странные мысли, я вроде понимаю, что это не так, но я так сильно это чувствую. Если это совсем фантасмагория, я знаю что это какая-то херь и неправда, но я чувствую это и мой мозг мне это говорит. А если это что-то типа ""на самом деле тебя все ненавидят и ты должен умереть"" то я могу быть уверен достаточно сильно
 
Вот что я писал своей подруге(читать осторожно):

Хз у меня оч странная хуйня особенно когда меня пиздошит мне приходит в голову то что 
1) я бог иисус потому что меня должны замучать грехами чтобы я забрал их на себя
2) все меня ненавидят и хотят чтобы я умер
3) кто-то из вас хочет меня изнасиловать
4) я точно кого-то из вас изнасиловал и не помню об этом/сексуально домогался но не помню
5) я спровоцировал все ваши психические заболевания особенно [ИМЯ] психоз и твой сх (похуй что ты начала до нашего знакомства)
6) со мной все общаются из жалости
7) на самом деле я умственно отсталый и все не хотят мне говорить чтобы я не расстроился
8) я испортил жизнь своей семье и должен исчезнуть
9) я гнию у меня умерло тело
10) кто-то из вас должен надо мной надругаться и изуродовать чтобы наказать меня за грех который я принес в этот мир
11) во мне сидит много сущностей которые надругаются надо мной и надо всеми

୨୧・┈ #МДтейк ┈・୨୧
:→@MDersbot || #Непонятно",286.0,2.0,3,1780
MDersConfa,1348,2026-05-04 20:45:15+00:00,"Кв/тв: самоубийство

Я уже на серьёзе думаю в последнее время о совершении самовыпмла из-за того, что у меня фактически не осталось друзей в РЛ и мне не с кем общаться. Последние несколько месяцев у меня максимально подавленный настрой из-за этого. Особенно в школе. А завести друзей я не могу потому что мне не разрешают гулять с кем-то без сопровождения мамы из-за того, что моя бывшая подруга вела себя в её присутствии не очень адекватно, они стали не доверять всему моему окружению. Я устала. Я никогда не чувствовала себя по-настоящему свободной. Я срз не вывожу уже. Я не могу об этом никому сказать потому что боюсь, что скмьч посчитает меня за ненормальную. Также не могу сказать своему психологу потому что она подруга моей бабушки и я боюсь взболтнуть лишнего. Я боюсь, что меня запрут в психушке, после которой мне станет еще хуже. Но и оставаться без помощи я тоже не могу. Я не знаю.

୨୧・┈ #МДтейк ┈・୨୧
:→@MDersbot || #Непонятно",306.0,2.0,10,942
MDersConfa,1332,2026-05-04 15:45:47+00:00,"Здаров ребята, кто в начале терапии при биполярном расстройстве бросал таблетки что бы снова впасть в манию? А то я чето так решила мне слишком хочется в манию

୨୧・┈ #МДтейк ┈・୨୧
:→@MDersbot || #БАР",241.0,0.0,4,198
MDersConfa,1331,2026-05-04 11:07:41+00:00,"Кв/тв: рпп

всем привет! хотела спросить есть ли здесь у кого-то опыт с компульсивным перееданием и как вы с этим справляетесь?
мне недавно подтвердили рассдвг + кптср и я собираюсь к психиатру уже очно, чтобы мне выписали что-то от тревожности
но я до сих пор не знаю что делать с перееданием... нужно ли мне просто работать с остальными расстройствами, чтобы решить эту проблему...

୨୧・┈ #МДтейк ┈・୨୧
:→@MDersbot || #РПП",277.0,0.0,4,422
MDersConfa,1330,2026-05-03 21:10:54+00:00,"привет гайс мне поставили тревожно депрессивное расстройство в октябре но я почему то очень сомневаюсь что у меня именно оно HELP

во первых я не раз слышал о том что тдр по сути уже устаревший???? или щота типа того диагноз, меня это оч напрягает

во вторых у меня есть личные подозрения на другие расстройства 

 я рассказывал своему психиатру достаточно важную вещь которая относится к моему состоянию но он ничого не сказал и ощущение что все прослушал (это было не на первой встрече и со мной было все отлично ВОЗМОЖНО он впечатлен этим)

....сейчас я уже не пью таблетки но мне все хуже и хуже я оч ссыкую маме опять говорить что все в говно и я бы хотел все таки полностью нормально проконсультироваться у другого специалиста чтоделать

୨୧・┈ #МДтейк ┈・୨୧
:→@MDersbot || #ТДР",256.0,0.0,2,781
MDersConfa,1316,2026-05-03 12:11:35+00:00,"чувачки меньше 15, расскажите, как вы смогли пойти к психологу/психотерапевту? были ли трудности объяснить проблемы родителям?

୨୧・┈ #МДтейк ┈・୨୧
:→@MDersbot || #Общее",212.0,1.0,4,167
MDersConfa,1315,2026-05-03 10:44:02+00:00,"Здравствуйте! Хотелось бы узнать, стоит ли менять мне психотерапевта... 

Сегодня была на приёме у мужчины, который спустя 15(!) минут сказал мне, что у меня СТДР (тревожно-депрессивное).

 До этого я была у другого психотерапевта, который поставил мне социофобию (думаю, это потому, что я рассказывала исключительно про это, без уточнения своего состояния в целом, потому что я искренне думала, что беда в социальной тревоге). Новый психотерапевт сказал, что социофобия - не главная проблема, и что мне сперва нужно пройти лечение. Он назначил мне его, я уже купила всё необходимое, но после я узнала, что этот диагноз (СТДР) ставят всем подряд. И что у многих, кому его ставили, были другие проблемы — ПРЛ, БАР, Клиническая депрессия и даже шизофрения...
 И вот теперь даже не знаю, можно ли доверять поверхностному пятнадцатиминутному общению с психотерапевтом, после которого мне поставили очень редкое расстройство, которые чаще всего ставится временно... И что вообще теперь делать :(

୨୧・┈ #МДтейк ┈・୨୧
:→@MDersbot || #ТДР",272.0,0.0,4,1029
MDersConfa,1307,2026-05-02 06:26:49+00:00,"Здравствуйте, у меня есть КПТСР и другое большое количество болячек, но мне кажется КПТСР связано с этим больше всего. Я хочу поговорить о снах, мне кажетсч сны лучше всего наталкивают на то, что у тебя что-то не в порядке с головой. 

Я рассказывал свои сны не раз и никогда с моих близких с таким никто не встречался. 

В моих снах очень типично, что я будто «один» замечаю проблему всегда, когда я будто должен был ее «забыть» по сценарию, я могу буквально думать во время сна и отдавать реальные отчеты себе что происходит. Я будто этой логикой вырываюсь из сна и сам себе прорабатываю путь из кошмара, так как они снятся мне уже с очень маленького возраста на постоянной основе, то я уже запомнил все паттерны его, ибо кошмары обычно однотипные. Я буквально могу размышлять во сне и обходить «сценарий», при этом не сказать, что я осознаю, что это сон, но я просто действую и начинаю сопротивляться кошмару. Когда кошмара никак невозможно избежать, то я насильно начинаю себя будить прямо во время сна (даже если я не совсем понимаю что это сон), но у меня получается. Провел 2000 часов во сне. 💀💀💀
Чтоб вы понимали откуда такое рвение избежать кошмаров, то дело не только в том, что пздц как страшно, но и монстры начинают на менч нападать и терзать, а боль я вполне себе во время сна ощущаю. Интересно релейтнитсч ли кто-то….

୨୧・┈ #МДтейк ┈・୨୧
:→@MDersbot || #КПТСР",180.0,0.0,5,1373
MDersConfa,1300,2026-05-01 16:29:01+00:00,"разрабатываю психологическую антиутопию/драму 
главный конфликт истории – борьба с внутренним демонами, такими как ПТСР и депрессия, разрушавшие внутренний мир персонажей.
Двое шестнадцатилетних изгоев – рогатый боец без дома и беглая дипломатка без прошлого встречаются в лесу в тот момент, когда мир начинает умирать от материализовавшейся человеческой боли, и единственное, что у них есть – это пистолет, тишина и никто, кроме друг друга.

узнать подробности можно тут: @haikonn

୨୧・┈ #МДтейк ┈・୨୧
:→@MDersbot || #Депрессия #ПТСР",188.0,2.0,2,532
MDersConfa,1299,2026-05-01 16:19:17+00:00,"Кв/тв: рпп

следят ли за тем как ты ешь в психиатрическом отделении? хочу скрыть рпп, но нормально начать есть не могу + мой врач уже знает, что я не ем мясо и пытается докопаться до моих навязчивых мыслей. ложусь уже на следующей неделе и не хочу, чтобы меня долго держали только из-за питания. отделение взрослое, платное, маленькое, вроде 30 коек. моя первая госпитализация и, надеюсь, последняя. очень хочу чтобы мне помогли с моими расстройствами, там хорошие врачи, и я уверена, что помогут, но я так не хочу, чтобы мы касались темы рпп. они такие дотошные все там, да и в один момент есть всё я не смогу...

୨୧・┈ #МДтейк ┈・୨୧
:→@MDersbot || #РПП",221.0,0.0,1,652
MDersConfa,1298,2026-05-01 08:38:11+00:00,"Кв/тв: сх

Из-за чего людей так тянет к селфхарму? Как обычной болью можно перекрыть моральную, я не понимаю смысл всего этого, объясните мне пожалуйста.

୨୧・┈ #МДтейк ┈・୨୧
:→@MDersbot || #Общее",211.0,0.0,7,194
MDersConfa,1293,2026-04-29 19:03:23+00:00,"Всем привет. Около месяца меня мучали неприятные ощущения в области груди. Казалось будто болит где-то глубоко внутри, но вообще не понятно где. Боль ни на что не похожа. Узнала что это вроде витальная тоска. Подскажите : такое вообще существует и является ли это ярым признаком чего-либо. Заранее спасибо

୨୧・┈ #МДтейк ┈・୨୧
:→@MDersbot || #Непонятно",256.0,1.0,3,350
MDersConfa,1259,2026-04-26 19:12:15+00:00,"Прив чд кд
Наскок норм, что мне абсолютно не хочется общаться с людьми? Я слегка социально неловка, но соцтревожность определенно не моя херня, ибо общаться даж с незнакомцами я могу. 
Меня безумно раздражает находиться в окружении людей, у меня есть круг общения в инетике, но я общаюсь с ними не так уж и много. 
Уже как полгода(или больше хз не считала) личного общения не имею вовсе, но не сказать что меня это парит(интернет сказал, что от этого обычно людям плохо, агде). 
Хз, даже не знаю, как сформулировать проблему. Но мне каж это ебать какая не норма, ибо у людей есть друзья, а у кого нет, те от этого страдают, а я не страдаю

୨୧・┈ #МДтейк ┈・୨୧
:→@MDersbot || #Непонятно",326.0,1.0,9,683
MDersConfa,1257,2026-04-26 09:02:06+00:00,"Как помириться с прлщиком/птсрщиком (оба ответа актуальны) если ты сделал КРАЙНЕ ОГРОМНОЕ ДЕРЬМО под влиянием своих же растройств

୨୧・┈ #МДтейк ┈・୨୧
:→@MDersbot || #ПРЛ #ПТСР",259.0,1.0,4,174
MDersConfa,1254,2026-04-25 11:46:40+00:00,"Кв/тв: убийство, нсфв

Привет-привет, конфа! Я хочу поделиться тем, как интернет-культура обесценивает ментальные проблемы ;(

Мне сейчас 22 года, в 13 лет я пережила попытку группового изнасилования и утопления, а в 14 лет, после около года наблюдения, мне поставили диагноз ПТСР
С тех пор я посетила очень много специалистов, сменила нескольких терапевтов, занималась терапией в группе и много-много чего 
Я живу с ПТСР уже около девяти лет, и не скажу, что работа не даёт результатов, пускай терапия была довольно тяжёлым процессом и мне самой приходилось учиться использовать её как инструмент 
На фоне ПТСР у меня развилась, что неудивительно, депрессия, агрессия, тревожное расстройство и паранойа – и, пускай это выглядит, как нехилый такой букетик, это всё же побочки самого ПТСР 

Дело в том, что я очень часто сталкиваюсь с обесцениванием, которое сама на себя перенимаю 
Все мои проблемы с психикой – результат одного, даже не самого ужасного случая и людям часто кажется, что раз у проблем с головой есть конкретная причина, в виде одного единственного травматического эпизода, то это... Не такая уж проблема?
ПТСР и кПТСР воспринимается как побочный диагноз при различных расстройствах личности, и, вероятно, по этой причине людям кажется, что мне губит жизнь лишь один из симптомов их расстройств 
Плюс ко всему, тот факт, что у меня есть успехи в терапии, кажется, только усугубляет пренебрежительное отношение:
– У меня есть проблемы с агрессией, но я никогда не срываюсь на людей
– Я проработала свои триггеры и не впадаю в истерику, если не увидела триггер.ворнинг 
– Я умею доверять людям и вести социальную жизнь, несмотря на паранойю 
– Я оптимистка, несмотря на депрессию 

Но мне всё равно очень тяжело, я не знаю, тяжелее ли, чем другим, даже наоборот, я уверена, что мне ещё повезло, но тем не менее, я всё ещё чувствую себя сломанной 
Я продолжаю собирать себя по кусочкам, и на меня давит время – уже девять лет, а я всё ещё сломана 

Мне кажется, что ПТСР больше не воспринимается так, как надо, скорее... Как обозначение того, что у человека просто было какое-то тяжёлое событие в прошлом? Но ведь ПТСР это не про травму, это про то, как психика раскололась, пытаясь с ней справиться 
Иногда мне кажется, что я действительно плачу в песочнице, пока другие выживают в пустыне, но разве это нормально? 
Мне очень больно об этом говорить, но мне правда кажется, что психические расстройства – это мода, и чем больше у тебя модных вещей, тем больше внимания ты заслуживаешь 
Я не хочу внимания, но ещё я не хочу, чтобы люди закатывали глаза, когда в разговоре о вещах, мешающих нам жить, я называю исключительно ПТСР

Расстройства – это не мерило душевных терзаний, это описание того, как именно сломалась твоя психика, и я устала сомневаться в себе 
Сомневаться в том, а было ли мое травматичное событие достаточно травматичным, чтобы оставить на мне такой след? Или в том, достаточно ли я стараюсь, ведь, если люди справляются с другими, куда более тяжёлыми вещами, почему я не справляюсь? 

Я просто не хотела бы, чтобы какие-то расстройства, вроде депрессии, считали чем-то базовым, несерьёзным и не представляющим вреда на фоне других, куда комплексных заболеваний 
Одной депрессии хватает, чтобы сломать человеку жизнь, и человек с депрессией, в отличие от человека с целым букетом, куда депрессия тоже входит, не становится ""почти здоровым""
Берегите себя, и не давайте обесценивать свои проблемы – ни себе, ни другим

୨୧・┈ #МДтейк ┈・୨୧
:→@MDersbot || #Общее #ПТСР",253.0,3.0,2,3495
MDersConfa,1252,2026-04-23 14:53:15+00:00,"я не знаю, подойдёт ли это по теме, но всё же...
у меня уже больше года проблемы со сном. 2 невролога в разное время (декабрь и март) поставили мне тревожное расстройство, выписали таблетки.  
я пила атаракс, но он мне перестал помогать где-то после недели приёма. 
потом выписали фенибут и тералиджен, но мама категорически против того, чтобы я их пила. 
ладно, нам дали направление к кардиологу, поставили ещё синдром вегетативной дисфункции синусового узла. итог: 5 врачей сказали идти к психиатру и лечить мою тревожность, чтобы у меня наладилось здоровье, но мама категорически против. сегодня я была у другого педиатра, и она мне сказала то же самое, и мама выдала: ""сама записывайся и иди, и таблетки я покупать тебе не буду""
(она думает, что меня поставят на учёт, и я стану зависима от таблеток)

я вообще не знаю, что делать. да, мне скоро 16, но я не могу обеспечивать себя таблетками... я, возможно, куда-то и устроюсь летом работать, но всё же...

как вообще поговорить с мамой на этот счёт и переубедить её? я в течении двух месяцев пыталась, но ничего не выходит. но не то, чтобы я сильно пыталась хаха. бабушка такого же мнения, что и моя мама. я хз к кому обратиться


୨୧・┈ #МДтейк ┈・୨୧
:→@MDersbot || #ТревожноеРасстройство",250.0,0.0,12,1241
MDersConfa,1251,2026-04-22 12:47:00+00:00,"ребята которые шарят за дри и виды чдри.. у меня ворос. ладно, я поняла что за 1а, что за 1б тип чдри, но где брать инфу о 3 и 4!! я недавно вообще услышала об этом.. а вот упоминаний в источниках ноль..

୨୧・┈ #МДтейк ┈・୨୧
:→@MDersbot || #ДРИ",283.0,1.0,2,242
MDersConfa,1245,2026-04-21 13:54:54+00:00,"Тв/кв: Самоповреждение
Приветик конфа, я занимаюсь селфхармом +- 2 года, у меня 30 зафиксированных срывов и рекорд 24 дня. Я очень хочу спросить, если здесь те, кто как то смог без психиатров/психологов бросить слфх? Если дла, то расскажите как, потому что даже не смотря на то, что моя мать знает, я не могу в полной мере ей доверять после очень плохих слов и фраз в мою сторону, даже после ее извинений, и попросить записать меня к психиатру это для меня что то за гранью возможного, так что я хочу бросить сама, без нее, надеюсь, это поможет
Анон

୨୧・┈ #МДтейк ┈・୨୧
:→@MDersbot || #Общее",297.0,0.0,3,590
MDersConfa,1244,2026-04-21 12:02:12+00:00,"Любить кого-то, будучи арлшником, это просто суко нереально

В прошлых своих отношениях я поймал сильную фиксацию на моей партнёрке, пострадал понервничал из-за этого знатно, но вроде быстро оправился после их окончания (как оказалось, нет)
Спустя ± месяц у меня появились новые, в которых я состою сейчас, но в этот раз фиксации у меня нет и, наверное, учитывая ещё стресс недавний из-за расставания, я выгорел спустя несколько недель отношений... НЕСКОЛЬКО БЛЯДСКИХ НЕДЕЛЬ, тут перерыв даже толком не возьмёшь. Типа, это не совсем выгорание, скорее я просто не знаю, о чём с ней говорить и нету такой лютой дофаминовой дозы. Я всё ещё очень люблю её и сильно боюсь потерять, но меня мучает осознание, что такими темпами, скорее всего, отношения не продержатся и года (мой рекорд кстати).

Пожалуйста умоляб подскажите, что делать в такой ситуации, особенно если у вас было что-то похожее

୨୧・┈ #МДтейк ┈・୨୧
:→@MDersbot || #АРЛ",268.0,1.0,3,928
MDersConfa,1233,2026-04-18 19:07:52+00:00,"А сертралин помогает от депрессии, к/птср? Поделитесь своим опытом пожалуйста

୨୧・┈ #МДтейк ┈・୨୧
:→@MDersbot || #Общее",311.0,0.0,13,118
MDersConfa,1219,2026-04-16 04:14:06+00:00,"**Тв: Упоминание суицида и сх
**
Здравствуйте, хочу узнать ваше мнение по поводу моей ситуации. Мне 15, я ходила к неврологу и психиатру, оба приватные, сначала пила сертралин пол таблетки на вечер и атаракс тоже пол таблетки вечером, пропила так десять дней. Неделю назад, ровно, мне повысили дозировку и я пила полную таблетку сертралина(50 мг) утром, 1/4 гидазепама утром и 1/2 вечером. Спустя три дня такого приема, меня начало ужасно ШТОРМИТЬ. мало того что я как только начала пить антидепресант, у меня почти полностью пропал сон, так при повышении дозировки я практически перестала спать, я сплю 2-6 часов максимум, стойкая бессонница, но спать хочу постоянно. У меня крайне странные скачки настроения от эйфории до суицидальных мыслей и попыток их осуществить. Я потратила все свои деньги в приступе эйфории(довольно большая сумма) у меня нескончаемый поток мыслей и энергии, а как только эйфория пропала, я предприняла попытку вскрыть вены на запястьях, но повезло что нож был слишком тупым. Так-же, у меня наблюдаются сильные нарушения аппетита и психо-эмоционального состояния, я могу легко сорваться и начать кричать даже на безобидные слова. У меня появилась стойкая паранойя, что моя сестра узнает об моем сх(я маме рассказала, она нормально отреагировала), или что мама начнет думать что я занимаюсь чем-то непристойным и запретит мне общаться с моими друзьями, в общем, довольно бредовые идеи. Мой лечащий врач мягко говоря не компетентный, он игнорирует мои побочки и говорит что бы я продолжала пить АД просто увеличила дозировку гидазепама, и я хз че со мной блядь

୨୧・┈ #МДтейк ┈・୨୧
:→@MDersbot ||  #прдпБАР",409.0,1.0,19,1628
MDersConfa,1207,2026-04-13 19:56:01+00:00,"кому-нибудь прописывали рисперидон? что там по побочкам и по действиям?

୨୧・┈ #МДтейк ┈・୨୧
:→@MDersbot || #общее",294.0,0.0,9,112
MDersConfa,1206,2026-04-13 15:22:34+00:00,"Итак, здравствуйте. 
У меня эмоционально неустойчивое расстройство личности (ᵕ—ᴗ—)
Пару лет подряд я ходил по врачам, чтобы понять свои проблемы со здоровьем
На данный момент, пару месяцев назад мне поставили диагноз
Сначала я думал, что проблемы с сердцем, ибо от любой моей экстраординарной реакции у меня сильно повышается давление, иногда до потери сознания
Когда я ходил к врачу, мне сказали, что таблетками понизить давление я не смогу, потому что таблетки, которые понижает давление, могут сильно повлиять на почки, печень и т.д.
Когда давление повышается, у меня начинаются покраснения на лице, могу начать дрожать, ладони начинают становится мокрыми от любого прикосновения, даже родителей, друзей, тд тп.
Сейчас моё давление повышается очень часто, ещё со времени, до того как я пошёл к врачу. Неважно, будь то страх, ярость, счастье — давление повышается.
Можете что-нибудь посоветовать по этому поводу?
Неважно, будто то таблетки или какие-то упражнение, лишь бы что-нибудь, что поможет держать эмоции под контролем. Ну, или хотя бы, чтобы их проявление не было таким грандиозным

୨୧・┈ #МДтейк ┈・୨୧
:→@MDersbot || #Общее",352.0,0.0,1,1132
MDersConfa,1205,2026-04-13 11:11:40+00:00,"Тв: суицид
Здравствуйте, я очень надеюсь что этот тейк выложат и он подходит по теме кф.
В общем я подозреваю у себя депрессию уже около 4 лет. Скажу сразу я несовершеннолетняя и опекуны против психиатров и психотерапевтов. Страдаю от суицидальных мыслей около 3 лет, было множество попыток, но меня спасали друзья которых больше нет. И единственными вещами что держали меня здесь это мой флуд которого больше нет, моя кошка и человек которого я люблю. И на данный момент у меня осталась лишь кошка и любимый, но для меня нет смысла жить если я осознаю что вряд ли буду в будущем с этим человеком или то что со мной он не будет счастлив или даже наоборот принесу ему любую боль или вред. И к моему величайшему сожалению я тревожник и на постоянной основе накручиваю себя. И у нас сложные с человеком отношения, у него есть парень, но он и говорит что любит меня, и это добивает мучает и уничтожает меня. Нет, я не ревную так как проблемы с большинством эмоций, я просто понимаю что я могу разрушить их отношения и ему станет хуже. Я подумываю в эту субботу извиниться перед ним высказать все и повеситься в лесу рядом с домом детства. Я хотела бы просто рассказать ему чтобы он послушал меня, но я знаю что он может соврать, или я окажусь слишком надоедающей со своими проблемами.

୨୧・┈ #МДтейк ┈・୨୧
:→@MDersbot || #прдпДепрессия",269.0,0.0,1,1329
MDersConfa,1204,2026-04-13 11:01:21+00:00,"здарова всем
я разревелась на первом приёме у психиатра. типа, просто зашла в кабинет и разревелась, после этого я вообще ничего не смогла рассказать врачу о том, что меня беспокоит, поэтому говорила мама(естественно, сказала она только то, что волнует ее: плохие оценки, 2 года вырываю волосы) ну, потом меня отправили на ещё один прием, после которого поставили расстройство адаптации. к слову, про трихотилломанию не было ни слова от врача(с чего я знатно так приахуела). суть в том, что мне кажется, что если у меня и есть расстройство адаптации, то это не единственный мой диагноз. у меня сильные подозрения на алекситимию и аутоагрессию. а, ну и 2 проблемы
1.мне максимально трудно описать все свои проблемы(я тупо не знаю, что чувствую что-ли, не могу описать свои эмоции, а это вроде важно для врача??)
2. родители категорически против таблеток и больницы, в которую меня пытается отправить врач
чоделатьмне

୨୧・┈ #МДтейк ┈・୨୧
:→@MDersbot || #Общее",254.0,1.0,6,956
MDersConfa,1203,2026-04-13 04:14:01+00:00,"Здравствуйте
У меня диагностирована тяжелая депрессия, ПТСР и ПРЛ. Я не могу заполнить эту пустоту внутри себя, я перепробовал многое, но ничего не помогает. как вы заполняете пустоту?

୨୧・┈ #МДтейк ┈・୨୧
:→@MDersbot || #Депрессия #ПРЛ #ПТСР",261.0,2.0,1,240
MDersConfa,1202,2026-04-12 18:35:54+00:00,"тв кв: слфх, травля

здравствуйте конфешен
я с середины февраля регулярно посещаю психиатра. из-за продолжительного буллинга у меня пошатнулась психика, там пошел сх и так далее... я понимала что это всё неправильно и я не должна была это делать, но что сделано то сделано. психиатр не хочет мне ставить диагноз уже долгое время, но и не говорит что со мной всё нормально. я пью кветиапин и седалит. как нибудь по этим таблам можно определить в какую сторону мы движемся? я подозреваю у себя возможное БАР, потому что у меня с 10 лет эпизодические перепады настроения, хорошее длится где то неделю-две, а плохое от месяца. ну, объясняю без всяких заумных терминов потому что меня и так психиатр можно сказать подозревает что я придумываю себе диагноз. короче, помогите.

୨୧・┈ #МДтейк ┈・୨୧
:→@MDersbot || #непонятно",334.0,0.0,7,814
MDersConfa,1185,2026-04-12 13:55:05+00:00,"Кв/тв: суиц мысли

я не знаю, что со мной происходит. если бы у меня были силы, я бы просто уничтожила всех людей из-за тупых негласных правил, от которых меня трясет. мать и отец говорят, что бы я адаптировалась, но я не могу, когда они говорят привыкать к социуму я сразу в истерику впадаю и начинаю реветь как ебанутая, я устала, это невозможно просто. окружающие либо глупые, либо вот их действительно весь этот бред устраивает. ещё и мои действия истолковывают часто неверно, даже если я никакого скрытного смысла не вкладывала, на .меня нацепят какой-то образ и скажут, что я виновата/плоха/безэмоциональна/холодна. и т. д. я была у психиатра, ничего кроме депрессии нет. хз, я многое не рассказала, например мысли об уничтожении мира, у меня они были не такие острые, как сейчас. мои обычные действия считают странными, и даже ненормальными. хотя я просто сижу и никого не трогаю, молчу, вот и все. к тому же, мать запрещает пить сертралин, который действительно мне помогал. я без понятия, что со мной именно не то. иногда я просто хочу, что бы меня не существовало. раньше я активно увлекалась какой-то темой ,сейчас просто лежу овощем. скорее всего, все мои ""причуды "" и ""странный"" характер - просто крайний вариант нормы.
короче, я без понятия, может просто подростковая глупость и т. д. я действительно не хочу жить в этом мире, пока здесь существуют другие люди.

୨୧・┈ #МДтейк ┈・୨୧
:→@MDersbot || #Непонятно",258.0,2.0,2,1420
MDersConfa,1184,2026-04-12 13:48:03+00:00,"всем привет, насколько нормальная связка лечения тералиджен+флувоксамин? врач настоятельно назначил их, но мне не становится лучше( диагноз тревожно-депрессивное расстройство

୨୧・┈ #МДтейк ┈・୨୧
:→@MDersbot || #ТДР",258.0,0.0,1,213
MDersConfa,1183,2026-04-12 12:49:12+00:00,"Всем привет. Не знаю на сколько это по теме канала, но недавно мне диагностировали РАС и теперь это объясняет почему мне всегда было сложно находить друзей и общаться с людьми. Как у вас получается находить друзей? Как вы понимаете о чём общаться? Из-за постоянной тревоги я могу говорить с кем-то если выпью 100 мг золофта с утра, но обычно это длится недолго, и я стараюсь просто повторять мысли за собеседником

୨୧・┈ #МДтейк ┈・୨୧
:→@MDersbot || #ГТР #РАС #СДВГ",433.0,0.0,1,463
MDersConfa,1182,2026-04-12 12:32:27+00:00,🎀: есть у кого истории какие? По теме канала. Хотелось бы почитать прост @MDersbot,418.0,0.0,1,82
MDersConfa,1169,2026-04-11 16:06:14+00:00,"Всем привет!
Я планирую записаться к психиатру, НО НЕ ЗНАЮ ДАЖЕ БАНАЛЬНО ЧТО ГОВОРИТЬ И В ЧЕМ ПРОБЛЕМА. То есть, конечно, я иду туда не по приколу. Я чувствую себя объективно дерьмова и ловил глюки несколько раз.😛
При этом всем толком не могу сформулировать жалобу. У меня нет перепадов настроения. Есть мания иногда, которую заметил другой психиатр и отпустил меня без диагноза. Эта мания чередуется апатией и тревогой. Тревожных мыслей много, в том числе и о вреде. Но как бы ощущение что это база, а меня волнуют именно глюки на этом фоне???
МЕНЯ НЕ ПОШЛЮТ НАХУЙ ИЗ КАБИНЕТА?

 ୨୧・┈ #МДтейк ┈・୨୧
:→@MDersbot || #Непонятно",324.0,0.0,3,624
MDersConfa,1168,2026-04-11 15:41:18+00:00,"Сегодня был у психиатра. Он поставил мне гтр, но это от слова ""совсем"" не описывает меня, ведь единственное о чем я реально тревожусь ー быть брошенным кем-то дорогим мне. Я не сказать, что подхожу под критерии гтр. Психолог предполагала у меня прл и я тоже склоняюсь к нему, ведь практически все критерии совпадают. Вопрос: можно ли было спутать прл и гтр?
Конечно, есть ещё у меня вариант, что психиатр специально не поставил мне прл, ведь я несовершеннолетний, но тогда стоило бы сказать о том, что у меня оно ""есть, но заменяется этим""

୨୧・┈ #МДтейк ┈・୨୧
:→@MDersbot || #ГТР #ПРЛ",289.0,0.0,3,582
MDersConfa,1139,2026-04-09 09:49:19+00:00,"Я тревожный человек с диагностированным психиатром сдвг, задавайте вопросы и я отвечу 

୨୧・┈ #МДтейк ┈・୨୧
:→@MDersbot || #СДВГ",312.0,0.0,7,126
MDersConfa,1138,2026-04-09 08:29:13+00:00,"Кто - нибудь проходил через ЕДМР(она же ДПДГ)? Моя специалистка порекомендовала мне этот тип терапии(я не особо верю правда, что я вот настолько травмирована хд). 
У меня нет диагнозов, но мне почему - то кажется, что у нее есть подозрения на что - то травмотическое у меня ЛОЛ

୨୧・┈ #МДтейк ┈・୨୧
:→@MDersbot || #Непонятно",321.0,0.0,1,322
MDersConfa,1137,2026-04-09 08:17:47+00:00,"подозреваю у себя кПТСР. мысли о прошлом вечно появляются, даже если все хорошо. новые знакомые напоминают людей из прошлого. чувство будто все события жизни повторяются из года в год.  на данный момент у меня стоит прл, так что хотелось бы услышать как отличить эти диагнозы. можете просто подробнее рассказать о кптср, заранее спасибо 

୨୧・┈ #МДтейк ┈・୨୧
:→@MDersbot || #прдпкПТСР #ПРЛ",285.0,1.0,6,387
MDersConfa,1113,2026-04-07 18:59:21+00:00,"всем куку,у меня синдром Туретта🤩

короче,ребят,накипело.вчера был просто апогей человеческого дебилизма.😶
сижу в кофейне,жду заказ.день тяжелый,сенсорный перегруз,и ст решил,что пора устроить дискотеку.плечо,шея,пара вокальных тиков.ничего криминального,я просто существую в своем теле.
рядом сидит компания  ""взрослых"".и начинается этот шепот,который слышно на весь зал:«господи,она же умственно отсталая.как таких вообще из дома выпускают?их же изолировать надо,они социально опасны».🦸🦸
я вхожу в режим «терпилы» — пытаюсь подавить(супрессия,привет).кто в теме,тот знает этот ад:у тебя внутри будто пружина сжимается,всё тело горит,в горле ком,глаза слезятся от напряжения.я замираю,сижу как статуя,вцепившись в стакан.и тут выдает их одна баба:«ну вот,видите?сидит нормально.значит,притворяется.просто внимания хочет,малолетка,вот и ломает комедию,а как припугнешь — сразу сдерживается».
ребят,я чуть не взвыла.они реально думают,что если я могу замереть на две минуты ценой дикой боли и последующего отката,то я «здорова»?😟
прихожу домой,и меня разрывает.тот самый откат,когда тело выплескивает всё,что я держала в той кофейне ради их комфорта.я рыдаю,меня подбрасывает на кровати,мышцы сводит судорогой,а в голове крутятся их слова про изоляцию.
ненавижу.ненавижу это клеймо «умственно отсталой» просто за то,что мой мозг работает на других частотах.ненавижу,что наше право находиться в обществе измеряется тем,насколько тихо мы можем страдать.
их «нормальность» — это просто отсутствие эмпатии и лишняя хромосома жестокости.мы не притворяемся,когда тикуем.мы притворяемся,когда пытаемся выглядеть как вы,чтобы не брызгали желчью.

еще очень бесят тупые вопросы.мол, «а почему ты не кричишь маты?»
але,мои хорошие,я не страдаю копролалией.она встречается только у 10-15% людей🤐

«ты так из-за того что нервничаешь?»
я хоть и тревожник,но...эм,нет..

«а это заразно?»
...тут я просто лучше промолчу.

и это только песчинка подобных вопросов,которые либо бесят,либо делают обидно.

всем вам сил,кто это прочитал.🙏🏻

୨୧・┈ #МДтейк ┈・୨୧
:→@MDersbot || #СиндромТуретта",299.0,0.0,5,2068
MDersConfa,1091,2026-04-05 17:52:43+00:00,"я через неделю впервые иду к (частному) психиатру с подозрением на депрессию и/или тдр. мне немного страшно, посоветуйте, чего делать/чего не делать итп, заранее спасибо

୨୧・┈ #МДтейк ┈・୨୧
:→@MDersbot || #прдпТДР #прдпДепрессия",252.0,0.0,3,227
MDersConfa,1090,2026-04-05 17:41:28+00:00,"ТВ/КВ: теракты, травля

У меня кПСТР. Я жила в эммиграции полтора года. И черт возьми меня вымораживает как легко меня может что-то стриггерить. Я просто увидела девушку в белом хиджабе и всееее, вот я уже сижу на кухне и рыдаю потому, что вспомнила весь писец что был в Турции (страна моей эмиграции)

Теракт, землетрясение ебаннное, школа где меня травили за акцент и то, что я русская. Постоянное напряжение вокруг людей, невозможность самостоятельно передвигаться и всё это в возрасте раннего пубертата. 

Шик, обожаю то что из-за независящих меня обстоятельств я кричу песни, чтобы как-то выплеснуть эту злобу, калашмачу столешницы, чтобы успокоиться зато богатый опыт жизни. Я не хочу богатый опыт жизни в разных условиях, я хочу быть тупой девочкой подростком которая не сталкивалась с расизмом на постоянной основе, буллингом и бедствиями. Я так рада что я в своей стране, я хочу чтобы Турция отпустила меня 

୨୧・┈ #МДтейк ┈・୨୧
:→@MDersbot || #КПТСР",281.0,0.0,1,957
MDersConfa,1089,2026-04-05 14:22:36+00:00,"тв/кв Самоповреждение, рпп
Привет, конфа.

Хочу поделиться своей историей, связанной с РПП (Расстройство пищевого поведения).

Я страдаю этим заболеванием уже 2 года (мне 14). Всё началось с того, что я была пухлым 12-летним ребёнком, который очень любил сладкое, фрукты и так далее, часто переедал и хотел попробовать ещё. Я нашла выход: съесть — вырвать — опять съесть — опять вырвать. Данное занятие не привело к хорошему.

Я не буду вдаваться в подробности, но вкратце: моё состояние на данный момент становится только хуже.

Мой вес на данный момент составляет 49–50 кг при росте 156 см, и для меня это очень много. На фоне этой болезни у меня развилась дисморфофобия, селфхарм и отказ от социальной жизни, друзей и новых знакомств. Я ходила к двум психологам (под давлением мамы и родственников), но такое ощущение, что эти люди только вчера поступили на эту специальность.

После первого похода я сразу поняла, что это просто какой-то ебаный пиздец на максималках. Мало того что мне пришлось рассказывать всё в присутствии мамы, так этот «специалист» сказал мне: «Попробуй съесть 1 булочку вместо 3-х». Очень оригинально👍, в случае подростка со сложным рпп, включающем буллимию.

Со вторым было немного сложнее, но она также ничем не смогла мне помочь. Последней каплей стали два последних занятия: на одном из них она сказала, что мой «идеальный» вес составляет 48 кг, а на втором пыталась вытянуть из меня ответ на вопрос: «Что о тебе сказали бы твои друзья и родственники?». Смешно это потому, что каждый второй родственник или друг сказал бы о своём напарнике только хорошее, будь они в хороших отношениях. 
После таких манипуляций, я отказалась ходить к ней.
Вчера и сегодня у меня были срывы(кп), и в соответсвии, я сажусь на диету ""любимая"".
Я знаю, что это не приведет к хорошему. Ни дикие тренировки до слабости, ни жесткие диеты, ни кп, и даже лечение не помогут мне полюбить себя. Я настолько погрязла в этом, что уже не вижу себя без этой рутины. Я не хочу идти к специалистам или что-то вроде того, я хотела просто высказать свое мнение.

୨୧・┈ #МДтейк ┈・୨୧
:→@MDersbot || #РПП",260.0,0.0,1,2096
MDersConfa,1088,2026-04-05 08:20:50+00:00,"Я не знаю и не смогу понять, что со мной. Мне не разрешают сходить к психиатру, потому что родители верят только в альтернативную (причем опасные виды) медицину. Я уже на протяжении года вижу всякие глюки. Я при этом в большинстве случаев понимаю, что это нереально, но всё равно вижу это. Недавно я видела, как по квартире бегала черная кошка, а занавеска как-то странно двигалась. Пару раз были голоса как из реальности, но это были обрывчатые фразы. Ещё часто навязчивые мысли, что лифт упадёт, что меня преследуют тетки, с которыми я поспорила год назад на улице и всякие такие резкие необъективные страхи и убеждения. Мне это жесть мешает, не понимаю, кто считает это крутым. Хочу к психиатру, но не к бесплатному, чтоб меня приняли в колледж на нужную мне специальность. Хз, возможно ли убедить маму, которая помешана на этой альтернативной медицине из Ютуба.

୨୧・┈ #МДтейк ┈・୨୧
:→@MDersbot || #Непонятно",258.0,1.0,2,910
MDersConfa,1087,2026-04-05 08:10:15+00:00,"БАРщики,как вы понимаете что вы в гипомании/мании?

୨୧・┈ #МДтейк ┈・୨୧
:→@MDersbot || #БАР",232.0,0.0,9,89
MDersConfa,1086,2026-04-05 07:32:23+00:00,"🎀: Слушайте, мне нихуя не нравится что этот канал умирает при первой же возможности. Я стараюсь продвигать его из своих сил, админы стараются, а тейков нет. Пишите их пожалуйста, любые по теме",249.0,0.0,1,192
MDersConfa,1058,2026-04-03 07:10:09+00:00,"Пр пр, у меня обострение Шизоаффективного расстройства (депрессивный тип) и мы никак не можем найти мне психиатра, который сможет мне помочь, очень сложно с подбором лекарств, мать хочет найти психиатра с большим стажем, желательно в Москве (потому что только до туда мы можем доехать), можете посоветовать кого-то??? А то я не хочу снова ложиться в психушку :(((

୨୧・┈ #МДтейк ┈・୨୧
:→@MDersbot || #ШАР",321.0,0.0,6,402
MDersConfa,1057,2026-04-02 19:25:36+00:00,"Здравствуйте!!

Люди из Москвы, посоветуйте хороших психотерапевтов иза Москвы, пожалуйста🙏

୨୧・┈ #МДтейк ┈・୨୧
:→@MDersbot || #общее",306.0,1.0,3,132
MDersConfa,1055,2026-03-30 17:42:35+00:00,"Пр кф у меня диагностированная депрессия, птср изза попытки суицида и лежания в дурке, я мизантроп после того как все мои друзья оказались уебищами, поэтому я уже чуть больше полугода в полном одиночестве ни с кем не общаясь. Я схожу с умааааааааааааааааааааааааааа аьаьаьаь

୨୧・┈ #МДтейк ┈・୨୧
:→@MDersbot || #депрессия #птср",355.0,0.0,4,325
MDersConfa,1031,2026-03-28 14:52:08+00:00,"Всем привет, в аптеку сходила

Неанон Рейчел

୨୧・┈ #МДтейк ┈・୨୧
:→@MDersbot || #Общее",342.0,0.0,3,85
MDersConfa,1007,2026-03-25 06:33:57+00:00,"всем привет
я хочу высказаться

примерно 2 года я уже хожу к психиатру и мне ставили то депрессию и предполагали прл
последний раз я ходила в декабре к психиатру и за это время я стала лютым овощем

мне ничего за это время не принесло настоящего счастья, все время я испытывала каждодневную тревожность и небезопасность (+ постоянные проблемы с любимым человеком, которые не дают положительные эмоции:( ) 

перейдем к последним событиям за март
у меня были попытки суицида и самое главное... 
меня слили, кружок, который слили это не ии , это реальный кружок где есть я

я потеряла смысл своего существования, я не хочу так жить
мне больно, что любимый мой человек меня даже не поддержал 
кто сталкивался с таким, можете дать советы как справиться с этим?.......... 


как выяснилось он сам его же и слил, нормалды
୨୧・┈ #МДтейк ┈・୨୧
:→@MDersbot || #депрессия",348.0,1.0,5,858
MDersConfa,990,2026-03-24 15:53:19+00:00,"Вопрос от нейротипика к людям с ПРЛ. У моей девушки ПРЛ, и сейчас у неё большие проблемы с самоиндефикацией, хотела спросить совета как её поддержать и могу ли я как-то помочь ей с этим?

୨୧・┈ #МДтейк ┈・୨୧
:→@MDersbot || #ПРЛ",318.0,0.0,2,225
MDersConfa,976,2026-03-04 04:48:16+00:00,"меня разочаровывает то, на сколько мало начали упоминать о камин-аутах о своих расстройствах. то, на сколько это безумно сложно сводит меня иногда с ума, особенно когда говоришь об этом своему жругу у которого тоже есть расстройство.. ( ཀ ʖ‌ ཀ)

୨୧・┈ #МДтейк ┈・୨୧
:→@MDersbot || #Общее",509.0,0.0,1,285
MDersConfa,962,2026-03-03 12:24:06+00:00,"я уже если честно так заебалась. вот вроде начала пить ад. пошло улучшение самочувствия, думала что все, наконец-то спустя столько лет у меня будет ремиссия... но нет. организм опять выкинул какую-то хуйню и у меня снова пропадает желание жить. типа у меня большую часть времени ""бодрствования"" лютейшая слабость и сонливость, особенно после приема пищи, сильно начали болеть стопы, колени и спина... я не понимаю, неужели именно таким способом мой организм решил вызвать у меня желание ничего не есть, отвергать любую еду. нет, я по прежнему ем... но это тяжело, зная какие меня последствия ждут после приема пищи. и ведь я ничего тяжелого не ем, правильно питаюсь и вкусно. еда ведь была единственным источником наслаждения и дофамина... но теперь мне просто хочется сдохнуть, когда я чувствую очередной приступ слабости. как жить...

୨୧・┈ #МДтейк ┈・୨୧
:→@MDersbot || #непонятно",494.0,0.0,1,880
MDersConfa,961,2026-03-02 18:28:36+00:00,"всем здароф.есть проблема:очень часто стрессую из за ерунды,изза чего это очень сильно влияет на физ.здоровье.в любой момент может очень сильно начать что либо ОЧЕНЬ сильно болеть (хотя провокаторов не было) даже руки и ноги,хотя я просто сижу.очень часто раздирает живот,хотя опять же все было ок.оффициально у меня стоит повышеная тревожность,и какие то там головные боли,не могу сказать точно.это мешает повседневной жизни,также,ухудшается учеба,память,да и в целом концентрация внимания и похожая хуйня.я не знаю,что делать,маме говорила,ей пофиг.
୨୧・┈ #МДтейк ┈・୨୧
:→@MDersbot || #ГТР",382.0,3.0,1,589
MDersConfa,945,2026-03-01 20:20:54+00:00,"Всем приве, простите поною чуть о накипевшом
Блять, я ебала, после дурки мне перестали помогать лекарства(арипразол пью и эсциталопрам) и я пошла к психиатру своему,  она подняла дозу арипразола (была 1/4, а тепкрь половинка), а толку нет. Сейчас она ушла в отпуск и я не могу к ней записаться, а в апреле мне будет 18 и мне придется идти к взрослому психиатру к которому меня направиои😭 а что делать сейчас, пока я жду свой др чтоб пойти к врачу? Мне щя блин так фигово, а надо готовится к экзаменам, сил вообще нет ну и лютые перепады настроения/состояния очень мешают😔

୨୧・┈ #МДтейк ┈・୨୧
:→@MDersbot || #Общее",242.0,0.0,1,612
MDersConfa,937,2026-02-28 20:30:06+00:00,"Кв/тв: суицид

Короче мне безумно плохо и я не знаю куда девать себя, во первых иза войны, во вторых просто состояние в котором я, все время виню себя, не понятная тяжеть всегда которая затмевает любую радость говоря что это поойдет безсмысленно и тд, я нормально не сплю, мне надо к психологу, у мерч паранойя что за мной следят везде всегда, мне кажется в моем мозгу сидит какая то сущность которая потом расскажет всем мои мысли и все будет смеется, триггеры с прошлого, как же я ненавижу тех людей из прошлого у которых все хорошо, я никому не приятна, я одна липнут фрики, мне мерзко с них, приходиться быть одной, как же я хочу просто закончить это все, конец света, даже бог про меня забыл кажется, у меня нечего не получается, и заставляют сидеть в тени, пока мои ненавистники и пизлабрлы центр, сука у всех идет белая полоса после черной, но видимо не у меня, я ненавижу я завидую, и мне плохо безумно пплохо я хочу умереть взять петлю и закончить все это, как же надоело быть просто мясом, по которому все топчутся, мне и с внешностью не повезло от слова пиздец, мне надоело быть мусоркой для чужих издевативосв, сука, как же меня бесит все и заебало, чтоб меня заметили, приходится орать, и даже так нет, как же мне надоел этот шантаж от собственного сознания, мне все мешает жить, я всего лишь тело для чужих достижений и оскорблений
୨୧・┈ #МДтейк ┈・୨୧
:→@MDersbot ||  #непонятно",268.0,0.0,1,1390
MDersConfa,925,2026-02-28 08:25:29+00:00,"🎀: Пока тейков нет напоминаю о кв/тв посте чтобы мне не пришлось на опыте собирать у кого на что триггер. Вы можете просто туда написать
(Ну и тейки тоже пишите пожалуйста..👉👈)",274.0,0.0,1,176
MDersConfa,917,2026-02-24 07:00:13+00:00,"всем привет, у меня арл, а у моих енбибф прл и я уже хз че делать со своей ревностью к ним....
мы встречаемся уже год и до этого я не сильно ревновал их, а теперь....практически ко всем??? я не могу терпеть когда они общаються с кем-то в чате, когда общаються просто с кем-то в лс или пытаються подружиться с кем-то или общаються с моими знакомыми. я вроде и хочу что бы они завели новых друзей/знакомых, но в тоже время я не хочу что бы они уделяли кому-то больше времени, чем мне
наверное если бы у них не было прл, я бы не так сильно переживал по этому поводу....просто боюсь что когда я в очередной раз начну говорить что-то, а потом это перерастёт в ссору, они блокнут меня и просто уйдут...
да, если что, справедливости ради: я не общаюсь ни с кем кроме них (комменты не считаються если что) 

бля, правда, помогите как хотя бы не сильно беситься от того что они общаються с кем-то....советы из инета не помогают. я уже сам устал от этого говна 🫩

୨୧・┈ #МДтейк ┈・୨୧
:→@MDersbot ||  #арл",407.0,2.0,3,992
MDersConfa,903,2026-02-22 20:23:32+00:00,"Кв/тв: суицид, религия, рпп, самоповреждение

Вообщем, долго думала, что написать, но вот решилась... Долгое время уже живу в вечной апатии, а если что-то радует и вызывает положительные эмоции, то на плечах будто гора, ощущение, что эта радость фейковая. Пыталась отбросить эти мысли, но вечно переживаю и думаю о своём состоянии, ощущение, что нужно что-то делать, что-то менять, что нахожусь не в своей тарелке, даже когда просто сижу мысли о чём-то другом. Навязчиво хочу что-то изменить, даже принимала попытки, но по итогу ощущала себя пустой оболочкой. Не знаю, чего хочу на самом деле. Постоянно дёргаюсь и тревожусь не о чём, бывают истерики и рыдания по факту из-за обычной ситуации, но просто устала от этого чувства вечной апатии и тревоги. Пытаюсь анализировать всё, что происходит и понимаю, что смысла в таких переживаниях нет, но успокоить себя не могу, по итогу опять получая срывы. Были попытки слфх и навязчивые мысли об ркн преследуют всегда. Была на грани много раз, спасала только моя религия. В добавок есть ещё подозрение на рпп, ненавижу себя каждый раз, как поем, сравнивую с другими и то голодаю, то снова срываюсь и ем, отчего ненавижу себя ещё сильнее. Поймала себя на мысли, что хочу худеть ещё больше, до болезненного состояния (хотя итак сидела на голодовке и недовес 12 кг). Хочется просто сбежать, апатия, тревога, мысли о слфх и ркн вечно преследуют, изнурительные диеты до трясучки смешиваются с нормальным питанием, вечные качели. Не ставлю себе сама диагнозы, но копалась в теме, пока что думаю только об рпп и ркн. Было бы интерсно узнать мнение людей с чем-то похожим на этот счёт.
୨୧・┈ #МДтейк ┈・୨୧
:→@MDersbot || #прдпРПП",317.0,1.0,2,1663
MDersConfa,902,2026-02-22 19:56:28+00:00,"Здравствуйте, т.к я пока не могу пойти к врачу(она в отпуск уезжает), спрошу у вас , может тут кто-то знает, что это за хуйнч. У меня снова появились небольшие провалы в памяти. Я не могу вспомнить , что было вчера, или вообще что было сегодня утром. Дела путаются, то что я делала вчера, мне кажется будто я делала сегодня ну и т.п, надеюсь более менее понятно объяснила.. у меня подобная хуцня когда-то была, но сама прошла, а теперь снова вернулась.. так еще после этого меня накрыла дереализация, я тупо не чуствовала себя собой и ощущение было что все нереальное и тревога лютая была. Почему это снова появилось? Не знаю, выложат ли, ну попытка не пытка. У меня если что поставленный тяжелый депрессивный эпизод с психотическими симптомами, это может быть из-за болезни?

୨୧・┈ #МДтейк ┈・୨୧
:→@MDersbot || #Депрессия",276.0,0.0,2,820
MDersConfa,868,2026-02-21 18:07:38+00:00,"я сейчас живу у родственников, но это не главное. у них есть кот. и я очень люблю котиков... но такого у меня никогда ни с каким котиком не было. в общем, мне нравится запах шерсти этого кота, мне нравится его нюхать, а его мурчание + запах успокаивает меня во время перегрузок. он реально имеет приятный естественный запах кошачьей шерсти, ничего не могу поделать с этим... чувствую себя странно из-за этого...

୨୧・┈ #МДтейк ┈・୨୧
:→@MDersbot || #РАС",280.0,2.0,1,450
MDersConfa,867,2026-02-21 17:20:01+00:00,"Здравствуйте, как вы справляетесь с сенсорными неприятными ощущениями, которые возникают, когда слышите какие-то ""тяжелые"" слова? То есть, у них нет какой-то эмоциональной окраски, но они кажутся по какой-то причине омерзительными, заставляют съеживаться и т.д. Меня, например, очень раздражают такие слова как популяция, искусственный, фенотип, природа, программа, закон и т.д, и я не могу это объяснить никак логически. Самое обидное, когда для таких слов нельзя подобрать адекватно звучащий для твоего мозга синоним ....

୨୧・┈ #МДтейк ┈・୨୧
:→@MDersbot || #РАС",276.0,0.0,2,562
MDersConfa,866,2026-02-21 14:38:37+00:00,"тут кто-нибудь обращался в фонд помощи аутичным людям в спб ""Антон тут рядом""? расскажите, пожалуйста, про свой опыт. я думаю обратиться туда насчет того чтобы мне помогли в трудоустройстве...

୨୧・┈ #МДтейк ┈・୨୧
:→@MDersbot || #Общее",249.0,0.0,1,233
MDersConfa,865,2026-02-20 19:26:16+00:00,"у меня с начала приема таблеток (венлафаксин + кветиапин) начало развиваться отвращение к мясу и с каждым днем все больше и больше, сильнее всего напрягает вид и запах сырого, особенно курицы... по итогу я его практически и не ем. что делать не знаю прям. может у кого-нибудь тут имеется схожий опыт? что делать? что вам помогло?

୨୧・┈ #МДтейк ┈・୨୧
:→@MDersbot || #Общее",286.0,1.0,1,370
MDersConfa,862,2026-02-19 16:28:15+00:00,"Всем привет, психиатр мне сегодня назначил рисперидон, рассказал, что возможны увеличение пролактина и набор веса, но стоило мне почитать комментарии других людей в тт об этом препарате, создалось ощущение, что такая херня в 90% пьющих его. Но я продолжаю надеяться на то, что возможно алгоритмы тт так сработали, что подкинули мне онли негативный опыт людей на этом препарате. Если кто его пил, поделитесь, пожалуйста, впечатлениями. И вообще реально у большинства побочки эти настолько яро проявляются, что доходит до лактации и набор веса идёт вплоть до 10 кг и более, или наоборот у меньшинства? Заранее спасибо за любые ответы, очень боюсь теперь пить рисперидон, а уже купил его(((

୨୧・┈ #МДтейк ┈・୨୧
:→@MDersbot || #Общее",316.0,1.0,9,728
MDersConfa,861,2026-02-19 11:18:37+00:00,"Не судите строго не разобралась с диагнозом до конца... Хочу уточнить, бывают ли смешанные фазы при бар2? Меня щас мотает туда-обратно на протяжении нескольких дней, есть энергия и куча идей как в гипомании но нет сил, навязчивые мысли определенного характера и прочие штуки характерные больше депрессивному эпизоду. Про смешанные эпизоды больше все пишут в контексте бар1 поэтому я и не понимаю у меня что-то вот это в данный момент или другое...

୨୧・┈ #МДтейк ┈・୨୧
:→@MDersbot || #БАР",254.0,0.0,2,486
MDersConfa,860,2026-02-16 20:52:10+00:00,"тв/кв самоповреждения

я не хочу романтизировать/предполагать и ставить самодиагноз - диссоциативное расстройство
у меня много личностей, как бы странно это не звучало. я каждый день хочу все поменять в себе. хочу создать новый аккаунт в тик токе, в тг, переделать био, создать новые каналы. хочу поменять внешность, стиль, поведение, характер. наверно, только из стабильности - это депрессия, порезы, истерики и комплексы, социофобство и ненависть к себе.
я смотрю на других людей и я сразу хочу поменять всю свою личность. вот сука постоянно. 
я в разных местах разный. в обществе - закрытый, что было при бывшей, я был громким и веселым. в одном чате я нытик, в другом нормальный, в другом ебанутый, еще в десятом - у меня опять другой характер. и в разном месте у меня сука разные местоимения. на разный акках, я разный человек, с другим именем, не своим псевдонимом, скрывающий свою внешность.
я устал так жить.

୨୧・┈ #МДтейк ┈・୨୧
:→@MDersbot || #Непонятно",314.0,0.0,7,961
MDersConfa,859,2026-02-16 05:26:17+00:00,"я ""люблю"" ковырять кожу, в частности выдавливать прыщи, казалось бы, это не что-то необычное, но нет, мне после выдавливания нравится нюхать содержимое прыща, будь то гной или сальная пробка. также я обрываю кончики волос которые посеклись, из-за этого у меня ни одна стрижка долго не держится, вырываю брови и ресницы, срываю заусенцы до крови, грызу губы и внутренние стороны щек тоже до крови... я выгляжу ужасно из-за этого всего и не понимаю как с этим бороться, подскажите пожалуйста, может тут кто-то сталкивался с этим или чем-то подобным и поборол всю эту тему. это все происходит на фоне сильного стресса, жизнь меня просто кошмарит сейчас...

୨୧・┈ #МДтейк ┈・୨୧
:→@MDersbot || #Непонятно",325.0,0.0,6,697
MDersConfa,857,2026-02-15 17:26:21+00:00,"насколько базовым ивентом является приход в терапию с симптомами махровой депры(легкая, симптоматика как по учебнику, у меня были/есть почти все диагностические критерии МКБ), а выйти с осознанием, что там еще и некоторая симптоматика КПТСР(не хочу перечислять какая, просто поверьте мне я сама это осознала вчера и все еще в шоке), при чем тоже махровая(я читала то, что у меня нарыли и просто ""бляяя ну было"" ). У меня не было стереотипной жести в жизни, но было то, что, по мнению моих спецов, могло вызвать(я высокочувствительный от природы человек)

୨୧・┈ #МДтейк ┈・୨୧
:→@MDersbot || #Депрессия #КПТСР",331.0,0.0,2,605
MDersConfa,839,2026-02-14 14:38:01+00:00,"Анон, первый тейк
я несовершеннолетняя, ибо шизофрения или же что это я не знаю, ни разу ни к кому не обращалась:
вечно чувствую тревогу, а может увезут в машине, или же убьют типо все такое, в школе вечно чувствую терракт, прислушиваюсь к каждому шороху в коридорах, даже дома страх болючий, трясет от мысли, что в дальнейшем мне придётся идти на улицу, в публичные места и вообще находится где ибо кроме дома, вечно так
а ещё галлюцинации боковым зрением

୨୧・┈ #МДтейк ┈・୨୧
:→@MDersbot || #Непонятно",359.0,0.0,5,501
MDersConfa,838,2026-02-14 08:26:08+00:00,👾— урарарарраа,353.0,0.0,1,14
MDersConfa,837,2026-02-13 22:02:47+00:00,🎀: УРАААААЩКЕРЕ РЕБЯТ НАС 300 в честь этого постараюсь выйти из реста чтоб мы росли побыстрее,405.0,0.0,3,93
MDersConfa,836,2026-02-13 18:46:02+00:00,"Хочу узнать как ощущается депрессия, ну тип как живется и тд

୨୧・┈ #МДтейк ┈・୨୧
:→@MDersbot || #депрессия",439.0,1.0,63,105
MDersConfa,835,2026-02-12 11:55:58+00:00,"Тв самоповреждение Тв суицидальные мысли

У меня прл. 

Мне постоянно больно. Перманентно. Я постоянно реву, любая мелочь доводит меня до мыслей о собственной смерти. На меня косо взгляни — я уже тянусь за лезвием. У меня нервы как оголённые провода, я одновременно ощущаю так много и совершенно ничего, что схожу с ума. У меня каждый день как последний ""наревись и наистерись так, чтобы до конца жизни хватило""

И я открыла для себя ролки с ботами. Я их раньше презирала, но сейчас эскапизм единственное, что не даёт моей крыше потечь окончательно. Каждый раз, когда мне хреново или случается ситуация не оч, я сразу иду прописывать такой же сюжет вместе с ботом, но только там моего персонажа неизменно успокаивают и говорят миллионы добрый слов, дают ему любовь. 

У меня этого нет. Вот я и получаю как могу. 

И я это ненавижу. Я не хочу так. Но не могу без этого

୨୧・┈ #МДтейк ┈・୨୧
:→@MDersbot || #прл",499.0,3.0,2,906
MDersConfa,833,2026-02-12 11:11:38+00:00,"пью венлафаксин и кветиапин чуть больше месяца. улучшения есть, но иногда почему-то происходят некоторые откаты, а ощущаются они сильнее чем мое депрессивное состояние до лечения, может быть это потому что я начинаю ""отвыкать"" от тяжелой депрессии (если такое возможно). когда начинает накрывать отчаяние, которое я буквально физически чувствую, мне перехватывает дыхание и хочется орать и выть, начинают в голову приходить мысли о суициде (убивать себя не собираюсь потому что понимаю что это не более чем импульсивная мысль). реже появляется такая штука, когда мне сложно вставать утром, но даже если и бывает, то кое-как усилием воли это получается сделать... мне кажется, что такие откаты случаются, когда я начинаю думать о своей жизни, ее смысл, ее суть и то где я.. а я сейчас живу у родственницы, которая люто пинает меня, говоря что я должна съехать как можно скорее, но у меня пока нет постоянной работы чтобы снять жилье, а в родной город возвращаться это хуже смерти... у меня нет близких мне людей, у меня нет поддержки, нет друзей... я одинокий человек по своей сути. ну а что дальше... как жить..? ну т.е сниму я квартиру-студию, буду жить в режиме дом-работа-дом-работа и тухнуть в одиночестве в этой гребаной студии..? я толком не социализирована и у меня рас, поэтому мне сложно общаться с людьми. думала найти соседку, с кем можно снять жилье, но пока не получается  отыскать ее... эх... быть может тут случайно найдется? если что, город — спб хахп

୨୧・┈ #МДтейк ┈・୨୧
:→@MDersbot || #депрессия",399.0,1.0,2,1512
MDersConfa,832,2026-02-12 07:03:05+00:00,"из-за того, что меня чуть не положили в психушку, мне теперь приходится ходить к бесплатному психологу и психиатру в психушке (когда нибудь об этом расскажу)
мать отказалась ходить к платному психиатру, которому я доверяю. а из-за птср, я не открываюсь новому врачу и сильно боюсь, что сказав что-то не то, меня запрут в психушке.
я строю себе новую личность, причем часто. я сейчас пытаюсь сделать новую личность с себя и меняю в себе абсолютно все, включая местоимения, привычки. и каждую свою новую и старую личность ненавижу. у меня жесткие периоды дисморфомании, я опять пытаюсь сбросить вес и плачу от цифры на весах - 60 для 17-ти летней девочки ростом 170. я живу в другом мире, в своем. я буквально вижу образ в своей голове идеального себя и моего знакомого. я устал. я многое че не написал, извините, запаристо

୨୧・┈ #МДтейк ┈・୨୧
:→@MDersbot || #рпп #птср",412.0,0.0,2,866
MDersConfa,811,2026-02-09 19:24:12+00:00,"""я слышу голоса в своей голове они говорят мне: бебебебе бебебе"" 
Я сам обожаю этот мем (когда не говорю про болезни). Но когда мне в 1000-ый раз говорят это, когда узнают (какого то хрена узнают, хотя я толком никому не говорю) о моих галлюцинациях, я начинают ненавидеть все вокруг. 
Типо, хватит. Голоса в голове это не всегда галюны. Это унизительно даже не для меня, а для того, кто неуместно шутить. Да, я так же слышу голоса в своей голове, но они говорят мне отнюдь не это. 
Просто хватит, типо галюны это не выдуманный друг. Это зловещее нечто, это лица смотрящие за каждым твоим вдохом, они могут комментировать все что ты делаешь, перекрывать твои мысли. И да если я застрял во время разговора и забыл как говорить слово йогурт, я не аутист или клоун, я просто слышу на столько много РАНДОМНЫХ звуков и слов, вплоть до предложений убить себя прям на глазах у компаньона, что не могу сопоставить буквы и ответ. Хватит ржать. 
На счёт заболевания, я хз, я не диагностированный, но галюны есть. Как факт. Надеюсь тейк подойдёт...

୨୧・┈ #МДтейк ┈・୨୧
:→@MDersbot || #непонятно",645.0,0.0,21,1082
MDersConfa,810,2026-02-09 10:38:39+00:00,"всем привет, меня вьебал синдром отмены из-за пропущенных антидепрессантов, всем пока

୨୧・┈ #МДтейк ┈・୨୧
:→@MDersbot || #общее",882.0,1.0,1,126
MDersConfa,809,2026-02-09 01:32:46+00:00,"Романтизация ДРИ и отношение к ДРИ как к ""друзьям в голове"" должно исчезнуть. 
Мне недавно предъявили, мол ""да тебе повезло, что ты система!!! Ты просто позовешь того, кто знает, а мы если не помним, не вспомним никак"" Н е т. Вы получите легкое напоминание и сразу вспомните. А мы из-за амнезии будем сидеть и репу чесать, как будто впервые эту херню видим. И альтеры не будут помогать. 
Неанон Расп тушканчик 

୨୧・┈ #МДтейк ┈・୨୧
:→@MDersbot || #ДРИ",1513.0,5.0,9,449
MDersConfa,798,2026-02-07 18:40:33+00:00,"это охуеть.мне поставили прл на бумажке.до этого 3 раза ставили устно 
у меня какое то странное ощущение сейчас

୨୧・┈ #МДтейк ┈・୨୧
:→@MDersbot || #прл",1245.0,1.0,3,150
MDersConfa,797,2026-02-07 18:27:25+00:00,"может ли кардиолог назначить антидепрессанты?

у меня в понедельник прием у него из-за вечно повышенного давление,и я косвенно понимаю что стало причиной этого всего..
у меня ужасные проблемы со сном и адская тревожность на ровном месте,почти по таким же симптомам моей знакомой назначил антидепры невролог и честно..я до усрачки боюсь.
я не хочу сидеть на таблах,особенно каких-то серьезных,но на данный момент времени мне нихуя не помогает справляться с этим всем...перепробывала множество способов,для возвращения нормального сна,но нихера..
хелп ми.

୨୧・┈ #МДтейк ┈・୨୧
:→@MDersbot || #непонятно",1574.0,1.0,7,598
MDersConfa,796,2026-02-07 18:05:52+00:00,"я прошла более 5 интернет-тестов на депрессию, если усреднить то у меня по мнению сайтов возможно тяжёлая депрессия, мне стоит беспокоится? я просто не знаю, к психологу я не обращалась но в последнее время я и правда чувствую себя не лучшим образом

୨୧・┈ #МДтейк ┈・୨୧
:→@MDersbot || #депрессия #непонятно",1067.0,3.0,7,305
MDersConfa,795,2026-02-07 18:05:08+00:00,👾: ну крутые,1103.0,0.0,1,12
MDersConfa,793,2026-02-07 16:46:58+00:00,"🎀: переоформа, guys
Теперь мы более мрачненькие

Возможно ещё потом корректировать буду",845.0,0.0,4,87
MDersConfa,792,2026-02-07 16:46:41+00:00,"ㅤ 🤥🐳🐳🐳🐳🐳🐳👨‍🦳
  ➿➿➿➿➿➿➿➿➿
**🎀  —  Рейчел,** 🤩>🤩, владелец, отвечает за все.
**💥  —  Мэри,** 🤩, модератор чата, комментариев.
🌹**  —  Хел, **🤩, админ по вп.
**👾  —  Спавн,** 🤩, админ по тейкам, вп.
💊 **—  Деймос, ****🤩****,** админ по тейкам.
👀** / 𓁹  — ** **Мэдлин,** 🤩, админ по тейкам, вп.",940.0,0.0,0,290
MDersConfa,786,2026-02-07 10:52:58+00:00,"""Ой, иметь нервные тикки и тремор это так мило! Ты наверное похожа на Твика из Южного парка!!""
""Так мило общаться с тревожником, они такие пупсики и так боятся кого-то обидеть! Такие хорошики""

Нет. У меня общее нервное расстройство появившееся на основе тревожно-социального расстройства и тяжёлой депрессии из-за многолетнего буллинга. Меня пиздецки бесит, когда я говорю о своём расстройстве, а меня приписывают в категорию романтизированных персонажей или называют симулятном, ведь ""ну не может человек так дёргаться"". Я годами борюсь с кучей своих диагнозов которые мне поставили несколько высококвалифицированных врачей не для того, что бы моё состояние называли ""милым"".

То, когда ты буквально не можешь держать ложку из-за постоянного тремора и спазма в руках из-за чего просишь других людей тупо покормить тебя, потому что ты уже сутки не можешь донести еду до рта - не мило.
Мигрень по несколько дней, после которых ты чувствуешь себя разбито - не мило.
Когда тебе выписали новые лекарства, но они оказались слишком сильными из-за чего ты буквально ходишь как овощ, не можешь связать пары слов и хватаешься за человека, что бы просто не упасть - не мило.

Прошу хватит романтизировать психические и неврологические заболевания, я не для этого лечусь.

୨୧・┈ #МДтейк ┈・୨୧
:→@MDersbot || #общее",1618.0,2.0,6,1302
MDersConfa,772,2026-02-06 05:15:20+00:00,"Здравствуйте. Сегодня мне поставили наколепсию и я наконец понял что со мной происходит.... Поздравьте меня

୨୧・┈ #МДтейк ┈・୨୧
:→@MDersbot || #Наколепсия",445.0,1.0,3,153
MDersConfa,771,2026-02-06 05:02:32+00:00,"У меня вопрос: бывают ли ""будничные"" слуховые галлюцинации или мне просто так громко кажется? ""Будничные"" - это я имею ввиду, что все что я слышу не выбивается из окружения, но не имеет существующего источника. Допустим шаги, когда ты один в доме, звук вибрации телефона от туда, где он точно не лежит, или хлопок двери, хотя никто не пришел. Я могу в теории все случаи списать на то, что я как то слишком громко подумала, и поэтому мне показалось, что я это слышу, не знаю честно. Просто раньше я с таким ну раз в год сталкивалась, а сейчас раз в пару дней появляются заметные случаи. Это мне никак не мешает, и может по этому поводу вообще не нужно беспокоиться? Просто если честно врачу говорить не хочу, ведь вдруг выпишет какие то таблетки и меня заставят ими травиться. Я просто уже травлюсь таблетками, ведь мне сказали что у меня эмоциональная нестабильность (диагноз так же как то звучал) и ну не хочется что бы меня еще больше травили

୨୧・┈ #МДтейк ┈・୨୧
:→@MDersbot || #ЭНРЛ",408.0,0.0,5,984
MDersConfa,769,2026-02-05 14:17:56+00:00,"У меня есть кое-какие причины лечь в дурку, но я почти не знаю, что там происходит. А жить дальше без присмотра я не могу себе позволить... И это осознание с каждым днем становится всё страшнее

୨୧・┈ #МДтейк ┈・୨୧
:→@MDersbot || #Общее",363.0,0.0,1,234
MDersConfa,768,2026-02-05 12:37:03+00:00,"Всем пр неанон джи
я отлежала в дурке острого режима два месяца с попыткой ркн, мыслями о ркн, слхр, тревожно-депрессивным, прл и сильным рпп. 
хотелось бы поотвечать на вопросы. вам будет полезно послушать, с мне интересно ответить

୨୧・┈ #МДтейк ┈・୨୧
:→@MDersbot || #РПП  #ПРЛ #ТДР",454.0,0.0,6,282
MDersConfa,766,2026-02-05 12:23:17+00:00,"всем привет!!! хочу тут найти людей с религиозной травмой/ПТСР на фоне сект/сильным ПТСР и тд, так как мне это очень надо для написания фф, а в окружении у меня таких нет(((( 
буду очень рада дружбе и сотрудничеству с вами, вы меня просто спасете

୨୧・┈ #МДтейк ┈・୨୧
:→@MDersbot || #ПТСР",850.0,1.0,9,286
MDersConfa,763,2026-02-04 20:02:21+00:00,"всем здравия
кто то ходил в центр эмпатия?как вам Никифоров Роман Степанович?

୨୧・┈ #МДтейк ┈・୨୧
:→@MDersbot || #общее",829.0,1.0,2,118
MDersConfa,759,2026-02-04 19:09:06+00:00,"Всем привет. 
У меня полудиагностированная депра(оч долгая самодиагностика + психолог подтвердила, что вполне может быть) + ебейшие трабблы с самооценкой + еще кое какая херня. Отходила к своему психологу 3 раза, больше че та не хочется. Проблема не в ней, а в том, что я типа. Не хочу лечиться, ибо последний год без менталл ишьюс это 2019, 7 сука лет назад начавшийся. И я просто не знаю, а кто я без моих ментальных проблем, ибо они литтерали охватывают всё, что я делаю. 
Как объяснить своему мозгу, что я не исчезну, как личность, если вылечусь?

୨୧・┈ #МДтейк ┈・୨୧
:→@MDersbot || #депрессия",566.0,0.0,4,595
MDersConfa,758,2026-02-04 18:55:38+00:00,"haiii мдкф ٩(๑^o^๑)۶ хотела бы поделиться своими проблемками в последнее время, может кто сможет что сказать!!! 

в последнее меня стало воротить от некоторой еды, со временем этот список растет. я перестала есть макароны (кроме одного типа и только в день приготовления), почти все крупы, теперь ещё и почти хлеб. я постоянно пристально рассматриваю еду в тарелке, и даже если понимаю, что я точно увижу что-то противное (и мне это возможно даже покажется), то всё равно меня стошнит и я потеряю всякий аппетит. мне стало противно ощущать некоторые вкусы и текстуры, а других продуктов (например хлеб) я боюсь из-за их текстуры как раз (мне постоянно кажется что там сидит какойто жучок, даже обычные обжаристые кусочки я воспринимаю как что-то несъедобное). я панически боюсь увидеть там насекомое, поэтому так тщательно проверяю. на днях я увидела целых двух жучков в хлопьях и сдобной булке - один был живой и двигался! меня чуть-чуть не вырвало, после этого я чувствую себя ещё хуже и контролирую еду ещё тщательнее, тревога не покидает меня вообще. это касается не только еды, но и вообще всего остального, like я постоянно проверяю поверхности и полки на наличие чего-то подозрительного или издалека похожего на насекомых, я ненадолго успокаиваюсь если всё чисто, но страх постоянно сидит в голове. я пипе переживаю, что мой рацион постепенно сужается и сужается, а ещё за +-3 месяца за потеряла 4 кг без цели (хз мб больше-меньше, я редко взвешиваюсь). мама беспокоится и злится, что я отказываюсь от некоторой еды, когда я говорю что боюсь жучков она не понимает и отмахивается, а я не знаю как объяснить ей это по-другому. я не хочу худеть, меня все устраивает в моем теле, никогда не думала что начнутся какие-то проблемы с едой... :< сколько себя помню явсегда панически боялась насекомых (в детстве жосккая аллергия была, мы ещё на юге жили у мя все лицо опухало от одного укуса комарика........), а с весны-лета 25 у меня чуть ли не истерики случались. все считают чтр я преувеличиваю, но я хз мнн реально ОЧЕНЬ противно до тошноты. а и да ещщ тревога у меня длится уже 3 года, раз в год примерно в одно и то же время я чувствую сильнейшее выгорание, усталость и тревожность, и причем как будто чем дальше тем жестче и хуже у мя самочувствие 😵‍💫😵‍💫😵‍💫 поискала нынешние симптомы, много совпадений с окр и иорпп, а нсччет тревожки я хз. я дажн хз к кому обращаться с такими приколами, к шк психологу третий год подряд ну как-то сомнительно как будто??? всем спасибо на всяки byeee 💜💜💜

୨୧・┈ #МДтейк ┈・୨୧
:→@MDersbot ||
#прдпОКР #прдпРПП",1217.0,0.0,1,2549
MDersConfa,757,2026-02-04 13:06:49+00:00,"Я не могу понять, здорова ли я в психическом плане. Мне известно лишь то, что я сильно отличаюсь от других. Я очень холодная, буквально большую часть моей жизни, почти безэмоциональна, да и в целом имею и имела нестандартные увлечения и взгляды на мир, я глубоко погружена в себя и не особо замечаю мир вокруг себя, ещё и дереализацию испытываю время от времени. Ещё я почти ни с кем не общаюсь, не потому, что не смогла бы, а потому что действительно не желаю. Иногда мне кажется, что я какая-то инопланетянка, ибо абсолютно не понимаю социальные нормы, наверное, это даже немного мешает мне жить. Хотела бы у вас спросить, стоит ли мне куда-то обращаться, больна ли я вообще или надумываю себе. Вообще, я могла бы дополнить, но самое главное я вам здесь расписала.

୨୧・┈ #МДтейк ┈・୨୧
:→@MDersbot || #прдпШРЛ",305.0,0.0,2,809
MDersConfa,756,2026-02-04 12:10:56+00:00,"Здравствуйте, есть ли здесь люди с дискалькулией, которые учатся на физмат специальности? Если есть, то расскажите, пожалуйста, как вы выживаете. Я чувствую себя ошибкой природы, потому что у меня дискалькулия. Я чувствую, что рождена быть физматом, но физмат из меня хуëвый, потому что у меня дискалькулия. Я уверенна, что я никуда не поступлю, а если и поступлю, то меня либо отчислят, либо я сама отчислюсь, потому что не вывезу, либо каким-то чудом выучусь (это невозможно), но очень хуëво выучусь и ничего не буду знать и просто проведу несколько лет впустую, либо ещë какая-то хуйня случится. Я уверенна, что меня ждëт смерть в нищете, потому что я собираюсь поступать на программиста, будучи опездолом с дискалькулией ✌️ Вариант выбрать соцгум/химбио специальность тоже явно не для меня, потому что мне это абсолютно не интересно, и я точно так же отчислюсь оттуда в первый же день, вариант вообще никуда не поступать и искать работу без образования мне тоже не подходит, потому что образование для меня очень важно и один из главных приоритетов в жизни, и я хочу учиться там, где мне действительно интересно. Я на данный момент уже работаю и готовлюсь к поступлению в универ (да мне 18 и я до сих никуда не поступила угадайте почему), и я уже понимаю, что та работа, на которой можно работать без образования мне не очень нравится, и работаю я здесь исключительно потому, что мне очень срочно нужны деньги, отчасти чтобы накопить на учëбу, потому что на бюджет я явно не поступлю. Я не скажу, что всë прям очень плохо, в целом терпимо, но это явно не то, что я хочу делать всю жизнь, мне хочется получить образование, но из-за дискалькулии я как-то перегорела ко всему этому, потому что то, что среднестатистическому человеку даëтся легко, для меня в сто раз сложнее, я до сих пор на пальцах считаю и путаю цифры друг с другом, путаю больше/меньше, сложение и вычитание и т д, я буквально могу неправильно 2+2 сложить, и абсолютно никто из моего окружения не понимает, что это правда так, все думают, что когда я неправильно считаю что-то очевидное, я просто шучу, но это не так. От этого я чувствую себя просто изгоем, неужели всë настолько плохо, что никто даже не может в это поверить

୨୧・┈ #МДтейк ┈・୨୧
:→@MDersbot || #дискалькулия",358.0,0.0,1,2243
MDersConfa,755,2026-02-04 11:19:16+00:00,"не был ни разу у психологов или психиатров тк возможности нет, но мне кажется что я странный

очень давно уже началось, но щас хуже стало: я на протяжении наверное двух лет не выхожу из дома никуда кроме вуза и по мелким делам в роде ветеринара или стоматолога, гигиена можно сказать отсутствует, у мя вся комната заставлена хламом и посудой грязной, белье постельное не меняю, моюсь соответственно редко и все остальное делаю тоже редко, с учебой беда какая-то из-за бесконечной прокрастинации. и короче, в этом году началось, у мя раз в несколько месяцев бывает где-то минимум на неделю ебанутый прилив энергии и сил, оно ощущается будто я всемогущий, тело ломит от энергии, спать не могу, разговариваю очень быстро и несвязано потому что мысли прям ебашат через край и темы сменяются бесконтрольно, ну это так по минимуму, деньги уходят на ненужную хуйню в огромных количествах, знакомства, много планов и идей. в последний раз у мя это было в начале декабря, но было по-другому, то есть, мне на полном серьезе казалось, что я бог и все люди вокруг обязаны на меня ровняться и делать все, что я говорю, и мне ужасно льстило абсолютно все, я прям был уверен в том, что я божество, а все остальные (в особенности те, с кем у меня конфликты) со мной рядом не стояли и никогда бы не смогли стоять, потому что им не обрести такого ума, мышления, тела и всего что у меня есть, прям то что я гений, самый лучший, всемогущий в 2х сильнее, чем в прошлые разы + мне казалось, что все правильно и что я вообще выздоровел от той лени, у мя не было даже мысли о том, что это может быть чем-то ненормальным, будто я и должен таким быть. ну в остальное время я разлагаюсь в кровати, почему-то прям плохо становится после таких приливов энергии

может это от стресса, я честно хз, хотелось спросить можно ли с этим что-то сделать или я прост выдумываю и это у всех так?

୨୧・┈ #МДтейк ┈・୨୧
:→@MDersbot || #БАР",317.0,0.0,5,1895
MDersConfa,754,2026-02-04 09:25:46+00:00,"Привет конфа.
Недавно сходила к психотерапевту, поставили расстройство адаптации, но я не согласна с этим диагнозом... И считаю что у меня скорее тдр (на то есть причины). Я не сказала о некоторых симптомах, так как побоялась, и не хотела что бы об этом знала мама. Повторный прием будет через месяц, и я не знаю, стоит ли сказать все то, чего я недосказала?(

୨୧・┈ #МДтейк ┈・୨୧
:→@MDersbot || #ТДР #РасстройствоАдаптации",241.0,0.0,3,421
MDersConfa,747,2026-02-03 11:21:06+00:00,"тв: мысли о самоубийстве

мой парень мне постоянно жалуется что у него часто  появляются голоса в голове, они очень громко кричат и зачастую просят его убить себя. это обостряется после какого-либо стресса или его истерики, очень часто ловит панички из-за этих голосов. когда я его успокаиваю, сижу с ним во время этих приступов, ему немного становится легче в плане что паничка уходит, но голоса не стихают. возможности и средств сходить к психиатру у него пока что нет, может я могу ему пока что хоть как-то помочь?

୨୧・┈ #МДтейк ┈・୨୧
:→@MDersbot ||#Непонятно",295.0,0.0,2,561
MDersConfa,746,2026-02-03 07:42:51+00:00,"Мне кажется, что я ебанутая. 
Тв: нсфв, домогательства и прочее

Вообщем. Весной (или летом..?) я подверглась сомнительным мувам со стороны своего отца, от чего еще чуть более полугода не могла отойти. Я шугалась, когда меня трогали взрослые люди (ДАЖЕ МАМА, я не могла с ней банально обниматься, потому что вспоминала отца. У меня чуть ли не до паничек подобное доводило)
Потом стало чуть легче, я уже все, вся тактильная няняня, но естественно меня в покое оставить не могут
Не так давно мне начали сниться сны. В первом – достаточно скудный сюжет. Я сижу в квартире у отца на диване, не могу даже пошевелиться, пока он меня раздевает. Потом я все же смогла встать и начала буквально бегать от него по всему городу. По квартирам, домам, лишь бы спрятаться.
Второй — мы находились дома с бабушкой и отцом. Я сторонилась его, предпочитала быть рядом с бабушкой, но каким-то боком отмотала время назад. До того числа, когда отец еще не домогался. 
Я ПИЗДЕЦ испугалась, потому что мне надо было переживать все заново, я не могла прекратить с ним общение, т.к теперь для него и родственников причин не было. Я помню свои мысли, к тому же писала их матери: она рядом не находилась. 

Мне было тревожно от таких снов, но особого внимания я не обращала.

Пока сегодня мне не приснился сон с отчимом. Где он меня насилует, а я рассказываю маме, даже показываю случайно сделанные фотографии. 

И вот это уже пиздец. Отчим НИКОГДА не проявлял ко мне подобного, он относительно хороший человек и я его уважаю, К ЧЕМУ МОГУТ БЫТЬ ТАКИЕ СНЫ?
Единственное, что приходит на ум: я очень часто представляю, как меня насилуют. Не с романтизацией, не подумайте, тут даже нн интерес играет роль. Просто наблюдаю, что могло бы сл мной произойти, причем на постоянке.

я не знаю, относится ли это к теме кф, просто без понятия, куда еще выложить тейк. (если я проебалась, скажите пжста) что эти сны могут означать? я ебнутая? это какое то расстройство НЕ ЗНАЮ

୨୧・┈ #МДтейк ┈・୨୧
:→@MDersbot || #прдпПТСР",293.0,0.0,2,1981
MDersConfa,745,2026-02-03 07:35:39+00:00,"Ааэаэ здравствуйте, я тип ну с штрл типочек. Мне поставили его где то в 2024 в сухаревке .. И я не знаю что это за расстройство такое, ну я конечно читал в открытых источниках что это такое, но ничего не понял. А когда мне в сухаревке объясняли что это, это было так давно что я уже забыл. Короче, бригаду.. 

Ну и интересно, есть ли тут тоже люди с штрл, может подружимся idk

୨୧・┈ #МДтейк ┈・୨୧
:→@MDersbot || #ШтРЛ",248.0,0.0,3,416
MDersConfa,744,2026-02-02 20:48:43+00:00,"Есть тут кто пил сертралин? Мама бриться и категорически не хочет мне давать его, при том что по рецепту половину таблетки всего лишь в сутки... Как ее успокоить, и объяснить что не стану овощем, если буду пить его? :_

୨୧・┈ #МДтейк ┈・୨୧
:→@MDersbot || #общее",269.0,0.0,8,259
MDersConfa,734,2026-02-02 13:25:45+00:00,"ТВ: мысли о суициде и селфхарме, мат. 
Всем привет, хотел рассказать и поделиться с кем-то своей проблемой. Из-за социофобии и панических атак я очень тяжело хожу в школу, просто пиздец. Из-за стресса мой иммунитет слабеет, и я болею каждый месяц, у меня огромные пропуски, но материал я усваиваю и не отстаю. По сути, обучаюсь самостоятельно. Хотел рассказать, что сегодня очередной день, когда я пропустил школу из-за того, что не так давно у меня случилась истерика из-за мысли о том, что дистанционное обучение закончилось и требуется снова физическое присутствие. Также у меня был период с желанием самоубиться, поиск методов и навязчивый интерес к самоповреждению (я явно романтизирую эстетику селфхарма, и это отвратительно с моей стороны, я чувствую за это вину; просто мне всегда была интересна собственная кровь и раны). 
Особенно такие периоды разгораются, когда я хожу в школу, даже несколько недель, но иногда бывают даже на каникулах из-за ощущения одиночества, мол, меня никто не любит и не поддерживает. 
А из-за социофобии я теряю голос и ловлю панические атаки в школе, в коридоре, на уроке, при контакте с одноклассниками. Или даже при одной мысли о том, что мне предстоит коммуникация с одноклассником, меня бросает в холод и дрожь.
Ещё у меня с детского возраста дерматофагия, меня водили к неврологам.
Я так себя довёл, что я пойду к психиатру в ближайшее время. Пока я не знаю название тому, что со мной происходит. 
Пожелайте мне удачи, пожалуйста. И простите за этот тейк, если он выглядит как пустое нытьё.

୨୧・┈ #МДтейк ┈・୨୧
:→@MDersbot || #Общее #прдпГТР",284.0,0.0,2,1582
MDersConfa,725,2026-02-01 00:41:57+00:00,"Здравствуйте!! Не знаю, точно ли подходит под тематику канала, но хотела бы спросить:
Как проходит прием у психотерапевта? Стоит ли говорить о том, что подозреваешь у себя то или иное расстройство? 
Скоро иду как раз к психотерапевту, и подозреваю у себя ТДР, очень переживаю на счет приема и боюсь, что в итоге мне скажут что я все выдумала, накрутила себя, и вообще хочу быть как все подростки ""крутая"" с диагнозом :_

୨୧・┈ #МДтейк ┈・୨୧
:→@MDersbot || #прдпТДР",250.0,0.0,6,462
MDersConfa,703,2026-01-31 15:09:51+00:00,"я уже 2 года борюсь с трихотилломанией + съедаю свои волосы сразу после того как я их выдергиваю. ничего практически не помогает и после выдергивания не больно, но раздражение есть после 2-3 минут. таблетки пила от роста волос и всякие витамины и еще делала озонотерапию. не трогала +- 2 месяца, но потом опять началось. можете посоветовать что мне делать? я просила свою мать отвести меня к психологу, т.к. врач который делал мне озонотерапию, сказал что если я все еще буду продолжать это, то немедленно идти к психологу. она не послушалась и не отвезла меня туда🫩. когда купаюсь регулярно ем волосы которые выпадают, но сегодня попыталась пообещать себе что больше не буду

୨୧・┈ #МДтейк ┈・୨୧
:→@MDersbot || #Трихотилломания",250.0,0.0,4,726
MDersConfa,702,2026-01-31 10:46:55+00:00,"я не хочу больше никогда испытывать привязанность или эмоциональную связь, если она оборвется еще раз — я просто не выдержу. я ненавижу зависеть от людей, ненавижу людей, ненавижу то что я все равно отчаянно хочу любви и эмоций с людьми 

୨୧・┈ #МДтейк ┈・୨୧
:→@MDersbot || #ЗРЛ",233.0,1.0,1,276
MDersConfa,698,2026-01-30 03:14:41+00:00,"Здравствуйте. Я пишу свою визуальную новеллу про человека с ДРИ, являясь синглетом.  Какие бы поднятия тем, бы вы хотели видеть в такой новелле? На какие испаледования стоит ссылаться? Каких вещей стоит избегать?

Неанон: Казума

୨୧・┈ #МДтейк ┈・୨୧
:→@MDersbot || #ДРИ",253.0,2.0,5,267
MDersConfa,663,2026-01-29 09:39:54+00:00,"Делюсь вчера поставленными диагнозами

୨୧・┈ #МДтейк ┈・୨୧
:→@MDersbot || #ПТСР #РПП #ЭНРЛ",292.0,2.0,3,88
MDersConfa,662,2026-01-29 06:50:53+00:00,"есть ли при штрл разорванность мышления, галлюцинации, поток мыслей какой-то и мания преследования?
 Просто мне частники поставили диагноз, а галлюцинации я видела 4 раза за последннюю неделю. Типо была кошка без пожушечек лап бежевая, потом ручка портфеля будто помахала, а потом её бросили, лампа начала ходить из стороны в сторону, и у меня потекла слюна, а затем я просто лежала, а там короче края листа стали прям зелёными и светящимися
    Разорванностт мыслей. Мои мысли скачут с темы на тему, когда я записываю голосовые 10+ секунд одно предложение, ио я вообще забываю, о чём говорю. Когда занималась с репетитором, то просто мысли настолько скакали, что я серьёзно не понимала, что писать!
    Мания преследования самая мерзкая. Мне даже врач дал лекарство и сказал типо в эту и следующую неделю дома сидеть. Все смеются, везде камеры (крлме дома), когда со мной пытаются заговорить, я думаю, что это7о человека посылают мои преследователи
୨୧・┈ #МДтейк ┈・୨୧
:→@MDersbot || #ШТРЛ",284.0,1.0,6,988
MDersConfa,661,2026-01-28 20:56:24+00:00,"Простите, наверное это не по теме либо же тупо, но мне иногда кажется что у меня какие то признаки рпп. НИ В КОЕМ СЛУЧАЕ не ставлю себе диагноз, просто говорю что у меня есть подозрения.
Я всегда хотел похудеть и когда меня на это подтолкнули грубым образом, я стал не есть, либо есть маленьким количеством, потом перешёл на бисак 
И все бы нормально, но первые дни могу не есть, а потом пихаю в себя так будто я преступник и это мой последний пир перед казнью. А когда поем, то чувствую себя УЖАСНО, хочется сдохнуть, выблевать все кости и органы, но так получилось что у меня ужасный страх блевоты и поэтому до конца до нее довести я себя не могу
Простите, наверное это херня какая то, но хочется просто выговориться и узнать, стоит ли беспокоиться

୨୧・┈ #МДтейк ┈・୨୧
:→@MDersbot || #прдпРПП",260.0,0.0,4,793
MDersConfa,659,2026-01-28 14:56:59+00:00,"Всем здравствуйте!
хочу посоветоваться с более шарющими людьми...
почти всю мою жизнь я мучаюсь от вечного чувства пустоты если нахожусь в одиночестве.И это не состояние покоя,пока что я в силах отлечить две эти вещи..Ну вот просто ничего.
и помогает мне избавиться от этой хуйни только общение с людьми.Не важно какими,не важно насколько бы я их ненавидела и тд и тп,тока рядом с человаками я ощущаю себя,ну,живой что-ли?
и вот с недавних пор это начало ужасно сильно обострятся,и я решила погуглить хотя бы что это может быть,и как с этим бороться.
изначально я думала,что я просто ебнутая чутка,но ничего страшного в этом нет,и какая нибудь саморефлексия поможет мне забыть об этом,однако мне высралось чета про прл.
и честно,я не знаю...У меня по симптоматике совпадает несколько пунктов,но не более того,и я честно хз че мне в дальнейшем делать.
касательно посищения психолога или психотерапевта - сама я не отвергаю такой вариант,однако тут больше зависит от моей матери пожалуй..
я не знаю до конца,как она относиться к этому,однако она сама является мед.работником,и я надеюсь,что она поймет мое желание разобраться в себе и причинах такого самоощущения..
могут ли люди с прл в коментах рассказать о еще каких то нюансах и тонкостях данного заболевания?или же просто поделиться своей историей о том,как они пришли к тому,что им поставили данный диагноз.
буду всем безумно благодарна,заранее спасибо..
а еще сразу хочу извиниться за возможные грамматические ошибки или опечатки,я сейчас не в лучшем состоянии,так что надеюсь поймете.

୨୧・┈ #МДтейк ┈・୨୧
:→@MDersbot || #прдпПРЛ",293.0,0.0,1,1583
MDersConfa,658,2026-01-28 12:07:12+00:00,"вышла из дурки с диагнозом штрл. частный психиатр ставит прл и бар, не знаю кому больше верить. у меня большие проблемы с общением, друзья меня игнорируют и их вообще почти нет. близкие подруги нашли других людей, а на меня забили. мне очень хочется общаться с кем нибудь, писать каждый день, скидывать мемы, но мое окружение этого не хочет. в школе меня тоже игнорируют и косо смотрят. я не понимаю, чем я отпугиваю людей? почему меня избегают? даже в дурке меня игнорировали. на интернет друзей я даже не рассчитываю, общение с ними выходит совсем коротким. почему со мной это происходит? я хочу быть как все, быть со всеми, но меня обделяют.

୨୧・┈ #МДтейк ┈・୨୧
:→@MDersbot || #ШтРЛ #ПРЛ #БАР",256.0,0.0,5,694
MDersConfa,657,2026-01-28 10:31:39+00:00,"даров. моя мать полностью против любой психотерапии, потому что ""меня положат в дурку а потом я не смогу найти работу"". башню у меня щас клинит пиздецки, я еле держусь. подозреваю у себя бар + окр, причины на это есть. у кого похожая ситуация с родителями, но кому удалось получить профессиональную помощь, поделитесь советом пожалуйста.

୨୧・┈ #МДтейк ┈・୨୧
:→@MDersbot || #прдпОКР #прдпБАР",272.0,0.0,7,389
MDersConfa,656,2026-01-28 07:55:21+00:00,"🎀: бля стоило мне взять рест на пару дней как мы уже начали умирать да
Ну пожалуйста ещё раз прошу",261.0,0.0,1,98
MDersConfa,632,2026-01-27 11:49:54+00:00,"🎀: давайте я делаю много вп чтоб мы росли а вы пишете много тейков
Пж",265.0,0.0,1,69
MDersConfa,614,2026-01-24 14:25:11+00:00,"тут кто-нибудь принимает кветиапин и венлафаксин?.. у меня после начала приема появилась такая штука с аппетитом, что попросту могу съесть ну ОЧЕНЬ много еды (в 2-3 раза больше от того что я ела до приема таблеток), но при этом насыщения я не ощущаю. у кого такая же штука от таблеток происходит? как с этим справиться и не срываться в лютое обжорство?

୨୧・┈ #МДтейк ┈・୨୧
:→@MDersbot || #КПСТР #Депрессия",322.0,0.0,4,404
MDersConfa,595,2026-01-20 07:55:30+00:00,"Я живу с депрессией уже долгое время. Хоть диагноз мне и поставили в 14-15 лет, но симптомы были уже давно.
Мне ничего не хочется обычно, не в силах убрать за собой, немного убраться и даже сделать свои обязанности. Мой интерес к хобби пропал, мотивация быстро исчезает. Учиться не хочу. Я не знаю на кого хочу поступить, мне совсем не хочется развиваться и идти учиться в ВУЗ/колледж.
Родственники давят на меня по поводу учёбы. Сейчас учусь в 11 классе, в этом году ЕГЭ, но я даже не особо готовилась до сих пор. Перестаю ходить в школу, мне там омерзительно, не могу вообще снова заставить себя туда ходить. Не могу делать домашнее задание. Мне очень морально тяжело. Я кошмарю себя за это, что не могу вытерпеть.
В моей жизни появился один человек, который стал моим партнёром в романтическом плане. Вместе с ним я стала жить, но учёба меня до сих пор убивает. К сожалению, мы в разных странах и он не способен физически меня поддержать. Почему-то мне постепенно перестало хотеть с кем-то дружить. Мне хочется постоянно проводить время только с ним, до других мне нет дела. Не знаю, плохо это или хорошо, но мне правда жаль, что мои друзья теперь не получают мои сообщения, если они сами не напишут. Однако, я до сих пор дорожу каждым человеком и не хочу терять никого из своего окружения.
Я не люблю себя и вряд-ли когда-то любила.
Возможно, у меня есть помимо депрессии ещё какие-нибудь расстройства, но я ничего себе не ставлю.
Помимо всего перечисленного выше, на меня также давят родственники, чтобы я окончила 11 класс, помогала им, хотя я не хочу. Только моя мама меня понимает в какие-то моменты и она меня не отчитывает, всегда были в близких отношениях с ней. Она считает меня взрослой и самостоятельной и то, что я могу сама решать что мне делать. Однако, всё равно зависшу от выбора родителей.
Всем спасибо за внимание.

୨୧・┈ #МДтейк ┈・୨୧
:→@MDersbot || #Депрессия",340.0,0.0,5,1880
MDersConfa,579,2026-01-19 07:41:51+00:00,🎀: УРАААААААА НАС 200 GUYS,314.0,0.0,7,26
MDersConfa,568,2026-01-17 14:35:49+00:00,"простите, не закончил, дополнение к тейку выше:
родители не воспринимают всерьёз, они верят в магию, экстрасенсов и мистику. Любую жалобу списывают на это, а я слишком юн чтобы обращаться самостоятельно. С ближними родственниками похожая проблема 
Галлюнации, в особенности звуковые, очень сильно разнятся. В особенности часто слышу какие-то песни и мимолётные обрывки фраз. ОСОБЕННО ПЕСНИ. Звуковые случаются реже чем видимые, поэтому их не так уж и много произошло за это время. Не более десяти, и большая часть из них либо пронзительные крики (рычание чего-то и крики девушек). Либо песни и музыка. Все случаи галлюнации любого вида я помню в ярких красках, хоть и память у меня ОЧЕНЬ плохая.
Ещё до явных галлюцинаций было практически всю жизнь ощущение что мне друзья хотят причинить вред. Это, скорее всего, передалось больше от воспитания и мало связано с болезнью

୨୧・┈ #МДтейк ┈・୨୧
:→@MDersbot || #Непонятно",359.0,0.0,8,916
MDersConfa,567,2026-01-17 13:58:26+00:00,"здравствуйте!! Я вас нашёл, решил рассказать о своём случае 
как примечание: у специалиста я НИКОГДА не был, говорить точно не могу и сам глубоко сомневаюсь 
У меня постоянные галлюнации. Они начались в 24 году.  Полтора года они преследуют меня. Галлюнации звуковые и  видимые. Всё время меня это невероятно тревожило, было очень страшно. Ночь, день, моё физическое и моральное состояние на это не влияло. И начиная с октября прошедшего года галлюцинации стали появляться намного чаще. Начиная с.. ноября? Они появляются несколько раз в неделю, хотя могли отсутствовать и две, и три недели. Последние пару недель могут по два раза на дню. В основном через день, иногда несколько дней подряд. Больших промежутков больше не было. Я не чувствую, что теряю рассудок, но точно знаю что ещё пару лет не продержусь.",314.0,0.0,3,809
MDersConfa,566,2026-01-17 07:59:27+00:00,"Здравствуйте, у меня проблемы, я не ходила к специалистам, но я считаю это нужным, у меня очень сильная тревожность, панические атаки могут произойти просто сидя ничего не делая. Проблемы со сном, я ложусь с мыслями(изза которых не могу уснуть), просыпаюсь с этими же мыслями из-за чего опять же не могу уснуть и на утро я не понимаю спала ли я вообще. Еще довольно часто происходит деперсонализация, да, я знаю, что вроде как ее сложно заметить, но я правда ощущаю себя будто смотрящий со стороны
Вы спросите, почему же я не обращусь к специалисту
во-первых, я не хочу на учет
Во-вторых, я не хочу, чтобы родители знали об этом, но без этого никак, не знаю, навязали чувство ""больного на головуи нездорового"" при обращении к психологу и так далее. У меня был опыт со школьным, но все плачевно, можно сказать, этот школьный только усугубил ситуацию. Мне бы хотелось узнать ваше мнение по этому поводу? Возможно ли записаться к специалисту без ведомости и проведения за ручку с родителем, была бы рада и прсотому расскажу о вашем опыте, спасибо заранее

୨୧・┈ #МДтейк ┈・୨୧
:→@MDersbot || #Непонятно",296.0,2.0,9,1096
MDersConfa,565,2026-01-17 06:08:20+00:00,"Я боюсь ехать в пстхдиспансер на диагностику. 
Ну.. мне кажется что мои подозрения от психолога и бывшего психиатра ложны. Они мало меня знают. Могли ошибиться,  я могу себя накручивать. А вдруг у меня ничего нет и я только трачу деньги мамы и время врачей. Вдруг я просто ничтожный нетакуся. И хоть почти все самые близкие люди говорят быстрее общаться за помощью. И хоть это происходит с 9 лет и мне все хуже и хуже. Мне ещё хуже от мысли что я просто не стою всего этого кипиша и помощи. И вообще ничего у меня нет и я просто выставляю себя уродом, как мне на меня обидятся и заржут если я здоров..

୨୧・┈ #МДтейк ┈・୨୧
:→@MDersbot || #Непонятно",273.0,0.0,13,646
MDersConfa,562,2026-01-16 16:04:55+00:00,"Всем привет. Если здесь есть люди, активно интересующиеся психиатрией (не просто почитать википедию, а действительно могущие в рисерч), то хочу попросить вас ответить на несколько вопросов:
1. Насчет коморбидности ШРЛ и РАС;
2. В чем, по вашему, заключаются ключевые отличия ШРЛ от РАС?
3. Что думаете насчет диф диагностики ШРЛ и РАС, как по вашему она должна проводиться?
4. В МКБ-11 шизоидное расстройство личности отсутствует, вместо него  теперь есть ""отчужденность в расстройстве личности"" и шизоидная акцентуация. В DSM-5 же его вроде бы убрали вовсе из-за низкой распространённости как диагноза и плохих психометрических свойства заданных в критериев. Что считаете по этому поводу? Кому верите в данном случае и почему? 
5. Считаете ли вы ШРЛ все же акцентуацией?

୨୧・┈ #МДтейк ┈・୨୧
:→@MDersbot || #ШРЛ #РАС",297.0,2.0,6,815
MDersConfa,561,2026-01-16 09:13:39+00:00,"КВ/ТВ: самоубийство

я в дурке😍
пыталась самоликвидироваться и меня забрали по скорой
че делать, отказную написать не разрешают((

୨୧・┈ #МДтейк ┈・୨୧
:→@MDersbot || #ПРЛ",270.0,0.0,7,168
MDersConfa,538,2026-01-15 13:41:30+00:00,"Небольшое нытье про травму.

В общем я пережила теракт в 2022. И вплоть до 2024 года я вообще не осознавала того что на меня это хоть как-то повлияло. Даже хорохорилась тем что я прошла через такой трэш и ещё чувствую себя «нормально». А потом в 2024 как-то все пошло по наклонной.

Мне становилось физически плохо когда у нас в школе говорили про теракты, Один раз я вырубила видео и полчаса ходила кругами перебирая все что произошло со мной когда там сказали «теракт» и показали взрыв. 

Мне снилось по меньшей мере 3 кошмара связанные с терактами в рамках 2025 и я могу часами лежать пялясь в стену думать об этом теракте. Апогей был 1 января когда моя семья решила запустить фейерверки. Я была в таком неадеквате что не осознавала где я и просто смотрела на взрывы валяясь в сугробе не понимая что я упала. После этого пять дней я ходила в состоянии дереализации(???) не узнавая себя в зеркале и ощущении что я во сне. В чертовски долгом сне. 

В общем хотела спросить у людей с ПТСР: стоит ли идти с этим к психиатру или это просто травма которая довольно сильно себя показывает, потому что из того что я изучала моя ситуация довольно скудно подходит под этот диагноз (и самодиагностикой я бы не оч хотела заниматься)

୨୧・┈ #МДтейк ┈・୨୧
:→@MDersbot || #прдпПТСР",314.0,1.0,3,1267
MDersConfa,537,2026-01-15 07:16:42+00:00,"извиняюсь за немного необычный вопрос. я аутист, и три года уже учусь в медицинском; при этом у меня с детства специальный интерес конкретно на психиатрических заболеваниях. с момента официального подтверждения диагноза прошло всего немного, и меня уже терзает мысль, что я не имею право быть психиатром и вообще каким-либо врачом. якобы у аутистов искаженное мышление и я не имею права работать с больными людьми. я понимаю недостатки своей психики, но не считаю, что у меня есть какие-либо искажения в восприятии. однако же поддалась стигматизации и мне теперь реально страшно, что меня не будут воспринимать всерьез преподаватели/будущие пациенты и т.д..... что можете сказать о такой ситуации?

୨୧・┈ #МДтейк ┈・୨୧
:→@MDersbot || #РАС",298.0,0.0,3,736
MDersConfa,521,2026-01-14 09:02:13+00:00,"🎀: Это из чата, мне очень понравилось",337.0,0.0,1,37
MDersConfa,516,2026-01-13 10:11:09+00:00,"КВ/ТВ: Самоубийство

Анон
У меня уже 4 год как диагностирована депрессия. И это ужасно влияет на мою жизнь, я не могу нормально общаться в ирл, не могу социализироваться или контачить с людьми моего возраста. Даже в интернете мне стало тяжело говорить с кем либо, пытаться играть или созваниваться. Звонки родителям хуже пытки, еще тяжелее звонить друзьям.
Не знаю ощущение что мозг гниет и это тело тоже. Даже при том что у меня есть таблетки дома, мать говорит что я стану зависимым от них и просто не даёт мне их забрать. Да и честно , я не вижу в них смысла. У меня ужасные устаявшиеся цепочки мыслей в голове из за которых я не могу нормально существовать. Порой мыслей так много что я на физическом уровне чувствую боль
В последнее время я все больше отстраняюсь даже от круга людей в соц сетях, просто потому что я и в этом перестаю видеть смысл
Зачем интерактить с людьми, зачем выходить в общество, зачем стараться общаться или вести себя нормально
Не знаю может это не депрессия вообще. Я подозревал у себя окр, но у меня нет офиц диагноза и был я у психиатра всего 1 раз
Не знаю снова много мыслей я не могу даже заставить себя обратиться за помощью, постоянно откладываю и думаю что мне без помощи станет лучше
Но лучше уже никогда не станет. Может я и повешусь в этом году. Мне пару раз снилось как я вешаюсь у себя в квартире и так тепло было. 
Без понятия как выбраться из круга , родители мне не помогут да и друзья тоже потому что это сугубо мои проблемы которые я сам должен решить
А я не могу

୨୧・┈ #МДтейк ┈・୨୧
:→@MDersbot || #Депрессия",296.0,0.0,4,1556
MDersConfa,501,2026-01-12 15:28:02+00:00,"п ррр
в общем
начиная фулл стори


У меня был травмирующий опыт в детстве, но дело в том что я всю жизнь жил с этой травмой бок-о-бок и намеренно занимался ретравматизацией в качестве копинга, меня не гложили кошмары и не было триггеров никаких. Но не так давно в моей жизни появился человек с которым у меня все замечательно, но в один день он мне вкинул один факт о его лоре который по смыслу тесно связан с моей травмой, после чего в моей голове будто что-то треснуло. Я первые дни не спал ночами из за навязчивых мыслей о том что он мне сказал из-за не уходящего чувства страха, меня теперь почти каждый день на протяжении 3х+ месяцев триггерит абсолютно все и я вспоминаю его слова в совершенно случайные моменты которые могут даже не быть связаны с тем, что он мне сказал, даже не просто слова, у меня вырисовывается в голове сам факт сказанного, будто бы у меня происходят флешбеки, из-за которых у меня в то же мгновение остолбенение с сильным чувством страха и я в целом как тот мем с военным на фоне развалин. Каждый раз когда я сталкиваюсь с триггером, даже не обязательно я что-то сам увижу или услышу, у меня просто это возникает в голове совершенно в случайные моменты и я испытываю флешбеки, это ощущается как нож в спину, я чувствую как меня накрывает оцепенение и страх, отвращение, желание отстраниться от того самого человека и убежать. Были не раз мысли причинить ему же боль, неважно моральную или физическую, просто боль, чтобы он почувствовал как больно мне и как мне неприятно. Я испытываю отвращение от него когда мне плохо и мне из за триггера кроет, также агрессию какую-то, из за которой мне хочется сделать ему больно.... Один раз я сказал ему что он мерзкий, и то что его гиперсексуальность это тоже мерзко, я сказал это на эмоциях, я не контролировал свои слова. Мы потом поговорили, ему правда было больно от моих слов, но когда я пришел в себя мне было искренне больно за то, что я сделал это с ним... я же люблю его, как я мог так поступить? Мне неприятно за то, что в мою голову приходят мысли о нанесении ему вреда когда плохо мне. Я уже ходил в церковь, хотел исповедаться, но все еще руки не доходили. Иногда я начинаю провоцировать своего партнера от которого у меня эта вся шняга на мои же триггеры чтобы он начал по моей воле говоритьь то что меня триггерит он мне еще скинул гс с периода который меня больше всего триггерит но потом видимо одумался и удалил его но я вынудил его скинуть сказав что все ок потос я быстро все насохранял тогда и уже более пяти раз переслушивал то ли копинг то ли хз.. Я потом еще начал открыто с пассивной агрессией писать ему в лсссс но он ливнул с разговора но мне кажется это наилучший вариант

Про сны. Там я выше писал что кошмаров нет, они действительно отсутствуют, но мне иногда целыми сериями снятся сны где либо жирные намеки на мои травмы, либо где я ретравматизируюсь от своего личного опыта, либо зарииаюсь травмирующим копингом... Не кошмары, но тоже очень неприятно и потом после них в течение дня триггерит.... воача как я вроде писал не могу позволить

୨୧・┈ #МДтейк ┈・୨୧
:→@MDersbot || #ПТСР",251.0,2.0,1,3081
MDersConfa,500,2026-01-12 11:53:01+00:00,"тормозить от кветиапина это ок? у меня лютейшие ступоры начались. я на базовых вещах стопорюсь, типа застываю и вдупляю что мне нужно сделать. например мне надо было сделать чай и бутерброды, но я на каждом простом действии ну тааак долго тупила и соображала что же делать

୨୧・┈ #МДтейк ┈・୨୧
:→@MDersbot || #КПТСР #Депрессия #РАС",246.0,1.0,5,329
MDersConfa,499,2026-01-12 11:43:01+00:00,"Здравствуйте, очень хочу совета.
На протяжении нескольких лет, я ходил к психотерапевту и к психиатору. У меня подозревали на генерализованное тревожное расстройство (не окончательный диагноз) и подтвержденное к-птср. Его уже хотели ставить в мед карту и назначить более действенную терапию, но из-за того что моя мать не верит в психологию и считает всех психотерапевтов/психиаторов шарлатанами, она перестала платить за сеансы и сказала чтобы я ""не маялся дурью"" /цит
Я уже больше года не хожу на терапию, не пью транквилизаторы (пришлось от них отказаться) и в целом не получаю никакого лечения. У меня была ремиссия, которая сейчас подорвалась, что вылилось в то что у меня обострились триггеры, снова участились кошмары и были флешбеки (чего не происходило ОЧЕНЬ давно).
Я не знаю что делать, тк каждый раз когда у меня рецидив к-птср, оно тянет за собой другие мои ментальные/физические болячки, и у меня ухудшается тупо вообще всё что только может ухудшиться...
Я несовершеннолетний и не имею возможности заработать денег на качественного специалиста, а тем более на регулярные приемы с ним. Подскажите, что можно сделать? Есть ли какие-то способы самотерапии или что-то, что могло бы помочь? Я очень интересуюсь психологией и знаю о многих техниках, хорошо анализирую себя и умею контролировать свои эмоции, а так же в 99% случаев понимаю причину своих ощущений. Мне кажется у меня есть хорошие шансы помочь самому себе как-нибудь. Мне бы только знать что делать

୨୧・┈ #МДтейк ┈・୨୧
:→@MDersbot || #КПТСР #прдпГТР",289.0,2.0,1,1520
MDersConfa,498,2026-01-12 11:33:12+00:00,"привет всем, это мой первый тейк тут 

у меня бар, сейчас депрессивный эпизод. на последнем сеансе с психотерапевткой наговорили ей как мне грустно и плохо 

(я раньше думали что у меня просто депрессия и ужасно боялись, что депрессия - это навсегда. а сейчас смотрю и среди всех фаз депрессия самая безопасная и, возможно, депрессия и правда навсегда????)

энивей она повысила мне дозы таблеток
(литий 600 -> 750
кветиапин 200 -> 400)

и проблема во втором. я и на прошлой дозировке долго спал, сейчас вообще встать не могу. мне порекомендовали конкретного производителя, чтобы поменьше сносило, но я вообще разницы не вижу. я просыпаюсь и засыпаю по несколько раз за утро, отрубаюсь обратно с телефоном в руках. чувствую себя этим мемом из тиктока ""мне ваще похуй....щас загуглю...я загуглил мне похуй""

с радостью послушаю ваши советы или подобные истории.
спс за внимание 

୨୧・┈ #МДтейк ┈・୨୧
:→@MDersbot || #БАР",258.0,2.0,2,915
MDersConfa,462,2026-01-10 14:54:27+00:00,"Я состоял во многих таких кф и это пока самая френдли. Многие уже закрылись, вот я до сюда и дошел. 
Я хочу обсудить (обосрать) отношение старших в моем окружении к таким кф. Вот.. Родители. Мои хорошие, я правда люблю маму, но иногда я в ахуе с нее. Я с третьего класса подавал признаки, я ещё в 7 просил ответси меня к психологу. Тогда меня ещё можно было вылечить. Но вот я в 9, и конечно же меня запустили. Теперь психолог (наконец то она появилась) просит отвести меня быстрее к психиатру (я был у него два года назад последний раз). И вот мама, ты сама меня не ведёшь к врачам. А где мне блять ещё просить поддержки.. Я считаю что такие кф могут помочь и да тут нет прям врачей, но и без кф и с кф у меня в жизни лечащих меня людей нет. Но без кф у меня ещё и нет хотя бы какой то поддержки. 
Так что спасибо админам

🎀: СПАСИБО АНОН Я ТЕБЯ ЛЮБЛЮ

୨୧・┈ #МДтейк ┈・୨୧
:→@MDersbot || #Непонятно",279.0,0.0,3,897
MDersConfa,461,2026-01-10 14:24:52+00:00,"Всем приветик, я со смешнявкой. 6 лет страдаю от рандом приколов в голове(все говорить не хочу, но фор экзампл очень-плохие-мысли, соц тревога достаточно сильная и типикал клин картина депры), но я была уверена, что просто притворяюсь(перед собой), чтобы работать поменьше, а так то я вроде как в порядке. 

На первом же сеансе клин психолог(отправила мать, была причина, не хочу говорить) сказала, что скорее всего тут депра(не поставила диагноз, скорее просто поддержала мое ""ну я на 80 процентов в депре уверен) и что мои мысли о возможном(!!!!) шрл/аутизме не такие уж и далекие от реальности и что надо срочно к психиатру


Как вщ принять, что я реально болен и мб даже неизлечимо, если шрл или аут подтаердится, а не просто странненький/банально депрессивненткий? Ниче не имею против, но хочу быть нормотипиком

୨୧・┈ #МДтейк ┈・୨୧
:→@MDersbot || #прдпДепрессия #прдпШРЛ #прдпРАС",297.0,0.0,4,883
MDersConfa,459,2026-01-10 14:14:36+00:00,"какие методы психотерапии подходят при прл?

୨୧・┈ #МДтейк ┈・୨୧
:→@MDersbot || #ПРЛ",297.0,0.0,4,82
MDersConfa,458,2026-01-10 14:04:09+00:00,"Кв/тв: самоубийство, убийство

Приветииик, вообщем у меня ШАРДТ (Шизоаффективное расстройство депрессивный тип) и у меня на фоне перемен схемы лечения появились навязчивые мысли, в основном они говорят мне навредить себе/убить себя, но один раз они сказали мне задушить свою мать, на что психиатрша сказала, что это может вести к шизофрении, это правда?? Был ли у вас подобный опыт???

୨୧・┈ #МДтейк ┈・୨୧
:→@MDersbot || #ШаРДТ",377.0,0.0,5,425
MDersConfa,457,2026-01-10 09:36:02+00:00,"Что ж поддержу кф, у мя подозрения на шизу. Ну задавайте вопросы. 
Однако она не подвержена, так что я не уверен точно ли это шизофрения и есть ли ещё от нее последствия. Так что, как схожу к психиатру я ещё раз мб напишу. Но пока я буду рад собрать самые интересные вопросы в коммах и ответить в аноне, потому что я хочу остаться анонимным..

୨୧・┈ #МДтейк ┈・୨୧
:→@MDersbot || #прдпШизофрения",413.0,0.0,8,392
MDersConfa,456,2026-01-10 09:09:22+00:00,"Здравствуйте! Я наконец-то спустя несколько лет сходил к психиатру и мой само-диагноз насчет к-птср оправдался, но мне еще сказали что у меня прл, а ч его практически не изучила
Насколько это плохо? Можно ли с этим жить? 
Неанон - вилд Кант

୨୧・┈ #МДтейк ┈・୨୧
:→@MDersbot || #КПТСР #ПРЛ",390.0,0.0,4,286
MDersConfa,449,2026-01-09 10:05:08+00:00,"Добрый вечер,хотела спросить у людей уже с официально поставленным диагнозом прл и других расстройств. Есть те кто не согласен с ним? И бывало что вам не правильно его ставили?

୨୧・┈ #МДтейк ┈・୨୧
:→@MDersbot || #ПРЛ #Общее",440.0,2.0,5,222
MDersConfa,448,2026-01-09 09:47:02+00:00,"мне админша на работе, у которой сейчас самой ментал траблс(открыто признает и говорит о ее якобы сдвг) отчитала меня, тк я последние 2 недели вечно все забываю, рассеянная и ваще ебланю при том, что я гтворила, что я сейчас на антидепрах и хвасталась возможным баром и сдвг💪 а у вас как дела

୨୧・┈ #МДтейк ┈・୨୧
:→@MDersbot || #прдпСДВГ #прдпБАР",469.0,0.0,3,345
MDersConfa,447,2026-01-08 12:04:17+00:00,"этот пост я писала, подскажите пожалуйста, может ли такое быть при прл? я просто не связывала это со своим диагнозом, тк думала, что это никак к нему не относится

🎀: Небольшая бригада – изначально хештег был непонятно, но так как это схоже с окр дабы тейк сюда можно было пропустить подписано было как окр

୨୧・┈ #МДтейк ┈・୨୧
:→@MDersbot || #ПРЛ",342.0,0.0,4,345
MDersConfa,445,2026-01-08 08:08:15+00:00,"Если есть желание оспорить мое мнение вы можете, никто не запрещает",383.0,0.0,1,67
MDersConfa,444,2026-01-08 08:07:54+00:00,"🎀: Раз есть возможность хочу посоветоваться стоит ли в дальнейшем отдельно подписывать самодиагнозы... Че думаете? Я просто пока хз как это реализовать, поэтому не делала так",424.0,0.0,3,174
MDersConfa,443,2026-01-08 08:07:40+00:00,"🎀: Рано или поздно этот пост должен был выйти, давно желала его написать.

Хотелось бы поговорить немного о политике этого кф касаемо самодиагностики. Она тут приветствуется по нескольким причинам:
1) Не у каждого есть деньги/возможность посетить психиатра. И если прийти к нему изначально с подозрением и сказать об этом напрямую, то ты просто потратишь время/деньги и в большинстве случаев не получишь диагноза.
2) Иногда врачи бывают болванами и ставят что попало, и если сравнивать самодиагноз с работой таких врачей то он тут не хуже.
3) Я не вижу в нем проблемы, если человек серьезно глубоко копнул во все со схожей симптоматикой/в целом хорошо разбирается в психических расстройствах.

Эдит: Отныне мы не ставим диагнозы и все предположения/официально подтверждённые диагнозы на плечах тейкеров(раньше могли предположить какие они могут быть).
➿➿➿➿➿➿➿➿➿➿➿➿➿
#важное",487.0,3.0,9,873
MDersConfa,441,2026-01-08 07:35:09+00:00,"подскажите, пожалуйста, как справляться с очень навязчивыми мыслями причинить себе достаточно серьёзный физический вред (не ради самовыпила или справления с эмоциями, просто абсолютно без причины)? они с каждым днем всё сильнее

୨୧・┈ #МДтейк ┈・୨୧
:→@MDersbot || #ОКР",385.0,0.0,8,266
MDersConfa,440,2026-01-08 03:27:12+00:00,"люди с РАС, занимаетесь ли вы стиммингом? если да, как он у вас проявляется? осознанный ли он? 

୨୧・┈ #МДтейк ┈・୨୧
:→@MDersbot || #РАС",387.0,0.0,1,134
MDersConfa,439,2026-01-07 15:02:48+00:00,"есть ли тут те кто пил венлафаксин + кветиапин? расскажите про свой опыт и в целом все то что посчитаете важным. буду скоро пить эти таблетки...

୨୧・┈ #МДтейк ┈・୨୧
:→@MDersbot || #КПТСР #Депрессия #РАС",404.0,1.0,4,201
MDersConfa,438,2026-01-07 06:52:53+00:00,"Люди с тревожным расстройством, что помогает вам держаться на ногах? У меня сейчас ужасное состояние, у кого не спроси-никто не может помочь. Хотябы вы подсобите советом, прошу

୨୧・┈ #МДтейк ┈・୨୧
:→@MDersbot || #ГТР",391.0,0.0,2,215
MDersConfa,384,2026-01-01 18:31:20+00:00,Возвращаюсь!!,389.0,0.0,1,13
MDersConfa,383,2025-12-31 21:11:13+00:00,С НОВЫМ ГОДОМ ВСЕХ МОИ ХОРОШИЕ!!!!,329.0,0.0,4,34
MDersConfa,382,2025-12-29 06:28:57+00:00,"🎀: Мне плоховато, так что я(ака единственный админ по тейкам) беру рест. Тейки будут выложены чуть позже, извините. Думаю в течение пары дней восстановлюсь",393.0,0.0,2,155
MDersConfa,380,2025-12-28 17:33:03+00:00,"у меня сильная социофобия/социальная тревожность. мне сказали что если я не могу куда-либо ходить одна, это значит что у меня детская позиция, и что это вообще неадекватно, и некомфортно. так ли это? суть в том что я не так давно, месяц назад переехала в другой город к подруге, со мной перебрались и другие психические расстройства в голове в виде депрессии и кптср (подруга об этом знает), кроме подруги еще живет тут в квартире ее брат старший и их мать, их я сильно стесняюсь, попросту тревожусь выходить из комнаты, или выходить на улицу, даже просто в магазин у дома... ну и подруга сказала то что я написала выше. я без этого чувствую себя неадекватно, то что я прям сильно всех гружу (особенно ее), психом просто последним... а тут еще такое подтверждение внешнее получаю. чувствую себя ужасно

୨୧・┈ #МДтейк ┈・୨୧
:→@MDersbot || #Депрессия #КПТСР",399.0,1.0,1,853
MDersConfa,379,2025-12-28 13:12:02+00:00,"Хотелось бы рассказать об одной проблеме... Не знаю, что это, но мешает. 

У меня лютая неприязнь к микробам, порой до какого-то бреда. Я могу не касаться какой-то стены, потому что она мне кажется грязной, мне будет противно сесть на стул в домашних штанах, если я там сидела в джинсах... Школьные учебники я дома никогда не открываю и всегда ищу электронные варианты. Людей принципиально не касаюсь, могу выкинуть люблю свою вещь, если она упала на пол в общественном месте... В транспорте я всегда беру платки и специальные перчатки, а если, например, покрывало случайно падает на пол, то мне от него автоматически противно. За партой спокойно не могу сидеть, тоже противно. 

А ещё я постоянно ощущаю грязь, будто вот я физически грязная и никак мне это не отмыть... Это очень мешает, если честно

୨୧・┈ #МДтейк ┈・୨୧
:→@MDersbot || #ШтРЛ",273.0,0.0,2,840
MDersConfa,372,2025-12-27 17:45:21+00:00,"Я не знаю, насколько это ментал дисодер. Но оно у меня в голове, поэтому вроде ментал. И мешает жить, поэтому дисодер. 

Эмпатия к предметам. Я понимаю, что они неодушевленные. Я спокойно могу смотреть на чужие страдания и не сказать, что что - то чувствую(смотрю спокойно трукрайм лет с 12 и читаю треш мангу). Но стоит мне увидеть, как прикольной губкой в виде смайлика отмывают что то грязное, я плачу, потому что мне жалко губку. Я могу затянуть себе в кровать мягкие игрушки, потому что не могу заснуть из за мыслей, что им холодно. Недавно разрыдалась из - за мема(опишу, я его потерала. На картинке изображен торт в виде кота и подпись ""Спасибо за поздравления, торт в виде кота. Мне очень жаль за то, что я сейчас сделаю"". 
Кто нибудь сталкивался? Как это фиксить, оно правда очень мешает жить. Ситуаций куда больше и происходят они часто относительно. 
Нет диагнозов, но и к психиатрам не ходила. 
Если важно, мне почти 18 годиков.

୨୧・┈ #МДтейк ┈・୨୧
:→@MDersbot || #Непонятно",327.0,2.0,2,985
MDersConfa,371,2025-12-27 17:22:10+00:00,"После выхода из острого отделения дурки мне диагностировали депрессия и птср.Но теперь, я считаю что изза пребывания в психушке и птср я совсем отвыкла от социализации.Друзей у меня больше нет, абсолютно ни с кем не общаюсь уже несколько месяцев, ни ирл ни в интернете. Безумно некомфортно выходить на улицу, заказываю доставку продуктов, бросила хобби чтобы пореже выходить из дома. Когда пытаюсь разговаривать со сверстниками, заикаюсь и вообще несу какой то бред. Как считаете, у меня чет по типу социофобии? Потому что в инете написано что социофобия это отчасти именно страх перед социализацией, а я не боюсь, а просто не хочу да и физически не могу.

୨୧・┈ #МДтейк ┈・୨୧
:→@MDersbot || #ПТСР #Депрессия",215.0,0.0,2,706
MDersConfa,370,2025-12-27 16:31:43+00:00,"Мне безумно понравился перевод треда, который запостили get well про отдых, и хотелось бы поделиться им, если можно

«если есть время листать соцсети, значит, есть время и…», «если есть время смотреть сериалы, значит, есть время и… »… да, окей, но есть ли силы? есть ли психические и эмоциональные ресурсы? не испытываю ли я сильной боли, которая может мне помешать? в состоянии ли я сосредоточиться? могу ли я заняться этим, не вставая с кровати? безопасно ли это для меня, могу ли я это сделать, не рискуя, надавив на себя, навредить себе физически или эмоционально?

> вообще-то у меня НЕТ времени.

чтобы как-то жить, мне надо катастрофически много отдыхать. и, возможно, как раз во время отдыха я заодно посижу на тамблере, попереписываюсь с подружкой или послушаю подкаст.

но я не могу использовать это время на то, что мне хочется, и когда хочется, потому что, если я надавлю на себя слишком сильно, буду страдать после этого несколько дней.

> время отдыха — не свободное время. оно для ОТДЫХА. если вы нейроотличны, имеете хроническую болезнь или что-то подобное, отдых становится ещё более серьёзной обязанностью, потому что, если забьёте, получите от разума и тела наказание ещё более суровое. конечно, точно так же и у Абсолютно Нормальных и Здоровых, но только реакция не такая быстрая и очевидная! её можно даже не заметить, пока из-за неё не ПРИОБРЕТЁТЁ нейроотличие или хроническую болезнь!

୨୧・┈ #МДтейк ┈・୨୧
:→@MDersbot || #Общее",234.0,2.0,3,1448
MDersConfa,369,2025-12-27 15:15:25+00:00,"у меня депрессия. меня очень бесит то что я не могу быть такой как все люди. в частности то что не могу быть в их темпе. я очень медлительна, мои движения черепашьи, мои мысли тянутся как хз что. я не хочу быть такой, мне не нравится быть лютейшим тормозом... кажется что эта черта особенно сильно всех раздражает, но я вообще ничего с этим поделать не могу. и растормошить себя не получается, как бы я не пыталась шевелиться быстрее, я все равно медлительна. очень быстро устаю и ментально, и физически. что с этим можно сделать?

୨୧・┈ #МДтейк ┈・୨୧
:→@MDersbot || #Депрессия",219.0,0.0,2,575
MDersConfa,368,2025-12-26 19:16:14+00:00,"задаюсь лишь 1 вопросом: имею ли я право быть в депрессии прямо сейчас и вообще, не заражаю ли я своим настроем свою подругу, с которой живу... по факту, я стараюсь не показывать что мне плохо, но иногда у меня такое чувство что сорвусь, хоть и стараюсь держаться... это тяжело. все эти чувства и эмоции просто разрывают меня. особенно сильно бьет отчаяние. все это отражается на теле. чувствую сильную тяжесть, словно все налилось жидким металлом внутри, но не до конца, оно словно еще штормит внутри, и с каждым движением переливается. мне абсолютно все дается с трудом. даже шевелить пальцами, говорить, дышать... да что угодно. но и лежать пялить в одну точку тоже непросто, ибо мысли разъедают голову. хочется, чтобы это все наконец-то закончилось. я устала. чувствую скованность и зажатость, словно меня заковали в кучу слоев колючей проволоки, не шевельнуться. мне тяжело. я хочу стать свободным человеком. сделать вдох полной грудью и сказать что: ""да, вот именно это ты проживала не зря, все было ради того чтобы оказаться здесь и быть в порядке"". ну а пока я просто хочу сдохнуть от всей палитры ощущений хаха. а ""центр страданий"" находится в солнечном сплетении. именно туда все как-то стягивает, там ""центр тяжести"" моих невыраженных чувств и эмоций, невысказанных слов, которые она, скорее всего не услышит, ведь как можно любить такую как я, депрессивный монстр просто бля. да и в целом, я не пойму ее отношение ко мне... ох... тяжело. иногда мне кажется что я и вовсе не вывезу жить эту жизнь, но и умирать то как-то не хочется. хочется жить действительно хорошую и спокойную жизнь... 

если вы разобрали все мое нытье... есть ли у вас советы для меня, типа как все это облегчить. совсем скоро я пойду к психотерапевту впервые, но по ощущениям я на грани нервного срыва... не знаю что делать

୨୧・┈ #МДтейк ┈・୨୧
:→@MDersbot || #Депрессия",249.0,1.0,2,1851
MDersConfa,367,2025-12-26 18:57:03+00:00,"Тв самоповреждение Тв упоминание самоубийства

Здравствуйте!!! Мне бы просто хотелось поделиться накипевшим, и, может быть, найти людей со схожей проблемой. 

У меня Прл (пограничное расстройство личности) и оно ужасно мешает жить. Я обследовалась у врача, принимала соответствующие препараты, но, к сожалению, пока что больше такой возможности нет. Да и врач был, откровенно говоря, не сильно компетентен. 

Всё началось с одиннадцати-двенадцати лет. Просто взяло и пришло ко мне в виде депрессии. Сначала я думала ""хм, странно, у меня уже целую неделю плохое настроение!"", а потом прошёл месяц. Полгода. Год... Я наносила себе пусть и лёгкие, но повреждения, возможно, искала этим помощи, внимания, внутреннего успокоения. Я не понимала, что со мной происходит и даже мысли не допускала, что это может быть депрессией. 

Но проходит год и это возводится в абсолют... Вот я уже не могу встать с кровати, самоповреждения всё глубже и чаще, я начинаю заедать стресс, теряю силы жить, со сном всё плохо, постоянная тревога, вечные мысли о смерти, которые были для меня единственным облегчением... Я могла плакать восемь раз в день, ходила с каменным лицом. Мне было плохо постоянно. Ужасно, отвратительно, больно. Я начала боятся всего вокруг, мне было стрёмно даже выходить на улицу, мне было страшно, когда на меня смотрели, я стремилась спрятаться, никого не видеть, никого не слышать. А потом возникла ещё и паранойя. Я стала бояться зеркал — всегда ощущала, что за мной смотрят. Даже и без зеркал, но... Ходя в туалет, что занимало меньше минуты, я тратила время, дабы занавесить ВСЕ поверхности, на которых отражаюсь. Зеркала, трубы, прочее... Меня посещали странные навязчивые мысли, я рисовала какие-то кровавые картинки и от них же потом пугалась и плакала. 

Я пыталась что-то с собой сделать. Выпить горку левых таблеток, задохнуться под водой, искала вены, но на последнее никак не решалась. 

Потом проходит ещё годик. Мало что меняется, но появляются первые подростковые влюблённости и от этого чувства всё внутри меня закипает с новой силой. Всё внутри мечется от ""ужасно"" до ""прекрасно"", я слежу за каждым новым объектом симпатии, наношу себе повреждения, когда те делают что-то не то, вырываю волосы, истерю. 

Потом я мучаю себя делами. Сутками. До ужасного выгорания. Это и спасало и убивало. Я ревела каждый день — по дороге в школу и по дороге из неё. И в итоге мне... Удалось добиться похода ел врачу принятия таблеток, потому что я еле волочила свое существо. Резко стало легче. Я наконец-то выползла из своего кошмара, начала улыбаться, радоваться спустя пару лет непроглядного психологического ужаса... 

Да. Я избавилась от этого на постоянке. Но шли годы... И... Началось оно. В один момент я могла прыгать и радоваться, а потом проходила буквальна минута и я была в тотальном отчаянии и бросалась к лезвию без видимых причин. Это начало преследовать. И оно так чертовски утомляло. В итоге я даже радоваться спокойно не могла, зная, что это рано или поздно снова превратится в этот писец, когда жить не хочется. 

Даже отношения, в которых я была, с трудом можно было назвать нормальными. Для меня целый подвиг нормально воспринимать своего партнёра, если он случайно коснётся триггера. 

Каждая неудача, даже мелкая, стала сопровождаться мыслями суицида. Тотальными. От ощущения никчемности до ""божечки, я крута!"" один коротких шажок. 

Между этими скачками наступали периоды дереализации и отдаления от реальности. Они были хуже всех этих качелей. Тоска. Бренное существование. Когда тошно от того, что ты есть. Не знаю, как описать это, но оно просто убийственно. 

И вот по сей день я страдаю от этого всего, разве что мои обострения начали как-то распределяться по сезонам. Менее убийственными от этого они не стали.

Белые шрамы, кажется, останутся со мной ещё надолго

୨୧・┈ #МДтейк ┈・୨୧
:→@MDersbot || #ПРЛ",258.0,1.0,1,3838
MDersConfa,366,2025-12-26 04:27:07+00:00,"Часть 2

Сейчас я на втором курсе садово-паркового и ландшафтного дизайна. И, неудивительно, мои проблемы с учёбой продолжились. Сейчас я не чувствую в себе какой-то острой реакции на то, что у меня опять очень много учебных долгов, и что меня не любят преподы за мою ""недисциплинированность"", что одногруппницы, кажется, обсуждают мою непосещаемость за спиной (ведь это так несправедливо, когда кто-то, как ты видишь, не ходит и пытается при этом получить доброе отношение преподов, а ты работаешь ежедневно). Я просто снова не могу просыпаться по утрам. Просто разлюбила специальность. Просто пытаюсь что-то делать периодически на инерции, не понимая, зачем мне это нужно, если количество работ для меня неподъемно и меня просто отчислят на финальном курсе или раньше. Просто очень устала. Не могу представить, что будет, если просто взять и отчислиться. У меня больше нет идей, чем заниматься в жизни. Больше никакая специальность, никакой колледж, техникум, вуз не зажигает искры. У меня есть опыт работы продавцом, и он был ужасен - даже на работе меня сравнивали, говорили, что я медлительная так, будто я сама этого ещё не знаю, но как узнаю - исправлю это за пять секунд.
У меня нет идей для предприятия.
У меня нет навыков, которые обеспечивали бы мне свой доход.
Мои родители не могут, похоже, обеспечить мне лечение в платных клиниках. Да если б и могли, я буквально не нахожу информации о СДВГ-осведомленных специалистах в моем городе, а онлайн-специалисты не вправе выписывать рецепты. А бесплатное ощущалось просто как издевательство. Кроме того первого приёма я заходила на приёмы в ПНД ещё дважды, и таким образом перепробовала три антидепрессанта, ни один из которых не помог мне полностью. Первый состояние усугубил, второй почти даже работал, но меня ежедневно отсутствовал аппетит, меня тошнило, и у меня случился на нем рецидив самоповреждения. Не упоминая того, что как только приходило время принимать ещё одну таблетку мне резко становилось худо морально. Третий просто не дал никаких результатов. 
Было бы интересно почитать, как другие выкарабкивались из похожего. Потому что я не вижу выходов.

୨୧・┈ #МДтейк ┈・୨୧
:→@MDersbot || #СДВГ #Депрессия",253.0,0.0,2,2171
MDersConfa,365,2025-12-26 04:26:26+00:00,"чуваки, я уже не вывожу просто. То-ли чаю выпить, то-ли повеситься.
Значит, ситуация:
пару лет назад решила в обход егэ пойти учиться в коллелж на сисадмина, - капец нравилась информатика. Колледж показался крутым и технически оборудованным. 
Первое время было очень вайбово, и у меня даже были любимые преподы. Ко второму месяцу пошла уже настоящая нагрузка, и я, пытаясь сделать одно задание, упускала выполнение трёх. Под середину года сидела в учебной комнате общежития часами. А под конец у меня случился второй за мою жизнь тяжелый депрессивный эпизод, сопровождающийся самоповреждением и желанием просто как нибудь исчезнуть из комнаты, из общежития, из страны, из мира. Дело в том, что я всю личность свою выстроила на учёбе, - первостепенно ведь надо обеспечить себе будущее, стать чуваком с бумажкой. 

А учёба у меня не идёт! Типа, понимаете, до сих пор не идёт. На выполнение заданий я затрачиваю отдельные усилия, наверное, двойные, ибо во-первых нужно усилиться встать с кровати, во-вторых надо сидеть и не зависнуть на чем-то. Я не просто сижу и отвлекаюсь на все подряд, типа, начинаю листать ленту вк, если пришло уведомление, я могу просто сесть и закопаться в задании таким образом, какого себе препод не представлял, когда его писал. Одно простенькое дельце затягивается на пять часов, а то и несколько ночей усиленной работы требуется. И моя психика в итоге просто не вывозит выдаваемый объем работы. 

Я старалась делать хоть когда-то, пусть не в срок. Преподы мои усилия не оценили. ""Ну, ты сдаёшь работу позже, так что выше тройки я тут не поставлю"".

Осознание, что мои одногруппники могут просто сесть и понять, сделать что-то за полтора часа просто добивало. И мне это не боялись напомнить, когда я сообщала о своих трудностях: ""ну все же могут это делать"". Итогово, я просто чувствовала себя несостоявшейся личностью. К этому прибавились трудности с тем, чтобы встать с кровати. Чтобы приготовить себе что-то. Чтобы помыться. Я начала принимать лечение, выписанное психиатром и стало хуже. Почитала, что первые дни, недели правда может быть хуже, а потом станет лучше. Психиатр ушёл в отпуск тогда, когда он говорил записаться к нему на приём (это был незабываемый опыт знакомства с психиатрией, ведь я узнала, что стигматизация псих.расстройств может продолжаться даже в кабинете, когда он пошутил про то, что я могла бы сброситься с определённого этажа вместо приёма). Кажется, в итоге мне ещё и пришлось самостоятельно отменять препарат, потому что у меня не было денег на тот, что прописал уже другой психиатр.

В колледже меня ждало полное непонимание, даже когда я обратилась к психологу, и та уже общалась с заведующей. Заведующая не стеснялась при мне говорить о том, что люди, которые не справляются с нагрузкой, не должны учиться в столь ""престижном"" месте. Параллельно всплывали проблемы учебного процесса - старые компьютеры, маразматичная информатичка, поверхностные ленты математики, предназначенные для тех, кто мог бы сдавать профильное егэ вместо поступления. Все привело к отчислению. К концу июня мне становилось несколько лучше, и я решила тут же попробовать поступить на другую профессию.

Часть 1",288.0,0.0,1,3146
MDersConfa,351,2025-12-25 16:29:43+00:00,🎀: ЕЕЕЩКЕРЕ НАС 100,340.0,0.0,7,19
MDersConfa,350,2025-12-25 04:35:45+00:00,🎀: НАС ПОЧТИ 100,429.0,0.0,2,16
MDersConfa,335,2025-12-23 18:54:45+00:00,"Кв/тв: суицидальные мысли

Хочу радостью поделиться.
Если раньше бар из-за нарушений в бошке ебашил чуть ли не ежедневно, и был таким по типу: то ""Я ЛЮБЛЮ ЭТОТ МИР!!! У МЕНЯ МОТОР В ЖОПЕ БУДУ НЕКОНТРОЛИРУЕМО ДЕЛАТЬ КАКУЮ-ТО ХУЙНЮ И РАНЮ ВСЕ ОКРУЖЕНИЕ!!!!"", то ""А можно мне сдохнуть нахуй. Больно, больно больно больно БОЛЬНО Я НЕНАВИЖУ ЖИЗНЬ Я НЕНАВИЖУ ВСЕХ Я НЕНАВИЖУ СЕБЯ МНЕ БОЛЬНО"", ТО ТЕПЕРЬ ПОХОДУ ДЕПРА ВЫРАЖАЕТСЯ ТУПО В ОТСУТСТВИИ СИЛ И МОТИВАЦИИ. МОЯ РАДОСТЬ НЕ ЗНАЕТ ГРАНИЦ

Неанон Рейчел

୨୧・┈ #МДтейк ┈・୨୧
:→@MDersbot || #БАР",514.0,3.0,1,537
MDersConfa,323,2025-12-22 14:40:05+00:00,"Здравствуйте, сюда как я понимаю, можно и про аутизм написать, так что да. Дальше полотно текста (Я ЧЕСТНО СТАРАЛСЯ ПОКОРОЧЕ) 

В общем, я был у психолога, заранее говорю: я знаю что психолог ничего не может ставить, и мне она это тоже упомянула. Так вот. Я ей все рассказал, какие у меня проблемки. Многое умолчал, но неважно.

Она сказала мне на 3-4 сеансе, не помню, пройти тесты на сдвг, рас, депрессию. Мне 18 если это важно просто она специализируется на нейроотличиях у взрослых (это случайно так вышло, посоветовали мне ее). И я прошел конечно тесты, я и до этого думал мол вдруг у меня есть что то из этого потому что я ощущаю себя странным. И там был высокий балл на тесте с РАС. Но я как бы понимаю что это всего лишь тест. И что наверное верить ему на 100% нельзя вообще. 

Она мне написала на эти все результаты что у меня скорее всего РАС, но для диагностики надо врача, но если диагноз подтвердится то меня ограничат в правах. В общем я охуел от этого и сразу меня настигли сомнения, действительно ли я такой. Я стал накручивать себя и тд... Стал оченьмного читать про психические расстройства и нейроотличия чтобы разобраться НО ниче не помогает. Суть вопроса в том, что... 

Может ли быть такое, что у меня РАС и: у меня нет сенсорных сильных ощущений, или каких то необычных (только неприятно от скрипа мела по доске, от слегка мокрой бумаги и от нижней части тарелок, ну честно говоря я правда не понимаю, это уже входит в ""ненормальность"" или нет(눈‸눈)) и у меня нет гиперфиксаций (интересы есть, они у всех есть, но я никогда не замечал чтобы прям фигово от этого было. Я сплю, ем. Ну бывало что не сплю, но это более похоже на эскапизм). И я не замечал у себя никогда СЕНСОРНУЮ ПЕРЕГРУЗКУ. Да, мне плевать на 'шум ламп' и какие-то звуки, я просто отключаюсь от них когда мне это нужно и занимаюсь своим делом. При перегрузке как я прочел, обычно плохо, а мне не плохо,наоборот ощущение будто пьян. Я не понимаю отличия между истерикой и  мелтдауном (или как там извините я не помню). 

Единственное что очень правда: мне тяжело общаться. НО так было не всегда. Я думал, это социофобия.

Мне пиздец печально от того, что я не могу определить, что со мной. Все говорят просто смириться, но я хочу знать, это важно почему-то для меня. Я не знаю как это все кратко сформулировать, поэтому все может быть скомкано написано, сори. Самодиагностика плоха, но я боюсь психиатров уже. . . Ó╭╮Ò

୨୧・┈ #МДтейк ┈・୨୧
:→@MDersbot || #РАС",376.0,0.0,6,2443
MDersConfa,322,2025-12-21 19:56:27+00:00,"Привет сегодня я узнала что у меллстроя расстройство как у меня

Тейк очень тупой я просто хотела сюда хоть чета написать а то хули несколько диагнозов о которых мало говорят.....

У меня во время депрессии (диагностирована двумя психиатрами) + на фоне стресса от жизненных событий и приема нахуя-то выписанных мне нейролептиков (мой первый психиатр уебан, мне от них стало хуже и при депрессии моей стадии они вообще не нужны) развилось F44.5 (грубо говоря судороги в конечностях когда испытываешь тревогу) которое потом кнш перетекло в F44.4 (трудно или вообще не получается двигать конечностями когда испытываю тревогу), которое и поставили мне потом, но не суть..

Мелстрой сказал что его преследует интерпол и у него начали ноги дергаться от стресса 

Надеюсь этого долбаеба повяжут

Пока

୨୧・┈ #МДтейк ┈・୨୧
:→@MDersbot || #Депрессия",425.0,1.0,6,838
MDersConfa,274,2025-12-19 20:00:08+00:00,"вопрос к циклотимикам и биполярщикам
А у вас тоже если нейтральная фаза затягивается появляется ощущение что вы и не больны вовсе и всё себе сами придумали

୨୧・┈ #МДтейк ┈・୨୧
:→@MDersbot || #БАР #Циклотимия",353.0,1.0,8,206
MDersConfa,266,2025-12-18 21:48:20+00:00,"Тв кв упоминания смерти и киллеров

Всем пр у меня накипело (я написал оч большой текст поэтому сделаю его цитатой, если так можна)

    Как же я ненавижу то, что абсолютно везде демонизируют людей с арл (антисоциальное расстройство личности, грубо говоря психопатия/социопатия) 

    Я не могу никому рассказать о моём расстройстве, и даже моей девушке мне удалось в этом признаться с очень большим трудом, и то я просто сказал ей свои симптомы, не упоминая саму болячку. Я очень боюсь кому-то об этом говорить даже из близких мне людей, а особенно моим родственникам. Я прорабатываю это с врачами, учусь эмпатии и сам пытаюсь разобраться в этом всём, но я не знаю, пойду ли когда-нибудь к психиатру, потому что в моём случае диагноз будет не просто как часть моей личности, а как клеймо, которое уничтожит всю мою личную жизнь, если о нём кто-то узнает. Я много раз видел, как люди романтизируют или оправдывают какие-то психические расстройства, но психопатию? Почти никогда. Максимум, это пихать везде просто интровертов с высоким голосом, растрёпанными волосами и нервными тиками или секси маньяков, но тут уже восхваляются отдельные личности, нежели само отклонение (не знаю, валидно ли так это называть). Плюсом, я считаю, что социопатов на самом деле очень много, но все они, как и я, не решаются на то, чтобы хоть как-то о себе заявить, потому что сразу же получат столько осуждения и предрассудков, сколько не могут и представить

    Меня заебало то, что меня считают опасным просто потому что. Я тоже человек, как и все вы, у меня тоже есть чувства, я тоже могу любить и дружить, поймите уже наконец, что я далеко не всё делаю ради своей выгоды. Я тоже способен на добрые дела и, если я их делаю, это, опять же, не значит, что это только для каких-то моих злодейских планов. К примеру, мне нравится кормить и подбирать бездомных котов (я впринципе очень люблю котов). Меня бы похвалили за это, но как только люди бы узнали о том, что я ОБОЖЕ ПСЕХ😱 , мне бы начали делать смерти и говорить, что я это делаю только в каких-то своих корыстных целях

Ебучие эйблисты 100% никогда не чувствовали того, когда самому любимому твоему человеку становится дико плохо ментально или физически, а ты, будто связан и вынужден на это смотреть, потому что слова или действия просто не лезут. Тебе грустно, но ты не можешь придумать абсолютно ничего. Ты лезешь в интернет в надежде найти хоть какие-то скрипты, чтобы поддержать того, кто тебе дорог, а в итоге твою поддержку считают неискренней и плюсом начинают ненавидеть. Никогда такие особи не переживали момента, когда кто-то, допустим, умирает или с ним что-то случается и они должны сопереживать или скорбить, но, опять же, ничего не идёт. Внутри просто пустота и от этого они начинают ненавидеть себя больше, чем что либо ещё, потому что не могут почувствовать то, что чувствует всё их окружение. Им никогда не приходилось привязываться к людям, но очень быстро их терять из-за того, что они просто не знают, как продолжать общение и, сами того не хотя, начинают отдаляться. Они получали поддержку, а не миллиард причин, почему они хладнокровные убийцы манипуляторы от абсолютно каждого угла интернета и каждого человека. Их расстройства никогда не становились просто оскорблением и стереотипом, их никогда не сравнивали с маньяками из-за мнения, что все они обязательно арлшники. Их никогда не обвиняли и не заставляли нести ответственность за то, в чём, по их мнению, они 100% не виноваты. Так можно перечислять очень очень долго, но мне ленн 

    Кстати, если уж на то пошло, тёмные эмпаты гораздо опаснее. Когда у меня она начала появляться, у меня будто бы открылся третий глаз и я понял, что эмпаты имеют гораздо большее преимущество, чем все остальные лол

୨୧・┈ #МДтейк ┈・୨୧
:→@MDersbot || #АРЛ",431.0,4.0,22,3755
MDersConfa,265,2025-12-18 18:26:45+00:00,"тв самоповреждение, самоубийство

привет. у меня диагностировали бар 2 типа. честно я вообще не понимаю, почему 2 типа.. либо я не до конца разобрался, либо че я хесе...
бар начало проявляться в начале осени. был депрессивный эпизод, длиною в 1 месяц, а уже после этого была маниакальная фаза. теперь ж у меня регулярно и стабильно меняются депрессивные и маниакальные. маниакальные приследуются сильной эйфорией, желанием делать все, быстрыми движениями и речью, я ложился спать часа в 3-4 ночи, устроился на работу за один день, хотя не хотел работать до этого, да и вообщем та всякие фигни по типу мыслей о бессмертности, чувством, что все могу. самое важное - это маниакальные острые психозы, при чем развиваются они очень стремительно в мании. буквально брежу, что меня хотят забрать демоны, что я должен убить себя во благо человечества, был случай, когда резал и ел свою кожу, потому что думал, что так буду в безопасности от сущностей. также были зрительные галлюцинации в виде черных силуэтов.
я все это проговорил кратенько двум психиатрам, но оба поставили 2 тип чему я удивляюсь. может я чета не так понимаю или они не до конца поняли?? 😭😭😭

୨୧・┈ #МДтейк ┈・୨୧
:→@MDersbot || #БАР",461.0,1.0,2,1191
MDersConfa,264,2025-12-18 18:09:03+00:00,"чо делать если я решилась пойти к школьному психологу, она после диалога со мной сказала, что вызовет маму просто поговорить, тк она полностью отрицает моё состояние (диагностированную циклотимию), гипоманию и нейтральное настроение воспринимает как мое типичное состояние, а апатию как лень (причем апатия у меня такая, что мне даже телефон брать в руки не хочется, бесит вообще всё и хочется раствориться и смотреть лекции по алгебре🙏🏼🙏🏼), а мама, узнав о том, что её вызывают, начала говорить, что не ожидала такого предательства и что её лишат родительских прав, а меня отправят в детдом (причин на это вообще нет, она меня не бьёт, не пьёт, условия жизни нормальные и тд, но она очень параноит насчёт этой школы в целом после того, как на меня одноклассница или ее родители написали донос за прeдательствo рoдины 😅)

୨୧・┈ #МДтейк ┈・୨୧
:→@MDersbot || #Циклотимия",534.0,2.0,11,866
MDersConfa,249,2025-12-18 16:40:34+00:00,"Ку всем!! Моей подруге недавно диагностировали БАР, и мне стало любопытно, как у вас проходят смешанные эпизоды? Знаю, что у каждого как-то по-своему, поэтому хочу узнать про чужой опыт. 

୨୧・┈ #МДтейк ┈・୨୧
:→@MDersbot || #БАР",603.0,3.0,5,226
MDersConfa,189,2025-12-09 05:21:44+00:00,🎀: А ой боты были неактуальные почему-то @MDersbot вот бот для тейков,1145.0,0.0,1,69
MDersConfa,135,2025-12-06 18:00:05+00:00,"🎀: Оке, этот кф теперь не только по БАР, но и по всем остальным расстройствам по множеству причин(если кому надо могу расписать). С днем перезапуска конфы!!🎉🎉

Все тейки связанные с чатом были снесены и отныне не принимаются.

Даже если мое ментальное состояние оставляет желать лучшего, я постараюсь вкладываться в развитие насколько это будет физически возможно, особенно раз теперь появилось много свободного времени.

Теперь этот канал это своеобразный сейфплейс для людей с любыми расстройствами, соответственно и правила стали более строгими, если будете комментировать/вступать в группу с комментариями канала – прошу с ними ознакомиться. Если есть желание почитать тейки, относящиеся к какому-то определённому расстройству, они будут по ним рассортированы.
Все всем хорошего дня вечера утра ночи удачи бывайте!!
– – – – – – – – – – – – – – – 
#Важное",1422.0,0.0,2,858
MDersConfa,9,2025-09-25 13:45:29+00:00,"ㅤ❤️  🍓🍓🍓🍓🍓🍓  ❤️
➿➿➿➿➿➿➿➿➿➿➿
**🎀 — Рейчел,** 🤩>🤩, владелец, отвечает за все.
**💥 — Мэри,** 🤩, модератор чата, комментариев.
🌹** — Хел, **🤩, админ по вп.
**👾 – Шицы,** 🤩, админ по тейкам.",1066.0,3.0,0,185
NewFriendChat,2,2023-06-21 08:48:18+00:00,Our group is now private. You can send a join request by clicking the button below.,345655.0,162.0,0,83
united_global_friends,1594898,2026-05-24 06:39:32+00:00,Hyooo,,,0,5
united_global_friends,1594888,2026-05-24 05:05:06+00:00,Throw him out @CATWOMAN80,,,0,25
united_global_friends,1594887,2026-05-24 05:04:08+00:00,Hello everyone here,,,0,19
united_global_friends,1594884,2026-05-24 05:01:18+00:00,Please,,,2,6
united_global_friends,1594881,2026-05-24 04:58:56+00:00,Yippiieee hes banned,,,0,20
united_global_friends,1594868,2026-05-24 04:03:14+00:00,Oh ew,,,0,5
united_global_friends,1594867,2026-05-24 04:03:01+00:00,STOP BRO,,,0,8
united_global_friends,1594865,2026-05-24 04:02:49+00:00,"All types group here 
In 99 rupees 
Rp
Cp
Tamil 
Girl with animals 
Mom and son
Gay
Dasi
Redroom

Any more groups here

All cobbo in 399 rupees",,,2,143
united_global_friends,1594864,2026-05-24 04:02:42+00:00,Morning 🌄,,,0,9
united_global_friends,1594862,2026-05-24 03:58:29+00:00,Bad now after this pdf ruining my night,,,0,39
united_global_friends,1594861,2026-05-24 03:55:09+00:00,Hiii hru,,,0,8
united_global_friends,1594860,2026-05-24 03:52:42+00:00,I’m not bad how are you,,,0,23
united_global_friends,1594859,2026-05-24 03:50:30+00:00,@CATWOMAN80 can you report this person please?,,,0,46
united_global_friends,1594858,2026-05-24 03:48:51+00:00,He should just kill himself atp,,,0,31
united_global_friends,1594857,2026-05-24 03:47:25+00:00,Can u like delete a profile? I cant stand his picturr 😭😭😭,,,0,57
united_global_friends,1594856,2026-05-24 03:46:39+00:00,Hello how r u,,,0,13
united_global_friends,1594855,2026-05-24 03:45:09+00:00,Hello hru,,,0,9
united_global_friends,1594854,2026-05-24 03:44:31+00:00,Y'all,,,0,5
united_global_friends,1594853,2026-05-24 03:44:29+00:00,Wassup,,,0,6
united_global_friends,1594851,2026-05-24 03:36:00+00:00,Good morning from here,,,0,22
united_global_friends,1594849,2026-05-24 03:34:32+00:00,"Like I said, one of the admins will or me",,,0,41
united_global_friends,1594848,2026-05-24 03:34:22+00:00,Thank you 😊,,,0,11
united_global_friends,1594845,2026-05-24 03:34:04+00:00,Ok one of us admins will reach out,,,0,34
united_global_friends,1594844,2026-05-24 03:33:32+00:00,Ya I have requested,,,3,19
united_global_friends,1594843,2026-05-24 03:33:19+00:00,You can just request to join it,,,0,31
united_global_friends,1594842,2026-05-24 03:32:41+00:00,"Abbey
Pls invite me to your gr,oup",,,1,34
united_global_friends,1594841,2026-05-24 03:28:09+00:00,Hey yall,,,6,8
united_global_friends,1594840,2026-05-24 03:25:56+00:00,@CATWOMAN80  .,,,0,14
united_global_friends,1594839,2026-05-24 03:24:42+00:00,There are many apps you can pay to get a phone number online,,,0,60
united_global_friends,1594838,2026-05-24 03:23:18+00:00,Invalid number,,,0,14
united_global_friends,1594836,2026-05-24 03:21:34+00:00,Try this,,,1,8
united_global_friends,1594834,2026-05-24 03:21:07+00:00,no wait africa,,,1,14
united_global_friends,1594833,2026-05-24 03:20:59+00:00,india,,,0,5
united_global_friends,1594832,2026-05-24 03:20:55+00:00,Country name,,,1,12
united_global_friends,1594831,2026-05-24 03:20:31+00:00,+233599404305 you should call this number right now,,,0,51
united_global_friends,1594830,2026-05-24 03:18:59+00:00,Give give me any one number any country i want open whatsapp account,,,2,68
united_global_friends,1594829,2026-05-24 03:16:37+00:00,I will keep the war going forever,,,0,33
united_global_friends,1594827,2026-05-24 03:12:29+00:00,"Dr pmv is a girl, she is my friend",,,0,34
united_global_friends,1594825,2026-05-24 03:12:27+00:00,War stop,,,0,8
united_global_friends,1594824,2026-05-24 03:12:07+00:00,he is from ukraine,,,0,18
united_global_friends,1594823,2026-05-24 03:12:00+00:00,All members,,,0,11
united_global_friends,1594822,2026-05-24 03:11:59+00:00,Uhm mby,,,0,7
united_global_friends,1594821,2026-05-24 03:11:54+00:00,Your country name please,,,3,24
united_global_friends,1594820,2026-05-24 03:11:15+00:00,/admin,,,0,6
united_global_friends,1594819,2026-05-24 03:10:57+00:00,I am from India,,,0,15
united_global_friends,1594818,2026-05-24 03:10:27+00:00,"So , what is your country?",,,0,26
united_global_friends,1594817,2026-05-24 03:10:23+00:00,Kya problem hai tujhe,,,0,21
united_global_friends,1594815,2026-05-24 03:09:22+00:00,Can you speak English?,,,0,22
united_global_friends,1594812,2026-05-24 03:07:59+00:00,That's strange language,,,0,23
united_global_friends,1594811,2026-05-24 03:07:21+00:00,Use Google translate,,,0,20
united_global_friends,1594810,2026-05-24 03:06:59+00:00,report this account pls,,,0,23
united_global_friends,1594809,2026-05-24 03:06:30+00:00,I don't understand,,,0,18
united_global_friends,1594808,2026-05-24 03:06:03+00:00,We can chat private,,,0,19
united_global_friends,1594806,2026-05-24 03:05:33+00:00,Kumbakonam Tamil Nadu,,,0,21
united_global_friends,1594805,2026-05-24 03:05:19+00:00,"So , And you",,,0,12
united_global_friends,1594802,2026-05-24 03:04:54+00:00,You know it,,,0,11
united_global_friends,1594800,2026-05-24 03:04:34+00:00,Oh no,,,0,5
united_global_friends,1594799,2026-05-24 03:04:33+00:00,Doubt,,,0,5
united_global_friends,1594798,2026-05-24 03:04:21+00:00,Egypt,,,0,5
united_global_friends,1594797,2026-05-24 03:03:56+00:00,helloo,,,0,6
united_global_friends,1594796,2026-05-24 03:03:53+00:00,Where,,,0,5
united_global_friends,1594793,2026-05-24 03:02:51+00:00,I know what you are,,,0,19
united_global_friends,1594792,2026-05-24 03:02:50+00:00,We can recognize,,,0,16
united_global_friends,1594791,2026-05-24 03:02:35+00:00,I know the truth,,,0,16
united_global_friends,1594790,2026-05-24 03:02:22+00:00,I dont know you,,,0,15
united_global_friends,1594789,2026-05-24 03:00:46+00:00,I french kiss my pets so much it's a little bit of Spain and Germany too,,,0,72
united_global_friends,1594788,2026-05-24 03:00:24+00:00,You can consider me your friend 😅,,,0,33
united_global_friends,1594787,2026-05-24 02:59:53+00:00,U dont french kiss yours?,,,0,25
united_global_friends,1594786,2026-05-24 02:59:38+00:00,I bet you open mouth kiss your dog but only when he's a good boy,,,0,64
united_global_friends,1594785,2026-05-24 02:59:08+00:00,"Im alone thanj you vry much, i have a dog now only",,,0,50
united_global_friends,1594784,2026-05-24 02:58:53+00:00,Live is full of good friends 😊,,,0,30
united_global_friends,1594783,2026-05-24 02:57:52+00:00,Not like this one,,,0,17
united_global_friends,1594782,2026-05-24 02:57:40+00:00,Don't worry you can get another one,,,0,35
united_global_friends,1594781,2026-05-24 02:56:57+00:00,he is angry because his hands are so tiny,,,0,41
united_global_friends,1594780,2026-05-24 02:56:36+00:00,Ive lost a good friend today thats why,,,0,38
united_global_friends,1594779,2026-05-24 02:56:02+00:00,Why are you angry?,,,0,18
united_global_friends,1594778,2026-05-24 02:55:41+00:00,I wish,,,0,6
united_global_friends,1594777,2026-05-24 02:55:14+00:00,"No dont worry about me, i dont exist",,,0,36
united_global_friends,1594776,2026-05-24 02:54:56+00:00,oops are you still here,,,0,23
united_global_friends,1594774,2026-05-24 02:54:20+00:00,Yeah then add me I will text you,,,0,32
united_global_friends,1594773,2026-05-24 02:54:16+00:00,I have lots of space in my friends list,,,25,39
united_global_friends,1594772,2026-05-24 02:53:59+00:00,sure we can be friends,,,0,22
united_global_friends,1594771,2026-05-24 02:53:50+00:00,Mine is empty,,,0,13
united_global_friends,1594770,2026-05-24 02:53:45+00:00,Oh okay np,,,0,10
united_global_friends,1594768,2026-05-24 02:53:22+00:00,How are you?,,,0,12
united_global_friends,1594767,2026-05-24 02:52:49+00:00,For friendship,,,0,14
united_global_friends,1594766,2026-05-24 02:52:39+00:00,what for,,,0,8
united_global_friends,1594765,2026-05-24 02:52:35+00:00,hey hey,,,0,7
united_global_friends,1594764,2026-05-24 02:52:30+00:00,Can you add me,,,0,14
united_global_friends,1594761,2026-05-24 02:52:08+00:00,Okay kiwi,,,0,9
united_global_friends,1594759,2026-05-24 02:51:56+00:00,you can call me kiwi 🩷,,,0,22
united_global_friends,1594758,2026-05-24 02:51:18+00:00,What’s your name,,,5,16
united_global_friends,1594757,2026-05-24 02:51:05+00:00,hi hi,,,0,5
united_global_friends,1594753,2026-05-24 02:50:33+00:00,what for?,,,0,9
united_global_friends,1594751,2026-05-24 02:50:20+00:00,yeah 😇,,,0,6
united_global_friends,1594750,2026-05-24 02:50:13+00:00,no sorry my friend list is full,,,0,31
united_global_friends,1594749,2026-05-24 02:48:01+00:00,Without risk,,,0,12
united_global_friends,1594748,2026-05-24 02:47:51+00:00,100 ka profit karna hai kisiko,,,0,30
united_global_friends,1594745,2026-05-24 02:47:24+00:00,Fine u,,,0,6
united_global_friends,1594742,2026-05-24 02:41:20+00:00,Hello everyone 🤠,,,1,16
united_global_friends,1594740,2026-05-24 02:40:47+00:00,Dm for group,,,0,12
united_global_friends,1594738,2026-05-24 02:39:24+00:00,100 ka profit karna hai without any risk,,,0,40
united_global_friends,1594737,2026-05-24 02:39:07+00:00,I need female friend,,,1,20
united_global_friends,1594734,2026-05-24 02:32:19+00:00,What's up,,,0,9
united_global_friends,1594725,2026-05-24 02:01:54+00:00,Can i dm you? I wna ask a question,,,0,34
united_global_friends,1594724,2026-05-24 01:59:31+00:00,Any girls here,,,3,14
united_global_friends,1594721,2026-05-24 01:56:39+00:00,Anyone swedish here?,,,4,20
united_global_friends,1594718,2026-05-24 01:45:10+00:00,Good day,,,0,8
united_global_friends,1594711,2026-05-24 01:38:56+00:00,She's so young I don't want to see her face like panda,,,0,54
united_global_friends,1594710,2026-05-24 01:11:05+00:00,Gm everyone,,,1,11
united_global_friends,1594709,2026-05-24 00:51:46+00:00,That’s awesome 😊 what made you choose nursing?,,,0,46
united_global_friends,1594708,2026-05-24 00:50:49+00:00,Accepted,,,0,8
united_global_friends,1594707,2026-05-24 00:50:29+00:00,An angel on earth 🌎,,,0,19
united_global_friends,1594706,2026-05-24 00:50:23+00:00,Thx 👍,,,0,5
united_global_friends,1594705,2026-05-24 00:50:04+00:00,You choose a nice profession,,,0,28
united_global_friends,1594704,2026-05-24 00:48:55+00:00,Nursing,,,0,7
united_global_friends,1594703,2026-05-24 00:48:36+00:00,Which course are you pursuing,,,0,29
united_global_friends,1594701,2026-05-24 00:48:05+00:00,I'm 29 more older than you ..,,,0,29
united_global_friends,1594699,2026-05-24 00:47:51+00:00,Ooo really? Glad to know that,,,0,29
united_global_friends,1594697,2026-05-24 00:47:25+00:00,Good for you! My dad also does that!,,,0,36
united_global_friends,1594696,2026-05-24 00:47:17+00:00,So how old are you,,,0,18
united_global_friends,1594695,2026-05-24 00:47:11+00:00,I'm an IT professional,,,0,22
united_global_friends,1594694,2026-05-24 00:47:02+00:00,You???,,,4,6
united_global_friends,1594693,2026-05-24 00:46:59+00:00,I’m still in college :),,,0,23
united_global_friends,1594692,2026-05-24 00:46:49+00:00,What do you do for a living,,,0,27
united_global_friends,1594691,2026-05-24 00:46:42+00:00,I'm an Indian,,,0,13
united_global_friends,1594690,2026-05-24 00:46:32+00:00,"USA, you??",,,0,10
united_global_friends,1594688,2026-05-24 00:45:51+00:00,Where are you from,,,0,18
united_global_friends,1594686,2026-05-24 00:43:19+00:00,Have a great day,,,0,16
united_global_friends,1594685,2026-05-24 00:42:53+00:00,Great 😊✨,,,0,8
united_global_friends,1594684,2026-05-24 00:42:52+00:00,Oh okay 👌,,,0,9
united_global_friends,1594683,2026-05-24 00:42:43+00:00,Canada but I'm living in Ghana,,,0,30
united_global_friends,1594681,2026-05-24 00:42:29+00:00,I am from india,,,1,15
united_global_friends,1594679,2026-05-24 00:42:11+00:00,It's midnight,,,0,13
united_global_friends,1594678,2026-05-24 00:41:44+00:00,Yh bro,,,0,6
united_global_friends,1594677,2026-05-24 00:33:44+00:00,Good morning 💟,,,1,14
united_global_friends,1594676,2026-05-24 00:33:39+00:00,Hey guys......,,,1,14
united_global_friends,1594674,2026-05-24 00:32:30+00:00,I’m glad 😄 talking to you has a nice vibe honestly.,,,0,51
united_global_friends,1594673,2026-05-24 00:32:18+00:00,See? Mission accomplished already 😌,,,0,35
united_global_friends,1594672,2026-05-24 00:31:54+00:00,Ok lol,,,0,6
united_global_friends,1594671,2026-05-24 00:30:55+00:00,then let’s call this our ‘official’ first conversation 😄,,,0,56
united_global_friends,1594670,2026-05-24 00:30:39+00:00,It is good talking to you again!,,,0,32
united_global_friends,1594669,2026-05-24 00:30:30+00:00,Haha yes friend!,,,0,16
united_global_friends,1594667,2026-05-24 00:28:53+00:00,How are we doing today,,,0,22
united_global_friends,1594666,2026-05-24 00:28:32+00:00,Then I guess I’ll have to make this conversation memorable enough so you won’t forget me next time 😌 lol 🤣,,,0,106
united_global_friends,1594665,2026-05-24 00:27:39+00:00,Ohh sorry I have such a bad memory these days lol,,,0,49
united_global_friends,1594664,2026-05-24 00:27:34+00:00,May not be 😂,,,0,12
united_global_friends,1594663,2026-05-24 00:27:24+00:00,But your profile is familiar for me .. that is why I asked,,,0,58
united_global_friends,1594661,2026-05-24 00:26:54+00:00,Mind-blowing 😊,,,0,14
united_global_friends,1594660,2026-05-24 00:26:53+00:00,Maybe?,,,0,6
united_global_friends,1594659,2026-05-24 00:26:33+00:00,I think we had a few lines of conversation over here last day . Am i correct.,,,0,77
united_global_friends,1594658,2026-05-24 00:26:32+00:00,I’m glad to hear that!,,,0,22
united_global_friends,1594657,2026-05-24 00:26:25+00:00,Ni***,,,0,5
united_global_friends,1594655,2026-05-24 00:26:00+00:00,Me too,,,0,6
united_global_friends,1594653,2026-05-24 00:25:16+00:00,Yeah are you?,,,0,13
united_global_friends,1594651,2026-05-24 00:23:52+00:00,Hope you are doing well,,,0,23
united_global_friends,1594647,2026-05-24 00:20:40+00:00,But you are the overall controller 😂,,,0,36
united_global_friends,1594642,2026-05-23 23:15:22+00:00,Hi guys. What's up? 😁,,,0,21
united_global_friends,1594636,2026-05-23 22:36:43+00:00,That is cool. I wish I could be shown,,,0,37
united_global_friends,1594634,2026-05-23 22:15:48+00:00,Any girl for friendly chat,,,0,26
united_global_friends,1594632,2026-05-23 21:53:48+00:00,I am not very familiar with it.,,,0,31
united_global_friends,1594627,2026-05-23 21:38:13+00:00,Knowledge of what?,,,0,18
united_global_friends,1594626,2026-05-23 21:35:57+00:00,bappe,,,0,5
united_global_friends,1594621,2026-05-23 21:33:37+00:00,India,,,0,5
united_global_friends,1594618,2026-05-23 21:33:19+00:00,Meaning,,,0,7
united_global_friends,1594617,2026-05-23 21:33:07+00:00,Lucknow,,,3,7
united_global_friends,1594614,2026-05-23 21:31:49+00:00,Ghana,,,0,5
united_global_friends,1594613,2026-05-23 21:31:41+00:00,So from where are u,,,1,19
united_global_friends,1594610,2026-05-23 21:31:23+00:00,Cool ur side,,,0,12
united_global_friends,1594608,2026-05-23 21:31:09+00:00,Hey bro,,,0,7
united_global_friends,1594606,2026-05-23 21:30:52+00:00,Hello bro,,,1,9
united_global_friends,1594604,2026-05-23 21:30:26+00:00,Am good where r u from,,,0,22
united_global_friends,1594601,2026-05-23 21:29:49+00:00,I'm good,,,1,8
united_global_friends,1594600,2026-05-23 21:28:11+00:00,Yep how are you,,,0,15
united_global_friends,1594599,2026-05-23 21:27:49+00:00,"I'm henry
Good to meet yall",,,1,27
united_global_friends,1594596,2026-05-23 21:26:34+00:00,Hello guys,,,2,10
united_global_friends,1594590,2026-05-23 21:19:21+00:00,That is really good. How is your trading going?,,,0,47
united_global_friends,1594585,2026-05-23 21:17:36+00:00,"Do you allow DM 

Just for friendships",,,0,38
united_global_friends,1594584,2026-05-23 21:17:17+00:00,"That is good, what you been up to today?",,,0,40
united_global_friends,1594581,2026-05-23 21:16:47+00:00,"Hey hun, how are you?",,,0,21
united_global_friends,1594577,2026-05-23 21:13:39+00:00,Do you want to fool him,,,0,23
united_global_friends,1594575,2026-05-23 21:12:34+00:00,So Broo is crazy,,,0,16
united_global_friends,1594573,2026-05-23 21:10:33+00:00,Fraudster,,,0,9
united_global_friends,1594571,2026-05-23 21:07:47+00:00,Go and fvck urself,,,0,18
united_global_friends,1594569,2026-05-23 21:06:45+00:00,What's that,,,0,11
united_global_friends,1594567,2026-05-23 21:06:20+00:00,Or maybe he is a fraudster,,,0,26
united_global_friends,1594562,2026-05-23 21:05:40+00:00,I said like you,,,0,15
united_global_friends,1594561,2026-05-23 21:05:23+00:00,Wtf 😂😂,,,0,6
united_global_friends,1594560,2026-05-23 21:04:47+00:00,Broo ask me to give me my nude photo his so rude,,,0,48
united_global_friends,1594559,2026-05-23 21:04:00+00:00,Naa I don't know,,,0,16
united_global_friends,1594558,2026-05-23 21:03:36+00:00,Yeahhh bro and he's gay do you know,,,0,35
united_global_friends,1594555,2026-05-23 21:02:47+00:00,That's good,,,0,11
united_global_friends,1594554,2026-05-23 21:02:38+00:00,Ohh isee,,,0,8
united_global_friends,1594551,2026-05-23 21:02:16+00:00,You know him,,,0,12
united_global_friends,1594550,2026-05-23 21:02:09+00:00,Hey everybody,,,5,13
united_global_friends,1594549,2026-05-23 21:01:24+00:00,Ohh I see I believe u,,,0,21
united_global_friends,1594548,2026-05-23 21:00:59+00:00,He's so annoyed person I ever know,,,0,34
united_global_friends,1594547,2026-05-23 20:59:52+00:00,Actually we don't want liars here,,,0,33
united_global_friends,1594541,2026-05-23 20:57:18+00:00,Guy this person is lier OMG 🤯😳,,,0,30
united_global_friends,1594540,2026-05-23 20:48:12+00:00,Thank y,,,0,7
united_global_friends,1594539,2026-05-23 20:48:01+00:00,Welcome back,,,0,12
united_global_friends,1594538,2026-05-23 20:46:31+00:00,Hey am back!!!!,,,2,15
united_global_friends,1594536,2026-05-23 20:44:57+00:00,You are looking great,,,0,21
united_global_friends,1594535,2026-05-23 20:44:46+00:00,Wasupp,,,0,6
united_global_friends,1594534,2026-05-23 20:44:44+00:00,Guyss,,,0,5
united_global_friends,1594532,2026-05-23 20:44:29+00:00,Heyyy,,,0,5
united_global_friends,1594531,2026-05-23 20:44:28+00:00,We can just be friends,,,0,22
united_global_friends,1594528,2026-05-23 20:42:48+00:00,I am male too,,,0,13
united_global_friends,1594527,2026-05-23 20:42:38+00:00,How are you doing,,,0,17
united_global_friends,1594519,2026-05-23 20:32:40+00:00,I added you dm,,,0,14
united_global_friends,1594517,2026-05-23 20:31:14+00:00,Cool can we talk inbox,,,0,22
united_global_friends,1594514,2026-05-23 20:30:34+00:00,France,,,0,6
united_global_friends,1594513,2026-05-23 20:30:27+00:00,Hello all,,,0,9
united_global_friends,1594505,2026-05-23 19:54:48+00:00,Yeahhh,,,0,6
united_global_friends,1594504,2026-05-23 19:41:52+00:00,@Shay_fox2218 how you been?,,,0,27
united_global_friends,1594498,2026-05-23 19:17:41+00:00,Maybe it's because you're not talking right to them. You need to select the message and select reply then type.,,,0,111
united_global_friends,1594496,2026-05-23 19:15:56+00:00,Hi. How are you,,,0,15
united_global_friends,1594493,2026-05-23 19:15:01+00:00,"Hey. How are you?

I'm also in NY! Where are you?",,,0,49
united_global_friends,1594492,2026-05-23 19:14:58+00:00,Lovely 🌹,,,0,8
united_global_friends,1594488,2026-05-23 19:10:47+00:00,Mom is 👍 for me,,,0,15
united_global_friends,1594487,2026-05-23 19:10:25+00:00,"Mom
Mam
Miss
Cat",,,0,16
united_global_friends,1594486,2026-05-23 19:09:48+00:00,What's should I call you,,,0,24
united_global_friends,1594485,2026-05-23 19:09:29+00:00,Oh well,,,0,7
united_global_friends,1594484,2026-05-23 19:09:21+00:00,Don't call me that. Mom or don't mind but mommy is wrong,,,0,56
united_global_friends,1594483,2026-05-23 19:09:09+00:00,That's too suspension,,,0,21
united_global_friends,1594482,2026-05-23 19:08:49+00:00,You are mommy 😋,,,0,15
united_global_friends,1594481,2026-05-23 19:08:44+00:00,No one on this app has,,,0,22
united_global_friends,1594478,2026-05-23 19:08:19+00:00,Ohh I haven't seen you,,,0,22
united_global_friends,1594477,2026-05-23 19:08:07+00:00,Your age,,,0,8
united_global_friends,1594476,2026-05-23 19:08:00+00:00,Ginger normal,,,0,13
united_global_friends,1594474,2026-05-23 19:07:35+00:00,I'm average,,,0,11
united_global_friends,1594473,2026-05-23 19:07:27+00:00,No. I have a boyfriend who I am loyal to,,,0,40
united_global_friends,1594472,2026-05-23 19:07:22+00:00,Wow u must look fit,,,0,19
united_global_friends,1594471,2026-05-23 19:07:13+00:00,You single,,,0,10
united_global_friends,1594470,2026-05-23 19:07:13+00:00,What?,,,0,5
united_global_friends,1594469,2026-05-23 19:06:58+00:00,Maybe he wants to cheat you,,,0,27
united_global_friends,1594467,2026-05-23 19:06:09+00:00,Dubai,,,0,5
united_global_friends,1594465,2026-05-23 19:05:44+00:00,Yeah. I love to swim,,,0,20
united_global_friends,1594463,2026-05-23 19:03:57+00:00,Do you swim,,,0,11
united_global_friends,1594462,2026-05-23 19:03:21+00:00,Okay bro,,,0,8
united_global_friends,1594458,2026-05-23 19:00:56+00:00,You are female ?,,,0,16
united_global_friends,1594452,2026-05-23 18:59:47+00:00,😂😂 I could give you heat 🤌,,,0,26
united_global_friends,1594450,2026-05-23 18:59:09+00:00,I'm good. Just cold. I need to put on a sweater 😂😂😂,,,0,51
united_global_friends,1594448,2026-05-23 18:58:52+00:00,What about you,,,0,14
united_global_friends,1594446,2026-05-23 18:58:49+00:00,"I like reading
Watching TV
Swimming
Spending time with my family
Collecting rocks and crystals
Chatting with friends",,,0,116
united_global_friends,1594445,2026-05-23 18:58:35+00:00,Hey. How are you,,,0,16
united_global_friends,1594442,2026-05-23 18:57:19+00:00,Hopefully he is online. 🤔🤔,,,0,26
united_global_friends,1594438,2026-05-23 18:56:15+00:00,I had my kids the same way your parents had you just without marriage. Marriage doesn't make babies.,,,0,100
united_global_friends,1594437,2026-05-23 18:56:04+00:00,Yeah. So what?,,,0,14
united_global_friends,1594435,2026-05-23 18:55:31+00:00,I've never had a husband,,,0,24
united_global_friends,1594434,2026-05-23 18:55:10+00:00,Nope.,,,0,5
united_global_friends,1594432,2026-05-23 18:54:18+00:00,My bf has no control of what I can or can't do,,,0,46
united_global_friends,1594431,2026-05-23 18:54:00+00:00,My bf does not use it either. I have no husband. I've never been married. It isn't necessary for any reason.,,,0,108
united_global_friends,1594429,2026-05-23 18:52:23+00:00,You're welcome,,,0,14
united_global_friends,1594428,2026-05-23 18:52:18+00:00,Not interested in it,,,0,20
united_global_friends,1594426,2026-05-23 18:51:56+00:00,Thanks,,,0,6
united_global_friends,1594424,2026-05-23 18:51:16+00:00,I don't use Instagram,,,0,21
united_global_friends,1594420,2026-05-23 18:49:09+00:00,Oh wow. Late.,,,0,13
united_global_friends,1594418,2026-05-23 18:48:08+00:00,No. It's afternoon here. 2:47pm (14:47),,,0,39
united_global_friends,1594412,2026-05-23 18:45:07+00:00,Yeah. Maybe.,,,0,12
united_global_friends,1594410,2026-05-23 18:43:49+00:00,No. I'm a stay home mom. I take care of the house and my kids. Mostly the house because my kids are grown up,,,0,108
united_global_friends,1594408,2026-05-23 18:41:32+00:00,Yeah. Boring but necessary,,,0,26
united_global_friends,1594405,2026-05-23 18:40:43+00:00,I didn't do much today. Just washed dishes.,,,0,43
united_global_friends,1594402,2026-05-23 18:39:57+00:00,Oh. Best of luck with your studies. 😊👍❤️❤️❤️,,,0,44
united_global_friends,1594400,2026-05-23 18:39:05+00:00,What did you do today? Anything fun,,,0,35
united_global_friends,1594397,2026-05-23 18:37:51+00:00,Welcome to the group.,,,0,21
united_global_friends,1594396,2026-05-23 18:37:46+00:00,"That's good to hear
I'm doing well too. Thanks for asking",,,0,57
united_global_friends,1594395,2026-05-23 18:37:05+00:00,Am new here,,,3,11
united_global_friends,1594394,2026-05-23 18:36:59+00:00,"Am good 
How are about you",,,0,26
united_global_friends,1594392,2026-05-23 18:36:27+00:00,Because I am Lord of all you see before you. I am the beginning and the end. Everything the light touches is mine. No man nor woman is above me. I am the Alpha and the Omega and you will obey me peasant. 😂,,,0,205
united_global_friends,1594391,2026-05-23 18:36:27+00:00,Helloooooooooooooooooo,,,3,22
united_global_friends,1594390,2026-05-23 18:36:24+00:00,I'm not rich. Not many here are. 🤷‍♀🤷‍♀🤷‍♀,,,0,42
united_global_friends,1594388,2026-05-23 18:35:53+00:00,Some rich people retire early. And I thought you are one of them,,,0,64
united_global_friends,1594387,2026-05-23 18:35:17+00:00,No. I'm a stay home mom. I take care of the house and my kids. Mostly the house because my kids are grown up. You can't retire at 45. That's too young,,,0,150
united_global_friends,1594386,2026-05-23 18:34:49+00:00,Ru retired?,,,0,11
united_global_friends,1594384,2026-05-23 18:34:03+00:00,Nah. That's OK. If I travel anywhere I want to go to Ireland,,,0,60
united_global_friends,1594381,2026-05-23 18:33:39+00:00,I do. But I won't tell my weight 😊👍❤️🤷‍♀,,,0,40
united_global_friends,1594380,2026-05-23 18:33:20+00:00,Cuz women don't even tell their true ages,,,0,41
united_global_friends,1594379,2026-05-23 18:32:42+00:00,More than I can afford. I don't even have a passport,,,0,52
united_global_friends,1594376,2026-05-23 18:32:24+00:00,"Yeah 
I've been busy with school",,,0,32
united_global_friends,1594374,2026-05-23 18:32:15+00:00,I did.,,,0,6
united_global_friends,1594373,2026-05-23 18:32:11+00:00,Yeah he said he needed my number to create Whatsapp to text his girlfriend,,,0,74
united_global_friends,1594371,2026-05-23 18:31:54+00:00,Be aware and please remove him @CATWOMAN80,,,0,42
united_global_friends,1594370,2026-05-23 18:31:34+00:00,You too much offline,,,0,20
united_global_friends,1594369,2026-05-23 18:31:24+00:00,Good..  so long time chat with you...,,,0,37
united_global_friends,1594368,2026-05-23 18:31:06+00:00,Thanks.,,,0,7
united_global_friends,1594367,2026-05-23 18:31:04+00:00,I'm doing good....Wt about uh,,,0,29
united_global_friends,1594366,2026-05-23 18:31:00+00:00,He was asking for help here but didn't say with what. Thanks to you I banned him.,,,0,81
united_global_friends,1594365,2026-05-23 18:30:56+00:00,Umm..I'm good and you?,,,0,22
united_global_friends,1594364,2026-05-23 18:30:55+00:00,The fact that you're 45 is interesting,,,0,38
united_global_friends,1594363,2026-05-23 18:30:50+00:00,How are you doing?,,,0,18
united_global_friends,1594362,2026-05-23 18:30:43+00:00,How are sweetie 💗,,,0,17
united_global_friends,1594361,2026-05-23 18:30:41+00:00,Okok bro i trust,,,0,16
united_global_friends,1594360,2026-05-23 18:30:35+00:00,It costs to much to travel anyhow,,,0,33
united_global_friends,1594357,2026-05-23 18:30:30+00:00,We are humans,,,0,13
united_global_friends,1594355,2026-05-23 18:30:11+00:00,Read the fucking sticker,,,0,24
united_global_friends,1594353,2026-05-23 18:29:57+00:00,I'm not.,,,0,8
united_global_friends,1594352,2026-05-23 18:29:41+00:00,He is gone now. Thanks for the information,,,0,42
united_global_friends,1594348,2026-05-23 18:29:20+00:00,Then tell what's ur age,,,0,23
united_global_friends,1594347,2026-05-23 18:29:07+00:00,I'm just figuring out that's are persons here real or bots,,,0,58
united_global_friends,1594346,2026-05-23 18:29:03+00:00,I live in a village called lansing in NY state. It's in the countryside,,,0,71
united_global_friends,1594345,2026-05-23 18:28:46+00:00,No I'm not retard,,,0,17
united_global_friends,1594344,2026-05-23 18:28:32+00:00,Tbh she's bot bro....,,,0,21
united_global_friends,1594343,2026-05-23 18:28:30+00:00,That's a dumb inappropriate question to ask here,,,0,48
united_global_friends,1594342,2026-05-23 18:28:25+00:00,"@Alien8204 Is a scam 
He texts people to collect their number so that he can use their number to create Whatsapp to text his girlfriend 😑
Don't give him your number!!
Y'all should be very careful
And he keeps sending me links 
Please don't tap any link he sends you",,,19,265
united_global_friends,1594339,2026-05-23 18:27:57+00:00,Oo.... Then do uh ever think of 18+ things?,,,0,43
united_global_friends,1594338,2026-05-23 18:27:28+00:00,Neither. I have a boyfriend,,,0,27
united_global_friends,1594337,2026-05-23 18:27:20+00:00,I think he wants someone to approve his what's app. He shared a link but it got removed,,,0,87
united_global_friends,1594336,2026-05-23 18:27:13+00:00,Ur married or single!?,,,0,22
united_global_friends,1594334,2026-05-23 18:26:45+00:00,Tell me ? What,,,0,14
united_global_friends,1594333,2026-05-23 18:26:42+00:00,Uh must be mommy figure ryt?? 🤩,,,0,31
united_global_friends,1594332,2026-05-23 18:26:33+00:00,No. I've never left north America,,,0,33
united_global_friends,1594329,2026-05-23 18:26:14+00:00,Okok... What's ur age?,,,0,22
united_global_friends,1594328,2026-05-23 18:25:51+00:00,Woman,,,0,5
united_global_friends,1594326,2026-05-23 18:25:38+00:00,Then?? Are uh a girl or wt??,,,0,28
united_global_friends,1594325,2026-05-23 18:25:36+00:00,Hi. How are you?,,,0,16
united_global_friends,1594323,2026-05-23 18:25:18+00:00,"Not a bro.

I'm glad you are doing well. I'm also good too. Thanks for asking",,,0,77
united_global_friends,1594319,2026-05-23 18:24:41+00:00,Good....Wt abut uh bro,,,0,22
united_global_friends,1594318,2026-05-23 18:24:30+00:00,Great,,,0,5
united_global_friends,1594314,2026-05-23 18:24:10+00:00,Just call me cat. 😊👍,,,0,20
united_global_friends,1594312,2026-05-23 18:23:09+00:00,Wow nice. Nice to meet you,,,0,26
united_global_friends,1594307,2026-05-23 18:20:50+00:00,I'm just an admin here. The owner is away right now. It's a group of people from all over the world here to be friends. 😊👍,,,0,122
united_global_friends,1594302,2026-05-23 18:19:35+00:00,I'm doing well. Thanks for asking 😊😊,,,0,36
united_global_friends,1594301,2026-05-23 18:19:10+00:00,Good.,,,0,5
united_global_friends,1594296,2026-05-23 18:18:38+00:00,Help with what,,,0,14
united_global_friends,1594287,2026-05-23 18:08:18+00:00,Then who r u to tell me,,,0,23
united_global_friends,1594284,2026-05-23 18:07:56+00:00,Her don't have any problem,,,0,26
united_global_friends,1594283,2026-05-23 18:07:48+00:00,U get lost,,,0,10
united_global_friends,1594282,2026-05-23 18:07:36+00:00,Cool guys,,,0,9
united_global_friends,1594280,2026-05-23 18:05:36+00:00,Why don’t you get lost up yourself loser.,,,0,41
united_global_friends,1594278,2026-05-23 17:58:46+00:00,I was just kidding u,,,0,20
united_global_friends,1594277,2026-05-23 17:57:03+00:00,Welcome,,,0,7
united_global_friends,1594276,2026-05-23 17:56:56+00:00,Oh. No need to be rude,,,0,22
united_global_friends,1594274,2026-05-23 17:55:36+00:00,Thank you,,,0,9
united_global_friends,1594273,2026-05-23 17:55:30+00:00,"I said u bez ur not getting me, and am just kidding u",,,0,53
united_global_friends,1594271,2026-05-23 17:55:12+00:00,Hope you don't mean me because that's rude without reason,,,0,57
united_global_friends,1594270,2026-05-23 17:55:08+00:00,Cause you called Cat an Idiot. You literally responded to her message. 😂,,,0,72
united_global_friends,1594269,2026-05-23 17:54:50+00:00,Me or that guy that called me aunty?,,,0,36
united_global_friends,1594268,2026-05-23 17:54:24+00:00,I called casually,,,0,17
united_global_friends,1594265,2026-05-23 17:54:14+00:00,"Wtf, yy I need to bugg",,,0,22
united_global_friends,1594263,2026-05-23 17:52:30+00:00,Why don’t you go and bugger yourself with a fork there laddie. Leave Cat alone.,,,0,79
united_global_friends,1594262,2026-05-23 17:49:53+00:00,Idiot,,,0,5
united_global_friends,1594261,2026-05-23 17:49:49+00:00,I clean kitchen and do study,,,0,28
united_global_friends,1594260,2026-05-23 17:49:44+00:00,Most welcome,,,0,12
united_global_friends,1594259,2026-05-23 17:49:32+00:00,Yeah. True 👍,,,0,12
united_global_friends,1594258,2026-05-23 17:49:11+00:00,"Am telling that guy, don't call respect all, how aunt's word can be respectful for a girl",,,0,89
united_global_friends,1594257,2026-05-23 17:48:31+00:00,Nice to talk to you too 😊😊,,,0,26
