comment_text,platform,community,dataset_source,dataset_split,gendered_harm_proba,is_gendered_harm,harm_role,has_severe_language,content_severity,toxicity_score,threat_score,annotator_a_perpetrator,annotator_a_role,annotator_b_perpetrator,annotator_b_role,human_label_perpetrator,human_label_role,annotator_notes,classifier_perpetrator_flag,classifier_harmful_flag
He says women are unhappy when they living an independent life but he doesn’t bring up if men are any happier living that life.,YouTube,unknown,youtube_scraped,live_scrape,0.8517,1.0,perpetrator_attack,1.0,severe,0.8517,0.4258,1.0,perpetrator_attack,1.0,perpetrator_attack,,,,1.0,1.0
"​@FCE-dogsI'd just be furious that she's essentially wasting her childrens' inheritance. If she were spending it on anything other than drugs, gambling, or scams, fine, but when it's just being tossed down a black hole like this, I think it's acceptable for her family to be resentful 🤷🏼‍♀️",YouTube,Catfished,yt-dlp,live_scrape,0.4032,1.0,perpetrator_attack,0.0,gendered_moderate,0.4032,0.2016,1.0,perpetrator_attack,1.0,perpetrator_attack,,,,1.0,1.0
"The community college dropout and west point reject got destroyed by an educated woman, how shocking 😂",YouTube,unknown,youtube_scraped,live_scrape,0.5337,1.0,perpetrator_attack,0.0,gendered_moderate,0.5337,0.2668,1.0,perpetrator_attack,1.0,perpetrator_attack,,,,1.0,1.0
Her Mom probably thinking she should’ve just swallowed her if she knew her child would turned out like this.,YouTube,unknown,youtube_scraped,live_scrape,0.4352,1.0,neutral_discourse,0.0,gendered_moderate,0.4352,0.1546,1.0,neutral_discourse,1.0,neutral_discourse,,,,0.0,1.0
Because we can choose what to align with?,YouTube,Dr. Daf Show,yt-dlp,live_scrape,0.4343,1.0,neutral_discourse,0.0,gendered_moderate,0.4343,0.3292,1.0,neutral_discourse,1.0,neutral_discourse,,,,0.0,1.0
"@organikproductionz9347   I think everyone is happier without societal expectations and when they get to truly just do what they want. :)
However, the science that I have read does not exactly bear out your point: women are found to be significantly happy then men in a comparatively single and unmarried status of relationship, and men are happier than women when married

(Hoan and MacDonald, 2024,
Fazari et al., 2024,
Evans et al., 2023
Ho et al., 2024)

Please feel free to add your own studies :)",YouTube,unknown,youtube_scraped,live_scrape,0.7896,1.0,perpetrator_attack,1.0,severe,0.7896,0.3948,1.0,perpetrator_attack,1.0,perpetrator_attack,,,,1.0,1.0
"@ZackRamsey14 yes and thus far we've done just fine without every single woman on the planet reproducing. In the age Charlie would have wanted us sent back to, women had a minimum of five children because it was almost a guarantee that at least three would not survive. We've advanced just a little beyond that in case it's escaped your notice and being fixated on reproduction is 1. Unnecessary and 2. Fucking weird. I'm not the one whose ""hero"" got shot in the fucking neck so who is really the one coping over here. 🥴🥴🥴🥴",YouTube,unknown,youtube_scraped,live_scrape,0.5331,1.0,perpetrator_attack,1.0,severe,0.5331,0.2665,1.0,perpetrator_attack,1.0,perpetrator_attack,,,,1.0,1.0
As a boy hafe of the time it is true,YouTube,HuffPost,yt-dlp,live_scrape,0.6336,1.0,perpetrator_attack,0.0,gendered_moderate,0.6336,0.3168,1.0,perpetrator_attack,1.0,perpetrator_attack,,,,1.0,1.0
"Women have been driving since cars were invented dude...
Women also worked all the time even before the turn of the 20th century.
I fail to see what happened in the 90s that implies a woman having easier access to the presidency.

Feminism has always been about women wanting to be men.",YouTube,Sky News,yt-dlp,live_scrape,0.6772,1.0,perpetrator_attack,0.0,gendered_moderate,0.6772,0.3386,1.0,perpetrator_attack,1.0,perpetrator_attack,,,,1.0,1.0
"The women in the west seem more miserable is not because they're women getting more freedom.. but as human getting more freedom. Now women has more options, allowed to have personal dream and ambitions in life, hence it makes women now have higher expectation for life, and the gap to the reality that makes them miserable.. BUT... it's not because they're women.. it's just how human beings regardless they're men or women. 

Oppressed women, they might don't know the opportunity that they can actually have, or they already made peace with their fate.. 

Therefore, is oppressing women then become the solution? of course not....",YouTube,unknown,youtube_scraped,live_scrape,0.8934,1.0,perpetrator_attack,0.0,gendered_moderate,0.8934,0.4467,1.0,perpetrator_attack,1.0,perpetrator_attack,,,,1.0,1.0
"If she holds down the house and home, then I have no problem with her having purse money",YouTube,The Guardian,yt-dlp,live_scrape,0.4802,1.0,neutral_discourse,0.0,gendered_moderate,0.4802,0.3725,1.0,neutral_discourse,1.0,neutral_discourse,,,,0.0,1.0
"@therealslimshady3662  No.  No fault divorce should be illegal if you have kids.  That would mean that one parent is going to lose custody when they are found to be at fault.  If no fault is found, then no divorce is granted.  Now, this would have to be accompanied by extremely harsh sentences for lying in court in order to place blame on your partner.",YouTube,BBC Trending,yt-dlp,live_scrape,0.6906,1.0,perpetrator_attack,0.0,gendered_moderate,0.6906,0.3453,1.0,perpetrator_attack,1.0,perpetrator_attack,,,,1.0,1.0
"It's nitpicking, he is focusing on something HE thinks is an issue, because it's an issue to HIM rather than objectively focusing on reasons and facts behind said unhappiness.

Even things like women not getting married and not having children has multiple reasons, a lot of which women have spoken out about - yet, men like these do not want to listen because they are ultimately focused on themselves and the rejection they feel.",YouTube,Turning Point USA,yt-dlp,live_scrape,0.5568,1.0,perpetrator_attack,0.0,gendered_moderate,0.5568,0.4116,1.0,perpetrator_attack,1.0,perpetrator_attack,,,,1.0,1.0
"she is SOMEBODY, and EVERYBODY should be treated with respect",YouTube,Cosmopolitan,yt-dlp,live_scrape,0.6191,1.0,perpetrator_attack,0.0,gendered_moderate,0.6191,0.3096,1.0,perpetrator_attack,1.0,perpetrator_attack,,,,1.0,1.0
RidiculousBee and which of those countries are first world nations that feminist movements exist in?,YouTube,BBC Trending,yt-dlp,live_scrape,0.5785,1.0,perpetrator_attack,0.0,gendered_moderate,0.5785,0.2892,1.0,perpetrator_attack,1.0,perpetrator_attack,,,,1.0,1.0
"Charlie's really put in so much work clearly...so well-spoken, nd really listens
She just canNOT wait to speak. There is no getting through to folks like her, they just want to argue, CLEARLY",YouTube,unknown,youtube_scraped,live_scrape,0.4259,1.0,neutral_discourse,0.0,gendered_moderate,0.4259,0.1807,1.0,neutral_discourse,1.0,neutral_discourse,,,,0.0,1.0
@L8onL8on i mean glad but even some men aka simps bullied me for being antifeminisit online they even said im not a woman im a male some feminist said it too some said im pick me...,YouTube,BBC Trending,yt-dlp,live_scrape,0.5576,1.0,perpetrator_attack,0.0,gendered_moderate,0.5576,0.2788,1.0,perpetrator_attack,1.0,perpetrator_attack,,,,1.0,1.0
"Savos Aren ""Nonsense, those people are just assholes, not dangerous. Paranoia isn't healthy. No, I am not a woman, but this video is stupid. What do you want them to do, arrest people for being assholes? Assuming every man that catcalls will assault you because you didn't acknowledge them is irrational paranoia."" The problem is that it isn't irrational. all too often women are PHYSICALLY confronted by a catcaller if they do not respond in a way the catcaller likes.  A girl (between 14 and 16) was beat to death by a man who drove by and was catcalling because she didn't respond to him.  The only reason this guy got jail time is because he killed her.  How many dead, bruised, scarred women does it take to change this problem and make people understand it is a problem.
I, as a woman, am afraid to live on my own and go to college for fear of rape, sexual assault, sexual harassment.  I'm afraid that some guy can follow me home and do whatever and still have people saying, ""well she deserved it because her clothes were too tight"" it's not right and it certainly isn't acceptable.",YouTube,Pop Trigger,yt-dlp,live_scrape,0.7032,1.0,perpetrator_attack,1.0,severe,0.7032,0.3516,1.0,perpetrator_attack,1.0,perpetrator_attack,,,,1.0,1.0
 @Jaigarful  Not really it still stands business pay for your experience and output that explains the pay gap of men vs women,YouTube,Economics Explained,yt-dlp,live_scrape,0.6124,1.0,perpetrator_attack,0.0,gendered_moderate,0.6124,0.3062,1.0,perpetrator_attack,1.0,perpetrator_attack,,,,1.0,1.0
This is actually true now. Women make more money initially until they take off work to raise kids (on average). The disparity is caused by the difference in hours worked.,YouTube,unknown,youtube_scraped,live_scrape,0.7403,1.0,perpetrator_attack,0.0,gendered_moderate,0.7403,0.3702,1.0,perpetrator_attack,1.0,perpetrator_attack,,,,1.0,1.0
"It’s feminism that pressures women to excel professionally, and now they are stressed out cuz they inherently want to be homemakers.",YouTube,unknown,youtube_scraped,live_scrape,0.8256,1.0,perpetrator_attack,0.0,gendered_moderate,0.8256,0.4128,1.0,perpetrator_attack,1.0,perpetrator_attack,,,,1.0,1.0
 @thefalsehero because she did the proper research and numbers to back up this theory (especially unprecedented scope)? Something could sound right and logical but have no proof hence can’t be taken as absolute fact. You could probably go and read her papers yourself,YouTube,Economics Explained,yt-dlp,live_scrape,0.4798,1.0,neutral_discourse,0.0,gendered_moderate,0.4798,0.1423,1.0,neutral_discourse,1.0,neutral_discourse,,,,0.0,1.0
"That's the problem, what most of them want to do is to become a concubine to a rich man nowadays.",YouTube,unknown,youtube_scraped,live_scrape,0.4435,1.0,neutral_discourse,0.0,gendered_moderate,0.4435,0.0826,1.0,neutral_discourse,1.0,neutral_discourse,,,,0.0,1.0
I don't blame men for stepping away from the dating scene. Why bother anymore? Women like her are the reason why women's movements don't work.,YouTube,Nate The Lawyer,yt-dlp,live_scrape,0.8091,1.0,perpetrator_attack,0.0,gendered_moderate,0.8091,0.4045,1.0,perpetrator_attack,1.0,perpetrator_attack,,,,1.0,1.0
"Never. You're smarter than they are & you see right through their misandristic propaganda cos you know that there's information out there that contradicts their 'findings', and you don't have a desperate need to blame men for any problems you may have, cos you also acknowledge that there are men do help women out & that they're not all predatory & violent. You keep doing you & stay strong. And besides, feminists don't support all women, which also contradicts their sisterhood/female unity arguments.",YouTube,BBC Trending,yt-dlp,live_scrape,0.7553,1.0,perpetrator_attack,1.0,severe,0.7553,0.3776,1.0,perpetrator_attack,1.0,perpetrator_attack,,,,1.0,1.0
​ @ahajksksnbslslsms making babies is an animalistic urge and will always be.,YouTube,unknown,youtube_scraped,live_scrape,0.5274,1.0,perpetrator_attack,0.0,gendered_moderate,0.5274,0.2637,1.0,perpetrator_attack,1.0,perpetrator_attack,,,,1.0,1.0
It's their money they can give it to anyone they want. She does not owe her kids a damn thing,YouTube,Catfished,yt-dlp,live_scrape,0.5298,1.0,perpetrator_attack,0.0,gendered_moderate,0.5298,0.2649,1.0,perpetrator_attack,1.0,perpetrator_attack,,,,1.0,1.0
" @CreatingBooksnPulsars   it's hormones. It's biology. Women are generally more emotional and men are generally more logical.
Its a well established scientific fact that different levels of hormones affect behaviour and attitude.
If you want us to all be the same why not go and get a job as a bin collector. Or a drain unblocker.",YouTube,HuffPost,yt-dlp,live_scrape,0.7722,1.0,perpetrator_attack,1.0,severe,0.7722,0.3861,1.0,perpetrator_attack,1.0,perpetrator_attack,,,,1.0,1.0
THEY NEEEDDDD HUUUGSS AND MOOMMMYSSS OMGGG,YouTube,SBS The Feed,yt-dlp,live_scrape,0.7426,1.0,perpetrator_attack,0.0,gendered_moderate,0.7426,0.3713,1.0,perpetrator_attack,1.0,perpetrator_attack,,,,1.0,1.0
13:17 Very true I do tell lies with my other lips. Then I have an honest and open convo with the lips on my face to be forgiven.,YouTube,Jarvis Johnson! GOLD,yt-dlp,live_scrape,0.4212,1.0,neutral_discourse,0.0,gendered_moderate,0.4212,0.0946,1.0,neutral_discourse,1.0,neutral_discourse,,,,0.0,1.0
"the woman who tried to make the pink hair lady look racist annoys me so bad, the way she looks at the other women with disgust and hatred shows how much she’s been brainwashed.",YouTube,Dr. Daf Show,yt-dlp,live_scrape,504.0,1.0,neutral_discourse,0.0,gendered_moderate,504.0,115.0,1.0,neutral_discourse,1.0,neutral_discourse,,,,0.0,1.0
"If they can't respect each other, They don't deserve to be here, politics is about equality and everyone with same value.",YouTube,Brut India,yt-dlp,live_scrape,0.5667,1.0,perpetrator_attack,0.0,gendered_moderate,0.5667,0.2833,1.0,perpetrator_attack,1.0,perpetrator_attack,,,,1.0,1.0
"When Bree blew up, I was like you slay it. She's right that you can wear the most ridiculously covered up clothes and they will catcall you simply because they can or want to be assholes. I was wearing legging style trousers, big boots, a band tee with an oversized Campus hoodie, no make up, my spots were visible, I actually had a healing cold sore because my lips were really damaged, my hair was a tad greasy and pulled in to a messy pony tail. Whilst looking like this, a guy still effin whistled at me and muttered a damn. He was a objectifying me because he wanted to. I will accept compliments but being treated like a dog such as whistling at me IS NOT A COMPLIMENT. If I'm at the bus stop, on a rare day I don't have my huge headphones and a guy was to start a conversation then slip in that he thought I looked nice, then that's a compliment because he made an effort to talk to you and not just objectify you. I think safely complimenting a stranger is a really difficult thing to master so I think everyone including women that do objectify men as well should just stop because you may feel like you're boosting their day but really, you're not. You're reducing that person to their looks and sometimes people really don't like that.",YouTube,Pop Trigger,yt-dlp,live_scrape,0.4087,1.0,perpetrator_attack,1.0,severe,0.4087,0.2043,1.0,perpetrator_attack,1.0,perpetrator_attack,,,,1.0,1.0
This is so sad 😭 and they are the world's leading figures .,YouTube,Brut India,yt-dlp,live_scrape,0.4649,1.0,neutral_discourse,0.0,gendered_moderate,0.4649,114.0,1.0,neutral_discourse,1.0,neutral_discourse,,,,0.0,1.0
"Bree is so real here. We need to think about this on a human level. If half the population is bothered by something, why do we continue to brush it off, saying ""get over it"", ""learn to take a compliment"" or ""stop being overly sensitive""? Nothing irks me more than people who feel they have the right to pass judgment on another person's experiences when they have never dealt with those same experiences.",YouTube,Pop Trigger,yt-dlp,live_scrape,0.4891,1.0,neutral_discourse,0.0,gendered_moderate,0.4891,0.2126,1.0,neutral_discourse,1.0,neutral_discourse,,,,0.0,1.0
"Instead of supporting equal rights for everyone, it suggests that one group (Black men) shouldn’t receive rights until another group (often white women, in historical context) does. That turns justice into a “who deserves it more” argument.",YouTube,Dr. Daf Show,yt-dlp,live_scrape,0.5577,1.0,perpetrator_attack,0.0,gendered_moderate,0.5577,0.2789,1.0,perpetrator_attack,1.0,perpetrator_attack,,,,1.0,1.0
My feelings exactly. She's a unicorn: an extraordinarily rare treasure and a formidable beast.,YouTube,Don't Tell Comedy,yt-dlp,live_scrape,0.2841,1.0,perpetrator_attack,0.0,gendered_moderate,0.2841,0.1635,1.0,perpetrator_attack,1.0,perpetrator_attack,,,,1.0,1.0
"CK thought  he could speak for women! LOL 😂 He thought he could be an advocate for female happiness LOL 😂   He thought he knew the formula for female happiness LOL 😂  Clearly he is motivated by his own unhappiness because he needs more women to cow-tow like his wife so she doesn't get any ideas about thinking outside the EFFED up Patriarchy Agenda. -  Women are actually far more happier than the 50's where it was legal for their husbands to beat them and they could not even have their own bank account.  Trying to equate Women's Happiness with being locked into an oppressive baby factory marriage is 100% Absurd.  ALL of Charlie's logic was based on INDUCTIVE reasoning which builds theories from data, whereas deductive reasoning tests existing theories against specific data.  He loved promoting his own ideologies with selective observations that become broad generalizations in order to force his conclusions onto the public at large. He's a mind manipulator and gaslighter. He worshiped his own intellect.  It did not save him.",YouTube,unknown,youtube_scraped,live_scrape,0.6383,1.0,perpetrator_attack,1.0,severe,0.6383,0.3192,1.0,perpetrator_attack,1.0,perpetrator_attack,,,,1.0,1.0
"She defines a woman as 
A biological state of being, that is also social experience.....""also"" in her definition means both. So does that mean, having only one is disqualification? In her example, of the tribe, the equivalent would be, what qualifies one for the opportunity to even get  tattooed?....being female.....Her speech is too problematic to evaluate. I have not the desire to write it all out, and you have no desire to read it if one decided too.",YouTube,unknown,youtube_scraped,live_scrape,0.6212,1.0,perpetrator_attack,0.0,gendered_moderate,0.6212,0.3106,1.0,perpetrator_attack,1.0,perpetrator_attack,,,,1.0,1.0
I wouldn't miss it one bit. I would finally get to live a life free of creepy hassling and weirdos who want to control me cause they are insane predatory people.,YouTube,Cosmopolitan,yt-dlp,live_scrape,0.4447,1.0,neutral_discourse,0.0,gendered_moderate,0.4447,0.1141,1.0,neutral_discourse,1.0,neutral_discourse,,,,0.0,1.0
"What he seems to be forgetting (although I love the special as a whole) is that women have been oppressed since the beginning of time. We know. A reminder is helpful, but he's lacking here in not seeing that women had to say.. fight for the right to vote just like black people.",YouTube,Samantha Bee,yt-dlp,live_scrape,0.7257,1.0,perpetrator_attack,0.0,gendered_moderate,0.7257,0.3629,1.0,perpetrator_attack,1.0,perpetrator_attack,,,,1.0,1.0
"@rtphotos4691  What are you in about?
If you can't counter my point (because you know I'm right) then don't embarrass yourself by lying about things I haven't said.
Misandry is everywhere, in advertising, films, TV, games, comics, books, music, laws, governments, education and so on.
It is the main form of sexism as it is the acceptable form of sexism.
If women were treated like men then you'd really have something to complain about.
You want proof that misandry exist?
Look at your own attitude towards men.
No woman that isn't sexist would ever make the comment you just did.",YouTube,TEDx Talks,yt-dlp,live_scrape,0.5751,1.0,perpetrator_attack,0.0,gendered_moderate,0.5751,0.2875,1.0,perpetrator_attack,1.0,perpetrator_attack,,,,1.0,1.0
She should get at LEAST 5 years for this crime! Make an example of her‼️,YouTube,Nate The Lawyer,yt-dlp,live_scrape,0.4977,1.0,neutral_discourse,0.0,gendered_moderate,0.4977,0.2427,1.0,neutral_discourse,1.0,neutral_discourse,,,,0.0,1.0
" @JesusBwithYou just for the pregnancy part you’re taking about. It’s also not fair for a small company to compensate for a woman’s desire to have children. The father of the child is supposed to carry more of the financial burden. 

But at the same time, it’s hard to argue that the current situation doesn’t motivate women to have more children. So if the government want more children, then they should sponsor women who have children. I feel like that would make more sense than to have the companies carry the burden.",YouTube,Economics Explained,yt-dlp,live_scrape,0.7013,1.0,perpetrator_attack,0.0,gendered_moderate,0.7013,0.3507,1.0,perpetrator_attack,1.0,perpetrator_attack,,,,1.0,1.0
They are just triggered that the conservatives like her.,YouTube,Sky News,yt-dlp,live_scrape,0.6134,1.0,perpetrator_attack,0.0,gendered_moderate,0.6134,0.3067,1.0,perpetrator_attack,1.0,perpetrator_attack,,,,1.0,1.0
"GirlofGlamour89 I just don't understand what is being accomplished. You can't legislate a guy staring at your ass in public. I think normal guys know that it makes a girl uncomfortable if she catches you staring at her ass and you are a stranger, so normal guys just try to be slick and get a quick glance or try to look as long as you can without getting noticed. It might be creepy but all guys do it. And same for girls, I catch girls looking at my package when I wear like sweat pants or something that my package doesn't blend in as well in. It is a little uncomfortable, but I get over it because what am I going to do. And who is she really hurting.",YouTube,Pop Trigger,yt-dlp,live_scrape,0.4889,1.0,neutral_discourse,0.0,gendered_moderate,0.4889,0.2224,1.0,neutral_discourse,1.0,neutral_discourse,,,,0.0,1.0
To think someone will probably end up sharing an abode with this woman sympathy’s,YouTube,unknown,youtube_scraped,live_scrape,0.4902,1.0,neutral_discourse,0.0,gendered_moderate,0.4902,0.1828,1.0,neutral_discourse,1.0,neutral_discourse,,,,0.0,1.0
"TragedyStrikes​ Well, yeah. Women making less money than men is still an issue regardless of how much of the gap is sexism.

Women tend to into fields that pay less, sure, but why SHOULD those fields necessarily pay less? Teaching is largely female dominated, for example, and teachers usually make very low amounts of money compared to male-dominated fields. This seems counterintuitive when you consider how education is vital to a functioning society yet we don't have the decency to give the people providing education a wage that reflects this.

People who have less money are less able to support themselves, less able to maintain their personal well-being, and more likely to place themselves at the mercy of others (loan sharks, insurance corporations, and sometimes even abusive partners) in order to maintain their financial security.﻿",YouTube,Steve Shives,yt-dlp,live_scrape,0.7061,1.0,perpetrator_attack,0.0,gendered_moderate,0.7061,353.0,1.0,perpetrator_attack,1.0,perpetrator_attack,,,,1.0,1.0
The right to be harassed for rape accusations.,YouTube,BBC Trending,yt-dlp,live_scrape,0.5358,1.0,perpetrator_attack,1.0,severe,0.5358,0.2679,1.0,perpetrator_attack,1.0,perpetrator_attack,,,,1.0,1.0
"Nessie8 I’m sorry, but just because people dislike the video doesn’t mean they don’t respect women. It’s just how the “Me too” movement is demonizing all men.",YouTube,Samantha Bee,yt-dlp,live_scrape,0.5058,1.0,neutral_discourse,0.0,gendered_moderate,0.5058,0.1674,1.0,neutral_discourse,1.0,neutral_discourse,,,,0.0,1.0
"Whether she reads it from her phone or not doesnt change the fact that she's right. The fact that that's all you care about proves that you dont actually care about facts, you just care about winning. And that is exactly everything thats wrong with American politics, y'all are divided and emotional as shit, and you dont do any deep research on the subjects you talk about, at most, you read the headline of a study and thats it. In all the debates that I have seen, that specifically happened in US, none of the participants have actually done any proper research and clearly dont care about actual facts,  only about ""destroying"" and humiliating each other. When charlie kirk left the US to debate students in other countries, he thought that same tactic that he used in the US would work in here too, but it really doesnt, and it shows.

Also, have you thought that maybe the reason why charlie kirk doesnt write down the things he debates about is because he doesnt actually do any proper research on these subjects, and therefore he has nothing to write down? Usually when your head starts getting filled up with information, you have to write things down so you can keep track of them.",YouTube,unknown,youtube_scraped,live_scrape,0.3012,1.0,perpetrator_attack,1.0,severe,0.3012,152.0,1.0,perpetrator_attack,1.0,perpetrator_attack,,,,1.0,1.0
"TheNIGHTMAR4 Boom​ Just stop. We all know that you need a bit of assistance when it comes to logic. Women are oppressed in the Middle East, and they need help. Women are not oppressed in America, so zip it. I have the right to go against your hate group.",YouTube,Simple Misfits,yt-dlp,live_scrape,708.0,1.0,perpetrator_attack,1.0,severe,708.0,354.0,1.0,perpetrator_attack,1.0,perpetrator_attack,,,,1.0,1.0
+Robert .Breedlove Yes that is right. Women are less likely to negotiate salary.,YouTube,Steve Shives,yt-dlp,live_scrape,0.6481,1.0,perpetrator_attack,1.0,severe,0.6481,324.0,1.0,perpetrator_attack,1.0,perpetrator_attack,,,,1.0,1.0
I wonder if Charlie had any stats on divorce or how often men don’t pay child support cheat on their partners and abandon their families?,YouTube,unknown,youtube_scraped,live_scrape,0.6008,1.0,perpetrator_attack,0.0,gendered_moderate,0.6008,0.3004,1.0,perpetrator_attack,1.0,perpetrator_attack,,,,1.0,1.0
"@redscorpion9325   kirk quite literally gave multiple points and ""data"" that is completely and utterly false. Including women in sub-saharan africa being ""happier"" when they are scored as one of the lowest happiness rates for BOTH genders, saying that suicide rates are higher when in the uk they have actually halved and they are doing better in that category then ever. Many other of his main talking points are simply just fucking wrong and he was a rhetoric spewer at its finest with low intelligence and debate skills. His strongest skill was spewing constant fallacies.",YouTube,unknown,youtube_scraped,live_scrape,0.4773,1.0,neutral_discourse,1.0,severe,0.4773,0.1015,1.0,neutral_discourse,1.0,neutral_discourse,,,,0.0,1.0
"Women are forever beautiful! We're the gender that gives birth. We give life to humanity, nurture, breastfeed, and take care of the household and family. That alone makes women forever beautiful. Anybody who says otherwise is delusional and probably mistreats their aging mother.",YouTube,HuffPost,yt-dlp,live_scrape,0.7825,1.0,perpetrator_attack,1.0,severe,0.7825,0.3913,1.0,perpetrator_attack,1.0,perpetrator_attack,,,,1.0,1.0
"​, your funny 😅!! No such thing as the right guy",YouTube,Breaking Down Patriarchy,yt-dlp,live_scrape,0.5512,1.0,perpetrator_attack,0.0,gendered_moderate,0.5512,0.3828,1.0,perpetrator_attack,1.0,perpetrator_attack,,,,1.0,1.0
@RuthMarkos-lc1di  Are you equal to Marie Curie who developed the theory of Radioactivity and discovered polonium and radium elements? what about Catherine The Great who usurped the Russian throne from her husband? No one is equal and they shouldn't be because that's what the communist states like USSR tried and we know its results.,YouTube,unknown,youtube_scraped,live_scrape,0.5159,1.0,neutral_discourse,0.0,gendered_moderate,0.5159,0.0665,1.0,neutral_discourse,1.0,neutral_discourse,,,,0.0,1.0
"It's one thing to feel demoralized and exhausted, and it's something entirely different to cheer on violence against women out of a desire for comeuppance.",YouTube,SBS The Feed,yt-dlp,live_scrape,0.4285,1.0,neutral_discourse,0.0,gendered_moderate,0.4285,0.1468,1.0,neutral_discourse,1.0,neutral_discourse,,,,0.0,1.0
"@nostromo7928   Most women who have suffered... have suffered because of men.  The boys, you are concerned about who were wrongly taught to stuff their feelings, were also caused to suffer by men.  You feel sorry for abusive men.  Go away!    Abusive men don't hurt themselves;  they hurt women.  You are
@GenderConfused.",YouTube,unknown,youtube_scraped,live_scrape,0.7915,1.0,perpetrator_attack,0.0,gendered_moderate,0.7915,0.3958,1.0,perpetrator_attack,1.0,perpetrator_attack,,,,1.0,1.0
His comment absolutely makes me boil.,YouTube,Brut India,yt-dlp,live_scrape,0.1484,0.0,neutral_discourse,0.0,standard,0.1484,0.0748,0.0,neutral_discourse,0.0,neutral_discourse,,,,0.0,0.0
​ @narfariouspredatorchasers oh no studying subjects and not dropping out in community college 😂😂😂,YouTube,unknown,youtube_scraped,live_scrape,211.0,0.0,neutral_discourse,0.0,standard,211.0,0.2023,0.0,neutral_discourse,0.0,neutral_discourse,,,,0.0,0.0
"DReddSC Exactly!  There was also a woman in NY who had her throat slashed for refusing to talk to a strange guy, and there was a woman in London who got punched so hard in the face after standing up to a guy who groped her that she had to go to the hospital.",YouTube,Pop Trigger,yt-dlp,live_scrape,0.4185,0.0,neutral_discourse,0.0,standard,0.4185,0.1003,0.0,neutral_discourse,0.0,neutral_discourse,,,,0.0,0.0
Except she DESTROYED him...,YouTube,unknown,youtube_scraped,live_scrape,0.3116,0.0,neutral_discourse,0.0,standard,0.3116,0.1324,0.0,neutral_discourse,0.0,neutral_discourse,,,,0.0,0.0
Speaking fast doesn’t mean you won the debate.,YouTube,unknown,youtube_scraped,live_scrape,98.0,0.0,neutral_discourse,0.0,standard,98.0,0.0611,0.0,neutral_discourse,0.0,neutral_discourse,,,,0.0,0.0
"​ @ReiKD ""get our flame susan skin and our new pheal decoration for free""",YouTube,Jarvis Johnson! GOLD,yt-dlp,live_scrape,0.2557,0.0,neutral_discourse,0.0,standard,0.2557,0.1753,0.0,neutral_discourse,0.0,neutral_discourse,,,,0.0,0.0
Andrea M  Why am I stupid? ,YouTube,Pop Trigger,yt-dlp,live_scrape,0.2836,0.0,neutral_discourse,0.0,standard,0.2836,0.0932,0.0,neutral_discourse,0.0,neutral_discourse,,,,0.0,0.0
"@BPS298  Let's assume he left out a lot of stuff. In that case, why did he leave out all the ""groundbreaking"" stuff? Like, what exactly made this paper worthy of a nobel prize? Even after watching the entire video, I can't answer that simple question.",YouTube,Economics Explained,yt-dlp,live_scrape,0.0996,0.0,neutral_discourse,0.0,standard,0.1372,0.1614,0.0,neutral_discourse,0.0,neutral_discourse,,,,0.0,0.0
Its not notes app. Im sorry to say but she couldnt have known every question charlie was going to ask and have answers in her note app. clearly she was checking up on ai or google the questions that Charlie was asking. And even still Charlie won this debate you can clearly see at the end she was Defeated.,YouTube,Turning Point USA,yt-dlp,live_scrape,0.1846,0.0,neutral_discourse,0.0,standard,0.1846,0.0159,0.0,neutral_discourse,0.0,neutral_discourse,,,,0.0,0.0
"This was really good. It was tough – love therapy, disguised his comedy.",YouTube,Don't Tell Comedy,yt-dlp,live_scrape,0.0694,0.0,neutral_discourse,0.0,standard,0.0694,0.0254,0.0,neutral_discourse,0.0,neutral_discourse,,,,0.0,0.0
@Gobyalien  are tye children yours also...so realistically part of their daycare food shelter care etc...would your responsibility also?,YouTube,Breaking Down Patriarchy,yt-dlp,live_scrape,0.3468,0.0,neutral_discourse,0.0,standard,0.3468,0.1192,0.0,neutral_discourse,0.0,neutral_discourse,,,,0.0,0.0
"Yeah as a woman I've never even thought about sexism or ""how dare they"" when a man holds a door open for me. I don't think this issue really exists 😭 I've never heard abt it once. Really, it's more abt the IDEA.",YouTube,Counterpoint,yt-dlp,live_scrape,0.2857,0.0,neutral_discourse,0.0,standard,0.2857,0.0871,0.0,neutral_discourse,0.0,neutral_discourse,,,,0.0,0.0
black style and nightmares that was old feminism back when it was needed for the very big differences in life based solely on gender.,YouTube,BBC Trending,yt-dlp,live_scrape,373.0,0.0,neutral_discourse,0.0,standard,373.0,0.1048,0.0,neutral_discourse,0.0,neutral_discourse,,,,0.0,0.0
"God, what a misogynist meathead.",YouTube,unknown,youtube_scraped,live_scrape,178.0,0.0,neutral_discourse,0.0,standard,178.0,0.0678,0.0,neutral_discourse,0.0,neutral_discourse,,,,0.0,0.0
"gamesandstuffs Basically as someone else said, there's a time and a place to do it. There's also a right and a wrong way. And even if all of those stars have aligned and the circumstances are perfect, if a woman rejects you, she has the right to and you don't have the right to be mad at her afterward. 

Btw, when I say 'you' in my examples I dont necessarily mean you.",YouTube,Pop Trigger,yt-dlp,live_scrape,0.4054,0.0,neutral_discourse,0.0,standard,0.4054,203.0,0.0,neutral_discourse,0.0,neutral_discourse,,,,0.0,0.0
"Too bad, fedoras are almost as cool as bowtie's",YouTube,Simple Misfits,yt-dlp,live_scrape,0.2996,0.0,neutral_discourse,0.0,standard,0.2996,0.2424,0.0,neutral_discourse,0.0,neutral_discourse,,,,0.0,0.0
"Have you ever been in a debate? You’re allowed to use notes, that’s what she was doing",YouTube,unknown,youtube_scraped,live_scrape,0.3008,0.0,neutral_discourse,0.0,standard,0.3008,0.1698,0.0,neutral_discourse,0.0,neutral_discourse,,,,0.0,0.0
+shithoagie that is great,YouTube,Simple Misfits,yt-dlp,live_scrape,0.2653,0.0,neutral_discourse,0.0,standard,0.2653,0.1092,0.0,neutral_discourse,0.0,neutral_discourse,,,,0.0,0.0
"She deflected, too. Multiple times. Good back and forth but to be fair he did push the same narrative without entertaining other issues which contribute. At the same time she refused to commit to answer much of anything substantial and although came very prepared she didn't really go on the assault. Because her strategy was basically defensive counter argue",YouTube,Turning Point USA,yt-dlp,live_scrape,0.0965,0.0,victim_disclosure,0.0,standard,0.0965,0.0325,0.0,victim_disclosure,0.0,victim_disclosure,,,,0.0,0.0
" @AnnaClaraCloudlet 

Well - you message me to criticise what exactly? Just to have a little bych?

Do you just hate on conservatives, is that what it is poppet?

Or is this how you feel ‘empowered’ - by vomiting poorly crafted ad hominem at random strangers on the internet?

You do understand the implications of ad hom, right? It’s the debate equivalent of throwing in the towel before you’ve even landed a punch.

I shall have my opinion, perhaps you should ask yourself what your problem with that really is.

And as a woman in her seventh decade who has travelled the world, raised a bunch of kids etc… I sincerely doubt you are more worldly wise.

Now, jog on before I really destroy your confidence.",YouTube,Catfished,yt-dlp,live_scrape,0.2386,0.0,neutral_discourse,0.0,standard,0.2386,0.1565,0.0,neutral_discourse,0.0,neutral_discourse,,,,0.0,0.0
"That's a fallacy lol, just because they wear jeans thanks to a past political movement doesn't mean they are part of that movement.",YouTube,Dr. Daf Show,yt-dlp,live_scrape,262.0,0.0,neutral_discourse,0.0,standard,262.0,0.1279,0.0,neutral_discourse,0.0,neutral_discourse,,,,0.0,0.0
" @ZipMapp  because I have one comment stating that’s it the presence of children (adoption) and not the actual pregnancy itself. Why do I have to do the research for someone presenting something as fact? I never said I was disagreeing with them, but yes maybe I (and other people reading these comments) are ignorant. Idk why you’re so butthurt by someone asking for a source.",YouTube,Economics Explained,yt-dlp,live_scrape,0.0778,0.0,victim_disclosure,0.0,standard,0.0778,0.0309,0.0,victim_disclosure,0.0,victim_disclosure,,,,0.0,0.0
"INTJ-Scorpio-Sigma-Male I was 11 the first time I got catcalled,let me tell you,it has nothing to do with age.",YouTube,Cosmopolitan,yt-dlp,live_scrape,0.0402,0.0,victim_disclosure,0.0,standard,0.0749,0.0882,0.0,victim_disclosure,0.0,victim_disclosure,,,,0.0,0.0
"Female genital mutilation is not a teaching of islam, it is a teaching of culture",YouTube,unknown,youtube_scraped,live_scrape,0.2896,0.0,neutral_discourse,0.0,standard,0.2896,0.1348,0.0,neutral_discourse,0.0,neutral_discourse,,,,0.0,0.0
"Why is everyone out here saying she cooked, she didn't respond directly to a lot of his questions, combating points with other points doesn't answer questions",YouTube,unknown,youtube_scraped,live_scrape,0.0913,0.0,neutral_discourse,0.0,standard,0.0913,0.0575,0.0,neutral_discourse,0.0,neutral_discourse,,,,0.0,0.0
I have never laughed so hard.,YouTube,Don't Tell Comedy,yt-dlp,live_scrape,0.3371,0.0,neutral_discourse,0.0,standard,0.3371,0.1735,0.0,neutral_discourse,0.0,neutral_discourse,,,,0.0,0.0
She needs to go rap with that speaking speed,YouTube,unknown,youtube_scraped,live_scrape,0.1598,0.0,neutral_discourse,0.0,standard,0.1598,0.0751,0.0,neutral_discourse,0.0,neutral_discourse,,,,0.0,0.0
haha why is australia so bad?,YouTube,SBS The Feed,yt-dlp,live_scrape,0.2263,0.0,neutral_discourse,0.0,standard,0.5385,0.6336,0.0,neutral_discourse,0.0,neutral_discourse,,,,0.0,0.0
@mmakey4310 you do realize debates are not exams. Sad you didn't know that,YouTube,Turning Point USA,yt-dlp,live_scrape,0.1604,0.0,neutral_discourse,0.0,standard,0.3175,0.3735,0.0,neutral_discourse,0.0,neutral_discourse,,,,0.0,0.0
The Raymond guy may benefit from taking a comedy improv to help him become more comfortable in his skin and in uncomfortable situations,YouTube,SBS The Feed,yt-dlp,live_scrape,0.2575,0.0,neutral_discourse,0.0,standard,0.2575,0.1275,0.0,neutral_discourse,0.0,neutral_discourse,,,,0.0,0.0
​ @geothlypisbob  Quote exactly where I said that. I'll wait. You think free speech should result in prosecution.,YouTube,unknown,youtube_scraped,live_scrape,0.0825,0.0,neutral_discourse,0.0,standard,0.1422,0.1672,0.0,neutral_discourse,0.0,neutral_discourse,,,,0.0,0.0
This has aged like fine wine... 🍷,YouTube,unknown,youtube_scraped,live_scrape,0.1909,0.0,neutral_discourse,0.0,standard,0.1909,0.0538,0.0,neutral_discourse,0.0,neutral_discourse,,,,0.0,0.0
@davidwarren3433  Uhh... what points is Charlie making? Like I'd rather have a Google doc with my organized thoughts and make a coherent argument than look like a complete moron like Chuckles here.,YouTube,unknown,youtube_scraped,live_scrape,0.2715,0.0,neutral_discourse,0.0,standard,0.2715,0.2307,0.0,neutral_discourse,0.0,neutral_discourse,,,,0.0,0.0
"I got that a few years ago...I'm in my 40s. It was in reference to a comment about when I was 16.. yes, I dont look 16 and it would be very odd if I did. Still gorgeous",YouTube,HuffPost,yt-dlp,live_scrape,0.0398,0.0,victim_disclosure,0.0,standard,0.0398,0.0444,0.0,victim_disclosure,0.0,victim_disclosure,,,,0.0,0.0
Adam Mockler sent me here by featuring Tilly on his YouTube channel.,YouTube,unknown,youtube_scraped,live_scrape,0.1126,0.0,neutral_discourse,0.0,standard,0.1126,0.0843,0.0,neutral_discourse,0.0,neutral_discourse,,,,0.0,0.0
"""My money is for fun and shopping."" Really?  Interesting.

Edit: I am famous with 150 subs😊",YouTube,The Guardian,yt-dlp,live_scrape,0.2803,0.0,neutral_discourse,0.0,standard,0.2803,0.1504,0.0,neutral_discourse,0.0,neutral_discourse,,,,0.0,0.0
@swiftseaa6225  eh? they are college students? they are not supposed to make money yet? what are you on about? thousands of cambridge passouts earn more than charlie kirk? you cannot compare happiness by one debate? what do you even mean?,YouTube,Turning Point USA,yt-dlp,live_scrape,0.3431,0.0,neutral_discourse,0.0,standard,0.3431,0.2657,0.0,neutral_discourse,0.0,neutral_discourse,,,,0.0,0.0
"Lives in a $4 million house that here in the Midwest would sell for under $200,000",YouTube,Catfished,yt-dlp,live_scrape,0.3121,0.0,neutral_discourse,0.0,standard,0.3121,117.0,0.0,neutral_discourse,0.0,neutral_discourse,,,,0.0,0.0
yeah she clearly overpowered him on word vomit. lucky there are simps like you to kiss her arse....or dream about...,YouTube,unknown,youtube_scraped,live_scrape,0.2004,0.0,neutral_discourse,0.0,standard,0.2004,0.0772,0.0,neutral_discourse,0.0,neutral_discourse,,,,0.0,0.0
Sounds like you and your obgyn have a very special relationship ☠️,YouTube,Jarvis Johnson! GOLD,yt-dlp,live_scrape,0.1519,0.0,neutral_discourse,0.0,standard,0.1519,0.1016,0.0,neutral_discourse,0.0,neutral_discourse,,,,0.0,0.0
It would be fantastic!,YouTube,unknown,youtube_scraped,live_scrape,0.2157,0.0,neutral_discourse,0.0,standard,0.2157,0.1316,0.0,neutral_discourse,0.0,neutral_discourse,,,,0.0,0.0
@OptimusPrime1857  Who told Kirk not to use a phone? Perhaps it might have helped him to get some facts right ...,YouTube,unknown,youtube_scraped,live_scrape,0.2254,0.0,neutral_discourse,0.0,standard,0.2254,0.1944,0.0,neutral_discourse,0.0,neutral_discourse,,,,0.0,0.0
"she didnt debate him, she read from a phone, where people are helping her answer. she only responds to a question or two, other than that she keeps changing subjects. phones shouldnt be allowed in a debate, if you need notes use them, put your phone away and atleast try to connect with your opponent instead of trying to shame or humiliate them",YouTube,unknown,youtube_scraped,live_scrape,0.3207,0.0,neutral_discourse,0.0,standard,0.3207,0.0401,0.0,neutral_discourse,0.0,neutral_discourse,,,,0.0,0.0
It would have been interesting if you had gotten a guy to pretend to want to join them,YouTube,SBS The Feed,yt-dlp,live_scrape,0.2652,0.0,neutral_discourse,0.0,standard,0.2652,0.1494,0.0,neutral_discourse,0.0,neutral_discourse,,,,0.0,0.0
+DYNAMITE Fitzpatrick Get rekt.,YouTube,Simple Misfits,yt-dlp,live_scrape,0.2153,0.0,neutral_discourse,0.0,standard,0.2153,93.0,0.0,neutral_discourse,0.0,neutral_discourse,,,,0.0,0.0
"@davidwarren3433 Jup, she was only willing to debate according to her notes and AI. Which is why half the debate sounded like two people having different conversations",YouTube,unknown,youtube_scraped,live_scrape,0.3729,0.0,neutral_discourse,0.0,standard,0.3729,0.0439,0.0,neutral_discourse,0.0,neutral_discourse,,,,0.0,0.0
@arnitaxavier9446 and I’ve never done any skin care neither has my dad and all it’s done was make it thicker so it’s a better barrier,YouTube,Counterpoint,yt-dlp,live_scrape,0.2953,0.0,neutral_discourse,0.0,standard,0.2953,0.0698,0.0,neutral_discourse,0.0,neutral_discourse,,,,0.0,0.0
@jermaine818 You’re gonna have to be more specific. What lived experience? Give me some examples.,YouTube,Counterpoint,yt-dlp,live_scrape,0.3421,0.0,neutral_discourse,0.0,standard,0.3421,0.0905,0.0,neutral_discourse,0.0,neutral_discourse,,,,0.0,0.0
@amylynnhunt55  It will just not happen.,YouTube,Nate The Lawyer,yt-dlp,live_scrape,0.2457,0.0,neutral_discourse,0.0,standard,0.2457,0.1401,0.0,neutral_discourse,0.0,neutral_discourse,,,,0.0,0.0
"@Kyle_rayner007  What... in the actual f**k.... are you going on about, mate?",YouTube,unknown,youtube_scraped,live_scrape,0.1803,0.0,neutral_discourse,0.0,standard,0.2177,0.2562,0.0,neutral_discourse,0.0,neutral_discourse,,,,0.0,0.0
"She chose to be with a hateful misogynist, no one in their right mind feels bad for her.",YouTube,unknown,youtube_scraped,live_scrape,0.4132,0.0,neutral_discourse,0.0,standard,0.4132,0.1627,0.0,neutral_discourse,0.0,neutral_discourse,,,,0.0,0.0
"@nerdsunscripted624  yeah, people who themselves can't speak in fully articulated sentences perceive long arguments as AI",YouTube,unknown,youtube_scraped,live_scrape,0.2857,0.0,neutral_discourse,0.0,standard,0.4032,0.4743,0.0,neutral_discourse,0.0,neutral_discourse,,,,0.0,0.0
"I'm sorry, but fraud is far too weak a word. Fraud is using  someone's credit card, What this chick did was extortion.",YouTube,Nate The Lawyer,yt-dlp,live_scrape,0.1667,0.0,neutral_discourse,0.0,standard,0.1667,0.1674,0.0,neutral_discourse,0.0,neutral_discourse,,,,0.0,0.0
Well I’m also covered and since I started wearing jilbab I haven’t been catcalled,YouTube,Cosmopolitan,yt-dlp,live_scrape,0.2583,0.0,neutral_discourse,0.0,standard,0.2583,0.0403,0.0,neutral_discourse,0.0,neutral_discourse,,,,0.0,0.0
"'If your kitty gets a heartbeat"" mine just closed itself off, thanks!!",YouTube,Jarvis Johnson! GOLD,yt-dlp,live_scrape,0.3701,0.0,neutral_discourse,0.0,standard,0.3701,57.0,0.0,neutral_discourse,0.0,neutral_discourse,,,,0.0,0.0
Player versus Player matchmaking :),YouTube,The Guardian,yt-dlp,live_scrape,0.1505,0.0,neutral_discourse,0.0,standard,0.1505,0.1019,0.0,neutral_discourse,0.0,neutral_discourse,,,,0.0,0.0
It’s just misogyny.Its not even about them wanting a relationship.Its a group of misogynists,YouTube,Don't Tell Comedy,yt-dlp,live_scrape,0.1573,0.0,neutral_discourse,0.0,standard,0.1573,0.0839,0.0,neutral_discourse,0.0,neutral_discourse,,,,0.0,0.0
"upublic
i get that, and it wasn't my intention to imply otherwise. in my own view, none of that diminishes the point i was making.",YouTube,Steve Shives,yt-dlp,live_scrape,0.0341,0.0,victim_disclosure,0.0,standard,0.0341,0.0271,0.0,victim_disclosure,0.0,victim_disclosure,,,,0.0,0.0
"Annoying = Not being a pushover, lol",YouTube,unknown,youtube_scraped,live_scrape,0.2224,0.0,neutral_discourse,0.0,standard,0.2224,0.0492,0.0,neutral_discourse,0.0,neutral_discourse,,,,0.0,0.0
@RightCenterBack321  watch the entirety without cuts.,YouTube,unknown,youtube_scraped,live_scrape,0.3576,0.0,neutral_discourse,0.0,standard,0.3576,0.1886,0.0,neutral_discourse,0.0,neutral_discourse,,,,0.0,0.0
"probably 0$, then she's going to ask for more money to support her 'child'. Fucking useless women...",Reddit,EDOS_corpus,EDOS,women_relevant_labelled,1.0,1.0,perpetrator_attack,1.0,severe,0.9,0.15,1.0,perpetrator_attack,1.0,perpetrator_attack,,,,1.0,1.0
Perfect wife material [URL] #MGTOW #TradLife #Christianity,Reddit,EDOS_corpus,EDOS,women_relevant_labelled,1.0,1.0,perpetrator_attack,0.0,gendered_moderate,0.9,0.15,1.0,perpetrator_attack,1.0,perpetrator_attack,,,,1.0,1.0
"What a good throwback! The [two player mode theme](https://www.youtube.com/watch?v=2558kyUsDE8&amp;list=PLvNp0Boas722_tNW271vULbndLwfjuFTO&amp;index=13) goes so hard, I love it!",Reddit,gaming,reddit_harassment_dataset,live_scrape,0.4285,1.0,neutral_discourse,0.0,gendered_moderate,0.4285,0.0922,1.0,neutral_discourse,1.0,neutral_discourse,,,,0.0,1.0
"You dump the gf. You tell her your daughter is part of your life, and you can't be with someone that doesn't want to have anything to do with her. You tell her your daughter is more important, to you

Updateme",Reddit,relationship_advice,pullpush,live_scrape,0.4737,1.0,neutral_discourse,0.0,gendered_moderate,0.4737,0.1892,1.0,neutral_discourse,1.0,neutral_discourse,,,,0.0,1.0
Algerian sluts are hottie,Reddit,PoliticsPlay,pullpush_live_search,live_scrape,0.7799,1.0,perpetrator_attack,0.0,gendered_moderate,0.7799,0.3899,1.0,perpetrator_attack,1.0,perpetrator_attack,,,,1.0,1.0
[USER] did she really go there? She is a Fucking Bitch!!!,Reddit,EDOS_corpus,EDOS,women_relevant_labelled,1.0,1.0,perpetrator_attack,1.0,severe,0.9,0.15,1.0,perpetrator_attack,1.0,perpetrator_attack,,,,1.0,1.0
Most of the behaviors that are typical for women would be seen absolutely embarrassing and child like if they were exhibited by men.,Reddit,EDOS_corpus,EDOS,women_relevant_labelled,1.0,1.0,perpetrator_attack,0.0,gendered_moderate,0.9,0.15,1.0,perpetrator_attack,1.0,perpetrator_attack,,,,1.0,1.0
"I am butthurt. I shouldn't get harassed while women who could be considered ""freaks"" get away unscathed.",Reddit,EDOS_corpus,EDOS,women_relevant_labelled,1.0,1.0,perpetrator_attack,0.0,gendered_moderate,0.9,0.15,1.0,perpetrator_attack,1.0,perpetrator_attack,,,,1.0,1.0
Ra is a fucking pussy.,Reddit,EDOS_corpus,EDOS,women_relevant_labelled,1.0,1.0,perpetrator_attack,1.0,severe,0.9,0.15,1.0,perpetrator_attack,1.0,perpetrator_attack,,,,1.0,1.0
"The amount of pro-feminazi anti-male content I see here on Reddit from women subs especially the posts that make r/all is terrifying. Nobody will bat an eye about the feminists.

But the moment something is posted by someone alt-right, pro-male or even inherently celebrates men/masculinity, it has the feminists and social media forums up in arms.

Just so we're clear, I'm not endorsing toxic stuff from either gender; just pointing out the obvious double-standard.",Reddit,NoStupidQuestions,pullpush_live_search,live_scrape,0.7698,1.0,perpetrator_attack,1.0,severe,0.7698,0.3849,1.0,perpetrator_attack,1.0,perpetrator_attack,,,,1.0,1.0
Ever heard of regret rape? Women waking up the next day and not feeling too good about the encounter or being called a slut by her peers so she decides to accuse him of rape to clear her ass?,Reddit,EDOS_corpus,EDOS,women_relevant_labelled,1.0,1.0,perpetrator_attack,1.0,severe,0.45,0.15,1.0,perpetrator_attack,1.0,perpetrator_attack,,,,1.0,1.0
"Incels would IMMEDIATELY get mainstream sympathy if you just say they are women. ""This online forum dedicated to poor defenseless women who just want to be loved, but they are aesthetically challenged.""",Reddit,EDOS_corpus,EDOS,women_relevant_labelled,1.0,1.0,perpetrator_attack,0.0,gendered_moderate,0.45,0.15,1.0,perpetrator_attack,1.0,perpetrator_attack,,,,1.0,1.0
"# I STILL have to roll my eyes at brain dead retards that are still bitching about this version of Jason Voorhees being bad. 

# Like did everyone forget about hillbilly Jason that got kicked in the nuts in Friday the 13th Part 2.

  
Also another eye al people that think EVERYTHING is AI, its so stupid.",Reddit,fridaythe13th,pullpush_live_search,live_scrape,0.4753,1.0,neutral_discourse,0.0,gendered_moderate,0.4753,0.0607,1.0,neutral_discourse,1.0,neutral_discourse,,,,0.0,1.0
"This behaviour is NOT okay, let alone to your partner. The misogyny is extreme. I would not feel comfortable being in a relationship with a man who openly discusses this. If my partner thought or spoke like this he would be single",Reddit,relationship_advice,pullpush_live_search,live_scrape,0.4439,1.0,neutral_discourse,0.0,gendered_moderate,0.4439,0.1654,1.0,neutral_discourse,1.0,neutral_discourse,,,,0.0,1.0
"What’s the video from? I really want to see what happened after this, cause that stupid bitch acted like he didn’t exist. Bro looked like he was working whatever “event” that was. I can’t imagine she was just allowed to keep swinging and drive off like nothing happened.",Reddit,houstoncirclejerk,pullpush_live_search,live_scrape,0.5133,1.0,perpetrator_attack,1.0,severe,0.5133,0.2567,1.0,perpetrator_attack,1.0,perpetrator_attack,,,,1.0,1.0
"Hmm ... in a better world I would have you asked about her profile link. She just described me and she is just my type. But with women being women, I know how this would end. A pitty. A fucking damn pitty.",Reddit,EDOS_corpus,EDOS,women_relevant_labelled,1.0,1.0,perpetrator_attack,1.0,severe,0.9,0.15,1.0,perpetrator_attack,1.0,perpetrator_attack,,,,1.0,1.0
"Women are so fucking oblivious. If you're a decently attractive woman tons of guys have jerked off to every single ""cute"" picture you post on Facebook or IG.",Reddit,EDOS_corpus,EDOS,women_relevant_labelled,1.0,1.0,perpetrator_attack,1.0,severe,0.9,0.15,1.0,perpetrator_attack,1.0,perpetrator_attack,,,,1.0,1.0
"And being abusive is very addictive. Hence i start i cant stop. And women reward it by being docile and submissive, which is a big mindfuck.",Reddit,EDOS_corpus,EDOS,women_relevant_labelled,1.0,1.0,perpetrator_attack,0.0,gendered_moderate,0.9,0.15,1.0,perpetrator_attack,1.0,perpetrator_attack,,,,1.0,1.0
"It's not old. The women that are 35+ are far more mature, know what they want, and go for it. They don't play the same games and I appreciate them far more for it. Also, they fuck you so much better... no joke.",Reddit,EDOS_corpus,EDOS,women_relevant_labelled,1.0,1.0,perpetrator_attack,1.0,severe,0.9,0.15,1.0,perpetrator_attack,1.0,perpetrator_attack,,,,1.0,1.0
"Genesis 3:16
“Your desire will be for your husband, and he will rule over you.”

1 Corinthians 14:34-35
“Women should remain silent in the churches. They are not allowed to speak...”

Ephesians 5:22-24
“Wives, submit yourselves to your own husbands as you do to the Lord... For the husband is the head of the wife.”

1 Timothy 2:11-12
“I do not permit a woman to teach or to assume authority over a man; she must be quiet.”

Deuteronomy 22:28-29
“If a man rapes a virgin who is not pledged to be married, he must pay her father and marry her.”
Rape victims are forced into marriage with their rapist.

Leviticus 12:2-5
“If a woman has a male child, she will be ceremonially unclean for seven days... If she has a female child, she will be unclean for two weeks.”
Women are considered more “unclean” for giving birth to daughters.

Numbers 30:3-5
""A woman’s vows can be nullified by her father or husband.""
Women lack autonomy over their own promises.

1 Peter 3:1
“Wives, submit yourselves to your husbands…”
Reinforces submission as a wife’s duty.


Exodus 20:17
“You shall not covet your neighbor’s house. You shall not covet your neighbor’s wife…”
Wives are listed among a man's possessions, right after his house.

Deuteronomy 21:10-14
Instructions on taking women as war captives and marrying them as they are considered prizes to be used and discarded 

Judges 19:24
“Take my virgin daughter and this man’s concubine and rape them…”
A man offers up women to be raped to protect a male guest. The concubine is gang r*ped and left to die.

2 Samuel 12:11
God tells David: “I will take your wives before your eyes and give them to your neighbor...”
God himself threatens to give away David’s wives like property as punishment.

 Leviticus 27:3-7
A man’s life is worth more shekels than a woman’s. literally pricing women lower.

14. Numbers 5:11-31 (The ""Test for an Unfaithful Wife"")
A husband suspects his wife? Make her drink a magic potion to curse her womb.
No evidence needed, just male jealousy. No such test exists for unfaithful men.

Deuteronomy 22:13-21
If a man claims his wife wasn’t a virgin, and her family can't prove she bled on the wedding night, she’s to be stoned to death.

Ecclesiasticus (Sirach) 25:24 (from Catholic/Orthodox canon)
“From a woman sin had its beginning, and because of her we all die.”
Blames all evil and death on women. Straight-up misogyny.

Proverbs 7:10-23
Women portrayed as deceivers and destroyers of men’s virtue.

1 Corinthians 11:3-10
“The head of the woman is man... woman was created for man.”

Titus 2:3-5
Women should be self controlled, pure, working at home, submissive to their husbands.",Reddit,exchristian,pullpush_live_search,live_scrape,0.8444,1.0,perpetrator_attack,1.0,severe,0.8444,0.4222,1.0,perpetrator_attack,1.0,perpetrator_attack,,,,1.0,1.0
Cardi b aint shit she should be in jail smh clown lookin ass bitch 🤡,Reddit,EDOS_corpus,EDOS,women_relevant_labelled,1.0,1.0,perpetrator_attack,1.0,severe,0.9,0.15,1.0,perpetrator_attack,1.0,perpetrator_attack,,,,1.0,1.0
"Hi there mk_tonmoy! Welcome to /r/PolyamoryR4R. This is an ethical and respectful community.

Here are some resources you might find helpful in creating and keeping healthy, ethical poly relationships: 

**Books:** [Opening Up](https://www.amazon.com/Opening-Up-Creating-Sustaining-Relationships/dp/157344295X), and [The Ethical Slut](https://www.amazon.com/Ethical-Slut-Third-Practical-Relationships/dp/0399579664).

**Podcasts:** [Polyweekly.com](http://polyweekly.com), and [Multiamory.com](https://www.multiamory.com/).

**Websites:** [polyinfo.org](https://www.polyinfo.org/)

**Subreddits:** /r/Polyamory

Couples: Feel free to post, but we highly recommend you please read this page about [unicorn hunting](https://www.unicorns-r-us.com/).

Couples looking for a unicorn will often say they want someone to ""join"" their family. Poly triads are not (AB)+C. C isn't ""joining"" anything. You all will create something completely new; four different relationships that all need time and attention. A+B (as with any major life change, your relationship dynamic will probably shift), B+C, A+C, and A+B+C. Imposing unethical, unfair dynamics on a partner may lead to your removal from this subreddit.

*I am a bot, and this action was performed automatically. Please [contact the moderators of this subreddit](/message/compose/?to=/r/polyamoryR4R) if you have any questions or concerns.*",Reddit,polyamoryR4R,pullpush_live_search,live_scrape,0.5532,1.0,perpetrator_attack,1.0,severe,0.5532,0.2766,1.0,perpetrator_attack,1.0,perpetrator_attack,,,,1.0,1.0
"Oh no! The Russian plant has left the building. Bye Felicia, don't let the door hit you on the way out.

Strange how it's always the women they throw under the bus.

Let's fire the other Russian asset while we're at it - Agent Krasnov in the White House (aka the Molester in Chief). Hopefully some time around November. That'll be a great thanksgiving, the best",Reddit,politics,reddit_harassment_dataset,live_scrape,0.6556,1.0,perpetrator_attack,0.0,gendered_moderate,0.6556,0.3278,1.0,perpetrator_attack,1.0,perpetrator_attack,,,,1.0,1.0
How did she get two queens??! How did the castle and bishop become king and queen? Why is one of the black pawns behind the front line? This bitch be dummmm,Reddit,EDOS_corpus,EDOS,women_relevant_labelled,1.0,1.0,perpetrator_attack,1.0,severe,0.9,0.15,1.0,perpetrator_attack,1.0,perpetrator_attack,,,,1.0,1.0
"BS. There were many pussies before you that paved the way for your ""success"" by rigging the system in your favor. Bars were lowered, standards were reduced, gender quotas, female only scholarships etc.",Reddit,EDOS_corpus,EDOS,women_relevant_labelled,1.0,1.0,perpetrator_attack,0.0,gendered_moderate,0.9,0.15,1.0,perpetrator_attack,1.0,perpetrator_attack,,,,1.0,1.0
"Working in my office, I hear the door open downstairs.

""My wife must have come home from work 10 minutes early""

Hear her call my dog's name, he was right next to me. He gets very excited. We go downstairs. 

No one home, door is locked.

Call my wife, she's still in traffic about 10 minutes away from home. 

If my dog hadn't reacted to hearing his name (specifically my wife's voice saying his name) I would have discounted the whole thing as my mind playing tricks on me. It was extremely bizarre",Reddit,AskReddit,reddit_harassment_dataset,live_scrape,0.2001,1.0,perpetrator_attack,0.0,gendered_moderate,0.2001,0.1001,1.0,perpetrator_attack,1.0,perpetrator_attack,,,,1.0,1.0
She's an attention whore who made her exit upon getting news about Big Brother.,Reddit,EDOS_corpus,EDOS,women_relevant_labelled,1.0,1.0,perpetrator_attack,1.0,severe,0.9,0.15,1.0,perpetrator_attack,1.0,perpetrator_attack,,,,1.0,1.0
and when the women get angry and resentful at this arraignment just call them entitled bitches and princesses! Women should love doing free labor without any respect!,Reddit,EDOS_corpus,EDOS,women_relevant_labelled,1.0,1.0,perpetrator_attack,1.0,severe,0.9,0.15,1.0,perpetrator_attack,1.0,perpetrator_attack,,,,1.0,1.0
"You're a man, you know men rape and murder fat women because you're disgusted by us and think we deserve it 😂😂😂😂😂 stop acting clueless as an excuse to be an asshole",Reddit,u_ihatemyself502079,pullpush_live_search,live_scrape,0.5877,1.0,perpetrator_attack,1.0,severe,0.5877,0.2939,1.0,perpetrator_attack,1.0,perpetrator_attack,,,,1.0,1.0
"She ate out her daughter, im gonna have to give that a pussypass. A golden life-time pussypass.",Reddit,EDOS_corpus,EDOS,women_relevant_labelled,1.0,1.0,perpetrator_attack,0.0,gendered_moderate,0.9,0.15,1.0,perpetrator_attack,1.0,perpetrator_attack,,,,1.0,1.0
"There is no hard yes and hard no. You can't trust strangers on the internet for good advice or conversely to be wrong. If you're reading comments or posts and wondering if a person is also here and wrote to you, they aren't, you're relating because you can probably see yourself in the situation. Maybe you're then good guy, maybe you're the bad guy. But if it hurts or you;re feeling it, go with that, either way you only learn and only know for sure through your own actions.",Reddit,relationship_advice,reddit_harassment_dataset,live_scrape,0.4312,1.0,neutral_discourse,0.0,gendered_moderate,0.4312,0.32,1.0,neutral_discourse,1.0,neutral_discourse,,,,0.0,1.0
"This is so refreshing to read! I almost never post about my husband because he’s exactly like this, and it feels like boasting. We do deserve this!!  And we now have proof there are at least TWO men like this in the world ",Reddit,TwoXChromosomes,reddit_harassment_dataset,live_scrape,0.4959,1.0,neutral_discourse,0.0,gendered_moderate,0.4959,0.2984,1.0,neutral_discourse,1.0,neutral_discourse,,,,0.0,1.0
A real whore will fuck you behind the bleachers then pull a Jay out for yall to smoke then she'll go fuck your brother and smoke the other half with him lol,Reddit,fuckingtweakersthe2nd,pullpush_live_search,live_scrape,0.7932,1.0,perpetrator_attack,1.0,severe,0.7932,0.3966,1.0,perpetrator_attack,1.0,perpetrator_attack,,,,1.0,1.0
Women are working hard on being more batshit insane Female progress for the strong independent women. Insanity is their gift to civilization.,Reddit,EDOS_corpus,EDOS,women_relevant_labelled,1.0,1.0,perpetrator_attack,1.0,severe,0.9,0.15,1.0,perpetrator_attack,1.0,perpetrator_attack,,,,1.0,1.0
"[USER] Yeah, liberal women are so dumb they almost deserve the destruction that would befall them if they were thrown among muslims. Liberal women are about hopeless, they really are.",Reddit,EDOS_corpus,EDOS,women_relevant_labelled,1.0,1.0,perpetrator_attack,1.0,severe,0.9,0.9,1.0,perpetrator_attack,1.0,perpetrator_attack,,,,1.0,1.0
Not romance novels. Those are written exclusively for women and those guys are usually alpha. Teen romance like Twilight has more beta type behavior because teen girls aren't ready for bodice-ripper novels.,Reddit,EDOS_corpus,EDOS,women_relevant_labelled,1.0,1.0,perpetrator_attack,0.0,gendered_moderate,0.9,0.15,1.0,perpetrator_attack,1.0,perpetrator_attack,,,,1.0,1.0
"In 2008, a 63-year-old woman was killed by a moose in Sweden. She went out for an evening walk with her dog and never came back. Her husband found her down by a lake, after searching for hours, and was then arrested on suspicion of killing her. 

After months in prison, he was released after a forensic lab identified hairs and moose saliva all over her body and clothing. This poor woman was trampled, kicked and gored by a moose bull and her many severe injuries made forensics suspect she had been run over by a lawn mower. 

Most likely, her puppy agitated the bull, which due to the season of looking to mate was already more aggressive than usual. When the puppy sought out the safety of the owner she is thought to have picked it up, fallen over and was then killed. 

That speaks volumes as to how dangerous these wild animals are. They should be left alone, and unless it retreats, you are in a very risky situation throwing yourself on the ground.",Reddit,BeAmazed,pullpush_live_search,live_scrape,0.2686,1.0,perpetrator_attack,0.0,gendered_moderate,0.2686,0.1921,1.0,perpetrator_attack,1.0,perpetrator_attack,,,,1.0,1.0
You are unemployed for over a year? I Think this is the problem for girlfriend. Men in your age usualy have some savings. How to live with grown guy who didnt have money? She cant Think about having a children because she already have one.,Reddit,relationship_advice,reddit_harassment_dataset,live_scrape,0.4918,1.0,neutral_discourse,0.0,gendered_moderate,0.4918,0.2129,1.0,neutral_discourse,1.0,neutral_discourse,,,,0.0,1.0
"Pussypass activated, 5 days and she didn't have to register on sex offender list. Justice denied!",Reddit,EDOS_corpus,EDOS,women_relevant_labelled,1.0,1.0,perpetrator_attack,0.0,gendered_moderate,0.45,0.15,1.0,perpetrator_attack,1.0,perpetrator_attack,,,,1.0,1.0
"It really is culturally dependent, but in the west generally speaking, it’s a really rough sell. You’ll have to be pretty charming and/or her pretty desperate for her to want to give it a go even if she lives with her parents too. 

It’s a double standard for sure but they get away with it because they can. Guys don’t care as much if a woman lives with her parents as we have different priorities. But in our role as providers and protectors, not being independent is usually a big strike against us in terms of appeal. 

While men and women truly are equal in value, we aren’t the same, and most of this equality and eliminating gender roles rhetoric is in the pursuit of trying to have your cake and eat it too by certain groups. 

So yes you can date as an adult living with your parents but it will be more difficult than it is already. As women do find independence, and the ability to provide attractive. In order to do this you need to come off as appealing as you can on every other level possible. Really work on charisma, keep yourself looking as good as you practically can. Spending money on expensive toys and clothes while still living with your folks is a bad look, but that doesn’t mean you can’t be presentable in reasonably priced gear. In this economy leaving the nest later, building yourself up before you venture out on your own is logical, but attraction isn’t logical, nor is it only about looks, it’s all emotional. So the only way to get into a relationship is to appear attractive to her. Starting off admitting you still live at home will almost certainly kill the attraction of a woman your age. I am in no way advocating for deception, do not lie or hide the truth but the longer you can go without her finding out your living situation the better it is for you in today’s dating climate. Let her get to know you, develop some kind of bond or attraction to you and she’ll be more likely to overlook this “deficiency.”  When she already likes you she will be more willing to sympathize with your situation. So like second to fourth date depending strength of connection. You don’t wanna be dating her for like four months before she finds out, she will feel lied to, but telling her over the apps before you meet, or on the first date will likely kill anything before it has a chance to start. 

If you do manage to find someone who doesn’t bail on you as soon as they find out you still live with your folks things like sleeping over can be done at her place or a hotel, or even at yours should your parents be amenable to making themselves scarce when you bring a lady home. My son is 22 and when he has friends over, I stay out of his way and he usually stays in his room, or he brings them over (with my permission) when I’m working nights, out myself or away.",Reddit,AskMen,pullpush_live_search,live_scrape,0.7599,1.0,perpetrator_attack,0.0,gendered_moderate,0.7599,0.3799,1.0,perpetrator_attack,1.0,perpetrator_attack,,,,1.0,1.0
Been playing it for 10 years straight (around 4200h) and I love it almost as much as back in the first season of comp.,Reddit,gaming,reddit_harassment_dataset,live_scrape,0.4292,1.0,neutral_discourse,0.0,gendered_moderate,0.4292,0.1236,1.0,neutral_discourse,1.0,neutral_discourse,,,,0.0,1.0
It's not a movie. It's a globalist Disney SJW-feminist-cultural-Marxism-anti-white-male propaganda piece that has basically purged every single white male from the Rebel Alliance and made every strong and good character a woman or minority.,Reddit,EDOS_corpus,EDOS,women_relevant_labelled,1.0,1.0,perpetrator_attack,0.0,gendered_moderate,0.45,0.15,1.0,perpetrator_attack,1.0,perpetrator_attack,,,,1.0,1.0
And toxic masculinity is actually a byproduct of toxic femininity.,Reddit,EDOS_corpus,EDOS,women_relevant_labelled,1.0,1.0,perpetrator_attack,0.0,gendered_moderate,0.45,0.15,1.0,perpetrator_attack,1.0,perpetrator_attack,,,,1.0,1.0
"Put the STD aside for a minute. 

You've got paragraphs of details of why she doesn't deserve your love, trust or respect. That in itself is justification to leave. An accurate, positive test result just seals the deal that she's cheating which is just as bad as giving you an STD if not worse. 

Have some self respect here. Take screenshots if you can. Maybe the texts are backed up in a cloud or something you could access. Just do all of this before she tries to cover anything. Just in case you decide divorce. You want evidence.

Edit... You guys have been together since you were 15? It's not surprising she's ""jokingly"" wanting to pursue other men when you're the only one she's had since she was a teen.",Reddit,relationship_advice,reddit_harassment_dataset,live_scrape,0.4963,1.0,perpetrator_attack,0.0,gendered_moderate,0.4963,0.2481,1.0,perpetrator_attack,1.0,perpetrator_attack,,,,1.0,1.0
Karma's an even bigger bitch than she is,Reddit,EDOS_corpus,EDOS,women_relevant_labelled,1.0,1.0,perpetrator_attack,1.0,severe,0.9,0.15,1.0,perpetrator_attack,1.0,perpetrator_attack,,,,1.0,1.0
wow now abc becomes self aware and realize that firing roseanne was a huge fucking mistake grats abc you are going to get killed in ratings and all of her fans told you so way before hand you dumb cunts,Reddit,EDOS_corpus,EDOS,women_relevant_labelled,1.0,1.0,perpetrator_attack,1.0,severe,0.9,0.15,1.0,perpetrator_attack,1.0,perpetrator_attack,,,,1.0,1.0
"Yes they will. They will do nothing about it, then forget it, then shrug when it's brought up later. ",Reddit,politics,reddit_harassment_dataset,live_scrape,0.4292,1.0,neutral_discourse,0.0,gendered_moderate,0.4292,0.0616,1.0,neutral_discourse,1.0,neutral_discourse,,,,0.0,1.0
"In my surroundings, men are valuable, women not.  
Men should be respected and listened to. Women just be seen but not heard.",Reddit,exredpill,pullpush_live_search,live_scrape,0.6815,1.0,perpetrator_attack,0.0,gendered_moderate,0.6815,0.3408,1.0,perpetrator_attack,1.0,perpetrator_attack,,,,1.0,1.0
Consequences have never existed for women who falsely accuse men of rape. Women just accuse women of sexual misconduct and go about their day after their lie is exposed..,Reddit,EDOS_corpus,EDOS,women_relevant_labelled,1.0,1.0,perpetrator_attack,1.0,severe,0.9,0.15,1.0,perpetrator_attack,1.0,perpetrator_attack,,,,1.0,1.0
"Sounds like there’s cultural differences that wouldn’t make you a great match. But IMO, even if that different view did t exist, if she has a child requiring 24/7 home nursing care plus 2 other kids, that IS her full time (24/7) job. Maybe you don’t quite see it yet if you’re not living together, but it’s more of a physical and emotional workload than the FT jobs many ppl have. And if she’s paying her bills for her and her kids now, then she’s coming into the living together situation carrying her full share. Doesn’t sound like you’d have to take on the role of providing for her kids. 🤷🏻‍♀️ 

Probably easier to acknowledge that the 2 of you aren’t a good match",Reddit,relationship_advice,reddit_harassment_dataset,live_scrape,0.4891,1.0,neutral_discourse,0.0,gendered_moderate,0.4891,0.1534,1.0,neutral_discourse,1.0,neutral_discourse,,,,0.0,1.0
"I've heard it described as them being able to go full mask off with the misogyny, because they don't even need to pretend to be attractive to women",Reddit,SubredditDrama,pullpush_live_search,live_scrape,0.6481,1.0,perpetrator_attack,0.0,gendered_moderate,0.6481,324.0,1.0,perpetrator_attack,1.0,perpetrator_attack,,,,1.0,1.0
"islamic women just can't win. Either they die defending themselves from rape, or they die because they got raped.",Reddit,EDOS_corpus,EDOS,women_relevant_labelled,1.0,1.0,perpetrator_attack,1.0,severe,0.9,0.15,1.0,perpetrator_attack,1.0,perpetrator_attack,,,,1.0,1.0
"Well, you kinda gotta lower your standards a bit, and your dating pool may open. Heck, I even fingered a junkie girl.",Reddit,EDOS_corpus,EDOS,women_relevant_labelled,1.0,1.0,perpetrator_attack,0.0,gendered_moderate,0.9,0.15,1.0,perpetrator_attack,1.0,perpetrator_attack,,,,1.0,1.0
This is why i wont marry. This happens to all women. None of them are fuckable like this. Whats the point of paying for someone who offers only one thing but loses that ability at age 35 yet you have to take care of her until you die.,Reddit,EDOS_corpus,EDOS,women_relevant_labelled,1.0,1.0,perpetrator_attack,1.0,severe,0.9,0.15,1.0,perpetrator_attack,1.0,perpetrator_attack,,,,1.0,1.0
All of society's problems are caused by women's choices. This is why in muslim countries it's the family that decides for the femoid.,Reddit,EDOS_corpus,EDOS,women_relevant_labelled,1.0,1.0,perpetrator_attack,0.0,gendered_moderate,0.45,0.15,1.0,perpetrator_attack,1.0,perpetrator_attack,,,,1.0,1.0
No divorced woman is family oriented.,Reddit,EDOS_corpus,EDOS,women_relevant_labelled,1.0,1.0,perpetrator_attack,0.0,gendered_moderate,0.9,0.15,1.0,perpetrator_attack,1.0,perpetrator_attack,,,,1.0,1.0
"Not a lawyer,

While everyone’s right that you should have a case to fight back and be protected. 

You work for the federal government in a country that has a rapist in the White House. They are dismantling every protection you have to fight this. 

You need to protect yourself and just get out. They will not let you just fight back and move on. This isn’t a private company that you can get the CEO ousted by the board to protect the company.",Reddit,WomenInTech,pullpush,live_scrape,0.4576,1.0,neutral_discourse,0.0,gendered_moderate,0.4576,0.0496,1.0,neutral_discourse,1.0,neutral_discourse,,,,0.0,1.0
[USER] I think it's assumed that they're losers. The whole thing is a bunch of misandrist loser women LARPing about being relevant.,Reddit,EDOS_corpus,EDOS,women_relevant_labelled,1.0,1.0,perpetrator_attack,0.0,gendered_moderate,0.9,0.15,1.0,perpetrator_attack,1.0,perpetrator_attack,,,,1.0,1.0
Not our fault she chose to date an abusive scumbag. 💀,Reddit,EDOS_corpus,EDOS,women_relevant_labelled,1.0,1.0,perpetrator_attack,0.0,gendered_moderate,0.45,0.15,1.0,perpetrator_attack,1.0,perpetrator_attack,,,,1.0,1.0
"And you still just standing around with your non existent cock in your hand saying, that's not right. Kill the mother fuckers back! You feckless pussies.",Reddit,EDOS_corpus,EDOS,women_relevant_labelled,1.0,1.0,perpetrator_attack,0.0,gendered_moderate,0.9,0.15,1.0,perpetrator_attack,1.0,perpetrator_attack,,,,1.0,1.0
Only the wives of beta males,Reddit,EDOS_corpus,EDOS,women_relevant_labelled,0.0,0.0,neutral_discourse,0.0,standard,0.45,0.15,0.0,neutral_discourse,0.0,neutral_discourse,,,,0.0,0.0
"None of those were bad or derogatory in anyway.

If a girl did this for a guy, she wouldn't be told to ""chill"".

I thought you made some sexist remarks.

Well, whatever. Good that you moved on.

You seem to be young, so I'll just tell you this, from now on, avoid hanging out with those people.

Find new friends who give you better advice than ""chill"" and support you as friends.",Reddit,exredpill,pullpush_live_search,live_scrape,0.2204,0.0,neutral_discourse,0.0,standard,0.2204,0.2261,0.0,neutral_discourse,0.0,neutral_discourse,,,,0.0,0.0
"I backed it on kickstarter too and I still haven't managed to play it properly, doh.",Reddit,GirlGamers,pullpush,live_scrape,0.2094,0.0,neutral_discourse,0.0,standard,0.2094,0.0867,0.0,neutral_discourse,0.0,neutral_discourse,,,,0.0,0.0
Or watching any movies with female protagonists?,Reddit,EDOS_corpus,EDOS,women_relevant_labelled,0.0,0.0,neutral_discourse,0.0,standard,0.45,0.15,0.0,neutral_discourse,0.0,neutral_discourse,,,,0.0,0.0
brenda leyland they killed her not us on britfam we say just fuck off,Reddit,EDOS_corpus,EDOS,women_relevant_labelled,0.0,0.0,neutral_discourse,1.0,severe,0.45,0.15,0.0,neutral_discourse,0.0,neutral_discourse,,,,0.0,0.0
"Married at 25. Kids at 26.

I am 46 this year and I would be nothing without my wife.

We have our moments, but relationships are work. I happy to do it.",Reddit,AskReddit,reddit_harassment_dataset,live_scrape,307.0,0.0,neutral_discourse,0.0,standard,307.0,0.2412,0.0,neutral_discourse,0.0,neutral_discourse,,,,0.0,0.0
"That if chads stop fucking hundreds of women, they would be forced to either fuck incels or die alone.",Reddit,EDOS_corpus,EDOS,women_relevant_labelled,0.0,0.0,neutral_discourse,1.0,severe,0.45,0.15,0.0,neutral_discourse,0.0,neutral_discourse,,,,0.0,0.0
"here`s an idea ban the following in the UK = burqa, halal food & polygamy make the following a crime with a prison sentence* = incest and marrying cousins *see previous post with reference to deportation for criminals",Reddit,EDOS_corpus,EDOS,women_relevant_labelled,0.0,0.0,neutral_discourse,0.0,standard,0.45,0.15,0.0,neutral_discourse,0.0,neutral_discourse,,,,0.0,0.0
"the community Like I said, someone clearly didn't do his or her research. And that's why instead of facts your argument is ""I feel"".",Reddit,EDOS_corpus,EDOS,women_relevant_labelled,0.0,0.0,neutral_discourse,0.0,standard,0.45,0.15,0.0,neutral_discourse,0.0,neutral_discourse,,,,0.0,0.0
"d I v o r c e

or separation. ",Reddit,TwoXChromosomes,reddit_harassment_dataset,live_scrape,0.1628,0.0,neutral_discourse,0.0,standard,0.1628,0.1056,0.0,neutral_discourse,0.0,neutral_discourse,,,,0.0,0.0
It is legit she asked me to drive to her and she will show me around I ca screenshot the convo which is from late last night,Reddit,EDOS_corpus,EDOS,women_relevant_labelled,0.0,0.0,neutral_discourse,0.0,standard,0.45,0.15,0.0,neutral_discourse,0.0,neutral_discourse,,,,0.0,0.0
"[USER] Holy Shit. Is she Mark Knopfler's protege, or his instructor? She is incredible!",Reddit,EDOS_corpus,EDOS,women_relevant_labelled,0.0,0.0,neutral_discourse,1.0,severe,0.45,0.15,0.0,neutral_discourse,0.0,neutral_discourse,,,,0.0,0.0
"More strength to you ! Thanks, this helped",Reddit,WomenInTech,pullpush,live_scrape,0.1052,0.0,neutral_discourse,0.0,standard,0.1103,0.1298,0.0,neutral_discourse,0.0,neutral_discourse,,,,0.0,0.0
3 hot girls and you think of fecal toilet comments! You must be a jew. SMDH,Reddit,EDOS_corpus,EDOS,women_relevant_labelled,0.0,0.0,neutral_discourse,0.0,standard,0.45,0.15,0.0,neutral_discourse,0.0,neutral_discourse,,,,0.0,0.0
It happens. I left an apartment in a hurry. I left behind an antique revolver that now sells for over $12k. Being young and dumb is painful to look back on.,Reddit,gaming,reddit_harassment_dataset,live_scrape,0.2809,0.0,neutral_discourse,0.0,standard,0.2809,0.1729,0.0,neutral_discourse,0.0,neutral_discourse,,,,0.0,0.0
All white women are good for one thing': Chilling outburst of member of 18-strong Muslim pedophile gang. [URL] ...culturally enriched. #progress,Reddit,EDOS_corpus,EDOS,women_relevant_labelled,0.0,0.0,neutral_discourse,1.0,severe,0.45,0.15,0.0,neutral_discourse,0.0,neutral_discourse,,,,0.0,0.0
"In the argument that demolished my friendship with this person, a former friend of mine insisted this facility had already been shut down.

We've reached a stage of cognitive dissonance that I've never seen before.",Reddit,politics,reddit_harassment_dataset,live_scrape,0.2205,0.0,neutral_discourse,0.0,standard,0.2205,0.1431,0.0,neutral_discourse,0.0,neutral_discourse,,,,0.0,0.0
That's why she's had a nervous breakdown ...,Reddit,EDOS_corpus,EDOS,women_relevant_labelled,0.0,0.0,neutral_discourse,0.0,standard,0.45,0.15,0.0,neutral_discourse,0.0,neutral_discourse,,,,0.0,0.0
I don't want eye candy. I don't want to be tortured by the sight of hot women.,Reddit,EDOS_corpus,EDOS,women_relevant_labelled,0.0,0.0,neutral_discourse,0.0,standard,0.45,0.15,0.0,neutral_discourse,0.0,neutral_discourse,,,,0.0,0.0
"but the fact remains, [USER] went from being the top diva and champion in the [USER] female division to suddenly being kicked off the top of the [USER] to the bottom and has been losing to [USER].",Reddit,EDOS_corpus,EDOS,women_relevant_labelled,0.0,0.0,neutral_discourse,0.0,standard,0.45,0.15,0.0,neutral_discourse,0.0,neutral_discourse,,,,0.0,0.0
"It's a tribute to Trump, every time he mentions the wives of the men in his favour and rightly so for the sacrifice these women make",Reddit,EDOS_corpus,EDOS,women_relevant_labelled,0.0,0.0,neutral_discourse,0.0,standard,0.45,0.15,0.0,neutral_discourse,0.0,neutral_discourse,,,,0.0,0.0
"[URL] Looney Nancy Pelosi can't remember who the president is and goofy Maxine Waters, right behind her let's Pelosi burn. Typical of democrats on both parts.",Reddit,EDOS_corpus,EDOS,women_relevant_labelled,0.0,0.0,neutral_discourse,0.0,standard,0.45,0.15,0.0,neutral_discourse,0.0,neutral_discourse,,,,0.0,0.0
“Manning up” Are you a female?,Reddit,EDOS_corpus,EDOS,women_relevant_labelled,0.0,0.0,neutral_discourse,0.0,standard,0.45,0.15,0.0,neutral_discourse,0.0,neutral_discourse,,,,0.0,0.0
proves that gun control is BS and that every lawful man and woman is entitled to a firearm,Reddit,EDOS_corpus,EDOS,women_relevant_labelled,0.0,0.0,neutral_discourse,0.0,standard,0.45,0.15,0.0,neutral_discourse,0.0,neutral_discourse,,,,0.0,0.0
I’m not hurt you mean nothing to me. I don’t know you.,Reddit,AskWomen,pullpush,live_scrape,0.0686,0.0,neutral_discourse,0.0,standard,0.1424,0.1676,0.0,neutral_discourse,0.0,neutral_discourse,,,,0.0,0.0
"Just setting some ""boundaries""... Not saying I wouldn't ""take one for the team"" if that person had a brain & better attitude... so if the female is intelligent & somewhat attractive... I might be your guy!",Reddit,EDOS_corpus,EDOS,women_relevant_labelled,0.0,0.0,neutral_discourse,0.0,standard,0.45,0.15,0.0,neutral_discourse,0.0,neutral_discourse,,,,0.0,0.0
"I forgot I got s*xually assaulted by my cousin, it was COCSA. I was only 3 years old.

Maybe because of how young I was I forgot it, but, after a couple time and while I was growing up many other stuff happened and I was showing many signs that there was something wrong with me.

A year ago, while I was eating with my mother, she told me about the COCSA and how everything went down, and how she remembered. That’s how I found out. Other people in my family also remember that.

So, yeah…you guys, that can happen, it’s horrible.",Reddit,CPTSDmemes,pullpush_live_search,live_scrape,0.0596,0.0,victim_disclosure,1.0,severe,0.0596,0.0367,0.0,victim_disclosure,0.0,victim_disclosure,,,,0.0,0.0
"[USER] I knew something had gone very wrong with the alt-right when they started calling Roosh and me ""rapists"" because we've had sex with drunk women. Many of them really are just SJWs who hate blacks and Jews.",Reddit,EDOS_corpus,EDOS,women_relevant_labelled,0.0,0.0,neutral_discourse,0.0,standard,0.45,0.15,0.0,neutral_discourse,0.0,neutral_discourse,,,,0.0,0.0
I had an old man in his 80s tell me “don’t ever sleep with anyone that doesn’t want to sleep with you as much as you want to sleep with them.” Except he didn’t use the word sleep. It’s pure wisdom. Why would anyone want to be with someone that doesn’t want to be with me as much as I wasn’t to be with them? It’s makes everything so much better and reinforces consent on all parties.,Reddit,AskReddit,reddit_harassment_dataset,live_scrape,0.1972,0.0,neutral_discourse,0.0,standard,0.3688,0.4339,0.0,neutral_discourse,0.0,neutral_discourse,,,,0.0,0.0
That argument is like water on a turtle's back to me lol. You can't be hurt by women if you live your life completely emotionally and physically disconnected from them.,Reddit,EDOS_corpus,EDOS,women_relevant_labelled,0.0,0.0,neutral_discourse,0.0,standard,0.45,0.15,0.0,neutral_discourse,0.0,neutral_discourse,,,,0.0,0.0
"So Hillary wasn't the first female president, nor will she be the first impeached female president either",Reddit,EDOS_corpus,EDOS,women_relevant_labelled,0.0,0.0,neutral_discourse,0.0,standard,0.45,0.15,0.0,neutral_discourse,0.0,neutral_discourse,,,,0.0,0.0
"Yes flirt. Stop thinking too much and enjoy a good time making music with her. Smile, kino, eye contact bro.",Reddit,EDOS_corpus,EDOS,women_relevant_labelled,0.0,0.0,neutral_discourse,0.0,standard,0.45,0.15,0.0,neutral_discourse,0.0,neutral_discourse,,,,0.0,0.0
oh that's fucking rage fuel. Chads can even steal our mothers,Reddit,EDOS_corpus,EDOS,women_relevant_labelled,0.0,0.0,neutral_discourse,1.0,severe,0.45,0.15,0.0,neutral_discourse,0.0,neutral_discourse,,,,0.0,0.0
[USER] she's a complete lunatic.,Reddit,EDOS_corpus,EDOS,women_relevant_labelled,0.0,0.0,neutral_discourse,0.0,standard,0.45,0.15,0.0,neutral_discourse,0.0,neutral_discourse,,,,0.0,0.0
[USER] People who are still mad about the election at this time like that dude are almost terminal in their rage fueled hate for our President and anyone who supports him and the MAGA agenda.,Reddit,EDOS_corpus,EDOS,women_relevant_labelled,0.0,0.0,neutral_discourse,0.0,standard,0.45,0.15,0.0,neutral_discourse,0.0,neutral_discourse,,,,0.0,0.0
"Beat thing a little this is that you can tell everyone and it’s just the truth.

Having a conversation with the neighbours and they ask how’s life been lately? 
“Good except for my daughter. She was aaaaulred by her ex boyfriend and his family who owns XX business don’t think he did anything wrong” 

And you can say that to colleagues, acquaintances while standing in line somewhere, someone training about diving their car? 
Everyone. Wreck their reputation.
Make a review on Google but like it’s someone else “heard that a girl was assaulted and they don’t think it’s a horrible thing- won’t bring my teenager daughters around this business!” Etc etc etc",Reddit,UnethicalLifeProTips,pullpush_live_search,live_scrape,0.0853,0.0,victim_disclosure,1.0,severe,0.0853,0.0298,0.0,victim_disclosure,0.0,victim_disclosure,,,,0.0,0.0
"Surprisingly, a white guy in Iowa who killed a female Hispanic college student has not become a popular counter-narritive to the recent and preventable murder of Mollie Tibbets by an illegal alien.",Reddit,EDOS_corpus,EDOS,women_relevant_labelled,0.0,0.0,neutral_discourse,0.0,standard,0.45,0.15,0.0,neutral_discourse,0.0,neutral_discourse,,,,0.0,0.0
Worked at a TV station in college and the main control board had a big red button in the middle with a smiley face drawn on it. Another guy and I debated for months about what it did until one day I just pushed it. Blacked out the entire station for a second and people came running asking what happened. Turns out it was the censor button. ,Reddit,AskReddit,reddit_harassment_dataset,live_scrape,0.1947,0.0,neutral_discourse,0.0,standard,0.1947,0.0519,0.0,neutral_discourse,0.0,neutral_discourse,,,,0.0,0.0
She was on her phone. I would not call her a parent.,Reddit,EDOS_corpus,EDOS,women_relevant_labelled,0.0,0.0,neutral_discourse,0.0,standard,0.45,0.15,0.0,neutral_discourse,0.0,neutral_discourse,,,,0.0,0.0
"Seeing his comment to this, it's definitely a troll. It sucks that trolls are ruining the reputation of women who are truly femcel.",Reddit,EDOS_corpus,EDOS,women_relevant_labelled,0.0,0.0,neutral_discourse,0.0,standard,0.45,0.15,0.0,neutral_discourse,0.0,neutral_discourse,,,,0.0,0.0
"LOL seeing all the reactions for those not being fond of the Kenyans. I mean, they can't rape you across the internet, guys, if that's what y'all think they do.",Reddit,EDOS_corpus,EDOS,women_relevant_labelled,0.0,0.0,neutral_discourse,1.0,severe,0.45,0.15,0.0,neutral_discourse,0.0,neutral_discourse,,,,0.0,0.0
"Before you jump on me for this, remember I married a mining engineer—in a day when women were almost never engineers of any kind, let alone miners!",Reddit,EDOS_corpus,EDOS,women_relevant_labelled,0.0,0.0,neutral_discourse,0.0,standard,0.45,0.15,0.0,neutral_discourse,0.0,neutral_discourse,,,,0.0,0.0
StumbleLina sure does have a lot of dead bodies piling up with her name written all over them‼️ 😡,Reddit,EDOS_corpus,EDOS,women_relevant_labelled,0.0,0.0,neutral_discourse,0.0,standard,0.45,0.15,0.0,neutral_discourse,0.0,neutral_discourse,,,,0.0,0.0
From proud purveyor of fine female anatomy to D-grade Buzzfeed ripoff: Playboy now baring it all on... bronies? [URL],Reddit,EDOS_corpus,EDOS,women_relevant_labelled,0.0,0.0,neutral_discourse,0.0,standard,0.45,0.15,0.0,neutral_discourse,0.0,neutral_discourse,,,,0.0,0.0
Not all women lust over super hot guys.,Reddit,EDOS_corpus,EDOS,women_relevant_labelled,0.0,0.0,neutral_discourse,1.0,severe,0.45,0.15,0.0,neutral_discourse,0.0,neutral_discourse,,,,0.0,0.0
"I'm sure my Latina wife will be very disconcerted to find out that we live in a ""cave!""",Reddit,EDOS_corpus,EDOS,women_relevant_labelled,0.0,0.0,neutral_discourse,0.0,standard,0.45,0.15,0.0,neutral_discourse,0.0,neutral_discourse,,,,0.0,0.0
"Just my assumption. Historical setting used the male pronoun, but we're just as likely today for evil female.",Reddit,EDOS_corpus,EDOS,women_relevant_labelled,0.0,0.0,neutral_discourse,0.0,standard,0.45,0.15,0.0,neutral_discourse,0.0,neutral_discourse,,,,0.0,0.0
"Man. You people are really out here just wasting time aren’t you? 

“I want her to change who she’s been for 4 years before we move in together.”

What’s going on?",Reddit,relationship_advice,reddit_harassment_dataset,live_scrape,0.19,0.0,neutral_discourse,0.0,standard,0.19,0.2233,0.0,neutral_discourse,0.0,neutral_discourse,,,,0.0,0.0
"""Excuse me, Ms. Feinstein, your penis is showing.""",Reddit,EDOS_corpus,EDOS,women_relevant_labelled,0.0,0.0,neutral_discourse,0.0,standard,0.45,0.15,0.0,neutral_discourse,0.0,neutral_discourse,,,,0.0,0.0
A HUGE manhunt is underway after a man murdered his toddler daughter by slashing her throat in front of her terrified mother. The mother is receiving treatment for shock at a hospital in the city. [URL],Reddit,EDOS_corpus,EDOS,women_relevant_labelled,0.0,0.0,neutral_discourse,0.0,standard,0.45,0.15,0.0,neutral_discourse,0.0,neutral_discourse,,,,0.0,0.0
"Hahahaha fabulous observation, I wonder if that's ever happened to her. I'm sure it has in court 😂",Reddit,EDOS_corpus,EDOS,women_relevant_labelled,0.0,0.0,neutral_discourse,0.0,standard,0.45,0.15,0.0,neutral_discourse,0.0,neutral_discourse,,,,0.0,0.0
"Okay, at first I was actually almost with you (not agreeing but not not agreeing), but to draw the line at ""rape bad, kill good"" when both of which have equally scientific basis. While I agree, morality is grey, and humans are pre-programmed meat suits, that's not to say that morality is ALWAYS grey, you don't just pick and choose the good and bad from what you appreciate about science and make it a half baked refute. Rape is bad for the same reason murder is bad, a preprogrammed robot with additional tasks assigned to it should be able to complete both sufficiently, that is to say, a human that's nature is ""to kill"" should do equally well when given the external command to not kill. The very purpose of killing was self defense and survival/food, with survival no longer functioning in our society and a specific group of humans we use as a proxy militia for a fight (police), both of these reasons are obsolete, therefore killing is obsolete, and in the same respect rape is obsolete as a result of intelligent communication evolved over hundreds of years of linguistics refinement. If nature comes naturally to someone, equally as much so does pragmatism under suitable circumstances.",Reddit,The10thDentist,pullpush_live_search,live_scrape,0.1664,0.0,victim_disclosure,1.0,severe,0.1664,0.0265,0.0,victim_disclosure,0.0,victim_disclosure,,,,0.0,0.0
"#MAGA #Gab #GabFam #SpeakFreely #News Department of Transportation charges dead girl $3,000 for damaging highway guardrail that killed her [URL]",Reddit,EDOS_corpus,EDOS,women_relevant_labelled,0.0,0.0,neutral_discourse,0.0,standard,0.45,0.15,0.0,neutral_discourse,0.0,neutral_discourse,,,,0.0,0.0
"Meh she's bored and wants to be entertained. You can engage and try out new wierd lines if you feel like it, not like you'll get her into bed.",Reddit,EDOS_corpus,EDOS,women_relevant_labelled,0.0,0.0,neutral_discourse,0.0,standard,0.45,0.15,0.0,neutral_discourse,0.0,neutral_discourse,,,,0.0,0.0
"As a child I was fascinated by my little brother's bathtub. It was one of those portable ones you could put in the sink. It made no sense to me how the drain could be connected to the house when they kept moving the tub around the place.

So one day when they were drying him off I opened it to investigate. It drained all over the living room carpet.",Reddit,AskReddit,reddit_harassment_dataset,live_scrape,0.1061,0.0,victim_disclosure,0.0,standard,0.1061,0.0694,0.0,victim_disclosure,0.0,victim_disclosure,,,,0.0,0.0
#ChipWilson is right-some #women should not wear #lululemon style pants. #yoga #leggings are not pants.,Reddit,EDOS_corpus,EDOS,women_relevant_labelled,0.0,0.0,neutral_discourse,0.0,standard,0.45,0.15,0.0,neutral_discourse,0.0,neutral_discourse,,,,0.0,0.0
"I had half a crush on this one guy til he said ""I'll show you some GOOD music,"" as if I had no idea what good music was. Ick. So condescending ",Reddit,TwoXChromosomes,reddit_harassment_dataset,live_scrape,0.3278,0.0,neutral_discourse,0.0,standard,0.3278,0.1167,0.0,neutral_discourse,0.0,neutral_discourse,,,,0.0,0.0
Yeah! The Gen Z worship kinda weirds me out! They harassed Nickelodeon creators to try to get the lost pilot Me and My Friends! It's pretty embarassing!,Reddit,Zillennials,pullpush_live_search,live_scrape,182.0,0.0,neutral_discourse,0.0,standard,182.0,0.0396,0.0,neutral_discourse,0.0,neutral_discourse,,,,0.0,0.0
"Was house hunting and while in the master bedroom of one house I saw what looked like an odd outlet near the bed, like maybe for some audio cable. While trying to figure out what it was, I pushed it, triggering the panic alarm and calling the cops on us and the realtor. The homeowner had to come back to disable the alarm. 

We did not buy that house.",Reddit,AskReddit,reddit_harassment_dataset,live_scrape,0.2236,0.0,neutral_discourse,0.0,standard,0.2236,0.1743,0.0,neutral_discourse,0.0,neutral_discourse,,,,0.0,0.0
This is just SIMP programming 101. Useful to create beta orbiters just in case Plan Chad doesn't work out and needs a free monthly cheque for life.,Reddit,EDOS_corpus,EDOS,women_relevant_labelled,0.0,0.0,neutral_discourse,0.0,standard,0.45,0.15,0.0,neutral_discourse,0.0,neutral_discourse,,,,0.0,0.0
"Confession #9

""I want to fuck choti mami she is very hot 🥵
""",Telegram,anonymousconfess,telegram_messages,live_scrape,0.4234,1.0,perpetrator_attack,1.0,severe,0.4234,0.4703,1.0,perpetrator_attack,1.0,perpetrator_attack,,,,1.0,1.0
"Hi guys!!

M,21,  here,
I am a straight male, always got almost everything wanted in life.
6 months ago broke up with my gf coz she wasn't much exploring and thinks that her academics are getting weak coz of our relationship which wasn't the case in my situation. I am still getting good grades in clg. As it's my last year, I am finding new things which led to me to explore the incest things. 
I am started growing to get fetish on girls more. 
Infact, i always thinks of getting slave of a girl and time by time it grews more. I am always been dominating in bed but I want to try new this time and wants to get dominated by a girl.
Doesn't matter the age, it will be ok in any manner whether she's a younger girl,of same age or old one.
I can't handle this feeling anymore. 
I tried many a times on the neighborhood aunts but everytime either they don't want to engage in or if 1-2 accept the proposal then her family came out of nowhere.",Telegram,indiansconfessions,telegram_messages,live_scrape,0.3349,1.0,perpetrator_attack,0.0,gendered_moderate,0.3349,0.1674,1.0,perpetrator_attack,1.0,perpetrator_attack,,,,1.0,1.0
"What lies ahead for global politics in 2025? | The Take
@aljazeeraenglish",Telegram,AlJazeeraEnglish,telegram_messages,live_scrape,0.4351,1.0,neutral_discourse,0.0,gendered_moderate,0.4351,0.1908,1.0,neutral_discourse,1.0,neutral_discourse,,,,0.0,1.0
"I have this strange obsession towards women older than me. It excites me to have some fun with them. I love to mutually enjoy with aunties in crowd like bus , vegetable market, shared auto. It is always above the clothes and it is never forced.

First , I test if an aunty is cooperative or not ,if they are game , I proceed to slowly caress them with my palm and  arouse them. I tend get carried away most of the time and poke their tits with my elbow or put my throbing dick onto their ass. 

My only consolation is that  i have a strict rule of backing off if somebody is not interested.",Telegram,indiansconfessions,telegram_messages,live_scrape,0.6519,1.0,perpetrator_attack,0.0,gendered_moderate,0.6519,0.3259,1.0,perpetrator_attack,1.0,perpetrator_attack,,,,1.0,1.0
"Confession #72

This is by far the hottest thing to ever happen to me! I’m male 25 married with kids but my super hot sis-in-law recently started making sexual advances and hints to me during family gatherings. Yesterday she finally followed me to the bathroom after she was already rubbing up against me all morning from when she would walk by me. And when she followed me she got real serious and told me that her and her bf were trying for a baby but he doesn’t really want to have kids and she wants them within the next year so she’s desperate to get pregnant. Since I have 3 kids she apparently thinks I have good seed I guess lol. But long story short she begged me to think about it and she would sort it all out and find a way to hide the affair if I’m up for it. She then proceeded to rub my (now) hard boner and pull a titty out and says to me that it would be the best sex ever and she would do more than just getting creampied! At this point my boner is raging out of control and I’m trying to be good but I told her I’d think about it and now I have to jerk off to clear my head. So she almost literally ripped off my belt and pulled my pants down and I told her to stop cause we would get caught but she gave me head right there in the bathroom so fast and intense I didn’t even know what to do. I came in minutes down her throat and I didn’t even know what just happened. She then said now you have to give me a baby next time we get a chance. She’s been texting me with plans on where and when to go to this hotel and apparently get her pregnant next week cause she’ll be ovulating apparently. Should I do it? I don’t want to get involved in a crazy situation willingly!",Telegram,anonymousconfess,telegram_messages,live_scrape,0.4629,1.0,neutral_discourse,0.0,gendered_moderate,0.4629,159.0,1.0,neutral_discourse,1.0,neutral_discourse,,,,0.0,1.0
"Baate kuch ankahi si..
Kuch ansuni si hone lagi..

So if you feel like that 
Then open up here.. No one will judge you.. And everyone is ready to listen you without knowing your identity.. 
Confession will be anonymous...",Telegram,indiansconfessions,telegram_messages,live_scrape,0.4249,1.0,neutral_discourse,0.0,gendered_moderate,0.4249,0.1249,1.0,neutral_discourse,1.0,neutral_discourse,,,,0.0,1.0
"Looking for older women, M25 here, add me",Telegram,badoocom,telegram_messages,live_scrape,0.5237,1.0,perpetrator_attack,0.0,gendered_moderate,0.5237,0.2618,1.0,perpetrator_attack,1.0,perpetrator_attack,,,,1.0,1.0
The Boys (Hindi Dub) 😂💯🔥,Telegram,ig_meme_templatesofficial,telegram_messages,live_scrape,0.5367,1.0,perpetrator_attack,0.0,gendered_moderate,0.5367,0.2684,1.0,perpetrator_attack,1.0,perpetrator_attack,,,,1.0,1.0
"Confession #19

I have a college friend and I really want to eat her pussy and sometimes when I'm at her house I go to her washroom and smell her dirty used panties from the basket",Telegram,anonymousconfess,telegram_messages,live_scrape,0.7012,1.0,perpetrator_attack,0.0,gendered_moderate,0.7012,0.3506,1.0,perpetrator_attack,1.0,perpetrator_attack,,,,1.0,1.0
"**जैसा कि आप सभी को मालूम है कि दिनांक 3/08/2023 को समय करीब 11:45के आसपास shivam satyam द्वारा अपनी समस्या जो यह है कि shivam satyam की बड़ी बहन गोरखपुर घर से बाहर नीत की पढ़ाई वर्तमान से करीब आठ साल पहले से कर रही थी लेकिन वर्तमान से करीब दो साल पहले काफ़ी प्रयास के बाद भी लड़की नीत मे असफल रही तो परिवार द्वारा सादी व घर से पढ़ाई करने के लिए कहा गया तो और उसे वापस घर बुलाने के लिए एक दो बार फॅमिली उसके पास पहुंची तो लड़की को महसूस हुआ कि फॅमिली अब मुझे पढ़ने नहीं देगी जिसके डर से लड़की द्वारा बिना फॅमिली को सूचना दिए अपना लोकेशन बगेरा सब चेंज कर लिया तथा फॅमिली से सम्पर्क करना बंद कर दिया.. अब लड़की की फॅमिली अत्यंत दुखी व परेशान थी तथा दो साल से लड़की से दूर बिना बेटी के जीवन यापन कर रहे थे.. एक दिन अचानक shivam satyam को 🪔Women's & girls' safety (Empowerment)🪔 ग्रुप के बारे में पता चलता है कि यहां सभी की लड़कियो व लड़को की बिना किसी भेदभाव के मदद होती है तो उन्होंने अपनी समस्या इस समूह मे 3/8/23 को यहां रखी....🪔Women's & girls' safety (Empowerment)🪔 ग्रुप ने ज़ब यह समस्या सुनने व समझने के बाद तत्काल सुनवाई की गई और आज दिनांक 6/8/23 को लड़की की फॅमिली को लड़की से मिलवाया गया तथा लड़की की फॅमिली का टेंशन, दुख, दर्द जैसी समस्याओं का निस्तारण किया गया... अंततःलड़की की फॅमिली आज अत्यंत प्रसन्न है और 🪔Women's & girls' safety (Empowerment)🪔 टीम को तहे दिल से शुक्रिया अदा करती है.. धन्यवाद 🙏

लड़की की मिसिंग परिवार से सम्पर्क न करना इत्यादि समस्या मे सहयोग करने वालों में आप सभी मेंबर का सहयोग है आप सभी इसी प्रकार हमारे साथ जुड़े रहें तथा इसी प्रकार आप सभी अपना प्यर बनाए रखें....

एक निवेदन :-👇👇

इस ग्रुप के लिंक को ज्यादा से ज्यादा लोगो तक अपने परिवार दोस्त समाज मोहल्ले के सभी लोगो तक share करें और आप सभी इसी प्रकार अपना प्यार इस समूह के लिए बनाये रखें 👍🙏🤗**",Telegram,women_girlsafety,telegram_messages,live_scrape,0.5824,1.0,perpetrator_attack,0.0,gendered_moderate,0.5824,0.2912,1.0,perpetrator_attack,1.0,perpetrator_attack,,,,1.0,1.0
"Confession #95

I used to always steal my sisters panties out the hamper and sniff them, and often times would wear them. Definitely the reason I only wear women’s panties to this day.",Telegram,anonymousconfess,telegram_messages,live_scrape,0.4409,1.0,neutral_discourse,0.0,gendered_moderate,0.4409,0.1207,1.0,neutral_discourse,1.0,neutral_discourse,,,,0.0,1.0
"Few sad memories , few bad memories.. when it's hidden, it will become a burden.. funny moments and happy incidences bring smile on someone's face.. So share to care.. Your name will be anonymous.. 😊",Telegram,indiansconfessions,telegram_messages,live_scrape,0.5399,1.0,perpetrator_attack,0.0,gendered_moderate,0.5399,0.27,1.0,perpetrator_attack,1.0,perpetrator_attack,,,,1.0,1.0
SRK and Amitabh Bachchan,Telegram,ig_meme_templatesofficial,telegram_messages,live_scrape,0.6283,1.0,perpetrator_attack,0.0,gendered_moderate,0.6283,0.3141,1.0,perpetrator_attack,1.0,perpetrator_attack,,,,1.0,1.0
"Confession #34

I once put my hand in one of my cousin pussy",Telegram,anonymousconfess,telegram_messages,live_scrape,0.6486,1.0,perpetrator_attack,0.0,gendered_moderate,0.6486,0.3392,1.0,perpetrator_attack,1.0,perpetrator_attack,,,,1.0,1.0
"🎁 **Azuki Alley Escape is LIVE! **

Pick up rewards, customize your skater and become a legend of the leaderboard. 😎

Azuki prizes worth** $30,000** are there for the taking at the end of the season.

Welcome to the Alley. 
**You're early. **⛩️",Telegram,gameetokennews,telegram_messages,live_scrape,0.5054,1.0,neutral_discourse,0.0,gendered_moderate,0.5054,0.0869,1.0,neutral_discourse,1.0,neutral_discourse,,,,0.0,1.0
"**🔥**** The new ****@JetTon**** TON Mine is HERE! ****📱****
**
**🔥** Happy Halloween! 🎃 

We figured there's nothing spookier than mining 50,000 km below the earth in total darkness, so we've opened a new mine! 😁

⛏ **Mining Event:**
- Race for only **50,000** kilometres 
- Everyone gets a **Lambo** in Wat Racer! 🛞
- Watch out for **ghosts**!* 👻

* ᴺᴼᵀ ᴿᴱᴬᴸᴸᵞ ᴮᵁᵀ ᴵ ᴬᴹ ᵀᴿᵞᴵᴺᴳ ᴹᵞ ᴮᴱˢᵀ ᵀᴼ ᶜᴼᴺᴺᴱᶜᵀ ᵀᴴᴵˢ ᵀᴼ ᴴᴬᴸᴸᴼᵂᴱᴱᴺ

🏅 **Rewards:**
- 1st Place: **100 TON**
- 2nd-101st: **5 TON**
- 102nd-501st = **1 TON**

**💡**** To make it completely fair and ensure that all players begin with an equal chance, Blue Coin balances have been reset! ****❤️‍🔥****
**
**💀**** LET'S GO! ****⛏**",Telegram,gameetokennews,telegram_messages,live_scrape,0.4551,1.0,neutral_discourse,0.0,gendered_moderate,0.4551,0.1491,1.0,neutral_discourse,1.0,neutral_discourse,,,,0.0,1.0
"тв кв: слфх, травля

здравствуйте конфешен
я с середины февраля регулярно посещаю психиатра. из-за продолжительного буллинга у меня пошатнулась психика, там пошел сх и так далее... я понимала что это всё неправильно и я не должна была это делать, но что сделано то сделано. психиатр не хочет мне ставить диагноз уже долгое время, но и не говорит что со мной всё нормально. я пью кветиапин и седалит. как нибудь по этим таблам можно определить в какую сторону мы движемся? я подозреваю у себя возможное БАР, потому что у меня с 10 лет эпизодические перепады настроения, хорошее длится где то неделю-две, а плохое от месяца. ну, объясняю без всяких заумных терминов потому что меня и так психиатр можно сказать подозревает что я придумываю себе диагноз. короче, помогите.

୨୧・┈ #МДтейк ┈・୨୧
:→@MDersbot || #непонятно",Telegram,MDersConfa,telegram_messages,live_scrape,421.0,1.0,neutral_discourse,0.0,gendered_moderate,421.0,0.1567,1.0,neutral_discourse,1.0,neutral_discourse,,,,0.0,1.0
"Why is thyroid cancer more common in women? | Now You Know
@aljazeeraenglish",Telegram,AlJazeeraEnglish,telegram_messages,live_scrape,0.4952,1.0,neutral_discourse,0.0,gendered_moderate,0.4952,0.1184,1.0,neutral_discourse,1.0,neutral_discourse,,,,0.0,1.0
"""Even when the clouds are grey, the sun is shining.""
#BushWhisperer
Watching the sunrise through grey clouds is a terrific way to enhance and empower etheric vision.
The human eye has a natural ability to observe the ethers if we allow ourselves to become immersed in the play of light, especially upon water.
""Engage with nature and she reveals her mysteries that those with eyes to see might behold her inner nature.""
#BushWhisperer",Telegram,Religiousdebate,telegram_messages,live_scrape,0.4224,1.0,neutral_discourse,0.0,gendered_moderate,0.4224,0.0847,1.0,neutral_discourse,1.0,neutral_discourse,,,,0.0,1.0
"गर्लफ्रेंड को तो सब छूना चाहते हैं  ?

लेकिन शादी के लिए बीवी बिना छुई हुई चाहते हैं ?

 कड़वा ज़रूर है लेकिन सच है

लालची लड़के वाले नहीं, बल्कि लड़की वाले होते है | बड़ा घर, नौकरी, जमीन जायदाद, इकलौता हो, सास-ससुर न हो, राजकुमार हो, आदि-आदि, पहली सोच यही से लड़की के परिवार से उतपन्न होती है | यह एक ऐसा सामाजिक सच है, जिसमे अपने समाज की सारी सच्चाई छिपी है !|

रिश्ते तो पहले होते थे,

अब रिश्ते नही सौदे होते हैं,

बस यहीं से सब कुछ गड़बड़ हो रहा है,

किसी भी माँ-बाप मे अब इतनी हिम्मत शेष नही रही, कि बच्चों का रिश्ता अपनी मर्जी से तय कर सकें ...!

पहले खानदान देखते थे,

सामाजिक पकड़ और सँस्कार देखते थे, और अब ...,

मन की नही तन की सुन्दरता चाहिए,

सरकारी नौकरी, दौलत, कार, बँगला, साइकिल, या स्कूटर वाला राजकुमार अब किसी को नही चाहिये, सब की पसंद कार वाला ही है, भले ही इनकी संख्या 10% ही हो ...!

लड़के वालो को लड़की बड़े घर की चाहिए,

ताकि भरपूर दहेज मिल सके,

और लड़की वालोँ को पैसे वाला लड़का,

ताकि बेटी को काम करना न पड़े,

नौकर चाकर हो,

और परिवार भी छोटा ही हो ताकि काम न करना पड़े और इस छोटे के चक्कर मे परिवार कुछ ज्यादा ही छोटा हो गया है |

पहले रिश्ता जोड़ते समय लड़की वाले कहते थे कि मेरी बेटी घर के सारे काम जानती है और अब शान से कहते हैं हमने बेटी से कभी घर का काम नही कराया है | यह कहने में लोग शान समझते हैं, इन्हें रिश्ता नही बेहतर की तलाश है | रिश्तों का बाजार सजा है गाङियों की तरह, शायद और कोई नयी गाड़ी लांच हो जाये |

इसी चक्कर मे उम्र बढ रही है, अंत मे सौ कोड़े और सौ प्याज खाने जैसा है |

अजीब सा तमाशा हो रहा है

अच्छे की तलाश मे सब अधेड़ हो रहे हैं ...!

अब इनको कौन समझाये कि एक उम्र मे जो चेहरे मे चमक होती है, वो अधेड़ होने पर कायम नही रहती, भले ही लाख रंगरोगन करवा लो, ब्युटिपार्लर मे जाकर ...!

एक चीज और संक्रमण की तरह फैल रही है, नौकरी वाले लङके को नौकरी वाली ही लङकी चाहिये, अब जब वो खुद ही कमायेगी तो क्यों आपके या आपके माँ बाप की इज्जत करेगी ...?

और हाँ,

इस पर अवश्य विचार करियेगा हम कहाँ से कहाँ आ गये ...?

""यह कहानी सभी पुरुष महिलाओं पर लागू नही होती, 
कुछ पुरुष तो कुछ महिलाएं इस तरह से मर्यादाएं नष्ट कर रही हैं 
भला मैं क्या ही बताऊं",Telegram,women_girlsafety,telegram_messages,live_scrape,421.0,1.0,neutral_discourse,0.0,gendered_moderate,421.0,0.1567,1.0,neutral_discourse,1.0,neutral_discourse,,,,0.0,1.0
"I am a boy and i am from bihar,  i had moved to bangalore  couple  of years before.  I had come to bangalore  for my 10+ studies and further B-tech. There my story starts,  the first day of college  and sulked a lot.  No friends nothing and then there i met her our eyes  met,  our eyes said thousand words together. We started texting  and calling each other day and night,  we had become really  close.  But i took a wrong turn and within few months  love was in the air, everyone started  screaming  our names out when any love like word use to come in the textbook. And being a bihari boy and a  rich brat i took a wrong turn of proposing  her. I felt love  but that wasn't  in her side.  She told she saw me as a really  sweet  and caring friend. 
after being heartbroken i went silent,  no studies  no playing,  no peace of mind,  i went to college  just to show  my parents, i never  picked any call,  stayed away from everyone.  Then i messed my 12 results. My parents  weren't  happy  and they felt that there is some loop.  I didn't  give any clue to them,  i never spoke  to them why i  became  like that. 
After 6 months,  my phone beeped and i saw a notification and she requested  to follow  me,  my heart skipped  a beat and i stood there silent  looking  at the  notification for quite a couple  of  minutes.  I accepted  that follow request and at the same time i received  her text ""HI,  HOW ARE YOU??"" 
 I was broken and she asked  how are you!!  

Our text's and calls  started  again and my love for her had not changed  still. 
She was in goa and she sent me her pictures.  It reminded  me of her times when we went to wonderla,  in the pool of her apartment. I was sad and she happy with her boy friend.  

I am still   there,  in love with her and she happy posting  pictures  of her with her  boyfriend!! 

Her pictures  are still with me but  she is not with me.  Neither we are in touch.",Telegram,indiansconfessions,telegram_messages,live_scrape,0.2184,1.0,perpetrator_attack,0.0,gendered_moderate,0.2184,0.1096,1.0,perpetrator_attack,1.0,perpetrator_attack,,,,1.0,1.0
"I used to tex random girl on telegram .I few get some girl to chat .one day I messaged to girl but after chating I got to know that she is mother of her but having daughters name and dp.
Her mother name is rupali.she is talking like she knew me .what happened that my name and rupali friend name is same. I got to know that rupalis husband is died .I asked for pic she sent.after chating I found that her friend is her boyfriend type used to do sex.and know both families each other.i asked for nude she said no Frist but after time se sent me 5-6 nude.after next day she found that I am not her boyfriend.she blocked me.",Telegram,indiansconfessions,telegram_messages,live_scrape,0.1455,1.0,perpetrator_attack,1.0,severe,0.1455,0.0974,1.0,perpetrator_attack,1.0,perpetrator_attack,,,,1.0,1.0
"Confession #47

""Hello guys toh starting from the beginning meri 4 real bhene h , sabb bdi h 3 married and 4th one is engaged now, so basically all of them are very slutty and ye batei mujhe badme pta chli when i grew up, toh sabse bdi didi and sabse choti didi (1st & 4th ) similar hai figure, and bhot pretty h 2nd & 3rd thori dusky h complexion me bt unka bhi fig acha h toh ek baar me apni 4th vali didi ke laptop se assignment bna rha tha and mujhe folders mile mene open kre toh i was shocked to see mere didi ke nudes , dick picks ke sath and vhi pr chat ke ss bhi the mene thore bhot import kre jaldi jaldi mai me bhot dara hua tha, bt also exited, later on mene unko padha toh i got her google password, and mene didi ki google photos login kri and tb i was more shocked to se the real  lifestyle my sis was living in, she was getting fucked with some other religion guys as well and had all sort of pics bt later on jab mene kuch chat ke ss padhe tb i got to know some guy who has been fucking my sis usne sabse bdi didi ke sath bhi kafi kia hua h and he had pics of her too and unko dikha kr 4th vali didi ko temp krta tha and fasaya, and use kia, but ab my sis was willing getting fucked like some slut. So yah this was my experience , which i never have imagined ki someone i know from the start can be so slutty and different. Abhi bdi didi ki shadi hogai h still she goes out with him. 
""",Telegram,anonymousconfess,telegram_messages,live_scrape,0.6342,1.0,neutral_discourse,1.0,severe,0.6342,0.1021,1.0,neutral_discourse,1.0,neutral_discourse,,,,0.0,1.0
"Hey there, any women DM me",Telegram,badoocom,telegram_messages,live_scrape,0.4782,1.0,neutral_discourse,0.0,gendered_moderate,0.4782,0.0448,1.0,neutral_discourse,1.0,neutral_discourse,,,,0.0,1.0
"Confession #12

Want to see my sis getting fucked hard, saw her once sucking his bf dick, now i always get hard seeing her, also haven't seen her full naked bt her bobs are so bouncy just want to watch them sucked and get her fucked.",Telegram,anonymousconfess,telegram_messages,live_scrape,0.4358,1.0,neutral_discourse,1.0,severe,0.4358,0.3188,1.0,neutral_discourse,1.0,neutral_discourse,,,,0.0,1.0
"Looking for 1-2 housemates (women only) to rent together around kajang 2. List of choices are provided (< rm1.2k) with viewing appointment around the corner. For further details pls contact: (01135299091)
Thank you!!",Telegram,UKM_Confession,telegram_messages,live_scrape,0.4652,1.0,neutral_discourse,0.0,gendered_moderate,0.4652,0.2013,1.0,neutral_discourse,1.0,neutral_discourse,,,,0.0,1.0
"Confession #104

Confession:

Hi.. I'm 19 year old guy lives in small city.. a few weeks back my world destroyed. Now I don't believe in family.. so the scene is it was Sunday and my mom and dad was away for trip I was alone in home and I saw my dad's laptop so I opened it.. 
I saw all the old pictures of family and others things and suddenly i saw one folder named priya(my mom) and I opened.. what I saw was most ugliest thing..
I saw my mom fucking another person and my dad is cuck and taking photos and filming them..they did with young boy to married man and filmed it and what was more disturbing that my mom was so horny there she was like slut taking it in every holes.. and they even did gangbang which was worst again 
And that day they gone for trip now I know why also I can see everything now like my friend coming to our house and spending time with mom dad at night and also they has wild fantasy to do with young boys",Telegram,anonymousconfess,telegram_messages,live_scrape,0.5901,1.0,neutral_discourse,1.0,severe,0.5901,0.1584,1.0,neutral_discourse,1.0,neutral_discourse,,,,0.0,1.0
She's so young I don't want to see her face like panda,Telegram,united_global_friends,telegram_messages,live_scrape,0.3431,1.0,perpetrator_attack,0.0,gendered_moderate,0.3431,0.3114,1.0,perpetrator_attack,1.0,perpetrator_attack,,,,1.0,1.0
"the moment someone has absolutely nothing of value to say, they resort to playground-level insults. ‘Goat jokes’? Really? That’s the best you’ve got? I almost feel bad for you imagine joining a debate just to embarrass yourself like this. No arguments, no logic, no intelligence just a desperate attempt at attention.
It’s funny how people like you always prove my point without me even trying. You come in loud, thinking you’re clever, but all you do is show the world how little you actually know. Maybe instead of wasting your time throwing weak insults, you should try reading a book though judging by your mental capacity, I wouldn’t expect much progress. 😂

Now run along, little man. The adults are talking.",Telegram,Religiousdebate,telegram_messages,live_scrape,529.0,1.0,perpetrator_attack,0.0,gendered_moderate,529.0,0.2645,1.0,perpetrator_attack,1.0,perpetrator_attack,,,,1.0,1.0
"**आदरणीय सर/ मैडम 🙏💐

हमारे ग्रुप का उद्देश्य है 🌺 मजबूरो को सुरक्षा प्रदान करने का 🌸कोसिस🌸 करना 
यहाँ क्या मदद होती है👉👉🌷🌷🌷
🌕अगर आप telegram, WhatsApp, Twitter, instagram या अन्य🌕 किसी भी सोशल मिडिया पर परेशान है👉 [धम्मकियो, ब्लैकमेल, अभद्र व्यवहार, अस्लिलता या धोखाधरी] से  तो आप अपने समस्याओं को यहाँ एक भरोसे के साथ बता सकते है!🎋🎋🎋🎋🎋🎋 हम सभी ग्रुप वासीयों का कोसिस होगा की हम सभी एकता के साथ समाधान करें अन्यथा अन्य तरीके से सहयोग करें! 🌼🌼
अगर आप हमारे साथ जुड़ते है तो इसमे आपको ही फायदा है इससे आप एक अच्छे नागरिक बन सकते है मदद करके✨✨
कृप्या ग्रुप मे छोटे छोटे मैसेज hii hello thanks जैसे मैसेज न करें,
आप सभी शाम 9: 00pm पर वौइस् चैट से जुड़कर अपने विचारों को साझा करें.

आपका अपना ग्रुप 🕸 women & girls safety 😊😊**",Telegram,women_girlsafety,telegram_messages,live_scrape,0.4884,1.0,neutral_discourse,0.0,gendered_moderate,0.4884,0.1297,1.0,neutral_discourse,1.0,neutral_discourse,,,,0.0,1.0
"Confession #74

""Ok so I’m a black 39 year old dominate male but behind closed doors I worship trannys, cd’s, fems, chubs. I love when they can cum on me. Like it’s bad, it’s all
I think about any my phone is full
Porn. Like I’m a gay ass pervert freak when I’m with them. I always go for white ones and I make them call me N199er repeatedly! I love it more than anything tho. I’ve paid white hookers money just to sit and call me a monkey while I jerk off. I make them call me a faggot and I’ll give extra money if they pee in me. I have a serious problem but I love it. Like I have a fantasy of white twinks and fem boys and trans taking turns on me. I want them to always say anything derogatory against black ppl and I really I love this shit tho. Like I have a gf but I love boi/tran pussy more than anything. I love suckin them off and just being a straight up bitch. Like it’s so bad🤦🏾‍♂️ 
I have a fantasy of finding a woman, who’s just as sexually fckd up and freaky as me and we will be married but on our day of marriage I want a me and my wife to be supremely Dominated by a huge dic tranny and we’ll do tht every year. Also if any black women are into being called out there name and love it please hit me up so we can swap stories.""",Telegram,anonymousconfess,telegram_messages,live_scrape,0.9105,1.0,perpetrator_attack,1.0,severe,0.9105,0.4553,1.0,perpetrator_attack,1.0,perpetrator_attack,,,,1.0,1.0
"**You know, for someone who claims to be all about logic and history, you sure spend a lot of time fantasizing about men’s outfits. Maybe instead of designing superhero costumes, you should try actually defending your arguments for once. But hey, if you want to role-play, I hear the ‘Deflector Supreme’ costume is still available—you wear a cape made of weak arguments and disappear every time you’re asked for real evidence. Just putting it out there. It’s an idea.**",Telegram,Religiousdebate,telegram_messages,live_scrape,0.4315,1.0,neutral_discourse,0.0,gendered_moderate,0.4315,0.0749,1.0,neutral_discourse,1.0,neutral_discourse,,,,0.0,1.0
"Confession #77

Hi I’m [20F] a northeast girl and recently joined a gym. They said girls could join too but there weren’t many. Sometimes I’m the only girl there and the guys would constantly stare at me because of the way I dressed, which was mostly sports bra and tight pants.  I mean I don’t mind the attention but at first the guys looked so creepy. I eventually got used to it even though I have never interacted with them. 
Recently idk why but I’ve been feeling so horny lately. Like after a few workouts and some cardio, I feel so turned on for no reason. The smell of the male sweat as well as the way they stare at me also make it worse. I keep imagining scenarios where I end up fucking one of the guys in the gym washroom or in the showers. Then there’s those hairy muscular guys with veiny arms and dark skin. I think they’re haryanvi or something because they keep blasting such music on the speakers. I can’t make eye contact with them. They make me so nervous. Like I want to talk to them but also scared to do so. Once I asked a guy for help with the correct form for squats and the way he was touching me gave me dirty thoughts. I ended up fingering myself in the toilet while imagining him fucking me in front of everyone. Idk what’s wrong with me. And I’m scared that if any one of them hits on me, I’ll probably let him fuck me.",Telegram,anonymousconfess,telegram_messages,live_scrape,0.4808,1.0,neutral_discourse,1.0,severe,0.4808,0.1588,1.0,neutral_discourse,1.0,neutral_discourse,,,,0.0,1.0
"**आदरणीय सर/ मैडम 🙏💐

हमारे ग्रुप का उद्देश्य है 🌺 मजबूरो को सुरक्षा प्रदान करने का 🌸कोसिस🌸 करना 
यहाँ क्या मदद होती है👉👉🌷🌷🌷
🌕अगर आप telegram, WhatsApp, Twitter, instagram या अन्य🌕 किसी भी सोशल मिडिया पर परेशान है👉 [धम्मकियो, ब्लैकमेल, अभद्र व्यवहार, अस्लिलता या धोखाधरी] से  तो आप अपने समस्याओं को यहाँ एक भरोसे के साथ बता सकते है!🎋🎋🎋🎋🎋🎋 हम सभी ग्रुप वासीयों का कोसिस होगा की हम सभी एकता के साथ समाधान करें अन्यथा अन्य तरीके से सहयोग करें! 🌼🌼
अगर आप हमारे साथ जुड़ते है तो इसमे आपको ही फायदा है इससे आप एक अच्छे नागरिक बन सकते है मदद करके✨✨
कृप्या ग्रुप मे छोटे छोटे मैसेज hii hello thanks जैसे मैसेज न करें,
आप सभी शाम 9: 00pm पर वौइस् चैट से जुड़कर अपने विचारों को साझा करें.
अगर आप ग्रुप एडमिन बनना चाहते है तो आपके विचार, व्यवहार, ग्रुप मे आपकी एक्टिविटी आदि देखकर आपको एडमिन बनाया जा सकता है

आपका अपना ग्रुप 🕸 women & girls safety 😊😊**",Telegram,women_girlsafety,telegram_messages,live_scrape,0.4884,1.0,neutral_discourse,0.0,gendered_moderate,0.4884,0.1297,1.0,neutral_discourse,1.0,neutral_discourse,,,,0.0,1.0
"Contd. from the last confession

""I don't know what she is upto,what's in her mind, what does she want to prove ? After almost 4-5 days when I thought that she doesn't want me to connect with me anymore I received a text 'r u there'. These three words literally excites me everytime I receive from her. Not to forget, when they are from a strange girl. So, I just replied by asking about her health. I thought i am the only target of god. But, seeing her condition I feels somewhat relaxed. Champ has been on bed for more than a week thanks to her Cold milk. Now, she is getting better. Getting back to where I was. Everyone wish to have someone in the life with whom he can share deep emotions, grief, sadness and much more. I was trying to find that one in her provided she wanted too. She randomly called in the afternoon unexpectedly 'r u there'. I am in a sort of depression or sad state as I was not able to handle things around me. Neither, I have a job in hand nor enough money. I just spitted out my unconsciousness on chat. What she said made me confused ""Give this exam properly and you will have fun throughout the life."" I was furiated at this as I wasn't able to focus. Porn, movies and all sort of rubbish things have taken control of my hindbrain which obviously I can't control. But, the way she is helping me for this exam I can't let her down. At Least I have to give a good try. After few days, out chat from fb shifted to Telegram. The worst part of telegram is that you don't receive notifications. She mentioned that she is struck on a single subject and is not able to proceed. I advised her that it may be the the academic things are getting monotonous and she should give herself some time laughing, enjoying with friends or buddies. Anyway, so far I don't fall in either of the categories. Lets see ahead..""",Telegram,indiansconfessions,telegram_messages,live_scrape,0.4024,1.0,perpetrator_attack,0.0,gendered_moderate,0.4024,0.2012,1.0,perpetrator_attack,1.0,perpetrator_attack,,,,1.0,1.0
"Всем привет, психиатр мне сегодня назначил рисперидон, рассказал, что возможны увеличение пролактина и набор веса, но стоило мне почитать комментарии других людей в тт об этом препарате, создалось ощущение, что такая херня в 90% пьющих его. Но я продолжаю надеяться на то, что возможно алгоритмы тт так сработали, что подкинули мне онли негативный опыт людей на этом препарате. Если кто его пил, поделитесь, пожалуйста, впечатлениями. И вообще реально у большинства побочки эти настолько яро проявляются, что доходит до лактации и набор веса идёт вплоть до 10 кг и более, или наоборот у меньшинства? Заранее спасибо за любые ответы, очень боюсь теперь пить рисперидон, а уже купил его(((

୨୧・┈ #МДтейк ┈・୨୧
:→@MDersbot || #Общее",Telegram,MDersConfa,telegram_messages,live_scrape,0.4418,1.0,neutral_discourse,0.0,gendered_moderate,0.4418,0.1015,1.0,neutral_discourse,1.0,neutral_discourse,,,,0.0,1.0
"Confession #49

""I want to fuck my neighbour's daughter
Because she is too hot 
And her boobs and ass are very big 
Even if an old man see her , his cock will also rise up 🥵""",Telegram,anonymousconfess,telegram_messages,live_scrape,0.5404,1.0,perpetrator_attack,1.0,severe,0.5404,0.2702,1.0,perpetrator_attack,1.0,perpetrator_attack,,,,1.0,1.0
"It's about my mother.she is a 46-year-old woman and . she is workout freak. She is having a physical relationship with a black guy whoes name Abdul who is 15 years younger to her.who is her personal gym trainer. I got suspicious when I saw her photo with her friend.In which he presses on her ass loudly.And there was no reaction on her face, on the contrary, she looked happy. And one day I saw a video in her phone in which she was giving him a blow job.When  I confronted her, she confessed that she had a physical relationship with the man for the last one and a half month. She further said that they used to meet and have sex. Once, she even stayed with him in a hotel for two nights . She admitted that it was a mistake but I know it was all pre-planned and was done as per her wish. I have been spending sleepless nights for the serval months.",Telegram,indiansconfessions,telegram_messages,live_scrape,0.3439,1.0,perpetrator_attack,0.0,gendered_moderate,0.3439,172.0,1.0,perpetrator_attack,1.0,perpetrator_attack,,,,1.0,1.0
Read the fucking sticker,Telegram,united_global_friends,telegram_messages,live_scrape,518.0,1.0,neutral_discourse,1.0,severe,518.0,0.3644,1.0,neutral_discourse,1.0,neutral_discourse,,,,0.0,1.0
"Boys vs Girls New Meme Template, 💯🔥🗿",Telegram,ig_meme_templatesofficial,telegram_messages,live_scrape,0.4141,1.0,neutral_discourse,0.0,gendered_moderate,0.4141,0.3997,1.0,neutral_discourse,1.0,neutral_discourse,,,,0.0,1.0
"🔥 Just in time for the 2026 World Cup, we've teamed up with @foregateofficia

ForeGate offers pro match prediction markets on Solana, backed by Michael Owen. ⚽️

Users take full control with simple, real-time decisions and instant settlements.",Telegram,gameetokennews,telegram_messages,live_scrape,0.3031,0.0,neutral_discourse,0.0,standard,0.3031,0.1263,0.0,neutral_discourse,0.0,neutral_discourse,,,,0.0,0.0
"Здравствуйте
У меня диагностирована тяжелая депрессия, ПТСР и ПРЛ. Я не могу заполнить эту пустоту внутри себя, я перепробовал многое, но ничего не помогает. как вы заполняете пустоту?

୨୧・┈ #МДтейк ┈・୨୧
:→@MDersbot || #Депрессия #ПРЛ #ПТСР",Telegram,MDersConfa,telegram_messages,live_scrape,0.1847,0.0,neutral_discourse,0.0,standard,0.1847,0.1238,0.0,neutral_discourse,0.0,neutral_discourse,,,,0.0,0.0
Unedited 👆 Cat Meme Template 🐱🐈,Telegram,ig_meme_templatesofficial,telegram_messages,live_scrape,0.2444,0.0,neutral_discourse,0.0,standard,0.2444,0.1962,0.0,neutral_discourse,0.0,neutral_discourse,,,,0.0,0.0
"Join @TimesKeepLearning for updates on education, exams and admissions",Telegram,timesofindia,telegram_messages,live_scrape,0.2169,0.0,neutral_discourse,0.0,standard,0.2169,0.1,0.0,neutral_discourse,0.0,neutral_discourse,,,,0.0,0.0
"Syria's new administration launches campaign to recover looted weapons
@aljazeeraenglish",Telegram,AlJazeeraEnglish,telegram_messages,live_scrape,0.1237,0.0,neutral_discourse,0.0,standard,0.1573,0.1851,0.0,neutral_discourse,0.0,neutral_discourse,,,,0.0,0.0
"Hey Taruna 
Added you dm",Telegram,badoocom,telegram_messages,live_scrape,0.1023,0.0,neutral_discourse,0.0,standard,0.1023,0.1142,0.0,neutral_discourse,0.0,neutral_discourse,,,,0.0,0.0
Pookie Meme Template ♥️🔥🎀,Telegram,ig_meme_templatesofficial,telegram_messages,live_scrape,0.1213,0.0,neutral_discourse,0.0,standard,0.1948,0.2292,0.0,neutral_discourse,0.0,neutral_discourse,,,,0.0,0.0
"Colombian coffee farmers thrive on high prices but face volatile markets and climate uncertainty
@aljazeeraenglish",Telegram,AlJazeeraEnglish,telegram_messages,live_scrape,226.0,0.0,neutral_discourse,0.0,standard,226.0,0.2415,0.0,neutral_discourse,0.0,neutral_discourse,,,,0.0,0.0
"At least seven Palestinians died of hypothermia in Gaza as temperatures plummet
@aljazeeraenglish",Telegram,AlJazeeraEnglish,telegram_messages,live_scrape,0.1905,0.0,neutral_discourse,0.0,standard,0.2049,0.2411,0.0,neutral_discourse,0.0,neutral_discourse,,,,0.0,0.0
Batman 🦇💯 Meme Template,Telegram,ig_meme_templatesofficial,telegram_messages,live_scrape,0.1631,0.0,neutral_discourse,0.0,standard,0.2532,0.2978,0.0,neutral_discourse,0.0,neutral_discourse,,,,0.0,0.0
"**नारी एक नज़रिया
जीवन को समझने का ज़रिया
पर दुर्भाग्य हमारी, जो अर्धांग्नी कहलाये
उसे हम आज तक समझ ना पाये
जबसे हुई तेरी प्रस्तुति
करते आये सभी स्तुति
आदि-काल से पूजी जाति
फिर भी तू दूसी जाति
शून्य को आकार दिया
पराये सपनो को साकार किया
बहुमुखी क्षेत्रों में काम महान किया
हर रिश्ते का सम्मान किया
हर रूप में प्यार दिया
तो कभी चंडी बन
पापी का नाश किया
फिरभी तू अबला है, बेचारी है
दुर्भाग्य का दंश झेलती नारी है
नज़रें जो कोई तुझपे बुरी आती
कीमत भी उसकी तू ही चुकाती
कदम-कदम पे अग्नि परीक्षा है
कोई न पूछे तेरी क्या इच्छा है
बंधनो में बंधी, सहन में सधी
कर्तव्यों के दलदली में जीवन भर धंसी
पंख होते तो परवाज़ कर जाती
पर दुर्भाग्य कोशिश से पहले ही
‘पर’ तेरी क़तर दी जाती.**",Telegram,women_girlsafety,telegram_messages,live_scrape,0.1847,0.0,neutral_discourse,0.0,standard,0.1847,0.1238,0.0,neutral_discourse,0.0,neutral_discourse,,,,0.0,0.0
"Shhh... quiet now.
Muted [Jenxxx](tg://user?id=5999479489) for 3 days.
Reason:
Unmute 30$",Telegram,badoocom,telegram_messages,live_scrape,0.2039,0.0,neutral_discourse,0.0,standard,0.2039,0.1285,0.0,neutral_discourse,0.0,neutral_discourse,,,,0.0,0.0
"LOOKING FOR HOUSEMATE URGENT (FEMALE ONLY) ‼️ 

Rumah fully furnished di RESIDENSI MUTIARA KAJANG 2 
Near : 
KTM UKM, Bangi dan Kajang  
Econsave 
Downtown jalan reko 

need 3 person (sharing room) bilik ada bathroom  ASAP ❗️

Rumah swimming pool view ! 
deposit 4984.92 
RM498.50 (sorang) 
not include bil api air 

Kemudahan tersedia :
- katil , mattress
- kipas, lampu 
- ⁠2 aircond di ruang tamu dan masterbedroom
- flat TV
- Washing machine automatic
- Dining table
- Sofa 
- 4Doors fridge
- kitchen cabinet 
- Dapur ,tong gas 
- lif, gym dan swimming pool
- Wifi available
- maintenance fee semua dah include sewa

*rental monthly*
RM1500

keutamaan untuk yang ada transport 🚗🛵

for more details, pm this number
0172510389",Telegram,UKM_Confession,telegram_messages,live_scrape,378.0,0.0,neutral_discourse,0.0,standard,378.0,0.0937,0.0,neutral_discourse,0.0,neutral_discourse,,,,0.0,0.0
Bike Riding Diddy Meme Template #1 🏍️,Telegram,ig_meme_templatesofficial,telegram_messages,live_scrape,0.1701,0.0,neutral_discourse,0.0,standard,0.1701,0.1429,0.0,neutral_discourse,0.0,neutral_discourse,,,,0.0,0.0
"**दाग हमारे कपड़ो पर लगा 💔
और सोच तुम्हारी गन्दी हो गयी
ज़रा सी ब्रा स्ट्रिप क्या दिखी
तुम्हारी तो नसें ही तन गयीं
सीने की गोलाइयों पर जा कर
तुम्हारी नज़रें टिकने लगी
डीप गला क्या पहन लिया
पीठ पर तुम्हरी आँखों से उँगलियाँ फिरने लगीं
ज़रा सा दुपट्टा क्या सरक जाए
बदन तराशने लगते हो
तुम्हारी घूरती आँखें
हमारे कपड़े उतार लेती हैं
तुम्हारी सीटियाँ और फ़ब्ब्तियाँ
हमे अन्दर ही अन्दर मार देती हैं
आँकड़ें सम्भाले जाते हैं
नोची हुई देह और गूँजी चीत्कारों का
कौन रखेगा हिसाब
आँखों से होते बलात्कारों का
कब समझोगे तुम कि
वो शराब की बोतल नहीं
योनि और स्तन से परे भी है
स्त्री का अस्तित्व ❤️
सुप्रभात मित्रो ❤️
राही**",Telegram,women_girlsafety,telegram_messages,live_scrape,0.1847,0.0,neutral_discourse,0.0,standard,0.1847,0.1238,0.0,neutral_discourse,0.0,neutral_discourse,,,,0.0,0.0
"Я живу с депрессией уже долгое время. Хоть диагноз мне и поставили в 14-15 лет, но симптомы были уже давно.
Мне ничего не хочется обычно, не в силах убрать за собой, немного убраться и даже сделать свои обязанности. Мой интерес к хобби пропал, мотивация быстро исчезает. Учиться не хочу. Я не знаю на кого хочу поступить, мне совсем не хочется развиваться и идти учиться в ВУЗ/колледж.
Родственники давят на меня по поводу учёбы. Сейчас учусь в 11 классе, в этом году ЕГЭ, но я даже не особо готовилась до сих пор. Перестаю ходить в школу, мне там омерзительно, не могу вообще снова заставить себя туда ходить. Не могу делать домашнее задание. Мне очень морально тяжело. Я кошмарю себя за это, что не могу вытерпеть.
В моей жизни появился один человек, который стал моим партнёром в романтическом плане. Вместе с ним я стала жить, но учёба меня до сих пор убивает. К сожалению, мы в разных странах и он не способен физически меня поддержать. Почему-то мне постепенно перестало хотеть с кем-то дружить. Мне хочется постоянно проводить время только с ним, до других мне нет дела. Не знаю, плохо это или хорошо, но мне правда жаль, что мои друзья теперь не получают мои сообщения, если они сами не напишут. Однако, я до сих пор дорожу каждым человеком и не хочу терять никого из своего окружения.
Я не люблю себя и вряд-ли когда-то любила.
Возможно, у меня есть помимо депрессии ещё какие-нибудь расстройства, но я ничего себе не ставлю.
Помимо всего перечисленного выше, на меня также давят родственники, чтобы я окончила 11 класс, помогала им, хотя я не хочу. Только моя мама меня понимает в какие-то моменты и она меня не отчитывает, всегда были в близких отношениях с ней. Она считает меня взрослой и самостоятельной и то, что я могу сама решать что мне делать. Однако, всё равно зависшу от выбора родителей.
Всем спасибо за внимание.

୨୧・┈ #МДтейк ┈・୨୧
:→@MDersbot || #Депрессия",Telegram,MDersConfa,telegram_messages,live_scrape,118.0,0.0,neutral_discourse,0.0,standard,118.0,0.0571,0.0,neutral_discourse,0.0,neutral_discourse,,,,0.0,0.0
My bf has no control of what I can or can't do,Telegram,united_global_friends,telegram_messages,live_scrape,0.2425,0.0,neutral_discourse,0.0,standard,0.2425,0.1131,0.0,neutral_discourse,0.0,neutral_discourse,,,,0.0,0.0
"‘Staying alive was luck’: Joy, despair in Gaza over Israel-Hamas ceasefire
@aljazeeraenglish",Telegram,AlJazeeraEnglish,telegram_messages,live_scrape,0.1394,0.0,neutral_discourse,0.0,standard,0.2079,0.2445,0.0,neutral_discourse,0.0,neutral_discourse,,,,0.0,0.0
"Netanyahu could face domestic backlash if ceasefire leaves Hamas in power: Analysis
@aljazeeraenglish",Telegram,AlJazeeraEnglish,telegram_messages,live_scrape,0.2063,0.0,neutral_discourse,0.0,standard,0.2063,0.1647,0.0,neutral_discourse,0.0,neutral_discourse,,,,0.0,0.0
"🐸 **Plush Pepe, anyone?** **
**
We're giving away Telegram Gifts worth **$20,000** – for GAMEE Tribes holders. 🐸

Hold a **GAMEE Tribes sticker collectible** in your connected wallet and you'll automatically be entered into the Telegram Gifts draw after the mint! 😎

🤩 **Boost your chances** of getting GAMEE Tribes by adding more tickets to the whitelist draw. 

You've got till Saturday. 👀",Telegram,gameetokennews,telegram_messages,live_scrape,0.2299,0.0,neutral_discourse,0.0,standard,0.2299,0.1771,0.0,neutral_discourse,0.0,neutral_discourse,,,,0.0,0.0
"***"" मुझे अच्छा नही लगता ""*
 
मैं रोज़ खाना पकाती हू,
तुम्हे बहुत पयार से खिलाती हूं,
पर तुम्हारे मुंह से नमक कम था सुनना 
मुझे अच्छा नही लगता

कई वर्षो से हम तुम साथ रहते है, लाज़िम है कि कुछ मतभेद तो होगे,
पर तुम्हारा बच्चों के सामने चिल्लाना मुझे अच्छा नही लगता

हम दोनों को ही जब किसी फंक्शन मे जाना हो,
तुम्हारा पहले कार मे बैठ कर यू हार्न बजाना
मुझे अच्छा नही लगता

जब मै शाम को काम से थक कर घर वापिस आती हू,
तुम्हारा गीला तौलिया बिस्तर से उठाना
मुझे अच्छा नही लगता

माना कि तुम्हारी महबूबा थी वह कई बरसों पहले,
पर अब उससे तुम्हारा घंटों बतियाना
मुझे अच्छा नही लगता

माना कि अब बच्चे हमारे कहने में नहीं है,
पर उनके बिगड़ने का सारा इल्ज़ाम मुझ पर लगाना
मुझे अच्छा नही लगता

अभी पिछले वर्ष ही तो गई थी,
यह कह कर तुम्हारा,
मेरी राखी डाक से भिजवाना
मुझे अच्छा नही लगता

पूरा वर्ष तुम्हारे साथ ही तो रहती हूँ,
पर तुम्हारा यह कहना कि,
ज़रा मायके से जल्दी लौट आना
मुझे अच्छा नही लगता

तुम्हारी माँ के साथ तो
मैने इक उम्र गुजार दी,
मेरी माँ से दो बातें करते
तुम्हारा हिचकिचाना
मुझे अच्छा नहीं लगता

यह घर तेरा भी है हमदम,
यह घर मेरा भी है हमदम,
पर घर के बाहर सिर्फ
तुम्हारा नाम लिखवाना
मुझे अच्छा नही लगता

मै चुप हूँ कि मेरा मन उदास है,
पर मेरी खामोशी को तुम्हारा,
यू नज़र अंदाज कर जाना
मुझे अच्छा नही लगता

पूरा जीवन तो मैने ससुराल में गुज़ारा है,
फिर मायके से मेरा कफन मंगवाना
मुझे अच्छा नहीं लगता

*अब मै जोर से नही हंसती,*
*ज़रा सा मुस्कुराती हू,*
*पर ठहाके मार के हंसना*
*और खिलखिलाना*
*मुझे भी अच्छा लगता है* 🥰**",Telegram,women_girlsafety,telegram_messages,live_scrape,0.1847,0.0,neutral_discourse,0.0,standard,0.1847,0.1238,0.0,neutral_discourse,0.0,neutral_discourse,,,,0.0,0.0
Please support the channel by sharing the link below👇👇,Telegram,indiansconfessions,telegram_messages,live_scrape,0.1776,0.0,neutral_discourse,0.0,standard,0.1776,0.1354,0.0,neutral_discourse,0.0,neutral_discourse,,,,0.0,0.0
"**📱**** Starting soon!  **

TON Voices live with GAMEE Co-Founder **Bozena Rezab**, **TON Society** and **Capital Club**.

Grab yourself a cup of tea (or WatBird's weird energy drink...) and enjoy this YouTube event all about $WAT, WatBird, TON and the future of Web3 gaming! 🔥

It starts at 15:00 UTC – 10 minutes after this message goes out.

See you there! 🙃",Telegram,gameetokennews,telegram_messages,live_scrape,0.1679,0.0,neutral_discourse,0.0,standard,0.1679,98.0,0.0,neutral_discourse,0.0,neutral_discourse,,,,0.0,0.0
"2024 in Review: The global silence on Sudan’s civil war | The Take
@aljazeeraenglish",Telegram,AlJazeeraEnglish,telegram_messages,live_scrape,162.0,0.0,neutral_discourse,0.0,standard,0.1765,0.2076,0.0,neutral_discourse,0.0,neutral_discourse,,,,0.0,0.0
"Millions fled Syria since the 2011 war, but hopes rise for returns after Assad's fall
@aljazeeraenglish",Telegram,AlJazeeraEnglish,telegram_messages,live_scrape,198.0,0.0,neutral_discourse,0.0,standard,198.0,0.0704,0.0,neutral_discourse,0.0,neutral_discourse,,,,0.0,0.0
"जीवन में कुछ भी स्थायी नहीं है। न सुख, न दुःख,न नौकरी, न रिश्ते, कुछ भी नहीं। एक नियत समय पर सबको छूटना ही है, पर छूटने की क्रिया में कब कुछ छूट पाया है। बल्कि शामिल हो जाती है, उदासी, उदासीनता, ऊब, घुटन, पीड़ा और भी न जाने क्या-क्या? 
छूटने के क्रम में तो हरा पत्ता भी पीला-पीला पड़ जाता है, फिर हम तो मनुष्य हैं! और हमारी भावनाएं किसी की प्रयोगशाला, जिसपर लोग अपने प्रयोग करते रहते हैं!

""संवेदनशील हृदय के लिए कितनी बड़ी चुनौती है, प्रयोगात्मक दौर में भावनात्मक रहना""

●●●",Telegram,women_girlsafety,telegram_messages,live_scrape,0.1847,0.0,neutral_discourse,0.0,standard,0.1847,0.1238,0.0,neutral_discourse,0.0,neutral_discourse,,,,0.0,0.0
"**जो हो गया उसे सोचा नहीं करते जब मिल गया उसे खोया नहीं करते हासिल उन्हें होती है सफलता जो वक़्त और हालात पर रोया नहीं करते!!

नजर को बदलो तो नजारे बदल जाते हैं सोच को बदलो तो सितारे बदल जाते हैं !!

कश्तियां बदलने की जरुरत नहीं दिशाओं को बदलो तो किनारे खुद ब खुद बदल जाते हैं!

कामयाब होने के लिए अकेले ही आगे बढ़ना पड़ता है लोग तो पीछे तब आते हैं जब आप कामयाब होने लगते हैं !!

असंभव शब्द का प्रयोग केवल कायर ही करते हैं बहादुर और बुद्धिमान व्यक्ति अपना मार्ग स्वयं बनाते हैं !!

मंज़िल उन्हीं को मिलती है जिनके सपनों में जान होती है पंख से कुछ नहीं होता हौसलों से उड़ान होती है!**",Telegram,women_girlsafety,telegram_messages,live_scrape,0.1847,0.0,neutral_discourse,0.0,standard,0.1847,0.1238,0.0,neutral_discourse,0.0,neutral_discourse,,,,0.0,0.0
"**मेरी आन, बान,शान है मेरा हिंदुस्तान,....
दिल है हिन्दू, सिक्ख तो जान है ईसाई मुसलमान,.....
तीन रंगो के संगम से बना है मेरा हिंदुस्तान,....
लहराये हर जगह तिरंगा, ये वतन की है शान,.....
दिल मे हमेशा धड़कता रहे,नमन तुझको ओ मेरे हिंदुस्तान,.....
नारा लगाते है हम सब जय हिंद,जय जवान, जय किसान......
मिट गए वतन पर वीर जवान...
करते है हम उनको सलाम... यही मेरी आन, बान, शान यही मेरा हिंदुस्तान.....**",Telegram,women_girlsafety,telegram_messages,live_scrape,0.1847,0.0,neutral_discourse,0.0,standard,0.1847,0.1238,0.0,neutral_discourse,0.0,neutral_discourse,,,,0.0,0.0
It's fatherhood but Father hood sounds like a negro rap name,Telegram,Religiousdebate,telegram_messages,live_scrape,0.1293,0.0,neutral_discourse,0.0,standard,0.1293,0.0986,0.0,neutral_discourse,0.0,neutral_discourse,,,,0.0,0.0
A 20-year-old Chinese girl who idolizes foreigners without any boundaries,Telegram,badoocom,telegram_messages,live_scrape,0.2107,0.0,neutral_discourse,0.0,standard,0.2107,0.2074,0.0,neutral_discourse,0.0,neutral_discourse,,,,0.0,0.0
"Confession #7

I want someone 🥺",Telegram,anonymousconfess,telegram_messages,live_scrape,0.2564,0.0,neutral_discourse,0.0,standard,0.2564,0.1915,0.0,neutral_discourse,0.0,neutral_discourse,,,,0.0,0.0
"🔥 **The MEGA Referral Upgrade is LIVE! **🔥

Maxed out all your friends? 👀 Then great news:

🥳 Referrals are now **UNLIMITED** – bring along ALL your friends for the ride 🛒

Every person you successfully invite will net you **1000 WatPoints**, and they will each get 500 WatPoints! ✨

Share your unique invite link with **friends** or in **groups** and watch your WatPoint balance skyrocket! ⬆️🚀",Telegram,gameetokennews,telegram_messages,live_scrape,0.3723,0.0,neutral_discourse,0.0,standard,0.3723,0.0994,0.0,neutral_discourse,0.0,neutral_discourse,,,,0.0,0.0
"может ли кардиолог назначить антидепрессанты?

у меня в понедельник прием у него из-за вечно повышенного давление,и я косвенно понимаю что стало причиной этого всего..
у меня ужасные проблемы со сном и адская тревожность на ровном месте,почти по таким же симптомам моей знакомой назначил антидепры невролог и честно..я до усрачки боюсь.
я не хочу сидеть на таблах,особенно каких-то серьезных,но на данный момент времени мне нихуя не помогает справляться с этим всем...перепробывала множество способов,для возвращения нормального сна,но нихера..
хелп ми.

୨୧・┈ #МДтейк ┈・୨୧
:→@MDersbot || #непонятно",Telegram,MDersConfa,telegram_messages,live_scrape,0.1847,0.0,neutral_discourse,0.0,standard,0.1847,0.1238,0.0,neutral_discourse,0.0,neutral_discourse,,,,0.0,0.0
"👉🏻मैंने एक बार एक बहुत सफल महिला से पूछा कि उनकी सफलता का रहस्य क्या है? वो मुस्कुराईं और मुझसे कहा... ""मैं तब सफल होने लगी जब मैंने छोटे झगड़ों को छोटे लोगों के लिए छोड़ना शुरू किया.. मैंने उन लोगों से लड़ना बंद कर दिया जो मेरी बुराई करते थे... मैंने अपने रिश्तेदारों से लड़ना बंद कर दिया... मैंने ध्यान पाने के लिए लड़ना बंद कर दिया... मैंने लोगों की उम्मीदों पर खरा उतरने के लिए लड़ना बंद कर दिया... मैंने बेवकूफ लोगों के साथ अपने अधिकारों के लिए लड़ना बंद कर दिया... ऐसे झगड़े मैंने उन लोगों के लिए छोड़ दिए जिनके पास और कुछ लड़ने को नहीं है... और मैंने लड़ना शुरू किया अपने विज़न के लिए... अपने सपनों के लिए... अपने विचारों के लिए... और अपने मुक़द्दर के लिए... ""जिस दिन मैंने छोटे झगड़े छोड़ दिए, उसी दिन मेरी सफलता की असली शुरुआत हुई"" कुछ लड़ाइयाँ आपके समय के लायक नहीं होतीं। इसलिए सोच-समझकर तय करें कि आप किसके लिए लड़ना चाहते हैं.. 🤩💖🎉",Telegram,women_girlsafety,telegram_messages,live_scrape,0.1847,0.0,neutral_discourse,0.0,standard,0.1847,0.1238,0.0,neutral_discourse,0.0,neutral_discourse,,,,0.0,0.0
"Gaza ceasefire deal to come into effect at 6:30 am GMT on Sunday
@aljazeeraenglish",Telegram,AlJazeeraEnglish,telegram_messages,live_scrape,0.2064,0.0,neutral_discourse,0.0,standard,0.2064,0.1199,0.0,neutral_discourse,0.0,neutral_discourse,,,,0.0,0.0
"**ये तस्वीर एक लिफ्ट मैन की है जो लिफ्ट में बैठा रहता है लोगों की सुविधा के लिए.. जिस व्यक्ति ने ये फोटो ली है वो बता रहे हैं कि रोज़ ये लिफ्टमैन सुबह 8 बजे से रात 8 बजे तक इस लिफ्ट में रहता है.. और वो रोज़ सुबह 9:20 से 9:25 के बीच जब ऑफिस जाने के लिए लिफ्ट का इस्तेमाल करते हैं तो इस लिफ्टमैन को इसी तरह से अपना फ़ोन देखते हुवे पाते हैं.. वो बस इस फ़ोन को ऑन करके देखा करता है और किसी और इंसान की तरफ़ मुहं घुमा कर भी नहीं देखता है.. उत्सुकतावश जब इन्होने इस लिफ्टमैन से पूछा कि “क्या वजह है कि आप अपना फ़ोन ऐसे घूरते रहते हैं?”

तो उसने जवाब दिया कि “मेरी बेटी की शादी हुवे अभी बहुत महीने नहीं हुवे.. और मुझे रोज़ उसका हाल लेना होता है.. मगर मेरा दामाद मेरी बेटी का मुझ से बात करना पसंद नहीं करता है.. इसलिए मैं फ़ोन पर टाइम देखा करता हूँ कि जैसे ही 9:30 बज जाए, मैं अपनी बेटी को कॉल करूँ, क्यूंकि उस टाइम तक  मेरा दामाद ऑफिस के लिए घर से जा चुका होता है”  

भारतीय परिवारों की सबसे बड़ी समस्या में एक ये समस्या बहुत प्रमुख है जिसमे लड़की के ससुराल वाले लड़की का अपने घर वालों से बात करना तक नहीं पसंद करते हैं.. अपना बेटा अगर घर देर से आये तो सास उसे दस बार कॉल करेगी मगर कहीं दूर से आई लड़की, जो अपना सब कुछ छोड़कर चली आई है, उसका अपने माता पिता से बात करना भी अपराध की श्रेणी में आने लगता है.. ऐसा क्यूँ?**",Telegram,women_girlsafety,telegram_messages,live_scrape,0.2843,0.0,neutral_discourse,0.0,standard,0.2843,0.1252,0.0,neutral_discourse,0.0,neutral_discourse,,,,0.0,0.0
Oo.... Then do uh ever think of 18+ things?,Telegram,united_global_friends,telegram_messages,live_scrape,0.1845,0.0,neutral_discourse,0.0,standard,0.1845,0.1955,0.0,neutral_discourse,0.0,neutral_discourse,,,,0.0,0.0
Signature Pose of Men Meme Template,Telegram,ig_meme_templatesofficial,telegram_messages,live_scrape,0.3331,0.0,neutral_discourse,0.0,standard,0.3331,0.1332,0.0,neutral_discourse,0.0,neutral_discourse,,,,0.0,0.0
"Currency trading thrives openly in Syria as restrictions ease, traders seize new opportunities
@aljazeeraenglish",Telegram,AlJazeeraEnglish,telegram_messages,live_scrape,0.1686,0.0,neutral_discourse,0.0,standard,177.0,0.2082,0.0,neutral_discourse,0.0,neutral_discourse,,,,0.0,0.0
I didn't do much today. Just washed dishes.,Telegram,united_global_friends,telegram_messages,live_scrape,0.1645,0.0,neutral_discourse,0.0,standard,0.1645,0.1396,0.0,neutral_discourse,0.0,neutral_discourse,,,,0.0,0.0
@YourDudeFerg like a tree in this bitch? Asshat.,Twitter,twitter_historical,davidson_2017_twitter,historical_twitter,0.9838,1.0,perpetrator_attack,1.0,severe,0.9838,0.4919,1.0,perpetrator_attack,1.0,perpetrator_attack,,,,1.0,1.0
"RT @Hits_BIunts: *hits blunt*

""bruh if she tells me to go text my other hoes, but she's one of my hoes, do I keep texting her ?"" http://t.&#8230;",Twitter,8230.0,davidson_2017_twitter,historical_twitter,0.2655,1.0,perpetrator_attack,0.0,gendered_moderate,0.2655,0.1717,1.0,perpetrator_attack,1.0,perpetrator_attack,,,,1.0,1.0
got ah tight schedule... fuck ur bitch just met her!!!,Twitter,twitter_historical,davidson_2017_twitter,historical_twitter,0.9361,1.0,perpetrator_attack,1.0,severe,0.9361,0.4681,1.0,perpetrator_attack,1.0,perpetrator_attack,,,,1.0,1.0
"@NY_NastyBaby you a lil bitch man,keep my name out to mouth. That's all ima say. #shhh",Twitter,shhh,davidson_2017_twitter,historical_twitter,0.8357,1.0,perpetrator_attack,1.0,severe,0.8357,0.4179,1.0,perpetrator_attack,1.0,perpetrator_attack,,,,1.0,1.0
"@GingerDemoness 
My shit's like an eggplant baby. Black and big enough so dat all da women gets dem a piece",Twitter,twitter_historical,davidson_2017_twitter,historical_twitter,0.6701,1.0,perpetrator_attack,1.0,severe,0.6701,335.0,1.0,perpetrator_attack,1.0,perpetrator_attack,,,,1.0,1.0
"""@MvckFadden: ""Stay beautiful you bitch""""",Twitter,twitter_historical,davidson_2017_twitter,historical_twitter,0.9819,1.0,perpetrator_attack,1.0,severe,0.9819,491.0,1.0,perpetrator_attack,1.0,perpetrator_attack,,,,1.0,1.0
I gotta big head yah bitch I think it's crown sized,Twitter,twitter_historical,davidson_2017_twitter,historical_twitter,0.9313,1.0,perpetrator_attack,1.0,severe,0.9313,0.4656,1.0,perpetrator_attack,1.0,perpetrator_attack,,,,1.0,1.0
"""@Almightywayne__: @JetsAndASwisher @Gook____ bitch fuck u http://t.co/pXmGA68NC1"" maybe you'll get better. Just http://t.co/TPreVwfq0S",Twitter,twitter_historical,davidson_2017_twitter,historical_twitter,0.8991,1.0,perpetrator_attack,1.0,severe,0.8991,0.4495,1.0,perpetrator_attack,1.0,perpetrator_attack,,,,1.0,1.0
I fucked the shit out yo bitch yesterday til she couldn't stand straight she called me earlier asking could she come and get a replay,Twitter,twitter_historical,davidson_2017_twitter,historical_twitter,0.8142,1.0,perpetrator_attack,1.0,severe,0.8142,0.4071,1.0,perpetrator_attack,1.0,perpetrator_attack,,,,1.0,1.0
"Tony Parker is making Norris Cole his bitch with the one on one, or just takin him off the dribble an breaking some damn ankles! #GoSpursGo",Twitter,GoSpursGo,davidson_2017_twitter,historical_twitter,0.7303,1.0,perpetrator_attack,1.0,severe,0.7303,0.3651,1.0,perpetrator_attack,1.0,perpetrator_attack,,,,1.0,1.0
When i die bitch fuck my hologram doe* there taylor,Twitter,twitter_historical,davidson_2017_twitter,historical_twitter,974.0,1.0,perpetrator_attack,1.0,severe,974.0,487.0,1.0,perpetrator_attack,1.0,perpetrator_attack,,,,1.0,1.0
"Crying to the G20 that some Americans don't like you &amp; 'might' call you names, we call that being a crybaby bitch; 0bama.",Twitter,twitter_historical,davidson_2017_twitter,historical_twitter,0.6367,1.0,perpetrator_attack,1.0,severe,0.6367,0.3183,1.0,perpetrator_attack,1.0,perpetrator_attack,,,,1.0,1.0
you look like AC Green...bitch don't call here anymore...,Twitter,twitter_historical,davidson_2017_twitter,historical_twitter,0.9288,1.0,perpetrator_attack,1.0,severe,0.9288,0.4644,1.0,perpetrator_attack,1.0,perpetrator_attack,,,,1.0,1.0
RT @_ashwhole: &#8220;@TerryLee__: &#8220;@______0__o_____: RT &#8220;@iHitModelsRaw: *hits blunt* https://t.co/WiqgnDXgNM &#8221;&#8221; this hoe thought she was so dee&#8230;,Twitter,8220.0,davidson_2017_twitter,historical_twitter,0.5215,1.0,perpetrator_attack,0.0,gendered_moderate,0.5215,0.2608,1.0,perpetrator_attack,1.0,perpetrator_attack,,,,1.0,1.0
"RT @JEN_JEN_2014: My pussy is totes adorbs when she jumps on my bed with litter stuck to her.

The cat is fucking annoying when she does it.",Twitter,twitter_historical,davidson_2017_twitter,historical_twitter,0.8154,1.0,perpetrator_attack,1.0,severe,0.8154,0.4077,1.0,perpetrator_attack,1.0,perpetrator_attack,,,,1.0,1.0
RT @RmpHarris: I kinda miss tremper I use to be threw dat bitch lol Never in class lmao,Twitter,twitter_historical,davidson_2017_twitter,historical_twitter,0.8663,1.0,perpetrator_attack,1.0,severe,0.8663,0.4332,1.0,perpetrator_attack,1.0,perpetrator_attack,,,,1.0,1.0
@oJvrdy i have that bitch bloked lmao,Twitter,twitter_historical,davidson_2017_twitter,historical_twitter,0.9974,1.0,perpetrator_attack,1.0,severe,0.9974,0.4987,1.0,perpetrator_attack,1.0,perpetrator_attack,,,,1.0,1.0
"@gypsydylann real girls like ""impress me bitch"" &#128075;",Twitter,128075.0,davidson_2017_twitter,historical_twitter,0.9929,1.0,perpetrator_attack,1.0,severe,0.9929,0.4965,1.0,perpetrator_attack,1.0,perpetrator_attack,,,,1.0,1.0
"Don't love yo bitch, just fuck yo bitch when I got time to do it",Twitter,twitter_historical,davidson_2017_twitter,historical_twitter,978.0,1.0,perpetrator_attack,1.0,severe,978.0,489.0,1.0,perpetrator_attack,1.0,perpetrator_attack,,,,1.0,1.0
"Cay said ""well bitch I THOT you was on house arrest so you ain't walking NO WHERE!"" &#128514;&#128557;&#128514;OMG I hate her",Twitter,128514.0,davidson_2017_twitter,historical_twitter,0.8991,1.0,perpetrator_attack,1.0,severe,0.8991,0.4495,1.0,perpetrator_attack,1.0,perpetrator_attack,,,,1.0,1.0
"RT @yunglex3_: Don't want a good girl, hoes is his choice",Twitter,twitter_historical,davidson_2017_twitter,historical_twitter,0.3948,0.0,neutral_discourse,0.0,standard,0.5282,0.6214,0.0,neutral_discourse,0.0,neutral_discourse,,,,0.0,0.0
Horny called me asking her to buy her a drink this morning and then this jiggaboo walks in WITH A SONIC DRINK IN HER HAND #DONE,Twitter,DONE,davidson_2017_twitter,historical_twitter,0.2933,0.0,neutral_discourse,1.0,severe,0.2933,0.1847,0.0,neutral_discourse,0.0,neutral_discourse,,,,0.0,0.0
"RT @SimplyPerfectt_: Girls, don't let a guy treat you like a yellow starburst. You are a pink starburst.",Twitter,twitter_historical,davidson_2017_twitter,historical_twitter,0.2606,0.0,neutral_discourse,0.0,standard,0.4472,0.5261,0.0,neutral_discourse,0.0,neutral_discourse,,,,0.0,0.0
"RT @CloutGod: Horrible rapper #1 Tyga - Most trash rapper ever ""She want a yellow nigga, corn on the cob"" I smacked my mom when I heard him&#8230;",Twitter,1.0,davidson_2017_twitter,historical_twitter,0.2691,0.0,neutral_discourse,0.0,standard,0.2691,0.2193,0.0,neutral_discourse,0.0,neutral_discourse,,,,0.0,0.0
@pablofunes_ Oh totes girl. I'm also blasting Mayday and wearing an oversized hoodie. Get at me queer,Twitter,twitter_historical,davidson_2017_twitter,historical_twitter,0.2358,0.0,neutral_discourse,0.0,standard,0.2358,0.0982,0.0,neutral_discourse,0.0,neutral_discourse,,,,0.0,0.0
RT @ripienaar: Fox News presenters mock female pilot who took part in campaign against Isis #wtf http://t.co/MLKY9ZSen2,Twitter,wtf,davidson_2017_twitter,historical_twitter,0.1566,0.0,neutral_discourse,0.0,standard,0.2402,0.2825,0.0,neutral_discourse,0.0,neutral_discourse,,,,0.0,0.0
"They wouldn't let me use my old picture cause my hair was flawless&#128129;. The woman at the front desk said I wouldn't have to retake, hatin' hoes",Twitter,128129.0,davidson_2017_twitter,historical_twitter,0.3093,0.0,neutral_discourse,0.0,standard,0.3093,0.0852,0.0,neutral_discourse,0.0,neutral_discourse,,,,0.0,0.0
"Aint nobody wearing those new Westbrook ""Jordan's"" but Mexicans &amp; trailer park trash white girls.",Twitter,twitter_historical,davidson_2017_twitter,historical_twitter,0.3137,0.0,neutral_discourse,0.0,standard,0.3137,163.0,0.0,neutral_discourse,0.0,neutral_discourse,,,,0.0,0.0
@gregorykohler yo girl whats yr potential? I wanna retard it,Twitter,twitter_historical,davidson_2017_twitter,historical_twitter,172.0,0.0,neutral_discourse,0.0,standard,0.2076,0.2442,0.0,neutral_discourse,0.0,neutral_discourse,,,,0.0,0.0
"Same shit RT @Che_TheYello1: But your bm tho? ... ""@viaNAWF: If my ex wanna go fuck my enemy, may God be with her. Ain't my hoe no more.""",Twitter,twitter_historical,davidson_2017_twitter,historical_twitter,0.1756,0.0,victim_disclosure,1.0,severe,0.1756,0.0232,0.0,victim_disclosure,0.0,victim_disclosure,,,,0.0,0.0
"RT @MizzCreme: Her being albino isn't the problem. Its that gut, that hair, and that fish net she decided to wear. Sooo many things wrong w&#8230;",Twitter,8230.0,davidson_2017_twitter,historical_twitter,0.3018,0.0,neutral_discourse,0.0,standard,0.3018,0.1089,0.0,neutral_discourse,0.0,neutral_discourse,,,,0.0,0.0
I dnt let NOBODY borrow my shit&amp; i let My girlfriend got my sweats lol thas how u know she runnin shit...u otha hoes cant get a sock from me,Twitter,twitter_historical,davidson_2017_twitter,historical_twitter,0.3012,0.0,neutral_discourse,1.0,severe,0.3012,0.1239,0.0,neutral_discourse,0.0,neutral_discourse,,,,0.0,0.0
@ALatrice16 beautiful bride... Tell Erica congrats if she remembers a nig...,Twitter,twitter_historical,davidson_2017_twitter,historical_twitter,0.1201,0.0,neutral_discourse,0.0,standard,0.1201,0.0712,0.0,neutral_discourse,0.0,neutral_discourse,,,,0.0,0.0
"RT @itscoleharmon_: Top 3 Lies girls tell on twitter
1. My DMs don't work
2. Why is my twitter unfollowing people
3. I'm not a hoe",Twitter,twitter_historical,davidson_2017_twitter,historical_twitter,0.2433,0.0,neutral_discourse,0.0,standard,0.2433,0.1155,0.0,neutral_discourse,0.0,neutral_discourse,,,,0.0,0.0
Some movies are made to facilitate dudes to pick girls up. Think out side the box lil nigguh,Twitter,twitter_historical,davidson_2017_twitter,historical_twitter,0.2577,0.0,neutral_discourse,0.0,standard,0.2577,0.1652,0.0,neutral_discourse,0.0,neutral_discourse,,,,0.0,0.0
RT @xDSmooth: This niggah said her lips dry ass hell lmao &#128514;&#128514;&#128514;&#128514;,Twitter,128514.0,davidson_2017_twitter,historical_twitter,0.3322,0.0,neutral_discourse,0.0,standard,0.3322,0.1149,0.0,neutral_discourse,0.0,neutral_discourse,,,,0.0,0.0
These girls going to school with all kind og aquatic colored weaves in their head.Fuck going on?,Twitter,twitter_historical,davidson_2017_twitter,historical_twitter,0.2332,0.0,neutral_discourse,1.0,severe,0.2774,0.3263,0.0,neutral_discourse,0.0,neutral_discourse,,,,0.0,0.0
My black queen dreading my hairs.Thank you Most High for this Moor Queen I asked you for.I want to BE BEtter with her http://t.co/iFmRPJGyIC,Twitter,twitter_historical,davidson_2017_twitter,historical_twitter,0.1253,0.0,neutral_discourse,0.0,standard,0.1863,0.2192,0.0,neutral_discourse,0.0,neutral_discourse,,,,0.0,0.0
"RT @Nintendo_Legend: Asked three-year-old niece why the sun is yellow. Her reply: ""Maybe there's bees in there.""",Twitter,twitter_historical,davidson_2017_twitter,historical_twitter,0.1153,0.0,neutral_discourse,0.0,standard,0.1464,0.1722,0.0,neutral_discourse,0.0,neutral_discourse,,,,0.0,0.0
This girl is retarded,Twitter,twitter_historical,davidson_2017_twitter,historical_twitter,0.1772,0.0,neutral_discourse,0.0,standard,0.1772,0.2062,0.0,neutral_discourse,0.0,neutral_discourse,,,,0.0,0.0
