comment_text,platform,community,community_type,subreddit,hashtags,is_harmful,is_gendered_harm,toxicity_score,threat_score,dataset_source,dataset_split,target_gender,content_category,thread_depth,parent_comment_id,score,author,created_utc,video_id,comment_id,women_priority_community,post_title,permalink,post_id,is_deleted,is_removed,scraped_at,search_query,tweet_id,davidson_class,is_proxy,is_historical,gendered_harm_proba,harm_role,targets_women,directed_at_women,whsi_harm_flag,has_severe_language,content_severity,detoxify_toxicity,detoxify_identity_attack,detoxify_threat,detoxify_harm_flag,disagreement_category
"Hi there mk_tonmoy! Welcome to /r/PolyamoryR4R. This is an ethical and respectful community.

Here are some resources you might find helpful in creating and keeping healthy, ethical poly relationships: 

**Books:** [Opening Up](https://www.amazon.com/Opening-Up-Creating-Sustaining-Relationships/dp/157344295X), and [The Ethical Slut](https://www.amazon.com/Ethical-Slut-Third-Practical-Relationships/dp/0399579664).

**Podcasts:** [Polyweekly.com](http://polyweekly.com), and [Multiamory.com](https://www.multiamory.com/).

**Websites:** [polyinfo.org](https://www.polyinfo.org/)

**Subreddits:** /r/Polyamory

Couples: Feel free to post, but we highly recommend you please read this page about [unicorn hunting](https://www.unicorns-r-us.com/).

Couples looking for a unicorn will often say they want someone to ""join"" their family. Poly triads are not (AB)+C. C isn't ""joining"" anything. You all will create something completely new; four different relationships that all need time and attention. A+B (as with any major life change, your relationship dynamic will probably shift), B+C, A+C, and A+B+C. Imposing unethical, unfair dynamics on a partner may lead to your removal from this subreddit.

*I am a bot, and this action was performed automatically. Please [contact the moderators of this subreddit](/message/compose/?to=/r/polyamoryR4R) if you have any questions or concerns.*",Reddit,polyamoryR4R,subreddit,polyamoryR4R,,1.0,1.0,0.5532,0.2766,pullpush_live_search,live_scrape,female,,,,1.0,AutoModerator,1747659640.0,,mt45e4g,,,,,,,2026-06-19T13:15:12.614937,slut,,,,,0.5532,perpetrator_attack,1.0,1.0,1,1,severe,0.002389386063441634,0.00017227810167241842,0.00012770424655172974,0,model_catches_gendered_harm_detox_misses
"Rape is rape. No matter the length of dating. I'm so sorry, huge hugs. Don't justify or gaslight yourself. He literally admitted to it- that's crazy energy. You deserve better. ",Reddit,TwoXChromosomes,subreddit,TwoXChromosomes,,0.0,0.0,0.3371,0.2757,reddit_harassment_dataset,live_scrape,mixed,,,,8.0,ItsPleaseAndThankYou,1779596.0,,onjqdyn,1.0,TW: My boyfriend r*ped me and I don’t know what to do,https://reddit.com/r/TwoXChromosomes/comments/1tm10b9/tw_my_boyfriend_rped_me_and_i_dont_know_what_to_do/,,,,,,,,,,0.3371,neutral_discourse,0.0,0.0,0,1,severe,0.8447673916816711,0.06215173006057739,0.0286882221698761,1,detoxify_flags_general_toxicity_not_gendered_harm
"Yeah, the money grubbing is bad, but Americans forgave him for a million dead from COVID. I'm not saying COVID was his fault, but he was responsible for the government response. What percentage of a million dead would be appropriate? ",Reddit,politics,subreddit,politics,,0.0,0.0,0.151,0.1464,reddit_harassment_dataset,live_scrape,mixed,,,,1.0,svladcjelli2001,1779631.0,,onlu8vp,0.0,Americans are waking up to Trump’s money grabbing. They won’t forgive him,https://reddit.com/r/politics/comments/1tmc1vy/americans_are_waking_up_to_trumps_money_grabbing/,,,,,,,,,,0.151,neutral_discourse,0.0,0.0,0,0,standard,0.010107552632689476,0.00047206474118866026,0.00024079137074295431,0,agreement
"I was talking to my mom the other day and she actually brought this up to me. That there was an issue w vietnam vets being harassed by activists , at least to some extent. Now i have a lot of negative things to say about the Vietnam war but people were drafted. Often right out of high school. It reminded me a lot of how people treat Hila tbh and she was literally just a secretary",Reddit,h3h3productions,subreddit,h3h3productions,,0.0,0.0,0.0503,0.0116,pullpush_live_search,live_scrape,female,,,,6.0,jennyfromhell,1747634430.0,,mt2umux,,,,,,,2026-06-19T13:13:52.466775,harassed me,,,,,0.0503,victim_disclosure,1.0,0.0,0,0,standard,0.0013632967602461576,0.00015001023712102324,0.00010181956895394251,0,agreement
Don’t see any evidence that Americans suddenly mind politicians stealing from them given they keep voting for criminals year after year and have been for my entire life.,Reddit,politics,subreddit,politics,,0.0,0.0,0.1306,0.0542,reddit_harassment_dataset,live_scrape,mixed,,,,1.0,vagabending,1779629.0,,onlo79u,0.0,Americans are waking up to Trump’s money grabbing. They won’t forgive him,https://reddit.com/r/politics/comments/1tmc1vy/americans_are_waking_up_to_trumps_money_grabbing/,,,,,,,,,,0.1306,neutral_discourse,0.0,0.0,0,0,standard,0.005092956591397524,0.0003973871353082359,0.00016134645557031035,0,agreement
Which masked man will be reporting about this on Fox News today?,Reddit,politics,subreddit,politics,,0.0,0.0,0.25,0.0698,reddit_harassment_dataset,live_scrape,mixed,,,,1.0,fcatw,1779613.0,,onknecn,0.0,"Suspect dead after approaching White House checkpoint with weapon, Secret Service says",https://reddit.com/r/politics/comments/1tlwrxj/suspect_dead_after_approaching_white_house/,,,,,,,,,,0.25,neutral_discourse,0.0,0.0,0,0,standard,0.0006595790619030595,0.00014006599667482078,0.00013142896932549775,0,agreement
"Imagine hanging out with your siblings and their partners, or your friends if you have no siblings. Try to Imagine this 52 year old dude there with you. Would it be awkward af? Would he fit in better with your *parents* than your friends?",Reddit,relationship_advice,subreddit,relationship_advice,,0.0,0.0,0.4065,0.1938,reddit_harassment_dataset,live_scrape,mixed,,,,1.0,MeesaMadeMeDoIt,1779635.0,,onm6n88,0.0,Guy im seeing 38M? has been lying to me 24F,https://reddit.com/r/relationship_advice/comments/1tmb77d/guy_im_seeing_38m_has_been_lying_to_me_24f/,,,,,,,,,,0.4065,neutral_discourse,0.0,0.0,0,0,standard,0.12656407058238983,0.0007080413051880896,0.0002974597446154803,0,agreement
"Hi, BarronTrumpJr. Thanks for contributing. However, your [comment](https://www.reddit.com/r/UFOs/comments/1kq3gpf/-/mt3n1su/) was removed from /r/UFOs.

> Rule 1: Follow the Standards of Civility

> * No trolling or being disruptive.
> * No insults/personal attacks/claims of mental illness
> * No accusations that other users are shills / bots / Eglin-related / etc...
> * No hate speech. No abusive speech based on race, religion, sex/gender, or sexual orientation.
> * No harassment, threats, or advocating violence.
> * No witch hunts or doxxing. (Please redact usernames when possible)
> * You may attack each other's ideas, not each other.



Please refer to our [subreddit rules](https://www.reddit.com/r/UFOs/about/rules/) for more information.

This moderator action may be appealed.  We welcome the opportunity to work with you to address its reason for removal. [Message the mods](https://www.reddit.com/message/compose/?to=/r/ufos) to launch your appeal.",Reddit,UFOs,subreddit,UFOs,,0.0,0.0,0.1932,0.1702,pullpush_live_search,live_scrape,,,,,0.0,UFOs-ModTeam,1747658454.0,,mt427zs,,,,,,,2026-06-19T13:14:45.326770,sexual harassment,,,,,0.1932,neutral_discourse,0.0,0.0,0,0,standard,0.0013425300130620599,0.0001718441490083933,0.00011069115134887397,0,agreement
"You are making a huge deal out of nothing, you sound like a child",Reddit,TwoXChromosomes,subreddit,TwoXChromosomes,,0.0,0.0,0.3047,0.1216,reddit_harassment_dataset,live_scrape,mixed,,,,1.0,MintTheGod,1779636.0,,onm86bw,1.0,"I fell out of love with my husband over a bacon, egg, and cheese sandwich",https://reddit.com/r/TwoXChromosomes/comments/1tmdoia/i_fell_out_of_love_with_my_husband_over_a_bacon/,,,,,,,,,,0.3047,neutral_discourse,0.0,0.0,0,0,standard,0.5433273911476135,0.0012479103170335293,0.0005438145017251372,0,agreement
OP had a history of sexual harassment complaints at MU to the point where multiple female students planned litigation if he was allowed back on campus. The data breach did occur but OP’s adoption of it as a cause is to obfuscate his own behavior.,Reddit,Fayettenam,subreddit,Fayettenam,,0.0,0.0,0.2236,0.224,pullpush_live_search,live_scrape,female,,,,1.0,amerpie,1747653197.0,,mt3q01a,,,,,,,2026-06-19T13:14:45.326859,sexual harassment,,,,,0.2236,neutral_discourse,1.0,0.0,0,1,severe,0.00874155294150114,0.0002221698669018224,0.00011249178351135924,0,agreement
Why would they be false certificates?,Reddit,WomenInTech,subreddit,WomenInTech,,0.0,0.0,0.2834,0.1875,pullpush,live_scrape,,,,,-2.0,paliprincesss,1747650950.0,,mt3ljrz,1.0,,/r/womenintech/comments/1kq6a7n/can_i_break_into_front_end/mt3ljrz/,1kq6a7n,0.0,0.0,2026-06-20T07:57:52.121326,,,,,,0.2834,neutral_discourse,0.0,0.0,0,0,standard,0.0008627224597148597,0.00015270410222001374,0.00011217760038562119,0,agreement
"I was 20, she was 19. Had our daughter a couple of months later (oops!) in 1988.

In a couple of months we will celebrate our 38th wedding anniversary. 

Yes, we're very happy. Somehow we beat the odds. She's my person.",Reddit,AskReddit,subreddit,AskReddit,,1.0,1.0,0.1856,0.2184,reddit_harassment_dataset,live_scrape,female,,,,52.0,Ancient-Onion4386,1779580.0,,onilq5l,0.0,"People who married in their 20s, be brutally honest are you happy, if so why or why not?",https://reddit.com/r/AskReddit/comments/1tluera/people_who_married_in_their_20s_be_brutally/,,,,,,,,,,0.1632,perpetrator_attack,1.0,1.0,1,0,gendered_moderate,0.001039084861986339,0.00014201416342984885,0.00011408713180571795,0,model_flags_moderate_gendered_context
"I think a lot of men don’t realize the danger we women are constantly in! 

Rejecting a guy at the bar? 
- Best case scenario, he walks off.
- Semi-best case scenario, he says something stupid like “Bitch, you’re not all that anyway, skank.” 
- Bad case - “Oh! You think you’re too good for me?” *grabs wrist* 
- Worst case - They follow you and assault you.
Yay. 🫠",Reddit,AskMenAdvice,subreddit,AskMenAdvice,,1.0,1.0,0.8319,0.4835,pullpush_live_search,live_scrape,female,,,,-1.0,TheMarriedUnicorM,1747618267.0,,mt1uxzv,,,,,,,2026-06-19T13:14:11.953276,stupid bitch,,,,,0.8319,perpetrator_attack,1.0,1.0,1,1,severe,0.9069558382034302,0.05417314171791077,0.005228385329246521,1,agreement
"Oh to the narc that calls us abusive. The negativity and egging on are what he calls ""my drama"". We all know they instigate said drama bc they want an emotional response to later hold against you. Told him your belittling doesn't work. I don't need to stoop low to personally attack him like he does me. I'm better than that. He is a child at heart if he doesn't get his way... Absolute refusal instead of compromise. He tells me I have a series of problems: while some may have a glimmer of truth, it's all bs. I take what comments  they project onto me and literally think he is telling on himself and he doesn't even get it. Calls me a dumb bitch? Okay. Grey rock. Not worth the effort. It's amazing to note that I've never been faced with more issues in this relationship around a constant cycle of me disrespecting him. This has never been a complaint of any sig other in 20 years, so I find it fascinating. He thinks all women are the same, insert negative misogynistic quote here, but the problem isn't ""all women"". There's a common denominator there. If you want to disrespect your gf, don't expect effusive respect in return. Mutual respect? Nope I have to apologize for his bad behavior. I don't think so. Grow the fuck up and recognize the abuse comes from them because the narc is too despicable of knowing themselves because vulnerability is scary. Well keep living in their personal facade bc if they realized who they've been for all these years: manipulative and childish, they wouldn't want to be them. It's a sad cycle to witness. If only narc could see his actions get him nowhere. He is destitute for attention, saying I'm seeking attention from other men? Have my phone... He cannot find any damming evidence, ha! Because, again, he's telling on himself. The control is what he doesn't get. You can only control you. If a narc ever learns that, then they'd be reformed. I truly think narcs don't know how to be civilized humans anymore. It's above them. It's like in relationships trying to fill a boat full of holes. With him being the constant hole forming due to neglect, inclement raging weather, poor craftsmanship, and poor self reflection to correct the boat of holes. The boat is the relationship. It will continue taking on water, more and more. Until they finally end up alone and angry. Disillusioned of why it would never float. They are the rust, splinters, and moldy wood that were accountable for its failure. Physically sound boats float. Physically broken people will never float when all they desperately want is to float but they destroy the very thing they want! It's sad and a shame. He doesn't bring out the best in me. But I feel validated here reading all these comments from other boats who refused to float!",Reddit,NarcissisticAbuse,subreddit,NarcissisticAbuse,,1.0,1.0,0.8759,0.4379,pullpush_live_search,live_scrape,female,,,,2.0,No_Constant_6695,1747628452.0,,mt2jf9o,,,,,,,2026-06-19T13:15:28.690996,dumb bitch,,,,,0.8759,perpetrator_attack,1.0,1.0,1,1,severe,0.5592929124832153,0.012493105605244637,0.002752680564299226,1,agreement
"Hello /u/usuallando. Thank you for participating in /r/AskWomen. **Please read this entire message before taking action.**

Your submission has been removed, because your account does not have a verified email. **No exceptions will be granted**.

You can verify your email address on the [Reddit Preferences page](https://www.reddit.com/prefs/update/), and if you have any issues with verification please contact reddit support at /r/help. **Subreddit moderators do not have the tools to aid with verification**, so please ignore the bot in italics below, do not message the mod team about this as we have no way of helping you.


*I am a bot, and this action was performed automatically. Please [contact the moderators of this subreddit](/message/compose/?to=/r/AskWomen) if you have any questions or concerns.*",Reddit,AskWomen,subreddit,AskWomen,,0.0,0.0,0.3469,0.094,pullpush,live_scrape,,,,,1.0,AutoModerator,1747658522.0,,mt42eeo,1.0,,/r/AskWomen/comments/1kpmsn4/what_has_been_your_experience_of_skinny_shaming/mt42eeo/,1kpmsn4,0.0,0.0,2026-06-20T07:57:43.994733,,,,,,0.3469,neutral_discourse,0.0,0.0,0,0,standard,0.0006454871618188918,0.00013798869622405618,0.000128745858091861,0,agreement
There is Literally no fucking reason for him to run for POTUS in 28....,Reddit,politics,subreddit,politics,,0.0,0.0,0.3905,0.4595,reddit_harassment_dataset,live_scrape,mixed,,,,1.0,can_ichange_it_later,1779637.0,,onmbmfh,0.0,Congressman Massie will name more names in Congress from the Epstein Files and won’t rule out a bid for 2028 Presidency after record money spent from AIPAC and billionaires on his opponent in Kentucky Primary,https://reddit.com/r/politics/comments/1tmdaxe/congressman_massie_will_name_more_names_in/,,,,,,,,,,0.2812,neutral_discourse,0.0,0.0,0,1,severe,0.9874629974365234,0.003119966946542263,0.0023857199121266603,1,detoxify_flags_general_toxicity_not_gendered_harm
"No, my attitude is pox on both of them

Trzaskowski is waaaay too liberal for my tastes, I can only agree with him on one thing and only partially (civil partnerships should finally come into law) and Nawrocki is waay too right wing for my tastes too (I want a country where my LGBT friends or friends who have foreign sounding names won't be harassed in the street, a country where abortion is decriminalized so that people can make actual choices - especially with one's health on the line)

And neither of them has anything to offer for me (nothing on how to solve the housing crisis, no PJM translator, nothing on accessibility, nothing on actual support for people who are disabled already, or people who discover their newly born/about to be born baby has severe health problems/disabilities)",Reddit,poland,subreddit,poland,,0.0,0.0,0.3035,0.1104,pullpush_live_search,live_scrape,,,,,3.0,Zireael07,1747646537.0,,mt3e3fz,,,,,,,2026-06-19T13:13:52.466265,harassed me,,,,,0.3035,neutral_discourse,0.0,0.0,0,0,standard,0.006387213245034218,0.0003152640420012176,0.00014824289246462286,0,agreement
" I know is a classic horror game but I had my problems with it. I remember It annoyed me that you need to do sidequests to get the better endings, also I didn't like the ""it was all a dream"" ending that you get after working so hard to beat the game the first time. At least I loved the Gravity  Rush games by the same creator.",Reddit,gaming,subreddit,gaming,,0.0,0.0,0.3814,0.0933,reddit_harassment_dataset,live_scrape,mixed,,,,1.0,banishedwolf,1779631.0,,onlrmhw,0.0,"I just played Silent Hill (1999), my first game in the series, and wanted to share some of my favorite screenshots here. Took me 6 and a half hours!",https://reddit.com/r/gaming/comments/1tmb4lf/i_just_played_silent_hill_1999_my_first_game_in/,,,,,,,,,,0.3814,neutral_discourse,0.0,0.0,0,0,standard,0.0007863217033445835,0.00013789610238745809,0.00012305886775720865,0,agreement
"I asked her why I hadn’t heard from her in a few days. She replied, “because I was kind of hoping something would happen between us, and when it didn’t, I got discouraged and decided to move on.” We’ll be married for 17 years next month. Everybody thinks it’s always me steering the ship because I’m so outgoing, but that sentence changed the course of our lives. ",Reddit,AskReddit,subreddit,AskReddit,,0.0,0.0,0.0979,0.0848,reddit_harassment_dataset,live_scrape,female,,,,4.0,jdbx,1779631.0,,onlubop,0.0,What’s the most unforgettable sentence someone has ever said to you?,https://reddit.com/r/AskReddit/comments/1tmbrwi/whats_the_most_unforgettable_sentence_someone_has/,,,,,,,,,,0.0979,victim_disclosure,1.0,0.0,0,0,standard,0.0006757172523066401,0.00014175994147080928,0.00012342023546807468,0,agreement
"See, the thing is. Our enemies have amassed a lot of money. Trump favors ""money"" over allies. Cause our enemies are willing to give him money.",Reddit,politics,subreddit,politics,,0.0,0.0,0.3257,0.1531,reddit_harassment_dataset,live_scrape,mixed,,,,1.0,Scumsoft,1779632.0,,onluoc0,0.0,Trump is Doing a Ukraine on Taiwan. It Exposes a Startling New Level of US Weakness: ‘Trump has suspended weapons sales to Taiwan in a move that again shows he favours potential enemies over allies’,https://reddit.com/r/politics/comments/1tmacca/trump_is_doing_a_ukraine_on_taiwan_it_exposes_a/,,,,,,,,,,0.3257,neutral_discourse,0.0,0.0,0,0,standard,0.0014278588350862265,0.00016671905177645385,0.0001051875515258871,0,agreement
How about take this dick dumb bitch,Reddit,misogynyKINKmemes,subreddit,misogynyKINKmemes,,1.0,1.0,0.9903,0.4951,pullpush_live_search,live_scrape,female,,,,1.0,Toast3d_toast,1747655432.0,,mt3uvze,,,,,,,2026-06-19T13:15:28.690902,dumb bitch,,,,,0.9903,perpetrator_attack,1.0,1.0,1,1,severe,0.9983850717544556,0.019939815625548363,0.006977450102567673,1,agreement
"It wasn't fake and they didn't spend decades 'in character'. This is just how they are. If you listen to their interviews, social media posts, etc, over the years they've consistently been the kind of men who cover for other men and make excuses for them. Just look how they behaved after a female employee accused a psychopathic employee of sexual harassment. J cussed her out and threw her under a bus. Now compare that to how hard they attempted to simp for, cover for and lie for a convicted rapist pedophile who worked for them. They knew exactly what that guy was before they hired him and only pretended to fire him when people found out. They did end up actually firing him for real but only after a bunch of lies and hoping it would just blow over. Their explanation was total bullshit too. Welcome to the bleak carnival, it's always been this way.",Reddit,juggalo,subreddit,juggalo,,1.0,1.0,0.6367,0.1114,pullpush_live_search,live_scrape,female,,,,1.0,Ada_Pearce,1747648133.0,,mt3gns5,,,,,,,2026-06-19T13:14:45.326911,sexual harassment,,,,,0.6367,neutral_discourse,1.0,0.0,1,1,severe,0.3140844702720642,0.005338351707905531,0.0017809175187721848,0,model_flags_moderate_gendered_context
"I’ve been seeing parents putting it off more and more. Let’s keep that going. 


I’ve told my kids that I will never get them a smart phone. They will need to wait and purchase that themselves. I will get them a dumb phone but I’ve seen so much bad come from phones with the internet. 


I am not a complete bitch though. They each have a switch. A computer for school when it’s time.",Reddit,Teachers,subreddit,Teachers,,1.0,1.0,0.6866,0.3433,pullpush_live_search,live_scrape,female,,,,45.0,Olive0121,1747653439.0,,mt3qib9,,,,,,,2026-06-19T13:15:28.690909,dumb bitch,,,,,0.6866,perpetrator_attack,1.0,1.0,1,1,severe,0.396626740694046,0.002055844757705927,0.0009624325903132558,0,model_flags_moderate_gendered_context
"Refuse delivery. Throughout your life, people are going to try to drop their shit on your doorstep. Just refuse delivery.",Reddit,AskReddit,subreddit,AskReddit,,0.0,0.0,0.2194,0.1388,reddit_harassment_dataset,live_scrape,mixed,,,,9.0,ffsinffl,1779630.0,,onlr677,0.0,What’s the most unforgettable sentence someone has ever said to you?,https://reddit.com/r/AskReddit/comments/1tmbrwi/whats_the_most_unforgettable_sentence_someone_has/,,,,,,,,,,0.2194,neutral_discourse,0.0,0.0,0,1,severe,0.9594017863273621,0.002622615545988083,0.0030734494794160128,1,detoxify_flags_general_toxicity_not_gendered_harm
"Tulsi has found out what everyone else who serves Trump finds out; loyalty only goes one way - to him. No matter how much they try, if he decides they no longer serve his purposes, they’re gone.  No matter the reason.",Reddit,politics,subreddit,politics,,1.0,1.0,0.508,0.118,reddit_harassment_dataset,live_scrape,mixed,,,,1.0,LomentMomentum,1779627.0,,onlgcmc,0.0,Tulsi Gabbard’s self-humiliation wasn’t enough for Trump,https://reddit.com/r/politics/comments/1tmald1/tulsi_gabbards_selfhumiliation_wasnt_enough_for/,,,,,,,,,,0.508,neutral_discourse,0.0,0.0,1,0,gendered_moderate,0.0011624498292803764,0.00015433055523317307,0.00010741150617832318,0,model_flags_moderate_gendered_context
And you’re another desperate whore,Reddit,FemaleInferiorityCap,subreddit,FemaleInferiorityCap,,1.0,1.0,0.9755,0.4878,pullpush_live_search,live_scrape,female,,,,1.0,-Harem-Master-,1747658511.0,,mt42dct,,,,,,,2026-06-19T13:15:05.306451,whore,,,,,0.9755,perpetrator_attack,1.0,1.0,1,1,severe,0.9913570880889893,0.020481174811720848,0.0016418721061199903,1,agreement
"Jen Sorensen - [The dangers of solar panels](https://www.dailykos.com/stories/2026/5/20/800041306/cartoon/the-dangers-of-solar-panels/)

",Reddit,politics,subreddit,politics,,0.0,0.0,0.1426,0.0969,reddit_harassment_dataset,live_scrape,mixed,,,,15.0,Georgiachemscientist,1779548.0,,onfv085,0.0,Saturday Morning Political Cartoon Thread,https://reddit.com/r/politics/comments/1tlissd/saturday_morning_political_cartoon_thread/,,,,,,,,,,0.1426,neutral_discourse,0.0,0.0,0,0,standard,0.0007570454617962241,0.00014252682740334421,0.00011780625209212303,0,agreement
"Married at 21, currently 28. So happy to be with my best friend and we get to spend so much of our lives together 💖",Reddit,AskReddit,subreddit,AskReddit,,0.0,0.0,0.1757,0.0706,reddit_harassment_dataset,live_scrape,mixed,,,,4.0,Autumnal-Flowers09,1779577.0,,onicqjg,0.0,"People who married in their 20s, be brutally honest are you happy, if so why or why not?",https://reddit.com/r/AskReddit/comments/1tluera/people_who_married_in_their_20s_be_brutally/,,,,,,,,,,0.1757,neutral_discourse,0.0,0.0,0,0,standard,0.0009064599289558828,0.00014622966409660876,0.00013453068095259368,0,agreement
"I regret having to throw out my old computers and their peripherals - they'd be worth a lot of money now, and they had sentimental value.

But, circumstances dictate and it can't be helped. Shuffling crates full of old games and dealing with the hassle of trying to sell them individually would be annoying if it was even an option.

Forget about the money, download the entire games library and run it through emulation.",Reddit,gaming,subreddit,gaming,,1.0,1.0,0.5732,0.2866,reddit_harassment_dataset,live_scrape,mixed,,,,2.0,Akeshi,1779627.0,,onli2x6,0.0,This Gamestop receipt from 2012 after I sold my entire collection because I needed to move across country..,https://reddit.com/r/gaming/comments/1tljyd6/this_gamestop_receipt_from_2012_after_i_sold_my/,,,,,,,,,,0.5732,perpetrator_attack,0.0,0.0,1,0,gendered_moderate,0.004657280165702105,0.00018408939649816602,0.0001379185850964859,0,model_flags_moderate_gendered_context
It literally gave me my life back.,Reddit,AskWomen,subreddit,AskWomen,,0.0,0.0,0.1578,0.0943,pullpush,live_scrape,,,,,1.0,indicatprincess,1747659163.0,,mt443os,1.0,,/r/AskWomen/comments/1kq9k9j/how_do_you_yield_to_acceptance_without_losing/mt443os/,1kq9k9j,0.0,0.0,2026-06-20T07:57:43.994655,,,,,,0.1578,neutral_discourse,0.0,0.0,0,0,standard,0.0026853710878640413,0.00019942427752539515,0.00017004190885927528,0,agreement
"I can't stand rude, selfish people. I wouldn't want to be in the same room as one let alone have.a relationship with one.

You can't change him.

You leave him. Be happily and successfully single or find a kind person to date.",Reddit,relationship_advice,subreddit,relationship_advice,,0.0,0.0,0.2875,0.1488,reddit_harassment_dataset,live_scrape,mixed,,,,3.0,anabsentfriend,1779627.0,,onlg896,0.0,How can I (33f) ask my partner (42m) to stop barging into people on the street?,https://reddit.com/r/relationship_advice/comments/1tm5he1/how_can_i_33f_ask_my_partner_42m_to_stop_barging/,,,,,,,,,,0.2875,neutral_discourse,0.0,0.0,0,0,standard,0.20323310792446136,0.001149407820776105,0.0007010644767433405,0,agreement
Spoken like a radical feminazi.,Reddit,Vent,subreddit,Vent,,1.0,1.0,0.5518,0.2759,pullpush_live_search,live_scrape,,,,,-3.0,djdekok,1747409856.0,,msn44fs,,,,,,,2026-06-19T13:14:41.252639,feminazi,,,,,0.5518,perpetrator_attack,0.0,0.0,1,1,severe,0.0067095267586410046,0.00035941338865086436,0.00011548122711246833,0,model_catches_gendered_harm_detox_misses
"A lot of the time people who think they are improving efficiency are just not aware of all the things they don’t know, and think they are coming up with something new. I was once the person who came into environments frustrated by the lack of efficiency, but I wasn’t factoring in things like accessibility or compatibility or all of the legal aspects. Now I’m the person who has to explain to every new person that no, we’re not morons, we just have a bigger picture view and know why that idea failed and will fail if we did it again. Yes, some people are only holding back because they are afraid to change, and should be looking for process improvements instead (internal and external) - but change isn’t inherently good just because it seems more efficient, and shouldn’t be done without a lot of experienced voices driving it.",Reddit,WomenInTech,subreddit,WomenInTech,,0.0,0.0,0.1423,0.0928,pullpush,live_scrape,,,,,3.0,pommefille,1747603230.0,,mt0p82v,1.0,,/r/womenintech/comments/1kpn1n1/extremely_long_rantvent_can_we_talk_about_how/mt0p82v/,1kpn1n1,0.0,0.0,2026-06-20T07:57:52.121613,,,,,,0.1423,victim_disclosure,0.0,0.0,0,0,standard,0.0007530051516368985,0.0001456207683077082,0.00012237105693202466,0,agreement
"Bear in mind that most men can kill most women pretty easily. Ask yourself if you really want to get into a physical fight with him.

  
Just break up and move on.",Reddit,Advice,subreddit,Advice,,1.0,1.0,0.653,0.3265,pullpush_live_search,live_scrape,female,,,,3.0,Amareldys,1747582175.0,,msyuwhh,,,,,,,2026-06-19T13:15:23.725960,kill yourself woman,,,,,0.653,perpetrator_attack,1.0,1.0,1,0,gendered_moderate,0.6482148766517639,0.02176354080438614,0.08115071058273315,1,agreement
There were ten AI posts where Trump gets assaulted on reddit. Its the same as a random dude having a poster on the back of his car. The second one is  FBI director who knows better.,Reddit,FedJerk,subreddit,FedJerk,,0.0,0.0,0.1286,0.0848,pullpush_live_search,live_scrape,,,,,1.0,aukstais,1747657746.0,,mt40f2a,,,,,,,2026-06-19T13:14:58.222163,assaulted,,,,,0.1286,neutral_discourse,0.0,0.0,0,1,severe,0.0014629059005528688,0.00014979268598835915,8.88488139025867e-05,0,agreement
Is he a perfect physical specimen?  He's probably trying to put you down because he knows you are getting in great shape and he's afraid of losing you once you realize what an asshole he is.,Reddit,relationship_advice,subreddit,relationship_advice,,0.0,0.0,0.3464,0.1957,pullpush,live_scrape,,,,,221.0,KevWill,1747659915.0,,mt464gj,0.0,,/r/relationship_advice/comments/1kqb3vb/my_f29_husband_m33_says_hurtful_things_about_my/mt464gj/,1kqb3vb,0.0,0.0,2026-06-20T07:58:04.909618,,,,,,0.3464,neutral_discourse,0.0,0.0,0,0,standard,0.9579699039459229,0.009447185322642326,0.0013597646029666066,1,detoxify_flags_general_toxicity_not_gendered_harm
"Force multiplication is the ability to create much greater accomplishments within the context of a two (or more) person team. Two people can create far better results than one, alone, and in a far quicker time frame. You might know it better as DINK - Dual Income No Kids. I wouldn't expect a Feminazi to understand this. But do try anyway.

And I, again, restate that success in life and happiness isn't measured by how many homes you own. But you do you. Hope you can learn how to fix water heaters, plumbing and mow lawns or pay lots of money to someone who can. Have fun with your new labor and money-pit.",Reddit,PurplePillDebate,subreddit,PurplePillDebate,,1.0,1.0,0.4915,0.2342,pullpush_live_search,live_scrape,,,,,1.0,TFME1,1747440128.0,,mspqicf,,,,,,,2026-06-19T13:14:41.252597,feminazi,,,,,0.4915,neutral_discourse,0.0,0.0,1,1,severe,0.001441903761588037,0.00015282179811038077,0.0001265236787730828,0,model_catches_gendered_harm_detox_misses
"I accept things beyond my control.

I will do what I can and what with things within my control. 

  
Example:

It's raining cats and dogs at 5am,.. makes me want to be lazy and not do my daily run. 

I cannot control the weather, but I can control whether I run or not. And if I choose to run, I will accept that it might be a miserable run, but to a degree I can still control and manage my attitude and outlook on going for this wet run.

You can google ""**external and internal locus of control**""",Reddit,AskWomen,subreddit,AskWomen,,0.0,0.0,0.3427,0.0853,pullpush,live_scrape,,,,,1.0,ladylemondrop209,1747658614.0,,mt42n5f,1.0,,/r/AskWomen/comments/1kq9k9j/how_do_you_yield_to_acceptance_without_losing/mt42n5f/,1kq9k9j,0.0,0.0,2026-06-20T07:57:43.994728,,,,,,0.3427,neutral_discourse,0.0,0.0,0,0,standard,0.0010712913936004043,0.00014703642227686942,0.00012195204908493906,0,agreement
I mean there's no reason to sit and let yourself be disrespected on this level,Reddit,relationship_advice,subreddit,relationship_advice,,0.0,0.0,0.2451,0.0918,reddit_harassment_dataset,live_scrape,mixed,,,,177.0,Dubious_Dookie,1779597.0,,onjsznk,0.0,My wife ‘25F’ and I ‘25M’ have been arguing over texts she sent to a coworker.,https://reddit.com/r/relationship_advice/comments/1tm25pz/my_wife_25f_and_i_25m_have_been_arguing_over/,,,,,,,,,,0.2451,neutral_discourse,0.0,0.0,0,0,standard,0.001041608164086938,0.00014602400187868625,0.00013453068095259368,0,agreement
"Nope. I am ecstatic. She is a horrible horrible human being. This is justice from the universe. 

I am an honest kind trustworthy person. She was attracted to me for my virtues and she shredded them and exploited them. She ruined my life.

Of course she’ll paint me negatively - that is what they all do to avoid accountability.

Someone like you probably would forgive his mother’s murderer.

That is so weak and pathetic.

Sorry to inform you but there are simply rotten to the core humans that deserve eternal punishment.

Should the BTK killer be shown sympathy? Ahhh he had a bad childhood. Fuck that.

I’m guessing your experience was nothing near mine: every horror you read about here I went through. 

Evil exists and evil should not be wished happiness. 

Judging me on how I operate in this world post BPD demon says a lot about you. 

You are probably the type of person that gets off on likes on FB for looking like a save the world do gooder.

Ever head of the CT woman that hired her moms murderer because she forgave him and thought he deserved a second chance? Guess what? He raped and murdered her within months.",Reddit,BPDlovedones,subreddit,BPDlovedones,,1.0,1.0,0.6654,0.3327,pullpush_live_search,live_scrape,female,,,,1.0,Legal_Current_9023,1747659824.0,,mt45vv9,,,,,,,2026-06-19T13:14:07.352735,rape,,,,,0.6654,perpetrator_attack,1.0,1.0,1,1,severe,0.8729041218757629,0.06198778748512268,0.03796432912349701,1,agreement
"If I understand correctly.

He knew all of this would be against your morals so he waited to tell you. He waited until you were emotionally attached. You would have never dated him if you knew.

He lied to you for his benefit and against your benefit.

What else will he lie about op? Because your feelings and future don't matter to him. Only what you have to offer for his comfort.",Reddit,relationship_advice,subreddit,relationship_advice,,0.0,0.0,0.2287,0.141,pullpush,live_scrape,,,,,2.0,ConflictedCoffeeBean,1747659848.0,,mt45y6k,0.0,,/r/relationship_advice/comments/1kqa15e/i_f28_am_worried_i_need_to_end_it_because_of_his/mt45y6k/,1kqa15e,0.0,0.0,2026-06-20T07:58:04.909664,,,,,,0.2287,neutral_discourse,0.0,0.0,0,0,standard,0.0066689313389360905,0.00024478696286678314,0.0001891262800199911,0,agreement
"NC is a one party consent recording state btw, since they're doing this verbally, recording it without them knowing is entirely your right.",Reddit,WomenInTech,subreddit,WomenInTech,,0.0,0.0,0.3642,0.168,pullpush,live_scrape,,,,,3.0,TrickBluebird9187,1747620124.0,,mt1zw5w,1.0,,/r/womenintech/comments/1knbx8s/reported_psycho_to_hr_day_7_got_offered_4_weeks/mt1zw5w/,1knbx8s,0.0,0.0,2026-06-20T07:57:52.121509,,,,,,0.3642,neutral_discourse,0.0,0.0,0,0,standard,0.0006292621255852282,0.00013806938659399748,0.0001253772061318159,0,agreement
"Gets assaulted = liar , doesn’t get assaulted = liar. 



Women can never win",Reddit,TikTokCringe,subreddit,TikTokCringe,,1.0,1.0,0.6026,0.3013,pullpush_live_search,live_scrape,female,,,,1.0,human-dancer,1747656156.0,,mt3wkbr,,,,,,,2026-06-19T13:14:58.222191,assaulted,,,,,0.6026,perpetrator_attack,1.0,1.0,1,1,severe,0.8734434843063354,0.1575101763010025,0.0034629085566848516,1,agreement
"Scarface: The World is Yours. 

You likely start with nothing to then start dealing coke on the street, to doing huge shipments. 

It’s one of the best licensed video games in an era that has god awful ones. ",Reddit,gaming,subreddit,gaming,,0.0,0.0,0.3154,0.2932,reddit_harassment_dataset,live_scrape,mixed,,,,3.0,AlanJY92,1779605.0,,onk7z13,0.0,Games where you start at the bottom and work your way up,https://reddit.com/r/gaming/comments/1tm3umt/games_where_you_start_at_the_bottom_and_work_your/,,,,,,,,,,0.3154,neutral_discourse,0.0,0.0,0,0,standard,0.05233636498451233,0.00040502072079107165,0.0003010669315699488,0,agreement
"I personally don't understand replacing one word with another word that means the same thing for the sake of ""not lowering yourself"". They're just words, if the intent is anyway there then might as well and get out with it, imo. Genuinely interested, where/how does this thought process arise? Was it taught at home or in school, or is it a cultural thing where you grew up or live?",Reddit,AskReddit,subreddit,AskReddit,,0.0,0.0,0.1757,0.1133,pullpush,live_scrape,,,,,10.0,bjornodinnson,1747659976.0,,mt46aia,0.0,,/r/AskReddit/comments/1kq8orh/what_is_a_polite_way_to_say_fuck_off/mt46aia/,1kq8orh,0.0,0.0,2026-06-20T07:58:08.676521,,,,,,0.1757,neutral_discourse,0.0,0.0,0,0,standard,0.0011823750101029873,0.00014525908045470715,0.00010902450594585389,0,agreement
I honestly really understand where you’re coming from. I don’t think you’re making a huge deal out of nothing. ❤️,Reddit,TwoXChromosomes,subreddit,TwoXChromosomes,,0.0,0.0,0.2246,0.2642,reddit_harassment_dataset,live_scrape,mixed,,,,1.0,JailhouseMamaJackson,1779633.0,,onlxz85,1.0,"I fell out of love with my husband over a bacon, egg, and cheese sandwich",https://reddit.com/r/TwoXChromosomes/comments/1tmdoia/i_fell_out_of_love_with_my_husband_over_a_bacon/,,,,,,,,,,0.1314,neutral_discourse,0.0,0.0,0,0,standard,0.003514927113428712,0.00015665982209611684,0.00011390613508410752,0,agreement
"Yeah you ladies really make me feel better about never having been married or having kids. (34)

On topic - if he truly didn’t know it would be one thing but knowing you for so long and continuing to do this… yeah. If he really wanted to be nice he would learn how you like your food or just not cook. I’m sorry",Reddit,TwoXChromosomes,subreddit,TwoXChromosomes,,0.0,0.0,0.3371,0.3175,reddit_harassment_dataset,live_scrape,mixed,,,,1.0,shootinggallery,1779635.0,,onm6zpd,1.0,"I fell out of love with my husband over a bacon, egg, and cheese sandwich",https://reddit.com/r/TwoXChromosomes/comments/1tmdoia/i_fell_out_of_love_with_my_husband_over_a_bacon/,,,,,,,,,,0.3371,neutral_discourse,0.0,0.0,0,0,standard,0.0008183650788851082,0.0001454550656490028,0.00012522403267212212,0,agreement
"Very happy. Met at 18 and 20, started living together at 25 and 27, got married at 27 and 29. Now 30 and 32. No desire for kids, and have a very full and joyful life.  No conflict beyond some stupid quibbles when one of us is tired or hungry 😂. We are best friends. 

We became adults together, but I think not living together until we had both lived on our own as adults was a huge ticket to success. 

Biggest thing id say is find someone whose long term goals align with yours. Even if they evolve, be checking in with each other to make sure they are evolving in the same direction. If you want to travel, have no children, and be busy all the time, find a person who agrees. You will not be happy with someone who wants to settle in, nest, and have children. There will be conflicts every step of the way. If your values and goals align, you’ll always be on the same team. ",Reddit,AskReddit,subreddit,AskReddit,,1.0,1.0,0.5084,0.0939,reddit_harassment_dataset,live_scrape,mixed,,,,4.0,commonpancake,1779596.0,,onjpxrh,0.0,"People who married in their 20s, be brutally honest are you happy, if so why or why not?",https://reddit.com/r/AskReddit/comments/1tluera/people_who_married_in_their_20s_be_brutally/,,,,,,,,,,0.5084,neutral_discourse,0.0,0.0,1,0,gendered_moderate,0.003857803763821721,0.00020588468760252,0.00016203205450437963,0,model_flags_moderate_gendered_context
"In my last relationship, we met at a festival through mutual friends of ours and lived in different states. The first time I went to visit him I kept seeing flashes of my ex in almost like disassociate moments and had dreams of my ex in his apartment. I had moments of feeling like I couldn't breathe or was on edge, but nothing had happened and everything was perfectly fine. 
Him and my ex look nothing alike and I've been single for almost a decade. I won't trauma dump but my ex really, really did some damage.

My therapist tried to call it out to me but I didn't listen. Tl;dr, her, my body, and my intuition, were right.",Reddit,TwoXChromosomes,subreddit,TwoXChromosomes,,0.0,0.0,0.0571,0.023,reddit_harassment_dataset,live_scrape,female,,,,9.0,stfujesska,1779571.0,,onhxw8i,1.0,Have you ever had your nervous system warn you about someone before your brain caught up?,https://reddit.com/r/TwoXChromosomes/comments/1tlnj6v/have_you_ever_had_your_nervous_system_warn_you/,,,,,,,,,,0.0571,victim_disclosure,1.0,0.0,0,0,standard,0.0013767225900664926,0.00015221854846458882,0.00012679542123805732,0,agreement
"Are you serious…? What men are doing the heavy lifting on women’s issues? I’ll wait. I only see men speak on their problems when women’s issues are brought up. The problem is a majority of men don’t want to advocate for themselves, they expect somebody else to do it for them. Look at how men’s month is treated. Complaining that nothing is being celebrated when they themselves aren’t even acknowledging the holiday, when irl, plenty of organizations give shout outs/spread resources, not many men are seeking them out though.",Reddit,NoStupidQuestions,subreddit,NoStupidQuestions,,1.0,1.0,0.7427,0.3713,pullpush_live_search,live_scrape,female,,,,3.0,VeryOpinionatedFem,1747659867.0,,mt45zyp,,,,,,,2026-06-19T13:14:36.356420,women are,,,,,0.7427,perpetrator_attack,1.0,1.0,1,0,gendered_moderate,0.0044990223832428455,0.00022129988064989448,0.00010767742060124874,0,model_flags_moderate_gendered_context
"There’s a MASSIVE difference between respectful interest and being catcalled. I’m talking about harassment here, what’s not clicking?",Reddit,Brunei,subreddit,Brunei,,0.0,0.0,0.2039,0.1189,pullpush_live_search,live_scrape,,,,,38.0,Feistybiter88,1747530208.0,,msvtz4f,,,,,,,2026-06-19T13:14:49.234274,catcalled,,,,,0.2039,neutral_discourse,0.0,0.0,0,0,standard,0.0011657819850370288,0.00014221879246179014,9.879239951260388e-05,0,agreement
"This is the biggest line of bull she’s ever tried to sell. She was literally the ignorant one that didn’t ask the Dr any questions about the “hard casts” and what they entail when the name speaks for itself. Then she was online whining Friday because she shared Grayson for sympathy and attention for herself and got backlash. Then she twisted the story to say she didn’t know they were hard casts and he couldn’t swim and wouldn’t have agreed to it during the summer. Yet another idiot excuse from her. Now tonight she’s saying how confident and strong she is as a mom and she knows what’s best for Grayson and she made the right decision 
. When on Friday she said she didn’t know what to do or what was right. She’s so clueless and the dumbest person I’ve even seen on social media trying to justify their life and motherhood decisions. Now she’s says she’s the one who’s going to teach and educate others that are ignorant. Bitch stfu.",Reddit,TypicallyTaraSnark,subreddit,TypicallyTaraSnark,,1.0,1.0,0.568,0.284,pullpush_live_search,live_scrape,female,,,,21.0,Numerous_Molasses_75,1747625701.0,,mt2dls0,,,,,,,2026-06-19T13:15:28.691014,dumb bitch,,,,,0.568,perpetrator_attack,1.0,1.0,1,1,severe,0.8299189209938049,0.014720720238983631,0.0012637422187253833,1,agreement
My bet is there are a lot of missing reasons here that OP is leaving out.,Reddit,relationship_advice,subreddit,relationship_advice,,0.0,0.0,0.1293,0.1521,reddit_harassment_dataset,live_scrape,mixed,,,,66.0,miflordelicata,1779619.0,,onkz0yr,0.0,"I (29M) asked my girlfriend (28F) of 6 years for a small loan for 2 days, her reaction has me questioning the relationship",https://reddit.com/r/relationship_advice/comments/1tm3omr/i_29m_asked_my_girlfriend_28f_of_6_years_for_a/,,,,,,,,,,0.0743,neutral_discourse,0.0,0.0,0,0,standard,0.0017114662332460284,0.0001381149486405775,9.787608723854646e-05,0,agreement
"Using a yardage book on the golf course. 

Now you just point a laser finder or look at a GPS screen.",Reddit,AskReddit,subreddit,AskReddit,,0.0,0.0,0.1315,0.1252,pullpush,live_scrape,,,,,1.0,HelloFromWisco,1747659986.0,,mt46bgk,0.0,,/r/AskReddit/comments/1kptz1u/people_over_35_whats_something_you_genuinely_miss/mt46bgk/,1kptz1u,0.0,0.0,2026-06-20T07:58:08.676452,,,,,,0.1315,neutral_discourse,0.0,0.0,0,0,standard,0.0007136049098335207,0.00013977408525533974,0.00011642948811640963,0,agreement
"I am so so so sorry this happened. I can't even imagine what you're going through. I can't really offer any advice as I've never been in this type of horrible situation, but I can offer my support. This happened to a friend of mine, her boyfriend and first and only partner raped her and for a long time she blamed herself and didn't even want to admit it was rape. Eventually she was able to find the strength to leave him, but it was hard. When I met her it was a few years after it happened but she told me that leaving him was the start of her healing process. Of course it's easier said than done, but I hope you will be able to leave and find safety. Sending you love and well wishes.",Reddit,TwoXChromosomes,subreddit,TwoXChromosomes,,0.0,0.0,0.2987,0.0835,reddit_harassment_dataset,live_scrape,female,,,,4.0,sleepy-ghost_1,1779597.0,,onjsz1l,1.0,TW: My boyfriend r*ped me and I don’t know what to do,https://reddit.com/r/TwoXChromosomes/comments/1tm10b9/tw_my_boyfriend_rped_me_and_i_dont_know_what_to_do/,,,,,,,,,,0.2987,neutral_discourse,1.0,0.0,0,1,severe,0.002602658001706004,0.00021479965653270483,0.0002336247416678816,0,agreement
Trippy they used the designs from the western cartoon. That goofy 90’s Sonic cartoon.,Reddit,gaming,subreddit,gaming,,0.0,0.0,0.2642,0.1368,reddit_harassment_dataset,live_scrape,mixed,,,,4.0,Kat_Box_Suicide,1779583.0,,oniv1m8,0.0,I never got into Tetris because I played this game so much.,https://reddit.com/r/gaming/comments/1tlx2sx/i_never_got_into_tetris_because_i_played_this/,,,,,,,,,,0.2642,neutral_discourse,0.0,0.0,0,0,standard,0.0025950970593839884,0.0001650402700761333,8.83138709468767e-05,0,agreement
"Your wife gets so wet when the dude touches her that she needs to go to the bathroom masturbate do she doesn't jump on the guy and you ask if you're overreacting? You're undereating, my mate. Dump her ass and find someone decent.",Reddit,relationship_advice,subreddit,relationship_advice,,1.0,1.0,0.4404,0.1742,reddit_harassment_dataset,live_scrape,female,,,,1.0,Much-Can9884,1779607.0,,onkccyb,0.0,My wife ‘25F’ and I ‘25M’ have been arguing over texts she sent to a coworker.,https://reddit.com/r/relationship_advice/comments/1tm25pz/my_wife_25f_and_i_25m_have_been_arguing_over/,,,,,,,,,,0.4404,neutral_discourse,1.0,0.0,1,0,gendered_moderate,0.9941818118095398,0.012489346787333488,0.0027726064436137676,1,agreement
"don’t— but if you want good pictures, use a single light source that can direct light forward (i.e. a lamp) and try to turn off overhead lights that can create weird shadows. mirror selfies are going to distort you a lot less than normal selfies. if you take a mirror selfie, zoom in because the typical lens for the 1x on an iphone is a 24mm, which will distort you. human vision resembles a 35mm and a 50mm is a more flattering lens. if that didn’t rlly make sense, just be sure to zoom in to at least 1.5x or preferably 2x. 

if you have your mind set on sending nudes, i’d suggest doing it through smth like snapchat so it’s harder for it to be saved, and keeping your face out of it.

i’ll say that it’s actually probably better, both for you if he keeps the pics and for keeping up a flirty mood, if you send near-nudes or just generally cute pictures with cleavage or in cute clothes instead of nudes. just like a sort of tease. it’s fun for him but much more importantly it keeps you totally safe. 

i’m thinking like exaggerated cleavage, topless but with hands or arms covering your boobs, braless in a thin top, legs in short shorts or even underwear, etc. these also mean they can be more personal because your face can be in them, which definitely helps with the charm. 

sort of everyday sexy works too— i.e. fit checks, but you pull up your top or show off your bra or smth.

ultimately, it’s rlly up to you. be creative. have fun. try to make yourself feel beautiful and sexy. that’s much more important than some guy. i don’t think you need nudes to hook him— it depends on what you want.

a lot of women tend to feel men are more complex then they are— they are simple, feeble-minded creatures and you have much more power than you realize. all it takes is a bit of assertiveness to set the tone. straight guys are horny, but sadly either cowards or creeps most of the time. if you want something, take it. it’s better to be direct and avoid wasting your time. dancing around things can be fun and cute but it isn’t a great way to get things done.

do you want sex? ask him to meet up at his at night. do you want to be taken out? ask if he has a favorite spot in the city and then if he still doesn’t ask, ask if he could show you it. you can drag (many) men kicking and screaming to doing what you want. you just have to know what it is that you want and be direct, upfront, and honest about your pursuit of it. you catch more flies with a plan than you do with honey.

— a former pro photographer and a girl who’s been here before",Reddit,Advice,subreddit,Advice,,1.0,1.0,0.6094,0.3047,pullpush_live_search,live_scrape,female,,,,1.0,somanywishes,1747659553.0,,mt455hv,,,,,,,2026-06-19T13:15:18.690304,send nudes,,,,,0.6094,perpetrator_attack,1.0,1.0,1,1,severe,0.3008749783039093,0.006775611080229282,0.0009876762051135302,0,model_flags_moderate_gendered_context
"Hello /u/One_Key_2579. Thank you for participating in /r/AskWomen. **Please read this entire message before taking action.**

This post has been removed as AskWomen does not allow posts about personal situations, advice or recommendations of any kind. This sub is about receiving answers from the community about *their own* opinions and experiences, so posts also cannot include your own answer or commentary. Posts that are undistinguishable from personal situations are not permitted.

You can always go to /r/findareddit if you don’t know where else to go.  Please remember to read the rules of any subreddit you go to.  

Have questions about this moderator action? See the [AskWomen rules](http://www.reddit.com/r/askwomen/wiki/rules).

If you need assistance, first **copy a link to your removed post or comment** and then paste it in a message to the mod team [clicking here](http://www.reddit.com/message/compose/?to=/r/AskWomen&subject=Why+was+this+removed). We will not reply to messages without a link for review. DO NOT contact moderators privately. 


*I am a bot, and this action was performed automatically. Please [contact the moderators of this subreddit](/message/compose/?to=/r/AskWomen) if you have any questions or concerns.*",Reddit,AskWomen,subreddit,AskWomen,,0.0,0.0,0.2411,0.0782,pullpush,live_scrape,,,,,1.0,AutoModerator,1747656615.0,,mt3xn6q,1.0,,/r/AskWomen/comments/1kqa2io/who_else_i_dont_feel_confident_lifting_my_arms_up/mt3xn6q/,1kqa2io,0.0,0.0,2026-06-20T07:57:43.994906,,,,,,0.2411,neutral_discourse,0.0,0.0,0,0,standard,0.0007335085538215935,0.00013853874406777322,0.00012552936095744371,0,agreement
Why are you with him? He sounds miserable and mean. ,Reddit,relationship_advice,subreddit,relationship_advice,,0.0,0.0,0.1453,0.0997,reddit_harassment_dataset,live_scrape,mixed,,,,3.0,justmeherandthemoon4,1779627.0,,onlg82r,0.0,How can I (33f) ask my partner (42m) to stop barging into people on the street?,https://reddit.com/r/relationship_advice/comments/1tm5he1/how_can_i_33f_ask_my_partner_42m_to_stop_barging/,,,,,,,,,,0.1453,neutral_discourse,0.0,0.0,0,0,standard,0.33504897356033325,0.001130743883550167,0.00037715976941399276,0,agreement
"Men who do this are being obtuse at best and disrespectful and cruel at worst. My boyfriend loves my body and had never made a comment that’s made me insecure in any way. He scrolls his Instagram right next to me and I’m never worried about him thirsting on there. We have an ongoing bit that Willem Dafoe is both of our celebrity hall pass. I’m not fully sure my boyfriend is even straight because he makes more objectifying comments towards men and I THINK he’s joking but the man just doesn’t comment on women at all and I love him so much. Find a man like that, this current man loves that he’s making you question your self worth.",Reddit,relationship_advice,subreddit,relationship_advice,,0.0,0.0,0.3175,0.0389,pullpush,live_scrape,female,,,,1.0,imsadandthatsrad,1747659638.0,,mt45dw9,0.0,,/r/relationship_advice/comments/1kq9rma/i_34_f_dont_understand_why_my_34_m_boyfriend/mt45dw9/,1kq9rma,0.0,0.0,2026-06-20T07:58:04.909820,,,,,,0.3175,neutral_discourse,1.0,0.0,0,0,standard,0.03076850064098835,0.0006128001259639859,0.0005233549745753407,0,agreement
"Do you want them to put you under, start the surgery, see if it’s worse then they had expected, close you up, wake you back up just to let you know how bad it actually is then put you back under to continue the surgery? I really hope not. If you do I hate to put this into reality but that coast thousands of dollars and no respected surgeon or hospital would do that let alone would your insurance cover it and you’d be put into serous medical debt unless your rich which if you were you’d already be seeing the best of the best and not being this stupid/rude to people you asked for these answers. If you don’t like the answer to bad?? Yea there obligated to tell you what surgery your going under for and every surgeon will tell you there’s a possibility of things to change/it’s in the paperwork you sign before surgery. THERES NO WAY TO KNOW WHAT SURGERY YOU WILL NEED TILL THERE IN YOUR HEAD. one way or another they need to actually be in there to know the full extent. This is the last repones I’ll give to you because clearly you don’t want actual advice/facts you just want to bitch online to strangers. I was originally trying to be nice but factual for you but now I genuinely don’t care if I hurt your feelings or not if I did you needed it if not maybe it’s already touching your brain otherwise damn your parents failed you. I hope your surgery goes well whenever you decide to stop being slow and get it done.",Reddit,cholesteatoma,subreddit,cholesteatoma,,1.0,1.0,0.5685,0.0277,pullpush_live_search,live_scrape,female,,,,3.0,user12345978610,1747654876.0,,mt3tmca,,,,,,,2026-06-19T13:14:11.953141,stupid bitch,,,,,0.5685,neutral_discourse,1.0,0.0,1,1,severe,0.7339650392532349,0.016190342605113983,0.03787650540471077,1,agreement
Being diagnosed with a major depressive disorder means I need some extra help. So I take Wellbutrin for that.,Reddit,AskWomen,subreddit,AskWomen,,0.0,0.0,0.2108,0.045,pullpush,live_scrape,,,,,1.0,indicatprincess,1747658515.0,,mt42dps,1.0,,/r/AskWomen/comments/1kq9k9j/how_do_you_yield_to_acceptance_without_losing/mt42dps/,1kq9k9j,0.0,0.0,2026-06-20T07:57:43.994742,,,,,,0.2108,neutral_discourse,0.0,0.0,0,0,standard,0.0012502147583290935,0.00016526812396477908,0.00010485697566764429,0,agreement
Trump is a flip flopper,Reddit,politics,subreddit,politics,,0.0,0.0,0.1165,0.1267,reddit_harassment_dataset,live_scrape,mixed,,,,1.0,sh0tgunben,1779624.0,,onl9rm3,0.0,Trump is Doing a Ukraine on Taiwan. It Exposes a Startling New Level of US Weakness: ‘Trump has suspended weapons sales to Taiwan in a move that again shows he favours potential enemies over allies’,https://reddit.com/r/politics/comments/1tmacca/trump_is_doing_a_ukraine_on_taiwan_it_exposes_a/,,,,,,,,,,0.1165,neutral_discourse,0.0,0.0,0,0,standard,0.22218959033489227,0.0008976130629889667,0.00026440416695550084,0,agreement
"Hello /u/NoxiiOfficial!

Thank you for posting on r/HentaiAndRoleplayy. Make sure your submission follows the rules! You can find them in the about section, or the sidebar of our subreddit. 
As a reminder: Any submission which breaks the terms of service, doesn't have a plot stated in the title, requests feeding/trading images/messages/nudes, or features unapproved advertisement, will result in a ban.

We highly encourage users to report submissions breaking the rules, as we have an active modteam making sure you have a satisfying and safe experience.

If you have any feedback that you need to tell us, please send us a direct modmail by clicking on ""Messaging the moderators"" on the sidebar, or on mobile by clicking on the three dots in the homepage.

*I am a bot, and this action was performed automatically. Please [contact the moderators of this subreddit](/message/compose/?to=/r/HentaiAndRoleplayy) if you have any questions or concerns.*",Reddit,HentaiAndRoleplayy,subreddit,HentaiAndRoleplayy,,0.0,0.0,0.1987,0.0889,pullpush_live_search,live_scrape,,,,,1.0,AutoModerator,1747659595.0,,mt459ma,,,,,,,2026-06-19T13:15:18.690284,send nudes,,,,,0.1987,neutral_discourse,0.0,0.0,0,0,standard,0.000607954862061888,0.00013893362483941019,0.0001295872061746195,0,agreement
Smh no wonder you haven't been bred yet. You're just a dumb lil bitch! You better stop and ask for permission whenever you want to play with yourself!!,Reddit,misogynyKINKmemes,subreddit,misogynyKINKmemes,,1.0,1.0,0.7789,0.3894,pullpush_live_search,live_scrape,female,,,,1.0,BudgetOtherwise9596,1747647923.0,,mt3gb79,,,,,,,2026-06-19T13:15:28.690919,dumb bitch,,,,,0.7789,perpetrator_attack,1.0,1.0,1,1,severe,0.9897994995117188,0.021747902035713196,0.0017444570548832417,1,agreement
Run away. Block him.  A 27 year age gap when he said 12.  He’s over twice the age he told you.  That’s really gross.,Reddit,relationship_advice,subreddit,relationship_advice,,0.0,0.0,0.1345,0.1582,reddit_harassment_dataset,live_scrape,mixed,,,,1.0,After_Reflection_243,1779631.0,,onltq47,0.0,Guy im seeing 38M? has been lying to me 24F,https://reddit.com/r/relationship_advice/comments/1tmb77d/guy_im_seeing_38m_has_been_lying_to_me_24f/,,,,,,,,,,0.1211,neutral_discourse,0.0,0.0,0,0,standard,0.13766320049762726,0.0009608177933841944,0.00040070657269097865,0,agreement
"""Reddit, how do I teach a middle aged man basic human decency?""

Have you considered a shock collar?

In all seriousness, how is this not a dealbreaker for you?",Reddit,relationship_advice,subreddit,relationship_advice,,0.0,0.0,0.3338,0.0911,reddit_harassment_dataset,live_scrape,mixed,,,,1018.0,FalsePremise8290,1779610.0,,onkhy2n,0.0,How can I (33f) ask my partner (42m) to stop barging into people on the street?,https://reddit.com/r/relationship_advice/comments/1tm5he1/how_can_i_33f_ask_my_partner_42m_to_stop_barging/,,,,,,,,,,0.3338,neutral_discourse,0.0,0.0,0,0,standard,0.022138463333249092,0.0005923787248320878,0.0001634500513318926,0,agreement
Back in the 90's when sluts couldn't just post stuff online to get their slut out.,Reddit,AskReddit,subreddit,AskReddit,,1.0,1.0,0.9362,0.4681,pullpush_live_search,live_scrape,female,,,,1.0,ArmUpMI,1747659683.0,,mt45i8u,,,,,,,2026-06-19T13:15:12.614914,slut,,,,,0.9362,perpetrator_attack,1.0,1.0,1,1,severe,0.9435590505599976,0.30803629755973816,0.004913230426609516,1,agreement
"I’ll try to make this as short as possible. 

I worked security in a hotel many years ago. It was overnight 11pm to 7am. At midnight the bar closes and around 1am I would walk the restaurant area and make sure all doors were locked. 

These door are the push bar style door. Push bar on inside and just a simple handle on the outside. As usual, all doors were locked. I would test them by walking past them and pushing on the door (not the bar). If it wouldn’t open, it’s locked. 

At this point it is only me and a night auditor in there, as far as employees go. She radios me and say someone keeps opening one of the restaurant doors. That it keeps opening and closing. I go check it out. No one is there. I double check the doors and they’re locked, so whoever was messing with it had to be doing it from the inside, but she didn’t see anyone each time she looked. 

As I’m walking away, I get maybe 20ft away, and I hear it open and close. I turn around and no one is there. I go back to the door again, push as hard as I can on it and it doesn’t open. I turn and get maybe 3ft away and the door flies open and closes. 

It freaks me the fuck out. The door is mostly glass, so you can see through it. No one is there. 

I go outside, check it from the outside and I can’t open it. 

I go to our camera room and check the cameras. I see it opening and closing on its own. Then you see me come into frame and can see the door fly open with me just a few feet away. 

I still have the video. I’ll try to find and upload it. I don’t believe in ghosts, but I have no explanation for this. 

EDIT: [Found it.](https://streamable.com/slsi88)

It’s shittier quality than I remember but our cameras and my phone both sucked.",Reddit,AskReddit,subreddit,AskReddit,,0.0,0.0,0.4127,0.1085,reddit_harassment_dataset,live_scrape,female,,,,57.0,_bk_adv,1779627.0,,onli6q1,0.0,What’s the creepiest thing that has happened to you that you still can’t explain?,https://reddit.com/r/AskReddit/comments/1tm9icm/whats_the_creepiest_thing_that_has_happened_to/,,,,,,,,,,0.4127,neutral_discourse,1.0,0.0,0,1,severe,0.10743013024330139,0.0010635766666382551,0.0009765755385160446,0,agreement
"He favours the country with the most money he thinks he can take, simple",Reddit,politics,subreddit,politics,,0.0,0.0,0.2173,0.1099,reddit_harassment_dataset,live_scrape,mixed,,,,1.0,nativeridge_,1779625.0,,onlaqs3,0.0,Trump is Doing a Ukraine on Taiwan. It Exposes a Startling New Level of US Weakness: ‘Trump has suspended weapons sales to Taiwan in a move that again shows he favours potential enemies over allies’,https://reddit.com/r/politics/comments/1tmacca/trump_is_doing_a_ukraine_on_taiwan_it_exposes_a/,,,,,,,,,,0.2173,neutral_discourse,0.0,0.0,0,0,standard,0.001410006545484066,0.00016434365534223616,0.00010878544708248228,0,agreement
She completed her mission of giving all our national secrets to her Russian handler.  Winning!,Reddit,politics,subreddit,politics,,0.0,0.0,0.3547,0.0484,reddit_harassment_dataset,live_scrape,female,,,,35.0,Basic_Yam_715,1779472.0,,onabiwv,0.0,Megathread: Director of National Intelligence Tulsi Gabbard Resigns,https://reddit.com/r/politics/comments/1tkpf7h/megathread_director_of_national_intelligence/,,,,,,,,,,0.3547,neutral_discourse,1.0,0.0,0,0,standard,0.00087266560876742,0.00014638129505328834,0.0001220543053932488,0,agreement
I was literally thinking about this the other day. It’s so symbolic of the way many men think it’s hilarious.,Reddit,TwoXChromosomes,subreddit,TwoXChromosomes,,0.0,0.0,0.0811,0.0142,reddit_harassment_dataset,live_scrape,mixed,,,,2.0,zmhsk,1779615.0,,onkqr7a,1.0,Why do men always think their music is the default?,https://reddit.com/r/TwoXChromosomes/comments/1tlxhd5/why_do_men_always_think_their_music_is_the_default/,,,,,,,,,,0.0811,victim_disclosure,0.0,0.0,0,0,standard,0.0006774091743864119,0.00013657273666467518,0.0001153856937889941,0,agreement
"You've made the right decision. The cats were there before him so he either accepts them fully or it's always going to be a conflict point. And then there's the health stuff, which was just disgusting behavior. Any partner that does not make an effort to understand your conditions and support you through them is not someone you want by your side.",Reddit,TwoXChromosomes,subreddit,TwoXChromosomes,,1.0,1.0,0.451,0.1084,reddit_harassment_dataset,live_scrape,mixed,,,,1.0,OtakuMage,1779630.0,,onlra79,1.0,I left my boyfriend because of my cats. I know i did the right thing but it still hurts,https://reddit.com/r/TwoXChromosomes/comments/1tmcixm/i_left_my_boyfriend_because_of_my_cats_i_know_i/,,,,,,,,,,0.451,neutral_discourse,0.0,0.0,1,0,gendered_moderate,0.0011662268079817295,0.00016107237024698406,0.00011721237387973815,0,model_flags_moderate_gendered_context
"If you are thinking for a second about Massie, watch his concession speech. He shit talks trans people, gets the room to erupt in cheers by talking about dismantling the Department of Education, speaks explicitly about Christian nationalism. He is just Trump without the dementia or pedophilia. Which is better I guess, but….",Reddit,politics,subreddit,politics,,0.0,0.0,0.1555,0.1384,reddit_harassment_dataset,live_scrape,mixed,,,,1.0,Bulbasauruses,1779632.0,,onlx0di,0.0,Congressman Massie will name more names in Congress from the Epstein Files and won’t rule out a bid for 2028 Presidency after record money spent from AIPAC and billionaires on his opponent in Kentucky Primary,https://reddit.com/r/politics/comments/1tmdaxe/congressman_massie_will_name_more_names_in/,,,,,,,,,,0.1555,neutral_discourse,0.0,0.0,0,1,severe,0.4538131356239319,0.034389428794384,0.0023339653853327036,0,agreement
"Layla Sarakalo. She lived in San Francisco when Star Trek IV was being filmed on her street. She was hired as an extra, but wasn't supposed to speak.

[https://www.imdb.com/name/nm6472784](https://www.imdb.com/name/nm6472784)

But she did. She told Chekov and Uhura that the nuclear wessels were probably in Alameda. Paramount had to hire her and get her into the Screen Actors Guild - because extras can't have speaking parts. And actors must be in the Guild. And her quip was hilarious.

\[Chekov\] *Speaking urgently, with raised voice, pleading with random passerby who stops and listens:* **We're looking for the Naval base in Alameda - can you tell me where the nuclear wessels are?**

\[Random passerby\] *Talking slowly and casually:* **I think it's across the Bay.**

\[walks away\]

&gt;!**In Alameda.**!&lt;

[https://www.youtube.com/watch?v=MdSJFrhb-HM](https://www.youtube.com/watch?v=MdSJFrhb-HM)",Reddit,AskReddit,subreddit,AskReddit,,0.0,0.0,0.2133,0.0719,reddit_harassment_dataset,live_scrape,female,,,,497.0,publiusvaleri_us,1779631.0,,onls3ao,0.0,"What are the best examples of ""he didn't know it was impossible, so he did it"" in history?",https://reddit.com/r/AskReddit/comments/1tm99fk/what_are_the_best_examples_of_he_didnt_know_it/,,,,,,,,,,0.2133,neutral_discourse,1.0,0.0,0,0,standard,0.0010231789201498032,0.00014202730380930007,0.00010982251114910468,0,agreement
Talked about going out with his brother and killing street cats. I had to shuffle my way to another country!,Reddit,AskWomen,subreddit,AskWomen,,0.0,0.0,0.0773,0.0909,pullpush,live_scrape,,,,,2.0,throwokcjerks,1747657529.0,,mt3zvi7,1.0,,/r/AskWomen/comments/1kp533g/whats_something_a_man_did_that_instantly_made_you/mt3zvi7/,1kp533g,0.0,0.0,2026-06-20T07:57:43.994842,,,,,,0.0721,neutral_discourse,0.0,0.0,0,0,standard,0.1557367444038391,0.0039645894430577755,0.0026525838766247034,0,agreement
The survivors from alive. The climb out was something nobody with any climbing experience would have ever attempted,Reddit,AskReddit,subreddit,AskReddit,,0.0,0.0,0.2923,0.174,reddit_harassment_dataset,live_scrape,mixed,,,,55.0,Furtivefarting,1779631.0,,onluhp0,0.0,"What are the best examples of ""he didn't know it was impossible, so he did it"" in history?",https://reddit.com/r/AskReddit/comments/1tm99fk/what_are_the_best_examples_of_he_didnt_know_it/,,,,,,,,,,0.2923,neutral_discourse,0.0,0.0,0,0,standard,0.0012134555727243423,0.00015584766515530646,0.00012236289330758154,0,agreement
"I think it’s impossible for her to actually grieve. The only person she cares about is herself. When talking about her brother’s death, she flips it where she’s the victim. Even going to visit her mom in the hospital, it was all about her. she couldn’t even take public transportation, because sweet little Tophia might get assaulted! She’s wasted the money she was given on uber that could have been spent on necessities for her mom. She’s just a selfish, disgusting excuse of a human.",Reddit,tophiachutiktok,subreddit,tophiachutiktok,,1.0,1.0,0.4408,0.0966,pullpush_live_search,live_scrape,female,,,,39.0,tomatoesarepoison,1747652418.0,,mt3oex0,,,,,,,2026-06-19T13:14:58.222300,assaulted,,,,,0.4408,neutral_discourse,1.0,0.0,1,1,severe,0.8412911891937256,0.012374363839626312,0.0011590061476454139,1,agreement
"Always good to have a reminder that the proverbial bar isn't actually so low that women *have to* accept poorly behaved partners.

That bar, it's high. Now I'll do a ""boast"" too: I was with someone for 4 years who didn't love me and I don't think even liked me. He treated me terribly. He is, to this day, the most selfish person I've ever known. Paradoxically, I was with him so long and really did love him so much that I was scared to leave; I couldn't see myself without him. But eventually I did leave. Did I end it later than I should have? Yes. Were my emotions so out of wack I questioned of I made the right choice? Yes. Did I stay the course and never speak to him again? Yes!

Life is so much better now. My self esteem is so much better now. I have ""less"" than I ever have in my life after spending so much money on him and having to leave our shared apartment when I ended things. But, I now realize my own company is the best. *I* am the bar. If someone isn't making my life easier then why would I even be talking to them at all?

To any woman thinking about leaving their partner... Women who know in their mind that it's the right thing to do. Go. For it. You don't deserve poor treatment. You certainly don't deserve to put up with certain things just because of your gender. I believe in you and I hope you find the strength you need get yourself into a better place.",Reddit,TwoXChromosomes,subreddit,TwoXChromosomes,,1.0,1.0,0.6772,0.2736,reddit_harassment_dataset,live_scrape,female,,,,127.0,soylamulatta,1779617.0,,onku1l3,1.0,"They exist, and it's where the bar should be.",https://reddit.com/r/TwoXChromosomes/comments/1tm6x8j/they_exist_and_its_where_the_bar_should_be/,,,,,,,,,,0.6772,neutral_discourse,1.0,1.0,1,0,gendered_moderate,0.025545911863446236,0.0008152646478265524,0.0004194962966721505,0,model_flags_moderate_gendered_context
My experience with the game is getting past the starting area to the point where you have to hide from enemies. I hid under a bed and didn’t come out. I was to freaked out. Which is surprising since I played Amnesia The Dark Decent just fine.,Reddit,gaming,subreddit,gaming,,0.0,0.0,0.0634,0.0484,reddit_harassment_dataset,live_scrape,mixed,,,,1.0,l3reeze10,1779605.0,,onk7fij,0.0,Outlast (2013) is just so mean-spirited and evil asf,https://reddit.com/r/gaming/comments/1tlt0r7/outlast_2013_is_just_so_meanspirited_and_evil_asf/,,,,,,,,,,0.0634,victim_disclosure,0.0,0.0,0,0,standard,0.0017410151194781065,0.00015872457879595459,0.00012385514855850488,0,agreement
"well, at least we finally started to hold blizzard accountable when they went downhill. more likely blame bobby kotick 🤣

it was an exciting time when it launched before all that BS ",Reddit,gaming,subreddit,gaming,,1.0,1.0,0.4206,0.094,reddit_harassment_dataset,live_scrape,mixed,,,,2.0,Bogus1989,1779625.0,,onlc359,0.0,Today marks 10 years of Overwatch… still can’t believe it’s been that long,https://reddit.com/r/gaming/comments/1tm8ewn/today_marks_10_years_of_overwatch_still_cant/,,,,,,,,,,0.4206,neutral_discourse,0.0,0.0,1,0,gendered_moderate,0.0008922613924369216,0.00013881166523788124,0.00011669001105474308,0,model_flags_moderate_gendered_context
"Are you on fucking psychedelics? Bitch you not a baddie, you a viewer like the rest of the us LMFAO maybe the real reason you think the show isn't fun to discuss anymore is bc you too busy pretending you being on the show instead of watching it, now you look stupid 

Get off Scummer's herpes infected pussy and pick up knitting, you too slow to be a baddies fan (as you can imagine, the bar was already low)",Reddit,BaddiesSouth,subreddit,BaddiesSouth,,1.0,1.0,0.7602,0.3801,pullpush_live_search,live_scrape,female,,,,1.0,lovingcandyfr,1747629794.0,,mt2m36n,,,,,,,2026-06-19T13:14:11.953211,stupid bitch,,,,,0.7602,perpetrator_attack,1.0,1.0,1,1,severe,0.9978116154670715,0.05398125946521759,0.004215417895466089,1,agreement
I loved Vanilla. Fell off after Sombra. The game just changed too much for me. Went way too sweaty way too fast while I preferred the chaos of 5 Bastions in a trenchcoat,Reddit,gaming,subreddit,gaming,,0.0,0.0,0.2067,0.0862,reddit_harassment_dataset,live_scrape,mixed,,,,0.0,HotMachine9,1779630.0,,onlpqcr,0.0,Today marks 10 years of Overwatch… still can’t believe it’s been that long,https://reddit.com/r/gaming/comments/1tm8ewn/today_marks_10_years_of_overwatch_still_cant/,,,,,,,,,,0.2067,neutral_discourse,0.0,0.0,0,0,standard,0.0013727471232414246,0.00014654778351541609,0.00010712746006902307,0,agreement
"Edit: All the replies here are already proving that what I’m saying is correct. In the West, if you bring up “problematic” work, people will likely go “one wtfff, that’s so messed up!!”, etc. There ar MORAL criticisms, no matter whether the work is not well known or not.

The replies in Japan tend to be “I’ve never heard of it” “It’s freedom of expression” “It’s not illegal, so it’s fine”. There’s a tendency to not make any moral criticisms and judgements, because that would create conflicts and moral confrontations. 

Because Japan never really developed a culture of creating a moral system/philosophy, unlike the West or the Middle East. You might say that this has to do with Confucianism, which has some very basic morality, but never delves into the abstract or metaphysical world, because they’re “not pragmatic”.

Shintoism never really evolved to have a system of morality. Buddhism, like Confucianism has some basic principles of morality, but never really systematic in a deep way.

You could say that the samurai class heavily suppressed the population to never be able to develop such a moral system, lest they would eventually cause an uprising against the samurai class.

These days, the attitude of moral relativism is popular in Japan. Again, the authorities in Japan created the culture of “not bothering others”, which was convenient for the authorities because they would also not be bothered.

Many immoral and psychopathic people in Japan take advantage of this, because even if these works are problematic, people have the tendency to not criticize them.

In the 90s, a so-called “demonic” style or kichiku-kei was a popular and trendy pop culture movement. It was considered to be a rebellion against the “polite” societal norms, when most of them were just expressions of sadistic sexual violence against women.",Reddit,AskAJapanese,subreddit,AskAJapanese,,1.0,1.0,0.4461,0.0787,pullpush_live_search,live_scrape,female,,,,-4.0,Shiningc00,1747659789.0,,mt45sgd,,,,,,,2026-06-19T13:14:36.356483,women are,,,,,0.4461,neutral_discourse,1.0,0.0,1,0,gendered_moderate,0.024821681901812553,0.0012221542419865727,0.0003519360034260899,0,model_flags_moderate_gendered_context
"Either they've never met a woman or never shut the fuck up long enough for her to speak. I'd imagine there's partly the ""phone call affect"" like customer service voice going on when you're on a mic but regardless why are they dense",Reddit,GirlGamers,subreddit,GirlGamers,,1.0,1.0,0.4982,0.1466,pullpush,live_scrape,female,,,,18.0,MidUser3001,1747633686.0,,mt2tbpp,1.0,,/r/GirlGamers/comments/1kq3iwf/i_hate_how_much_women_get_accused_of_faking_their/mt2tbpp/,1kq3iwf,0.0,0.0,2026-06-20T07:57:56.064893,,,,,,0.4982,neutral_discourse,1.0,0.0,1,1,severe,0.9505378007888794,0.004525459837168455,0.001656804233789444,1,agreement
Run. And now before he comes over. This guy will get do much worse and make your life a living hell. Please just do it,Reddit,relationship_advice,subreddit,relationship_advice,,0.0,0.0,0.4173,0.1507,reddit_harassment_dataset,live_scrape,mixed,,,,9.0,Good-Community-5035,1779611.0,,onkign1,0.0,"Guy Im talking to (m34) for 6 months didnt want me (f30) going out alone and sabotaged my plans, how do I proceed?",https://reddit.com/r/relationship_advice/comments/1tm592l/guy_im_talking_to_m34_for_6_months_didnt_want_me/,,,,,,,,,,0.4173,neutral_discourse,0.0,0.0,0,0,standard,0.5716856122016907,0.004882934968918562,0.08176742494106293,1,detoxify_flags_general_toxicity_not_gendered_harm
He comes to mind for sure. I see him in a coworker I have and definitely know I made the right choice. He does the same stuff my ex used to do. Super bully,Reddit,AskReddit,subreddit,AskReddit,,0.0,0.0,0.0614,0.0596,pullpush,live_scrape,,,,,1.0,Traditional_Law_3342,1747659932.0,,mt4666a,0.0,,/r/AskReddit/comments/1kq823w/do_you_ever_think_about_your_ex_and_wonder_if_you/mt4666a/,1kq823w,0.0,0.0,2026-06-20T07:58:08.676715,,,,,,0.0614,victim_disclosure,0.0,0.0,0,0,standard,0.36142683029174805,0.004681611433625221,0.00040073180571198463,0,agreement
"The dark cloud mechanic you mentioned is actually used. the game is called arms of god and is set to release on 8th of june and it is its core mechanic. weapons have 12 slots for enhancements, but you can turn any wepon into an enhancement for another weapon and thus make increasingly stronger weapons. the demo of the game was also grear so i have high hopes.",Reddit,gaming,subreddit,gaming,,0.0,0.0,0.274,0.137,reddit_harassment_dataset,live_scrape,mixed,,,,4.0,Rohen2003,1779595.0,,onjotd2,0.0,"I don’t understand why these 2 game mechanics haven’t been stolen. Dark Cloud weapon upgrade system, and Paladins champion card system.",https://reddit.com/r/gaming/comments/1tlrf95/i_dont_understand_why_these_2_game_mechanics/,,,,,,,,,,0.274,neutral_discourse,0.0,0.0,0,0,standard,0.0005857031792402267,0.00014362396905198693,0.00013582764950115234,0,agreement
"Sorry you two had to go through that, but happy to hear they got called out and cried like babies. ",Reddit,relationship_advice,subreddit,relationship_advice,,0.0,0.0,0.344,0.1469,reddit_harassment_dataset,live_scrape,mixed,,,,5.0,HowWasItoKnow,1779595.0,,onjnujz,0.0,UPDATE: My(20f) brother(26m) and I think that my bf(21m) and my brother’s gf(25f) are hooking up.,https://reddit.com/r/relationship_advice/comments/1tlymqa/update_my20f_brother26m_and_i_think_that_my_bf21m/,,,,,,,,,,0.344,neutral_discourse,0.0,0.0,0,0,standard,0.0019144599791616201,0.00022511456336360425,0.0001632776256883517,0,agreement
"Die out as a species? Sorry, I don’t have any ideas.",Reddit,TwoXChromosomes,subreddit,TwoXChromosomes,,0.0,0.0,0.2867,0.1419,pullpush,live_scrape,,,,,23.0,khauska,1747659109.0,,mt43yg9,1.0,,/r/TwoXChromosomes/comments/1kq1flp/rape_and_abortion_and_human_incubators_in_the_usa/mt43yg9/,1kq1flp,0.0,0.0,2026-06-20T07:57:40.761354,,,,,,0.2867,neutral_discourse,0.0,0.0,0,0,standard,0.2927469313144684,0.009176955558359623,0.06509169936180115,0,agreement
NTA your husband is severely sexist and can't stand that you're not rolling over and letting him trample you.,Reddit,AmItheAsshole,subreddit,AmItheAsshole,,0.0,0.0,0.262,0.1564,pullpush_live_search,live_scrape,,,,,1.0,imwhateverimis,1747657468.0,,mt3zpwp,,,,,,,2026-06-19T13:13:48.210394,sexist,,,,,0.262,neutral_discourse,0.0,0.0,0,0,standard,0.9609780311584473,0.023433765396475792,0.0035546887665987015,1,detoxify_flags_general_toxicity_not_gendered_harm
"Ouch, bummer. RIP 💀 Fuck Gamestop, ripoff motherfuckrrs that pay their employees crap. I feel your pain. I learned Gamestop was shiity back in the 90s. I spent 50 in Walmart for the first mgs(metal gear solid). After one year, I was shocked, pissed and surprised how much the game value drops. Basically once it's opened and played it's garbage. I had to give them mhs with 3 other games just to get half the worth of mgs, $25. That was also the day I gave Gamestop the 🖕 and said never again. The good news is, years ago I put in an application. I didn't get hired because I don't have much retail xp. Whatever, now I'm glad at least I never worked for them. I'd be miserable too 🙈💩 ",Reddit,gaming,subreddit,gaming,,0.0,0.0,0.1889,0.0151,reddit_harassment_dataset,live_scrape,mixed,,,,2.0,jerzyboy76,1779580.0,,onimkrq,0.0,This Gamestop receipt from 2012 after I sold my entire collection because I needed to move across country..,https://reddit.com/r/gaming/comments/1tljyd6/this_gamestop_receipt_from_2012_after_i_sold_my/,,,,,,,,,,0.1889,victim_disclosure,0.0,0.0,0,1,severe,0.993150532245636,0.005365064367651939,0.002880878048017621,1,detoxify_flags_general_toxicity_not_gendered_harm
"Oh no, don't make them go into the rabbit hole that is Hoyo games. It's simply not with it. The executives are also known for being heavily into waifus and favoring one character (always a female) over the other.",Reddit,GirlGamers,subreddit,GirlGamers,,1.0,1.0,0.5157,0.0538,pullpush,live_scrape,female,,,,1.0,No-Ask1967,1747638333.0,,mt317t4,1.0,,/r/GirlGamers/comments/1koiitk/a_weird_question_about_gacha_games/mt317t4/,1koiitk,0.0,0.0,2026-06-20T07:57:56.064782,,,,,,0.5157,neutral_discourse,1.0,0.0,1,0,gendered_moderate,0.005979766137897968,0.00020958173263352364,0.00012819863331969827,0,model_flags_moderate_gendered_context
I finished university about 2 months ago and I'm starting my first lawyer job in June,Reddit,AskWomen,subreddit,AskWomen,,0.0,0.0,0.1866,0.1625,pullpush,live_scrape,,,,,4.0,JustASomeone1410,1747657311.0,,mt3zc2j,1.0,,/r/AskWomen/comments/1kq3pda/what_do_you_do_for_a_living/mt3zc2j/,1kq3pda,0.0,0.0,2026-06-20T07:57:43.994863,,,,,,0.1866,neutral_discourse,0.0,0.0,0,0,standard,0.0006847401964478195,0.0001381333713652566,0.00012557832815218717,0,agreement
You need a man to think for you. Tell you what to wear..eat..ans how to be a good whore,Reddit,betawomen,subreddit,betawomen,,1.0,1.0,0.7618,0.3809,pullpush_live_search,live_scrape,female,,,,2.0,Bigbadaboom07,1747657804.0,,mt40kfi,,,,,,,2026-06-19T13:15:05.306501,whore,,,,,0.7618,perpetrator_attack,1.0,1.0,1,1,severe,0.9195429682731628,0.026831764727830887,0.0021513248793780804,1,agreement
All the Trump supporters have been quiet in HK.,Reddit,politics,subreddit,politics,,0.0,0.0,0.1461,0.0529,reddit_harassment_dataset,live_scrape,mixed,,,,1.0,etang77,1779632.0,,onlwo6n,0.0,Trump is Doing a Ukraine on Taiwan. It Exposes a Startling New Level of US Weakness: ‘Trump has suspended weapons sales to Taiwan in a move that again shows he favours potential enemies over allies’,https://reddit.com/r/politics/comments/1tmacca/trump_is_doing_a_ukraine_on_taiwan_it_exposes_a/,,,,,,,,,,0.1461,neutral_discourse,0.0,0.0,0,0,standard,0.0007065032259561121,0.00014779364573769271,0.00011642427125480026,0,agreement
"Shut up you stupid bitch. Y’all always think a random anecdote is going to shake the table in the face of empirical data. 

Yes, that’s cute and Mark Zuckerberg became a billionaire at 24. “Anything is possible.” “Personal accountability” is irrelevant in the face of a SOCIAL phenomenon.",Reddit,PeterExplainsTheJoke,subreddit,PeterExplainsTheJoke,,1.0,1.0,0.8291,0.4145,pullpush_live_search,live_scrape,female,,,,1.0,BeeLamb,1747623573.0,,mt28q5x,,,,,,,2026-06-19T13:14:11.953239,stupid bitch,,,,,0.8291,perpetrator_attack,1.0,1.0,1,1,severe,0.9945523142814636,0.012086315080523491,0.001471363939344883,1,agreement
"Not female but I would like to work with you, I actually coach for free online and have helped many women to improve their appearance, feel better and most importantly be healthier.  
I train daily at home, and my program is quite easy to follow without the need of getting to a gym.  
Girls who have worked with me also have become much more confident since getting healthier shows them how much they are capable of for a transformation in their lives.

Get to me if that sounds good to you.",Reddit,GetMotivatedBuddies,subreddit,GetMotivatedBuddies,,1.0,1.0,0.7585,0.3793,pullpush_live_search,live_scrape,female,,,,0.0,lmclrain,1747659970.0,,mt469xz,,,,,,,2026-06-19T13:14:36.356325,women are,,,,,0.7585,perpetrator_attack,1.0,1.0,1,0,gendered_moderate,0.0015663041267544031,0.00022413219267036766,0.000124465354019776,0,model_flags_moderate_gendered_context
The whores take double off him.,Reddit,Germany_Jobs,subreddit,Germany_Jobs,,1.0,1.0,0.9341,0.485,pullpush_live_search,live_scrape,,,,,1.0,Quamatoc,1747659940.0,,mt466xq,,,,,,,2026-06-19T13:15:05.306361,whore,,,,,0.9341,perpetrator_attack,0.0,0.0,1,0,gendered_moderate,0.948040783405304,0.021630065515637398,0.0019379024161025882,1,agreement
What does everyone mean when they say the game is “mean spirited”,Reddit,gaming,subreddit,gaming,,0.0,0.0,0.1134,0.1114,reddit_harassment_dataset,live_scrape,mixed,,,,8.0,HIEROYALL,1779594.0,,onjlemw,0.0,Outlast (2013) is just so mean-spirited and evil asf,https://reddit.com/r/gaming/comments/1tlt0r7/outlast_2013_is_just_so_meanspirited_and_evil_asf/,,,,,,,,,,0.1134,neutral_discourse,0.0,0.0,0,0,standard,0.0009296103962697089,0.0001381008478347212,0.00011101683776360005,0,agreement
This is a start of a very controlling relationship. It’s clear as day because this is only 6 months in and this will not get better overtime.,Reddit,relationship_advice,subreddit,relationship_advice,,0.0,0.0,0.325,0.2819,reddit_harassment_dataset,live_scrape,mixed,,,,5.0,Exotic-flavors,1779615.0,,onkqqjv,0.0,"Guy Im talking to (m34) for 6 months didnt want me (f30) going out alone and sabotaged my plans, how do I proceed?",https://reddit.com/r/relationship_advice/comments/1tm592l/guy_im_talking_to_m34_for_6_months_didnt_want_me/,,,,,,,,,,0.325,neutral_discourse,0.0,0.0,0,0,standard,0.0005933678476139903,0.0001403419446432963,0.00013117920025251806,0,agreement
"It sounds like you gave him an inch and he took a mile. You were definitely taken advantage of. It’s concerning that he showed no regard for your wellbeing before or after he got what he wanted. I think you may have been assaulted. It is NOT your fault. No one is able to give consent after drinking to the point of drunk and therefore any prior ‘free use’ agreement is void. It’s best to have a sober conversation about your limits and how you feel with him. If he can not validate, apologize in a meaningful way, and respect how you feel. Run. I am so sorry that this happened. You should feel safe, loved, considered, and respected in your marriage.",Reddit,sex,subreddit,sex,,0.0,0.0,0.24,0.0972,pullpush_live_search,live_scrape,,,,,1.0,Debt_Ancient,1747658148.0,,mt41fjm,,,,,,,2026-06-19T13:14:58.222145,assaulted,,,,,0.24,neutral_discourse,0.0,0.0,0,1,severe,0.003712071105837822,0.00019526858523022383,0.0001624063734197989,0,agreement
"hmmm i like the idea that you can somehow reuse your old favorite weapons.

because that's my biggest peeve in games... once i find a weapon i love, i just want it to become better... and rarely can it be upgraded all the way to endgame...

but also being able to take an old favorite, and use it to make a new weapon better....  that would be a great combo.",Reddit,gaming,subreddit,gaming,,1.0,1.0,0.4952,0.1533,reddit_harassment_dataset,live_scrape,mixed,,,,1.0,duckforceone,1779607.0,,onkc20u,0.0,"I don’t understand why these 2 game mechanics haven’t been stolen. Dark Cloud weapon upgrade system, and Paladins champion card system.",https://reddit.com/r/gaming/comments/1tlrf95/i_dont_understand_why_these_2_game_mechanics/,,,,,,,,,,0.4952,neutral_discourse,0.0,0.0,1,0,gendered_moderate,0.000872087839525193,0.0001422269269824028,0.00012205092934891582,0,model_flags_moderate_gendered_context
"I left a guy after he got annoyed and tossed my cat out the second story window. He said I was leaving him for a cat. I said 'yeah, the cat won't toss me out a window when he's annoyed!""

If course he wOuLd NeVeR do that though! ",Reddit,TwoXChromosomes,subreddit,TwoXChromosomes,,0.0,0.0,0.0524,0.0617,reddit_harassment_dataset,live_scrape,mixed,,,,1.0,Ydain,1779637.0,,onmc0ah,1.0,I left my boyfriend because of my cats. I know i did the right thing but it still hurts,https://reddit.com/r/TwoXChromosomes/comments/1tmcixm/i_left_my_boyfriend_because_of_my_cats_i_know_i/,,,,,,,,,,0.0474,victim_disclosure,0.0,0.0,0,0,standard,0.017032993957400322,0.00025886905496008694,0.00018341517716180533,0,agreement
"This is something that I never see someone mention.

I have said that Donald Trump likely is the cause of the Ukraine invasion.

Everyone forgets that his “perfect phone call” impeachment was a threat to withhold military support unless Zelenskyy started a bogus investigation on the Bidens. When they Zelenskyy wouldn’t, Trump withheld over $400 million in support until he was forced to let it happen. From what I remember, that delay caused a lot of instability and then a rushed attempt to fill gaps when the support finally came. I firmly believe that those weaknesses are what Putin’s intelligence department saw as opportunity and made their decision to attack. Or made the plan in advance after they orchestrated Trump’s play.",Reddit,politics,subreddit,politics,,0.0,0.0,0.1629,0.1354,reddit_harassment_dataset,live_scrape,mixed,,,,1.0,algy888,1779634.0,,onm3bj0,0.0,Trump is Doing a Ukraine on Taiwan. It Exposes a Startling New Level of US Weakness: ‘Trump has suspended weapons sales to Taiwan in a move that again shows he favours potential enemies over allies’,https://reddit.com/r/politics/comments/1tmacca/trump_is_doing_a_ukraine_on_taiwan_it_exposes_a/,,,,,,,,,,0.1629,neutral_discourse,0.0,0.0,0,0,standard,0.0007382413605228066,0.000147350670886226,0.00011898715456482023,0,agreement
"They don't have to forgive him, they're not going to do anything about it. ",Reddit,politics,subreddit,politics,,0.0,0.0,0.1862,0.1956,reddit_harassment_dataset,live_scrape,mixed,,,,1.0,GoodishCoder,1779634.0,,onm3qxe,0.0,Americans are waking up to Trump’s money grabbing. They won’t forgive him,https://reddit.com/r/politics/comments/1tmc1vy/americans_are_waking_up_to_trumps_money_grabbing/,,,,,,,,,,0.1862,neutral_discourse,0.0,0.0,0,0,standard,0.0011915205977857113,0.00014774165174458176,0.0001196987577714026,0,agreement
"Do what you think feels right.  
I’m not gonna tell you to stay together or break up.

That being said your girlfriend doesn’t trust you.  
Reflect on why that is and if you’ve loaned money before to cause that distrust",Reddit,relationship_advice,subreddit,relationship_advice,,0.0,0.0,0.2939,0.125,reddit_harassment_dataset,live_scrape,female,,,,3.0,Old-Airfryer,1779609.0,,onkgezj,0.0,"I (29M) asked my girlfriend (28F) of 6 years for a small loan for 2 days, her reaction has me questioning the relationship",https://reddit.com/r/relationship_advice/comments/1tm3omr/i_29m_asked_my_girlfriend_28f_of_6_years_for_a/,,,,,,,,,,0.2939,neutral_discourse,1.0,0.0,0,0,standard,0.10249533504247665,0.0005881254328414798,0.0004499873029999435,0,agreement
"It’s because gen Z and gen Alpha men genuinely receive very little benefit from being white or from being male. The structural benefits are mostly eroded. And in spheres where it matters, like in education, women even seem to have a bit of an edge. All this, but the cultural conversation remains negative towards men, so it’s no surprise that these young boys are going to have a knee jerk reaction against it. 

Obviously that’s not to say racism and sexism no longer exist, they do, but society has changed quite a bit since the 60s. The social order isn’t the same as it used to be.",Reddit,rs_x,subreddit,rs_x,,1.0,1.0,0.6321,0.316,pullpush_live_search,live_scrape,female,,,,14.0,firesideangel,1747659882.0,,mt461cj,,,,,,,2026-06-19T13:14:36.356412,women are,,,,,0.6321,perpetrator_attack,1.0,1.0,1,0,gendered_moderate,0.007859104312956333,0.001413811114616692,0.00019636211800388992,0,model_flags_moderate_gendered_context
"I feel you, OP. During covid, I was struggling with money (as a lot of people were) and I had to trade in my One X and all my games, as well as a bunch of old Xbox 360 games just to make my rent for a single month. It was truly painful. The price we pay for living a normal life...",Reddit,gaming,subreddit,gaming,,0.0,0.0,0.0844,0.0682,reddit_harassment_dataset,live_scrape,mixed,,,,3.0,cheezeePanda,1779560.0,,ongxe60,0.0,This Gamestop receipt from 2012 after I sold my entire collection because I needed to move across country..,https://reddit.com/r/gaming/comments/1tljyd6/this_gamestop_receipt_from_2012_after_i_sold_my/,,,,,,,,,,0.0844,victim_disclosure,0.0,0.0,0,0,standard,0.002990082837641239,0.00016397830040659755,0.00011917292431462556,0,agreement
I'm on the side of common sense.  Feminazis set POC back decades & all but killed the left.  Sick of their bullshit.,Reddit,gaming,subreddit,gaming,,0.0,0.0,0.322,0.3788,pullpush_live_search,live_scrape,,,,,1.0,PotatoGlum794,1747595680.0,,mt01pcl,,,,,,,2026-06-19T13:14:41.252496,feminazi,,,,,0.3178,neutral_discourse,0.0,0.0,0,0,standard,0.9705464839935303,0.004524020943790674,0.0011725298827514052,1,detoxify_flags_general_toxicity_not_gendered_harm
Oh my 👁️👄👁️ definitely don’t move in with this woman. That’s crazy ,Reddit,relationship_advice,subreddit,relationship_advice,,1.0,1.0,0.4433,0.0906,reddit_harassment_dataset,live_scrape,female,,,,-3.0,Efficient-Sundae2215,1779632.0,,onlxj64,0.0,My GF (37F) and I (40M) are talking about moving in with each other. However she doesn't want to work.,https://reddit.com/r/relationship_advice/comments/1tmcwhf/my_gf_37f_and_i_40m_are_talking_about_moving_in/,,,,,,,,,,0.4433,neutral_discourse,1.0,0.0,1,0,gendered_moderate,0.8277580738067627,0.0023015551269054413,0.0013164711417630315,1,agreement
Don't let it bug you too bad man. Sounds like you didnt have much of a choice and you probably got good use out of the money you got. That's life sometimes.,Reddit,gaming,subreddit,gaming,,0.0,0.0,0.2918,0.1676,reddit_harassment_dataset,live_scrape,mixed,,,,2.0,CrazyBowelsAndBraps,1779558.0,,ongqrac,0.0,This Gamestop receipt from 2012 after I sold my entire collection because I needed to move across country..,https://reddit.com/r/gaming/comments/1tljyd6/this_gamestop_receipt_from_2012_after_i_sold_my/,,,,,,,,,,0.2918,neutral_discourse,0.0,0.0,0,0,standard,0.017233261838555336,0.0002590320073068142,0.0002045426081167534,0,agreement
"When my sister and I were young our parents had the sex and sin talk with us.

As my father explained about sexual sin, he shocked us by saying he'd rather see us dead and worthy, than to ever have sex outside marriage.

I took it to mean that would even mean better to die than to allow yourself to be raped. We believed every word of it.

When my kids were young, I skipped that part with them. When my daughter was a young teen and went more than a year without taking the sacrament. (she wasn't even dating). I decided it couldn't continue and as the sacrament came by, I didn't take it either. As I passed it to my wife she didn't either.

Later, at home i had a private chat with our daughter. She said she'd had a prob with masturbation and the bishop told her not to take the sacrament and he would tell her when she could again. He never did and then there was a new bishop and she simply continued.

I told her that if she weren't worthy to take the sacrament, nether was I or the rest of the congregation. I told her that if she continued to not participate, I would also.

 Additionally I encouraged her to keep her perceived sins between her and the Lord and not involve a bishop. If she loves the Lord and is committed to follow him, she should take the sacrament.",Reddit,ldssexuality,subreddit,ldssexuality,,0.0,0.0,0.3401,0.3862,pullpush_live_search,live_scrape,female,,,,1.0,Economy_Plant3289,1747659639.0,,mt45dyk,,,,,,,2026-06-19T13:14:07.352768,rape,,,,,0.3401,neutral_discourse,1.0,0.0,0,1,severe,0.07546645402908325,0.004363152664154768,0.002411420224234462,0,agreement
"This is by far the worst thing to me …. Let’s see Mrs  Smith …. You’re 80 , living on social security,  alone because your husband Ralph died last year … Did you pay a full  tithe  last year  ?   Let’s check our receipts and records…   Nope !!!! Well  sorry Mrs Smith we’re going to need  $57.34 from you by the end  of the year …  this fucking church corporation who has billions  and billions of dollars does this shit … and these mindless  cult members  bitch to the world that there broke and get on face book  and ask … can somebody come fix my water heater for free … because they gotta pay there fucking membership dues to a fucking cult that tells them  they’ll be a god one day .. I’ll never understand how stupid people are for paying a tithing to a billion dollar corporation..  it’s like voting for higher taxes … only an idiot would do that !",Reddit,exmormon,subreddit,exmormon,,1.0,1.0,0.7672,0.3836,pullpush_live_search,live_scrape,female,,,,6.0,section-55,1747653648.0,,mt3qya6,,,,,,,2026-06-19T13:14:11.953147,stupid bitch,,,,,0.7672,perpetrator_attack,1.0,1.0,1,1,severe,0.994536280632019,0.0818285122513771,0.026542233303189278,1,agreement
"Firstly, you're 24.  The rule of ""half their age plus 7"" would have taken you out of this as soon as he said that he was 38 and you were 24.  Now that he's said he's 52 - run.  Run.  Do not wait around.  Leave.  You feel deceived because he has deceived you and he's not taking any responsibility for how awful that is.  In effect, he lied to get you to sleep with him.

Also, get tested.  As someone who is much closer to his age than yours, guys that age can be awful.  And if he's taking 14 years off his age to get you to ""give him a chance"", he's one of the awful ones.  Age doesn't mean that everyone grows up and becomes responsible humans.  It sometimes just means that they get more tricks up their sleeve to manipulate people.  In case you've missed it, his answer of ""I lied because I wanted you to give me a chance"", is manipulative.  ",Reddit,relationship_advice,subreddit,relationship_advice,,0.0,0.0,0.3991,0.3628,reddit_harassment_dataset,live_scrape,mixed,,,,2.0,Spiritual-Sand-7831,1779630.0,,onlqy5c,0.0,Guy im seeing 38M? has been lying to me 24F,https://reddit.com/r/relationship_advice/comments/1tmb77d/guy_im_seeing_38m_has_been_lying_to_me_24f/,,,,,,,,,,0.3991,neutral_discourse,0.0,0.0,0,0,standard,0.07501325756311417,0.0010697065154090524,0.0003867179621011019,0,agreement
"During the later stages of WWII, General Patton received orders to go around Trier because it would take 4 divisions to successfully assault.

He responded to the message saying ""Have taken Trier with 2 divisions. What do you want me to do, give it back?""",Reddit,AskReddit,subreddit,AskReddit,,0.0,0.0,0.2538,0.2256,reddit_harassment_dataset,live_scrape,mixed,,,,1.0,SayNoToStim,1779635.0,,onm6edv,0.0,"What are the best examples of ""he didn't know it was impossible, so he did it"" in history?",https://reddit.com/r/AskReddit/comments/1tm99fk/what_are_the_best_examples_of_he_didnt_know_it/,,,,,,,,,,0.2538,neutral_discourse,0.0,0.0,0,0,standard,0.0006928328075446188,0.00014543315046466887,0.0001284887985093519,0,agreement
The people who \*should\* be waking up to Trump’s money grabbing aren’t. Or they don’t care.,Reddit,politics,subreddit,politics,,1.0,1.0,0.4318,0.1332,reddit_harassment_dataset,live_scrape,mixed,,,,1.0,Rcrecc,1779629.0,,onlnh1t,0.0,Americans are waking up to Trump’s money grabbing. They won’t forgive him,https://reddit.com/r/politics/comments/1tmc1vy/americans_are_waking_up_to_trumps_money_grabbing/,,,,,,,,,,0.4318,neutral_discourse,0.0,0.0,1,0,gendered_moderate,0.06604504585266113,0.00044492160668596625,0.0002875514910556376,0,model_flags_moderate_gendered_context
Which highly respectable reality television star will replace her? Is Honey Boo-Boo's mom still alive? ,Reddit,politics,subreddit,politics,,0.0,0.0,0.3367,0.1524,reddit_harassment_dataset,live_scrape,female,,,,2771.0,Last-Internal-8196,1779470.0,,ona4yvd,0.0,Megathread: Director of National Intelligence Tulsi Gabbard Resigns,https://reddit.com/r/politics/comments/1tkpf7h/megathread_director_of_national_intelligence/,,,,,,,,,,0.3367,neutral_discourse,1.0,0.0,0,0,standard,0.008417780511081219,0.00023111874179448932,0.00012703771062660962,0,agreement
Received $20 and a sweaty handshake,Reddit,gaming,subreddit,gaming,,0.0,0.0,0.2595,0.0761,reddit_harassment_dataset,live_scrape,mixed,,,,2.0,Toofless205,1779563.0,,onh68xp,0.0,This Gamestop receipt from 2012 after I sold my entire collection because I needed to move across country..,https://reddit.com/r/gaming/comments/1tljyd6/this_gamestop_receipt_from_2012_after_i_sold_my/,,,,,,,,,,0.2595,neutral_discourse,0.0,0.0,0,0,standard,0.0013100903015583754,0.00013049763219896704,9.807901369640604e-05,0,agreement
"and its not even something creative, its always the most hetero normative, painfully boring coventional attractive shit you saw 483750357027505 times in your life

i will probably offend the men folk by saying hetero mens sexuality is fucking boring man, even with the most insane fantasy/horror or sciencefiction stuff, men create something boring out of it

there are probably exeptions sure but most is lame af",Reddit,TwoXChromosomes,subreddit,TwoXChromosomes,,1.0,1.0,0.515,0.1964,reddit_harassment_dataset,live_scrape,mixed,,,,1.0,Lyskir,1779634.0,,onm49ry,1.0,I’m so tired of all the art subreddits being full of primarily art depicting conventionally attractive naked women.,https://reddit.com/r/TwoXChromosomes/comments/1tmeddo/im_so_tired_of_all_the_art_subreddits_being_full/,,,,,,,,,,0.515,neutral_discourse,0.0,0.0,1,1,severe,0.9416247606277466,0.021601492539048195,0.0034981186036020517,1,agreement
""" Because Taiwan produces 90% of advanced microchips, global electronics manufacturing would freeze. Upgrading data centers, building new smartphones, and manufacturing modern cars would instantly halt.  
  
**GDP Freefall**: Research indicates that a total shutdown of Taiwanese chip manufacturing would immediately wipe **$2.5 trillion off the U.S. economy** and **$2.8 trillion off China's economy**, plunging the entire world into a deep depression.  
  
**Shipping Paralysis**: The Taiwan Strait is one of the busiest shipping lanes on Earth. A war or blockade would halt the flow of billions of dollars in commercial goods daily, triggering hyperinflation for energy and consumer goods. ""

Well, that's not good...

",Reddit,politics,subreddit,politics,,0.0,0.0,0.3301,0.1946,reddit_harassment_dataset,live_scrape,mixed,,,,1.0,No_Writing_3179,1779632.0,,onlw2lp,0.0,Trump is Doing a Ukraine on Taiwan. It Exposes a Startling New Level of US Weakness: ‘Trump has suspended weapons sales to Taiwan in a move that again shows he favours potential enemies over allies’,https://reddit.com/r/politics/comments/1tmacca/trump_is_doing_a_ukraine_on_taiwan_it_exposes_a/,,,,,,,,,,0.3301,neutral_discourse,0.0,0.0,0,0,standard,0.0011785282986238599,0.00015675784379709512,0.00011465369607321918,0,agreement
So he will release names out of spite but not out of obligation to his constituents and Americans as a whole? Some values. ,Reddit,politics,subreddit,politics,,0.0,0.0,0.1646,0.1671,reddit_harassment_dataset,live_scrape,mixed,,,,1.0,armhat,1779635.0,,onm6dx6,0.0,Congressman Massie will name more names in Congress from the Epstein Files and won’t rule out a bid for 2028 Presidency after record money spent from AIPAC and billionaires on his opponent in Kentucky Primary,https://reddit.com/r/politics/comments/1tmdaxe/congressman_massie_will_name_more_names_in/,,,,,,,,,,0.1646,neutral_discourse,0.0,0.0,0,0,standard,0.0010185965802520514,0.0001679898996371776,0.00012164936924818903,0,agreement
Fucking hell he's going to give up Taiwan for some kickback isn't he?,Reddit,politics,subreddit,politics,,0.0,0.0,0.1482,0.1743,reddit_harassment_dataset,live_scrape,mixed,,,,1.0,thats_justice_baby,1779636.0,,onm8jcr,0.0,Trump is Doing a Ukraine on Taiwan. It Exposes a Startling New Level of US Weakness: ‘Trump has suspended weapons sales to Taiwan in a move that again shows he favours potential enemies over allies’,https://reddit.com/r/politics/comments/1tmacca/trump_is_doing_a_ukraine_on_taiwan_it_exposes_a/,,,,,,,,,,0.1362,neutral_discourse,0.0,0.0,0,1,severe,0.9942916631698608,0.05339226871728897,0.013920857571065426,1,detoxify_flags_general_toxicity_not_gendered_harm
"It’s interesting that you gloss over my entire comment but fixate on the ex.

No question or comment about the DV, the harassment, the PO, him telling me that getting a PO will be the only thing that stops him.

Instead, it’s asking about coparenting. And yes, it would be normal coparenting and no, I wouldn’t have been at her home.

Let me repeat, verbatim, as to what I said in my comment:
“But one of the biggest issues in the relationship was all the lies surrounding the ex. It’s a lot and I have it mentioned in other comments. But when it came to her I needed reassurance. And I said this is how you can provide me reassurance that there is nothing going on.”

This as MY boundary. Not his. And he chose what he chose and I can only now be ok with that. I allowed him to break all MY other boundaries. And I was done. 

Please understand what boundaries are. They are the limits we establish for ourselves, defining what we are and are not willing to tolerate from others. They can be physical, emotional, mental, or even sexual, and serve to protect our well-being, mental health, and comfort. His plethora of behaviors WITH his ex unfortunately caused me to need to set up boundaries for himself.

At the end of the day, he communicated to me that once again, allowing me to be suspicious and hanging with his ex was more important than our relationship. 

I’m sure many would feel uncomfortable with this considering he tattooed her I love you note on his wrist in a compulsive state while we were together for a year, or that he would pick a fight with me and then go spend the night there for days, he was saving sexy selfies she sent him, she was sending him airbnbs to get away with, he saved all their explicit sex photos, he gaslit me an entire week/end telling me he was going up north with his mom but he was actually staying with the ex, he would actively lie and say that he was at our home and I would find him at the exes, he would be with her somewhere when he would say he was somewhere else. 

And there is much more.

We were together three years. We have taken the children out. Picking up the kids and taking a quick drive seemed more than reasonable considering all his lies and actions surrounding her.

So yes, that was MY boundary. 

That should answer you (again). Have a nice day.",Reddit,BPDlovedones,subreddit,BPDlovedones,,0.0,0.0,0.1213,0.0467,pullpush_live_search,live_scrape,female,,,,1.0,Immediate-Quiet4852,1747659859.0,,mt45z8n,,,,,,,2026-06-19T13:14:45.326739,sexual harassment,,,,,0.1213,victim_disclosure,1.0,0.0,0,0,standard,0.010539698414504528,0.0002658221928868443,0.0002325765963178128,0,agreement
"“The suspect was identified as 21-year-old Nasire Best, said a law enforcement official who spoke on the condition of anonymity because they were not authorized to discuss the investigation.   
According to District of Columbia court records, Best was arrested in July 2025 after he attempted to enter a different White House checkpoint without authorization, didn’t heed officers’ commands to stop, “claimed he was Jesus Christ” and said he wanted to be arrested.”",Reddit,politics,subreddit,politics,,0.0,0.0,0.1645,0.1927,reddit_harassment_dataset,live_scrape,mixed,,,,3.0,JasonLovesBagels,1779605.0,,onk7tkm,0.0,"Suspect dead after approaching White House checkpoint with weapon, Secret Service says",https://reddit.com/r/politics/comments/1tlwrxj/suspect_dead_after_approaching_white_house/,,,,,,,,,,0.1645,neutral_discourse,0.0,0.0,0,0,standard,0.0008570978534407914,0.00015203506336547434,0.00011160348367411643,0,agreement
"Giving everyone a chance. I basically learned discernment. If your gut is telling you no, trust it.",Reddit,AskWomen,subreddit,AskWomen,,1.0,1.0,0.4392,0.0775,pullpush,live_scrape,,,,,7.0,UltimatelyExcited,1747656732.0,,mt3xx8f,1.0,,/r/AskWomen/comments/1kq207u/whats_a_belief_you_used_to_hold_strongly_but_have/mt3xx8f/,1kq207u,0.0,0.0,2026-06-20T07:57:43.994899,,,,,,0.4392,neutral_discourse,0.0,0.0,1,0,gendered_moderate,0.0027068261988461018,0.0001625943259568885,0.0001067543271346949,0,model_flags_moderate_gendered_context
"That's one thing that has always confused me about this case: why are the majority of her SH allegations supposedly occurring on set?? Like...didn't these two spend countless hours together in her penthouse and on her plane and God knows where else?? And yet all of her accusations are alleged to have happened on set, in front of multiple other witnesses. This never made any sense to me. You're trying to tell me he sexually harassed you WHILE FILMING and in front of dozens of witnesses?? But he never harassed you when you guys were in your penthouse working?? Like...it makes no logical sense! I think she's, at best, delusional, but more than likely flat-out lying about feeling uncomfortable, but the incidents she did try to twist and misrepresent seem...idiotic. Like...there were literally witnesses surrounding you two!",Reddit,ItEndsWithLawsuits,subreddit,ItEndsWithLawsuits,,1.0,1.0,0.3824,0.2698,pullpush_live_search,live_scrape,female,,,,60.0,IndubitablyWalrus,1747640926.0,,mt35cno,,,,,,,2026-06-19T13:13:52.466647,harassed me,,,,,0.3824,perpetrator_attack,1.0,1.0,1,0,gendered_moderate,0.48736992478370667,0.003241857746616006,0.000512105820234865,0,model_flags_moderate_gendered_context
"My grandmother has had dementia following a stroke for about two years now, I live far and I've only visited once since. She was definitely different but didn't seem nearly as bad as my mom and aunt were making her out to be. I mentioned that to my aunt toward the end of my visit and she said that my grandmother was trying *really hard* for me and it was exhausting her. Like she was going to bed early and taking more rests just so she could rally as much as possible while I was there.

She really enjoyed watching my fiancé and I play connect four :)",Reddit,AskReddit,subreddit,AskReddit,,0.0,0.0,0.0694,0.0165,pullpush,live_scrape,female,,,,1897.0,AbbyTheConqueror,1747659943.0,,mt4675h,0.0,,/r/AskReddit/comments/1kq5633/what_is_just_a_placebo_effect_but_most_people/mt4675h/,1kq5633,0.0,0.0,2026-06-20T07:58:08.676641,,,,,,0.0694,victim_disclosure,1.0,0.0,0,0,standard,0.0006879380089230835,0.00014292108244262636,0.0001230684865731746,0,agreement
"I’m not American, so someone with some more knowledge may be able to help out here, but I really struggle to understand the public opinion of Massie. He seems like a pretty die hard republican, except he opposes the Epstein files. I know that’s a massive issue, but is it really enough for people to turn their heads on the other obvious issues?

Maybe he’s better than I’m assuming, but it really seems like people get blind to the rest of his policies solely due to him being so vocal about the files (which he should be, not complaining there)",Reddit,politics,subreddit,politics,,0.0,0.0,0.2615,0.1477,reddit_harassment_dataset,live_scrape,mixed,,,,1.0,fattokess,1779633.0,,onlxwxt,0.0,Congressman Massie will name more names in Congress from the Epstein Files and won’t rule out a bid for 2028 Presidency after record money spent from AIPAC and billionaires on his opponent in Kentucky Primary,https://reddit.com/r/politics/comments/1tmdaxe/congressman_massie_will_name_more_names_in/,,,,,,,,,,0.2615,neutral_discourse,0.0,0.0,0,0,standard,0.0007033108850009739,0.00014777899195905775,0.00011799377534771338,0,agreement
"T1 gets away with rape

https://www.bbc.com/news/articles/ce989vygkz7o

>Doctor not struck off by panel over 'one-off' rape
>A doctor found by a tribunal to have raped a young woman at his home avoided being struck off over what the panel described as a ""one-off"" attack.

>Dr Aloaye Foy-Yamah, then a consultant at Blackpool Victoria Hospital, instead had his medical licence suspended for 12 months for attacking the woman.

>Police investigated but did not charge Dr Foy-Yamah, but the Medical Tribunal Practitioners Service (MPTS) concluded on the balance of probabilities that he had raped the woman - which he denies.

>The panel, which emphasised the incident had not taken place at work, has been accused of ""victim-blaming"" and failing to properly assess Dr Foy-Yamah's risk given that it found he had raped someone.

>Campaign group Surviving in Scrubs, founded by two doctors who aim to highlight sexism, sexual harassment and sexual violence in the healthcare workforce, told the BBC it was ""appalled"" by the ruling.

>""This belittles the traumatic experiences of survivors of sexual assault and undermines public trust in the profession,"" co-founder Dr Becky Cox said.

>""It sets a standard that perpetrators of sexual violence face minimal consequences for their actions.""


on the one hand he's been investigated by his professional panel and they found him guilty of rape.

on the other it was a one off, so lol.",Reddit,badunitedkingdom,subreddit,badunitedkingdom,,0.0,0.0,0.3595,0.1312,pullpush_live_search,live_scrape,female,,,,15.0,myotheraccountisa911,1747647862.0,,mt3g7mr,,,,,,,2026-06-19T13:14:45.326913,sexual harassment,,,,,0.3595,neutral_discourse,1.0,0.0,0,1,severe,0.023441776633262634,0.0005096806562505662,0.00038724442129023373,0,agreement
"I’m confused. Half the comments are saying it’s because of the left prioritizing minorities/women, and then half the comments say it’s because the right targets young men. The right is heavily entrenched in misogyny, anti-women empowerment. So because the left highlights women, men are turning to the alt right where women are hated?? Can someone explain this better because I just can’t wrap my head around it. Why would men hate that women are being prioritized?",Reddit,NoStupidQuestions,subreddit,NoStupidQuestions,,1.0,1.0,0.689,0.3445,pullpush_live_search,live_scrape,female,,,,1.0,VeryOpinionatedFem,1747659691.0,,mt45iz4,,,,,,,2026-06-19T13:14:00.938669,misogyny,,,,,0.689,perpetrator_attack,1.0,1.0,1,1,severe,0.014685428701341152,0.0011366988765075803,0.00019675026123877615,0,model_catches_gendered_harm_detox_misses
"Nothing in life that's worth having comes easy. So you my man gonna fight for it. 

And I did and won",Reddit,AskReddit,subreddit,AskReddit,,0.0,0.0,0.4199,0.0861,reddit_harassment_dataset,live_scrape,mixed,,,,10.0,No-Zucchini2787,1779630.0,,onlovg4,0.0,What’s the most unforgettable sentence someone has ever said to you?,https://reddit.com/r/AskReddit/comments/1tmbrwi/whats_the_most_unforgettable_sentence_someone_has/,,,,,,,,,,0.4199,neutral_discourse,0.0,0.0,0,0,standard,0.052850063890218735,0.0004371851682662964,0.0007498536142520607,0,agreement
&gt;Trump is like a couch. He gets imprinted by whatever ass last sat on it,Reddit,politics,subreddit,politics,,0.0,0.0,0.2852,0.0493,reddit_harassment_dataset,live_scrape,mixed,,,,1.0,ToNoMoCo,1779632.0,,onlvt16,0.0,Trump is Doing a Ukraine on Taiwan. It Exposes a Startling New Level of US Weakness: ‘Trump has suspended weapons sales to Taiwan in a move that again shows he favours potential enemies over allies’,https://reddit.com/r/politics/comments/1tmacca/trump_is_doing_a_ukraine_on_taiwan_it_exposes_a/,,,,,,,,,,0.2852,neutral_discourse,0.0,0.0,0,0,standard,0.8804898262023926,0.006350224371999502,0.0010286683682352304,1,detoxify_flags_general_toxicity_not_gendered_harm
Trump single handedly started a war and drove up gas prices. Trump single handedly started a tariff and trade war and that also drove up the price on goods.,Reddit,politics,subreddit,politics,,0.0,0.0,0.2542,0.0932,reddit_harassment_dataset,live_scrape,mixed,,,,1.0,itsagoodtime,1779636.0,,onm94w3,0.0,Americans are waking up to Trump’s money grabbing. They won’t forgive him,https://reddit.com/r/politics/comments/1tmc1vy/americans_are_waking_up_to_trumps_money_grabbing/,,,,,,,,,,0.2542,neutral_discourse,0.0,0.0,0,0,standard,0.027086451649665833,0.0006964937783777714,0.0003549278189893812,0,agreement
mine always fixes her hair when i walk by,Reddit,AskReddit,subreddit,AskReddit,,1.0,1.0,0.4307,0.0457,reddit_harassment_dataset,live_scrape,female,,,,1.0,Numerous-Engineer-86,1779634.0,,onm457c,0.0,What are the most obvious signs that a girl is interested in a guy?,https://reddit.com/r/AskReddit/comments/1tmbiuv/what_are_the_most_obvious_signs_that_a_girl_is/,,,,,,,,,,0.4307,neutral_discourse,1.0,0.0,1,0,gendered_moderate,0.03824760392308235,0.000371362577425316,0.0003851600631605834,0,model_flags_moderate_gendered_context
"The shooter is the definition of “so anyways, I started blasting.”",Reddit,politics,subreddit,politics,,0.0,0.0,0.1667,0.0825,reddit_harassment_dataset,live_scrape,mixed,,,,105.0,Embarrassed-Pace-755,1779584.0,,oniw1so,0.0,"Suspect dead after approaching White House checkpoint with weapon, Secret Service says",https://reddit.com/r/politics/comments/1tlwrxj/suspect_dead_after_approaching_white_house/,,,,,,,,,,0.1667,neutral_discourse,0.0,0.0,0,0,standard,0.0007209503091871738,0.00013392425898928195,0.00010750198998721316,0,agreement
Yes. He abandoned his child. Would you ask this same question of a mother who chose to walk out on her child right after birth? No? There you go.,Reddit,TwoXChromosomes,subreddit,TwoXChromosomes,,0.0,0.0,0.0964,0.1074,pullpush,live_scrape,female,,,,3.0,kv4268,1747656681.0,,mt3xsuq,1.0,,/r/TwoXChromosomes/comments/1kpnpfu/am_i_doing_more_harm_by_telling_my_daughter_her/mt3xsuq/,1kpnpfu,0.0,0.0,2026-06-20T07:57:40.761505,,,,,,0.0964,neutral_discourse,1.0,0.0,0,0,standard,0.030550766736268997,0.0003964192874263972,0.00020112379570491612,0,agreement
They’re both nearly the same age.  But op sounds much more mature,Reddit,TwoXChromosomes,subreddit,TwoXChromosomes,,0.0,0.0,0.1807,0.1337,pullpush,live_scrape,,,,,1.0,Tracie-loves-Paris,1747657301.0,,mt3zb76,1.0,,/r/TwoXChromosomes/comments/1kpmogn/am_i_a_bad_friend_for_feeling_this_way_about_my/mt3zb76/,1kpmogn,0.0,0.0,2026-06-20T07:57:40.761473,,,,,,0.1807,neutral_discourse,0.0,0.0,0,0,standard,0.0006592076388187706,0.00013888157263863832,0.00011711014667525887,0,agreement
"When I was doing drugs in my younger days my wife sat down beside me after we fell behind on our house payment and said "" I love you but I didn't sign up for this"" I could see the pain in her face. I stopped and this year is our 30th. ",Reddit,AskReddit,subreddit,AskReddit,,0.0,0.0,0.0408,0.0378,reddit_harassment_dataset,live_scrape,female,,,,106.0,Inner-Management-110,1779631.0,,onltdho,0.0,What’s the most unforgettable sentence someone has ever said to you?,https://reddit.com/r/AskReddit/comments/1tmbrwi/whats_the_most_unforgettable_sentence_someone_has/,,,,,,,,,,0.0408,victim_disclosure,1.0,0.0,0,0,standard,0.0048452625051140785,0.0001826164807425812,0.00015295228513423353,0,agreement
Who is waking up? Half of us having been living in a waking nightmare since he was re-elected.  ,Reddit,politics,subreddit,politics,,0.0,0.0,0.1894,0.0735,reddit_harassment_dataset,live_scrape,mixed,,,,1.0,MadMartegen,1779629.0,,onlofg4,0.0,Americans are waking up to Trump’s money grabbing. They won’t forgive him,https://reddit.com/r/politics/comments/1tmc1vy/americans_are_waking_up_to_trumps_money_grabbing/,,,,,,,,,,0.1894,neutral_discourse,0.0,0.0,0,0,standard,0.013997391797602177,0.00029864555108360946,0.00018609262770041823,0,agreement
"Is this fake? 24 to 38 is a 14 year age gap, not 12. ",Reddit,relationship_advice,subreddit,relationship_advice,,0.0,0.0,0.2143,0.0814,reddit_harassment_dataset,live_scrape,mixed,,,,63.0,madelynashton,1779627.0,,onlg7zu,0.0,Guy im seeing 38M? has been lying to me 24F,https://reddit.com/r/relationship_advice/comments/1tmb77d/guy_im_seeing_38m_has_been_lying_to_me_24f/,,,,,,,,,,0.2143,neutral_discourse,0.0,0.0,0,0,standard,0.006050982512533665,0.00019155383051838726,9.533942647976801e-05,0,agreement
And you are still with him? Wtf? You don’t move forward. Period. ,Reddit,relationship_advice,subreddit,relationship_advice,,0.0,0.0,0.3913,0.4604,reddit_harassment_dataset,live_scrape,mixed,,,,1.0,mariecrystie,1779631.0,,onlu8vm,0.0,Guy im seeing 38M? has been lying to me 24F,https://reddit.com/r/relationship_advice/comments/1tmb77d/guy_im_seeing_38m_has_been_lying_to_me_24f/,,,,,,,,,,0.1611,neutral_discourse,0.0,0.0,0,0,standard,0.6399294137954712,0.0018802160630002618,0.0010547005804255605,1,detoxify_flags_general_toxicity_not_gendered_harm
"He punched an 18 woman and her mother. What people don't realize is that many of these island communities, many people are related or know someone in that family. They call each other ""cousin"", or ""aunt/uncle"", and ""brother or sister.""

These dude probably hit one of the inmates' aunt or cousin. I'm glad that justice was served to a man who preyed and assaulted women.

Justice served to a punk.",Reddit,socal,subreddit,socal,,0.0,0.0,0.3878,0.048,pullpush_live_search,live_scrape,female,,,,1.0,jonnyrocket70,1747658352.0,,mt41ygo,,,,,,,2026-06-19T13:14:58.222139,assaulted,,,,,0.3878,neutral_discourse,1.0,0.0,0,1,severe,0.16661293804645538,0.0231751911342144,0.001834379625506699,0,agreement
"This is almost too fantastical to be real.


Run Forrest, run!",Reddit,relationship_advice,subreddit,relationship_advice,,1.0,1.0,0.4708,0.3537,reddit_harassment_dataset,live_scrape,mixed,,,,1.0,Throw_RA099,1779630.0,,onlowq1,0.0,My wife ‘25F’ and I ‘25M’ have been arguing over texts she sent to a coworker.,https://reddit.com/r/relationship_advice/comments/1tm25pz/my_wife_25f_and_i_25m_have_been_arguing_over/,,,,,,,,,,0.4708,neutral_discourse,0.0,0.0,1,0,gendered_moderate,0.0032669883221387863,0.00017933035269379616,0.00014695862773805857,0,model_flags_moderate_gendered_context
How far did the $8 and store credit get you?,Reddit,gaming,subreddit,gaming,,0.0,0.0,0.2982,0.2402,reddit_harassment_dataset,live_scrape,mixed,,,,2.0,wildmaninid,1779574.0,,oni4pab,0.0,This Gamestop receipt from 2012 after I sold my entire collection because I needed to move across country..,https://reddit.com/r/gaming/comments/1tljyd6/this_gamestop_receipt_from_2012_after_i_sold_my/,,,,,,,,,,0.2982,neutral_discourse,0.0,0.0,0,0,standard,0.0021343333646655083,0.00015548712690360844,9.401481656823307e-05,0,agreement
"All the time, I'm afraid.",Reddit,WomenInTech,subreddit,WomenInTech,,0.0,0.0,0.4168,0.0584,pullpush,live_scrape,,,,,1.0,RaechelMaelstrom,1747615768.0,,mt1o9hz,1.0,,/r/womenintech/comments/1kpocua/systematic_gender_discrimination_or_what/mt1o9hz/,1kpocua,0.0,0.0,2026-06-20T07:57:52.121531,,,,,,0.4168,neutral_discourse,0.0,0.0,0,0,standard,0.000738857255782932,0.00014261328033171594,0.00011966896272497252,0,agreement
"""We don't need the Sun for light, we can live off of the Moon's light.""",Reddit,AskReddit,subreddit,AskReddit,,0.0,0.0,0.2496,0.2756,reddit_harassment_dataset,live_scrape,mixed,,,,6.0,Dividebynegativezero,1779629.0,,onln0z4,0.0,What’s the most unforgettable sentence someone has ever said to you?,https://reddit.com/r/AskReddit/comments/1tmbrwi/whats_the_most_unforgettable_sentence_someone_has/,,,,,,,,,,0.2496,neutral_discourse,0.0,0.0,0,0,standard,0.0010073790326714516,0.00016847788356244564,0.0001300326839555055,0,agreement
"OK,  it was not button,  but still counts. I grew up in soviet union. Back then working folks in big cities where required to participate in annual parades to glorify working class and communist party. My dad took me with him to such parade. People were carrying balloons filled with hydrogen.  One of his colleagues  who was standing next to us got such balloon. He gave it to me.  As we where standing my dad and other folks were smoking.  They warned me not to touch the cigarette with the balloon because it will explode.  That had exactly opposite effect on me and I touched it.  It did explode with quite a fire ball, causing light temporarily panic around us.  That probably was my first step to becoming a chemist. ",Reddit,AskReddit,subreddit,AskReddit,,0.0,0.0,0.2207,0.2596,reddit_harassment_dataset,live_scrape,mixed,,,,1277.0,Minimum-Mode7421,1779594.0,,onjkhq4,0.0,"What is a real-life 'Do Not Touch' button that you pressed out of sheer curiosity, only to instantly regret it?",https://reddit.com/r/AskReddit/comments/1tlxpln/what_is_a_reallife_do_not_touch_button_that_you/,,,,,,,,,,0.2025,neutral_discourse,0.0,0.0,0,0,standard,0.0013593677431344986,0.00018418631225358695,0.00011351059947628528,0,agreement
Explicanos estimada activista FemiNazi,Reddit,AskRedditespanol,subreddit,AskRedditespanol,,1.0,1.0,0.7565,0.4472,pullpush_live_search,live_scrape,,,,,6.0,WokeEliminator,1747437825.0,,mspk9z7,,,,,,,2026-06-19T13:14:41.252599,feminazi,,,,,0.7565,perpetrator_attack,0.0,0.0,1,1,severe,0.03560322895646095,0.0013188166776672006,0.00033666877425275743,0,model_catches_gendered_harm_detox_misses
So your age gap is older than you…..wait till you meet the kids he hasn’t told you about.,Reddit,relationship_advice,subreddit,relationship_advice,,1.0,0.0,0.4403,0.518,reddit_harassment_dataset,live_scrape,mixed,,,,5.0,ImaginationLost8831,1779629.0,,onlo4vc,0.0,Guy im seeing 38M? has been lying to me 24F,https://reddit.com/r/relationship_advice/comments/1tmb77d/guy_im_seeing_38m_has_been_lying_to_me_24f/,,,,,,,,,,0.2291,neutral_discourse,0.0,0.0,0,0,standard,0.016754260286688805,0.00029570807237178087,0.00015363709826488048,0,agreement
"I mean honestly this just reads like sexual harassment- he’s doing this stuff without true consent, yeah? 

I’d just be blunt and ask what the deal is, if he’s interested or not. No point in skirting around it when he’s being so directly indirect.",Reddit,bisexual,subreddit,bisexual,,0.0,0.0,0.3637,0.1558,pullpush_live_search,live_scrape,,,,,10.0,No_Measurement6478,1747656826.0,,mt3y5eu,,,,,,,2026-06-19T13:14:45.326806,sexual harassment,,,,,0.3637,neutral_discourse,0.0,0.0,0,1,severe,0.01768181100487709,0.0002916930243372917,0.00018237529729958624,0,agreement
"He lied to you for three months about his age. At any point, you could have found out. At any point, he could have explained to you. Instead, he slept with you. Took you on vacation. Continued to grow closer to you. 

That’s pretty messed up. It indicates he does not care at all what you think or feel, as most people would be rightfully upset about being deceived for as long as you were. 

When did he think was the right time to tell you? Obviously he didn’t ever think of marriage or long term, as he’d have had to come clean and the sooner, the better. 

YOU, OP, got attached. Not him. Now he hopes you’ll just let it go. 

I wouldn’t. Leave him. 

You have better options than someone who kept this from you, and who knows what else. ",Reddit,relationship_advice,subreddit,relationship_advice,,0.0,0.0,0.2251,0.2132,reddit_harassment_dataset,live_scrape,mixed,,,,89.0,mrswilburforce,1779626.0,,onlfn6y,0.0,Guy im seeing 38M? has been lying to me 24F,https://reddit.com/r/relationship_advice/comments/1tmb77d/guy_im_seeing_38m_has_been_lying_to_me_24f/,,,,,,,,,,0.2251,neutral_discourse,0.0,0.0,0,0,standard,0.022966518998146057,0.00028258987003937364,0.0002849316515494138,0,agreement
"My husband is a foodie. I’m on a glp-1 now. I’ve joked that we may get divorced because I do not care about food anymore. I get annoyed anymore when he’s asking me what I want to eat, what I want for dinner, or buying me treats. It’s not his fault, I have change the terms of our relationship in this regard, but he’s a bit of an enabler when I’m trying to lose weight and it’s annoying. Yes, he could try harder to not do so, but for a long time these habits were fine by me. So it’s whatever right now. I know he’s not being malicious. Just dumb lol. ",Reddit,TwoXChromosomes,subreddit,TwoXChromosomes,,0.0,0.0,0.212,0.1023,reddit_harassment_dataset,live_scrape,mixed,,,,1.0,Grimmy430,1779636.0,,onm997u,1.0,"I fell out of love with my husband over a bacon, egg, and cheese sandwich",https://reddit.com/r/TwoXChromosomes/comments/1tmdoia/i_fell_out_of_love_with_my_husband_over_a_bacon/,,,,,,,,,,0.212,neutral_discourse,0.0,0.0,0,0,standard,0.1289980411529541,0.0019126692786812782,0.0003826319007202983,0,agreement
Unpopular opinion: dumb bitches paying anything close to that price are MORE to blame than the dumb bitches scalping it.,Reddit,PokemonTCG,subreddit,PokemonTCG,,1.0,1.0,0.9335,0.4668,pullpush_live_search,live_scrape,,,,,3.0,neximuz,1747631853.0,,mt2pzue,,,,,,,2026-06-19T13:15:28.690977,dumb bitch,,,,,0.9335,perpetrator_attack,0.0,0.0,1,1,severe,0.9861235618591309,0.04146871715784073,0.0034721139818429947,1,agreement
He sounds autistic. Any chance?,Reddit,TwoXChromosomes,subreddit,TwoXChromosomes,,0.0,0.0,0.1631,0.0645,reddit_harassment_dataset,live_scrape,mixed,,,,1.0,Machadoaboutmanny,1779637.0,,onmbyj8,1.0,"I fell out of love with my husband over a bacon, egg, and cheese sandwich",https://reddit.com/r/TwoXChromosomes/comments/1tmdoia/i_fell_out_of_love_with_my_husband_over_a_bacon/,,,,,,,,,,0.1631,neutral_discourse,0.0,0.0,0,0,standard,0.0770873948931694,0.0006371234776452184,0.0001583967823535204,0,agreement
"Audie Leon Murphy (June 20, 1925 – May 28, 1971)[1] was an American soldier, actor, and songwriter. He was widely celebrated as the most decorated American combat soldier of World War II,[4] and has been described as the most highly decorated enlisted soldier in U.S. history.[5][6] He received every military combat award for valor available from the United States Army, as well as French and Belgian awards for heroism. Murphy received the Medal of Honor for valor that he demonstrated at age 19 for single-handedly holding off a company of German soldiers for an hour at the Colmar Pocket in France in January 1945, before leading a successful counterattack while wounded.",Reddit,AskReddit,subreddit,AskReddit,,0.0,0.0,0.2618,0.2362,reddit_harassment_dataset,live_scrape,mixed,,,,93.0,xxFrenchToastxx,1779631.0,,onls999,0.0,"What are the best examples of ""he didn't know it was impossible, so he did it"" in history?",https://reddit.com/r/AskReddit/comments/1tm99fk/what_are_the_best_examples_of_he_didnt_know_it/,,,,,,,,,,0.2618,neutral_discourse,0.0,0.0,0,0,standard,0.000879717234056443,0.00016369351942557842,0.00013494270388036966,0,agreement
So what’s everyone having for dinner tonight?,Reddit,politics,subreddit,politics,,0.0,0.0,0.1194,0.0693,reddit_harassment_dataset,live_scrape,mixed,,,,120.0,CryptographerShot213,1779576.0,,oniap7u,0.0,Sounds of gunfire heard near White House,https://reddit.com/r/politics/comments/1tlu4ua/sounds_of_gunfire_heard_near_white_house/,,,,,,,,,,0.1194,neutral_discourse,0.0,0.0,0,0,standard,0.0006691915914416313,0.0001405929506290704,0.00011107571481261402,0,agreement
"Definitely Estate Executors, especially with the way digital assets, smart contracts, and automated legal tech are moving, having somebody manually track down bank accounts, physical paperwork, and distribute property after someone passes away will be completely obsolete. Your entire digital footprint, assets, and wealth will just automatically distribute themselves instantly based on pre-set code the second a death certificate is digitally issued. But that's only if our governments can make it that far.",Reddit,AskReddit,subreddit,AskReddit,,1.0,1.0,0.4405,0.1166,reddit_harassment_dataset,live_scrape,mixed,,,,10.0,Firm_Savings_8010,1779618.0,,onkvcef,0.0,what job won’t exist in 50 years?,https://reddit.com/r/AskReddit/comments/1tm7etj/what_job_wont_exist_in_50_years/,,,,,,,,,,0.4405,neutral_discourse,0.0,0.0,1,0,gendered_moderate,0.0006926318164914846,0.00014676243881694973,0.00014061534602660686,0,model_flags_moderate_gendered_context
"Uh, no that’s weird. You’re a grown woman, not a child that needs a chaperone. Major no. ",Reddit,relationship_advice,subreddit,relationship_advice,,0.0,0.0,0.1991,0.0858,reddit_harassment_dataset,live_scrape,female,,,,7.0,Sudden_Acceptance,1779613.0,,onkmtb6,0.0,"Guy Im talking to (m34) for 6 months didnt want me (f30) going out alone and sabotaged my plans, how do I proceed?",https://reddit.com/r/relationship_advice/comments/1tm592l/guy_im_talking_to_m34_for_6_months_didnt_want_me/,,,,,,,,,,0.1991,neutral_discourse,1.0,0.0,0,0,standard,0.45239710807800293,0.0021662814542651176,0.0003648109850473702,0,agreement
"I had it done, no pain or complications for the surgery. They did miss a spot or something because I have a hematometra, a blood clot in my uterus, that needs to be removed, but health wise I'm fine. Before finding out about this, I had almost two years without a period and it was great.",Reddit,TwoXChromosomes,subreddit,TwoXChromosomes,,0.0,0.0,0.138,0.0341,pullpush,live_scrape,,,,,1.0,Dawn36,1747657471.0,,mt3zq83,1.0,,/r/TwoXChromosomes/comments/1kq8paa/uterine_ablation/mt3zq83/,1kq8paa,0.0,0.0,2026-06-20T07:57:40.761459,,,,,,0.138,victim_disclosure,0.0,0.0,0,0,standard,0.0013265723828226328,0.00015953619731590152,0.00012437540863174945,0,agreement
"This didn't happen to me but my family. My dad was home after my gram passed away and all of the sudden the door bell started ringing out in the house. NOW. My dad has lived there his whole entire life and he is 50, that doorbell has not worked for the majority of his life. In fact, the door bell at the door isn't even there anymore. When my grandfather passed away, my gram heard a loud noise in the kitchen and when she went out his house keys were laying on the floor, they had fallen off the key hook. ",Reddit,AskReddit,subreddit,AskReddit,,0.0,0.0,0.26,0.2457,reddit_harassment_dataset,live_scrape,female,,,,18.0,Summertime2299,1779624.0,,onla4tg,0.0,What’s the creepiest thing that has happened to you that you still can’t explain?,https://reddit.com/r/AskReddit/comments/1tm9icm/whats_the_creepiest_thing_that_has_happened_to/,,,,,,,,,,0.26,neutral_discourse,1.0,0.0,0,0,standard,0.0030430529732257128,0.000186710967682302,0.00013711594510823488,0,agreement
Can’t expect more from a Feminazi with IQ of same range as that of SinX function,Reddit,TheTrendingIndian,subreddit,TheTrendingIndian,,1.0,1.0,0.4326,0.145,pullpush_live_search,live_scrape,,,,,5.0,SD1208s,1747475072.0,,msrpgep,,,,,,,2026-06-19T13:14:41.252559,feminazi,,,,,0.4326,neutral_discourse,0.0,0.0,1,1,severe,0.006115148775279522,0.000218473986024037,9.666950791142881e-05,0,model_catches_gendered_harm_detox_misses
If you think outlast 1 is bad try playing outlast trials lmao,Reddit,gaming,subreddit,gaming,,0.0,0.0,0.2061,0.2425,reddit_harassment_dataset,live_scrape,mixed,,,,1.0,TheMadTitanGuantlet,1779632.0,,onlxl48,0.0,Outlast (2013) is just so mean-spirited and evil asf,https://reddit.com/r/gaming/comments/1tlt0r7/outlast_2013_is_just_so_meanspirited_and_evil_asf/,,,,,,,,,,0.1603,neutral_discourse,0.0,0.0,0,0,standard,0.0052650258876383305,0.00018777647346723825,0.00014540278061758727,0,agreement
They cannot leave trash anywhere they go. It takes very little effort to just put it in a trash can…not in a parking lot. ,Reddit,AskReddit,subreddit,AskReddit,,1.0,1.0,0.4325,0.0657,reddit_harassment_dataset,live_scrape,mixed,,,,1086.0,trunks676,1779587.0,,onj4wg1,0.0,What’s your most unhinged non-negotiable when it comes to dating?,https://reddit.com/r/AskReddit/comments/1tlscj8/whats_your_most_unhinged_nonnegotiable_when_it/,,,,,,,,,,0.4325,neutral_discourse,0.0,0.0,1,0,gendered_moderate,0.3033066689968109,0.0007322001038119197,0.00034433460677973926,0,model_flags_moderate_gendered_context
This sounds like arrogance and I’d be careful it doesn’t manifest in more ways,Reddit,relationship_advice,subreddit,relationship_advice,,0.0,0.0,0.2304,0.1626,reddit_harassment_dataset,live_scrape,mixed,,,,1.0,lady_overboard,1779633.0,,onm15gz,0.0,How can I (33f) ask my partner (42m) to stop barging into people on the street?,https://reddit.com/r/relationship_advice/comments/1tm5he1/how_can_i_33f_ask_my_partner_42m_to_stop_barging/,,,,,,,,,,0.2304,neutral_discourse,0.0,0.0,0,0,standard,0.004826413467526436,0.00019296941172797233,0.00013546949776355177,0,agreement
"""Even when the clouds are grey, the sun is shining.""
#BushWhisperer
Watching the sunrise through grey clouds is a terrific way to enhance and empower etheric vision.
The human eye has a natural ability to observe the ethers if we allow ourselves to become immersed in the play of light, especially upon water.
""Engage with nature and she reveals her mysteries that those with eyes to see might behold her inner nature.""
#BushWhisperer",Telegram,Religiousdebate,telegram_group,Religiousdebate,"bushwhisperer,bushwhisperer",1.0,1.0,0.4224,0.0847,telegram_messages,live_scrape,female,,,,498.0,,1741065.0,,4124,,,,,,,,,,,,,0.4224,neutral_discourse,1.0,0.0,1,0,gendered_moderate,0.0008962887222878635,0.00015671241271775216,0.00012196238822070882,0,model_flags_moderate_gendered_context
"A new confession will be posted in the channel, stay tuned",Telegram,indiansconfessions,telegram_group,indiansconfessions,,0.0,0.0,0.2476,0.0928,telegram_messages,live_scrape,mixed,,,,4672.0,,1611206.0,,177,,,,,,,,,,,,,0.2476,neutral_discourse,0.0,0.0,0,0,standard,0.0007153878686949611,0.00014401426597032696,0.0001441944041289389,0,agreement
"👆👆
Comments are all anonymous",Telegram,indiansconfessions,telegram_group,indiansconfessions,,0.0,0.0,0.3397,0.1298,telegram_messages,live_scrape,mixed,,,,2526.0,,1501779.0,,71,,,,,,,,,,,,,0.3397,neutral_discourse,0.0,0.0,0,0,standard,0.0009131251717917621,0.00013549339200835675,0.00011558191908989102,0,agreement
Ohh I haven't seen you,Telegram,united_global_friends,telegram_group,united_global_friends,,0.0,0.0,0.3224,0.3793,telegram_messages,live_scrape,mixed,,,,,,1779563.0,,1594478,,,,,,,,,,,,,0.1125,neutral_discourse,0.0,0.0,0,0,standard,0.0015581167535856366,0.00015006860485300422,0.00010769293294288218,0,agreement
"Excuse me?
@memesouterspace1",Telegram,memesouterspace1,telegram_group,memesouterspace1,,0.0,0.0,0.1177,0.0911,telegram_messages,live_scrape,mixed,,,,10931.0,,1655145.0,,10706,,,,,,,,,,,,,0.1177,neutral_discourse,0.0,0.0,0,0,standard,0.002962565515190363,0.00015011111099738628,0.00010053926962427795,0,agreement
He was asking for help here but didn't say with what. Thanks to you I banned him.,Telegram,united_global_friends,telegram_group,united_global_friends,,0.0,0.0,0.078,0.0918,telegram_messages,live_scrape,mixed,,,,,,1779561.0,,1594366,,,,,,,,,,,,,0.0644,neutral_discourse,0.0,0.0,0,0,standard,0.0008206817437894642,0.0001409990800311789,0.00011750019621104002,0,agreement
"Syria after Assad | Pinch Point
@aljazeeraenglish",Telegram,AlJazeeraEnglish,telegram_group,AlJazeeraEnglish,,0.0,0.0,0.1582,0.0574,telegram_messages,live_scrape,mixed,,,,1114.0,,1735560.0,,12763,,,,,,,,,,,,,0.1582,neutral_discourse,0.0,0.0,0,0,standard,0.0009738540393300354,0.00016096336185000837,0.00011529505718499422,0,agreement
"I am a 26 year athletic male working in a software firm with good financial condition. I had never dated anyone before. My parents were forcing me to get married and showed me a lot of girls but I rejected almost all until 4 months back they showed me pic of one girl. She was so innocent looking, bold by nature, good personality, I feel for her at first sight. We met and I asked her about her ambitions and all. I asked her about her past and she said she was in a relationship but her family was against the relationship, so she blocked him from everywhere. She had told me that she had only 1 year relation with him. And that she hasn't talked to him from the last 1 year. So slowly and gradually we fell in love with each other, we dated and all things were going smooth. We had our marriage date fixed and banquet hall also fixed and other arrangements were also done. I was very happy and feeling fortunate to get a girl like her as my soulmate. 
And than boom, there comes a day when his ex found my fb profile and texted me. He asked me to meet him privately. I went to meet him and was shocked to see the chats and call details going on between them. She had never stopped talking to him and used to talk to him after 3am. I was furious so was he, because he didn't knew anything about her marriage and all the stuff with me. 
He showed me some inappropriate pics and videos of them as well. 
I was so shocked and frustrated. Why is so that girls can't speak their Heart out clearly. I am continuously thinking why was she cheating on me. Had she hinted me once I would have silently walked out of her life. I than asked my parents that I'll not marry her and I cancelled all the arrangements so far made by my family. 
I trusted her blindly that was my only mistake. But I learned that u can't tell whats going on in other persons mind and heart. I am still wandering how can someone show such fake love, fake care, fake promises, and fake things when they actually don't mean all that.
I literally am heart broken as I loved her a lot and with geniune intentions. I managed to spend the last 20 days without taking to her and now I have to manage the rest of my life in the same manner. I now have developed trust issues. 
Hope I also find my true love and true soulmate one fine day 😞",Telegram,indiansconfessions,telegram_group,indiansconfessions,,0.0,0.0,0.1213,0.0181,telegram_messages,live_scrape,female,,,,7527.0,,1639018.0,,203,,,,,,,,,,,,,0.1213,victim_disclosure,1.0,0.0,0,0,standard,0.0030161908362060785,0.0002196626883232966,0.00017713537090457976,0,agreement
"Doner kebab: Beloved dish at the center of Germany-Turkiye food fight
@aljazeeraenglish",Telegram,AlJazeeraEnglish,telegram_group,AlJazeeraEnglish,,0.0,0.0,0.1433,0.1023,telegram_messages,live_scrape,mixed,,,,1055.0,,1735560.0,,12761,,,,,,,,,,,,,0.1433,neutral_discourse,0.0,0.0,0,0,standard,0.0009328479063697159,0.00017777613538783044,0.00010964713874273002,0,agreement
"आज आप सभी को कहना चाहूंगा कि इस समूह मे कोई भी सदस्य कभी भी जीवन मे किसी प्रकार की मदद के लिए कोई भी किसी प्रकार का मैसेज न करना....आज इस समूह को बने हुए करीब तीन से चार साल हो गए और हमेशा मैंने ( @josh6767 ) ने काफ़ी कठिन से कठिन केस सॉल्व किये जो कि आप लोगो द्वारा इस समूह मे मैसेज कर मदद हेतु शिकायत की जाती थी... चाहें फिर वह केस पुलिस से कोर्ट से बॉयफ्रेंड गर्लफ्रेंड, गिरफ्तारी, गुमशुदा, अपहरण, धोखा,डाइवोर्स, स्टडी प्रॉब्लम, upsc, स्टेट pcs स्टडी मेटेरियल.... जो भी समस्या सभी का समाधान किया गया था.. वह भी बिल्कुल मुफ्त बिना किसी चार्ज के... लेकिन आज जब मुझे आप लोगो की जरूरत पड़ी तो आप सभी मुँह मोड़ने लगे...और तो और जिन लोगो की मदद की वही लोग मुझे आज पहचान भी नहीं रहे.. आजतक मैंने कभी किसी लड़की को सताया नहीं कभी किसी को परेशान नहीं किया हमेशा सभी की हेल्प की आप सभी के लिए मे अपने डिपार्टमेंट से भी लड़ा, क़ानून का और पुलिस से कैसे निपटना चाहिए सिखाया...सब कुछ किया आप लोगो के लिए.... लेकिन आज आप मुँह मोड़ने  लगे सिर्फ इसलिए कि आज मेरी तबियत ठीक नहीं है... मुझे हर्ट की प्रॉब्लम है.. अचानक से मेरे सीने मे दर्द उठा और ब्लडप्रेशर हाई हुआ जिसके कारण बेहोश हो गया जिसके टिटमेंट मे करीब 6/7 लाख रूपये खर्च हो गए.. और आज मेरी जो दवाए आती है वह पांच हजार रूपये सप्ताह की आती है जिसके लिए मेरे पास सिर्फ जनवरी तक यानि की दो सप्ताह के पैसे नहीं थे जिसकी जरूरत थी यानि कि दस पंद्रह हजार रूपये की जरूरत थी जिसके लिए मैंने आप सभी से इस समूह मे मदद मांगी.. लेकिन सिर्फ ध्यानरूप, रोहित, शीला कुलदीप, शिवापाल, सुमन द्वारा जिससे जितना हो सका मदद की...मैंने मदद के लिए उन लोगो से भी कहा जिन लोगो के लिए पुलिस से लेकर हर क्षेत्र मे लड़ा... और आज वही लोग मुझे पहचान नहीं रहे.. खैर मुझे इस बात का दुख नहीं हुआ था कि आप लोगो द्वारा मदद नहीं की गई... बस दुख इस बात का हुआ कि... मे इस स्वार्थी दुनिया मे मदद करने के लिए खड़ा क्यों हुआ, क्यों मैंने यह ग्रुप बनाया, क्यों मदद की... क्युकी यहां तो दुनिया मतलबी है.. मतलब निकलने के बाद भूल जाती है... अरे यारों इस समूह मे 6555 मेंबर है अगर आप सभी न करते.. सिर्फ दो सौ लोग 10 / 10 रूपये करते तो भी 20 हजार हो जाता जबकि मुझे तो सिर्फ पंद्रह हजार की जरूरत थी... आज मे बड़े गर्व से कहता हूँ कि दुनिया आज तुम जैसे स्वार्थी लोगो से नहीं बल्कि शीला कुलदीप, ध्यानरूप, शिवा, रोहित सुमन जैसे अच्छे इंसानौ की बजह से टिकी है.. अब आप यही सोचोगे कि इन लोगो ने मेरी मदद की इसलिए मे इनके लिए बोल रहा हूँ.... लेकिन ऐसा कुछ नहीं है.. अच्छे लोगो की हमेशा अच्छाई की जाती है... तुम लोगो को क्या लगा था कि मे पैसे लेकर वापस नहीं कर्ता फ्रॉड कर्ता आप लोगो के साथ.. ऐसा कुछ नहीं है... आपकी सोच है कुछ भी सोचो... लेकिन मेरी अभी तक जिन लोगो ने मदद की है उन सभी के पैसे जल्द से जल्द वापस करूंगा लास्ट जनवरी तक ही वापस करूंगा... लेकिन आज आप सभी ने मुझे अपनी ओकात और रंग दिखा दिया इसलिए आजके बाद इस समूह मे कभी भी मदद के लिए कोई मैसेज न करना बस 🙏🏻.... धन्यवाद 🙏🏻

जिस किसी को विश्वास हो इस ग्रुप व @josh6767 पर तो ज्यादा नहीं पांच सात हजार रूपये की मदद कर देना 🙏🏻
जो भी मदद करेगा उसका पैसा जनवरी लास्ट तक वापस किया जायेगा...",Telegram,women_girlsafety,telegram_group,women_girlsafety,,0.0,0.0,0.4007,0.1255,telegram_messages,live_scrape,mixed,,,,537.0,,1734620.0,,1597,,,,,,,,,,,,,0.4007,neutral_discourse,0.0,0.0,0,0,standard,0.006203667260706425,0.00021199043840169907,0.00033730699215084314,0,agreement
"**☆विवाह पूर्व एक लड़के की विचित्र मांगों से 🎊लड़की वाले हैरान हैं। 
☆लड़के की मांगों की चर्चा पूरे शहर में हो रही है। 
☆यह मांगें दहेज को लेकर नहीं बल्कि *विवाह संपन्न कराने के तरिके को लेकर हैं..!!*

*🤔मांगें इस प्रकार से हैं::---->>*

01🌹 कोई *प्री वैडिंग शूट नहीं होगा.*
02🌹 दुल्हन शादी में लहंगे की बजाय *साड़ी पहनेगी.*
03🌹 मैरिज लॉन में ऊलजुलूल अश्लील कानफोड़ू संगीत की बजाय, *हल्का इंस्ट्रूमेंटल संगीत बजेगा.* 
04🌹 *वरमाला के समय केवल दूल्हा दुल्हन ही स्टेज पर रहेंगे.* 
05🌹 *वरमाला के समय दूल्हे या दुल्हन को.. उठाकर उचकाने वालों को विवाह से निष्कासित कर दिया जायेगा.*
06🌹 *पंडितजी द्वारा विवाह प्रक्रिया शुरू कर देने के बाद कोई उन्हें रोके टोकेगा नहीं.*
07🌹 *📸कैमरामैन फेरों आदि के चित्र दूर से लेगा न कि बार बार पंडितजी को टोक कर..*
           *ये देवताओं का आह्वान करके किया जा रहा विवाह समारोह है.. ना की किसी 📽️फिल्म की शूटिंग..😳*
08🌹 दूल्हा दुल्हन द्वारा *🎥कैमरामैन के कहने पर उल्टे सीधे पोज नहीं बनाये जायेंगे.*
09🌹विवाह समारोह दिन में हो और शाम तक विदाई संपन्न हो जिससे किसी भी गेस्ट को रात 
12 से 1 बजे खाना खाने से होने वाली समस्या जैसे अनिद्रा, एसिडिटी आदि से परेशान ना होना पड़े। 
✅इसके अतिरिक्त मेहमानों को अपने घर पहुंचने में मध्य रात्रि तक का समय ना लगे और असुविधा ना हो। 
✅जिससे मेहमान जो स्वयं को सुंदर वस्त्र आभूषणों से सजा कर आते है स्वयं सजा न पाए।

*10🌹नवविवाहित को सबके सामने.. किस या आलिंगन के लिए कहने वाले को तुरंत विवाह से निष्कासित कर दिया जायेगा.*
      *🌹ज्ञात हुआ है लड़की वालों ने लड़के की सभी मांगे सहर्ष मान ली है..!!*
____________
*🚩समाज सुधार करने के लिए सुंदर सुझाव..!!*
*🙏🏻शादी एक पवित्र बंधन है.. मर्यादाओं मे रहे..🙏🏻*
🙏**",Telegram,women_girlsafety,telegram_group,women_girlsafety,,0.0,0.0,0.2156,0.0935,telegram_messages,live_scrape,mixed,,,,346.0,,1715968.0,,1496,,,,,,,,,,,,,0.2156,neutral_discourse,0.0,0.0,0,0,standard,0.006593759171664715,0.00022008889936842024,0.00032000281498767436,0,agreement
"प्रेम के बदले प्रेम देना संभव ना हो तो
सम्मान देकर विदा कर दें.. तिरस्कार खोखले लोग करते हैं... चाँद कभी भी चकोर के लिए अपनी किरणेँ उग्र नहीं करता.. प्रेम एकतरफा हीं सही.. चकोर का अधिकार स्वयं चाँद भी नहीं छीनता उससे...❤...",Telegram,women_girlsafety,telegram_group,women_girlsafety,,0.0,0.0,0.1847,0.1238,telegram_messages,live_scrape,mixed,,,,636.0,,1704653.0,,1406,,,,,,,,,,,,,0.1847,neutral_discourse,0.0,0.0,0,0,standard,0.0021851956844329834,0.00016105116810649633,0.0001682667643763125,0,agreement
"Gaza fuel shortage : Health ministry warns lives are at risk
@aljazeeraenglish",Telegram,AlJazeeraEnglish,telegram_group,AlJazeeraEnglish,,0.0,0.0,0.2774,0.11,telegram_messages,live_scrape,mixed,,,,932.0,,1736390.0,,12928,,,,,,,,,,,,,0.2774,neutral_discourse,0.0,0.0,0,0,standard,0.003991974983364344,0.0003517135919537395,0.0002593169338069856,0,agreement
**उत्तर प्रदेश पुलिस दरोगा (SI) भर्ती के लिए EOI नोटिस जारी**,Telegram,women_girlsafety,telegram_group,women_girlsafety,,0.0,0.0,0.1847,0.1238,telegram_messages,live_scrape,mixed,,,,503.0,,1693935.0,,1259,,,,,,,,,,,,,0.1847,neutral_discourse,0.0,0.0,0,0,standard,0.0009874809766188264,0.00014053116319701076,0.0001249817432835698,0,agreement
"Gaza ceasefire deal to come into effect at 6:30 am GMT on Sunday
@aljazeeraenglish",Telegram,AlJazeeraEnglish,telegram_group,AlJazeeraEnglish,,0.0,0.0,0.2064,0.1199,telegram_messages,live_scrape,mixed,,,,1686.0,,1737188.0,,13111,,,,,,,,,,,,,0.2064,neutral_discourse,0.0,0.0,0,0,standard,0.0008520680130459368,0.00016298812988679856,0.00012874278763774782,0,agreement
"""Dump your baggage. Move on, Don't get stuck. It's vital to stay fresh. You just have to shake it up""
- unknown",Telegram,indiansconfessions,telegram_group,indiansconfessions,,0.0,0.0,0.3455,0.1387,telegram_messages,live_scrape,mixed,,,,1503.0,,1498140.0,,10,,,,,,,,,,,,,0.3455,neutral_discourse,0.0,0.0,0,0,standard,0.009802422486245632,0.00023281376343220472,0.00020947025041095912,0,agreement
"You played. You scored. You conquered. 👍

Now it’s time to own it. 

**Be ready.**

🧩👾🥷🧘‍♀️",Telegram,gameetokennews,telegram_group,gameetokennews,,0.0,0.0,0.1543,0.1419,telegram_messages,live_scrape,mixed,,,,66177.0,,1754292.0,,1236,,,,,,,,,,,,,0.1543,neutral_discourse,0.0,0.0,0,0,standard,0.018028728663921356,0.00024930312065407634,0.0002700215554796159,0,agreement
"Hunger threatens refugees: Over 60% of Sudanese refugees in chad are children
@aljazeeraenglish",Telegram,AlJazeeraEnglish,telegram_group,AlJazeeraEnglish,,0.0,0.0,0.2669,0.0572,telegram_messages,live_scrape,mixed,,,,1044.0,,1735867.0,,12828,,,,,,,,,,,,,0.2669,neutral_discourse,0.0,0.0,0,0,standard,0.005915219895541668,0.0003583563375286758,0.0001337204739684239,0,agreement
"A couple of GAMEE team members are at Korea Blockchain week. 🇰🇷 Say hi if you see them!

But the best thing about this event? TON is getting a **lot** of love! 📱😍

GAMEE, too.

🪙 **$WAT**** is coming** **🪙**",Telegram,gameetokennews,telegram_group,gameetokennews,,0.0,0.0,0.1905,0.1526,telegram_messages,live_scrape,mixed,,,,654215.0,,1725358.0,,923,,,,,,,,,,,,,0.1905,neutral_discourse,0.0,0.0,0,0,standard,0.04310416430234909,0.0002506193704903126,0.00025267383898608387,0,agreement
"Share!
Because,When we share, our burden gets shared...
We tend to feel more free and awkwardness gradually gets reduced, also does the complex in our minds.....
Anonymity adds the safety from it's consequences and we can be free of the worries...
Thank you.",Telegram,indiansconfessions,telegram_group,indiansconfessions,,0.0,0.0,0.2205,0.2108,telegram_messages,live_scrape,mixed,,,,1920.0,,1499619.0,,37,,,,,,,,,,,,,0.2205,neutral_discourse,0.0,0.0,0,0,standard,0.0007449136464856565,0.0001417435851180926,0.00012588621757458895,0,agreement
"US-Cuba relations: Nations announce surprise deal
@aljazeeraenglish",Telegram,AlJazeeraEnglish,telegram_group,AlJazeeraEnglish,,0.0,0.0,0.2267,0.0845,telegram_messages,live_scrape,mixed,,,,1702.0,,1737214.0,,13116,,,,,,,,,,,,,0.2267,neutral_discourse,0.0,0.0,0,0,standard,0.0006061684107407928,0.00015414848166983575,0.000134718487970531,0,agreement
"i’m married male from US, born and raised in Chandigarh. i love sharing my wife with other dudes. this thought came to my mind when I saw a threesome porn of a married couple on onlyfans

Well it was little weird when i asked her that but with time she felt comfortable to talk to me about it. she was totally opposite of this though tbh but with time she gets into this.

we used to talk about other people all the time especially when we go out for like shopping or dinner or beach or you can say almost everywhere. i used to say see that guy is looking at you maybe he wanna fuck you tonight, she laughs and starts looking for girls and used to say see that girl is so hot, look at her booty etc etc etc.

now, we love having threesomes",Telegram,indiansconfessions,telegram_group,indiansconfessions,,0.0,0.0,0.2263,0.0858,telegram_messages,live_scrape,female,,,,7880.0,,1659264.0,,207,,,,,,,,,,,,,0.2263,neutral_discourse,1.0,0.0,0,1,severe,0.8076159954071045,0.02349039725959301,0.004584656096994877,1,detoxify_flags_general_toxicity_not_gendered_harm
"South Korea president arrest: Police say Yoon is refusing to answer questions
@aljazeeraenglish",Telegram,AlJazeeraEnglish,telegram_group,AlJazeeraEnglish,,0.0,0.0,0.0804,0.0845,telegram_messages,live_scrape,mixed,,,,1083.0,,1736943.0,,13056,,,,,,,,,,,,,0.0804,neutral_discourse,0.0,0.0,0,0,standard,0.001079418696463108,0.00015976042777765542,0.00011169620847795159,0,agreement
"If you had real intellectual honesty, you wouldn’t twist stories to make Islam look bad while ignoring similar things in other religions. This is **not a debate **this is you **getting frustrated because you cannot provide proof for your original claim.**

Your arguments are built on **logical fallacies, emotional deflections, and historical ignorance.** You haven’t provided actual evidence that the Quran copied myths. Saying “Google it” is not proof. You deliberately misrepresented the story of Ibrahim ignoring the fact that the Quran explicitly forbids human sacrifice (Surah As-Saffat 37:107). You twisted history regarding marriage ignoring the fact that early marriage was the norm worldwide and falsely claiming that Islam promotes pedophilia, which it does not. You resorted to personal attacks instead of addressing my actual points, proving that you are arguing emotionally, not intellectually.

If you want a **real discussion**, bring actual **historical evidence, logical reasoning, and scholarly sources.** Until then, your argument is based on **distortion, selective outrage, and avoidance of the real topic.** So, **where’s your proof?** Or are you just here to rant without backing up your claims?

And while we’re at it, **do you follow any religion, or are you just here to attack others while hiding your own beliefs?** If you truly believe in an open discussion, then state your position clearly instead of just criticizing others.

Also, while you waste your time making false accusations, let’s not ignore what’s happening **right now** in the world. The ongoing **genocide in Gaza**, where thousands of innocent Palestinian children are being bombed and starved, is not a myth. This is real, documented, happening right now and the world is watching in silence. So if you truly care about **morality**, about **protecting children**, then where is your outrage for them? Or do their lives not matter to you?

The very nations that claim to uphold “human rights” are **arming and funding mass murder,** yet here you are, fixated on misrepresenting a 1400-year-old text instead of standing up for actual human suffering. If your **moral outrage is real**, then show it where it matters in the face of **real injustice, real oppression, and real genocide happening today.**

Or is it easier for you to just attack Islam while ignoring the bloodshed happening right in front of you?",Telegram,Religiousdebate,telegram_group,Religiousdebate,,0.0,0.0,0.3437,0.0505,telegram_messages,live_scrape,mixed,,,,,,1741414.0,,4225,,,,,,,,,,,,,0.3437,neutral_discourse,0.0,0.0,0,0,standard,0.1392248123884201,0.0034322224091738462,0.0014862132957205176,0,agreement
"у моей тети диагностировано заболевание - короче, лёгкая форма аутизма. и хотя я выросла с ней под боком (мы с ней, бабулей и кузиной видимся минимум раз в месяц), мне все равно хотелось бы спросить совета, как с ней лучше всего общаться. она осознает, что у неё «есть проблема», но обычно это не обсуждается. она ссорится с кузиной и бабушкой(её дочерью и матерью), из-за чего моему отцу(ее брату) иногда нужно приезжать и всех успокаивать. она на самом деле милый человек. ей нравятся кошки и попугаи, её смешат курицы. она жестко разбирается в нашей родословной. так как с ней контактировать? в смысле, что мы, конечно, иногда общаемся, но я все равно чувствую внутреннее волнение 

୨୧・┈ #МДтейк ┈・୨୧
:→@MDersbot || #РАС",Telegram,MDersConfa,telegram_group,MDersConfa,"мдтейк,рас",0.0,0.0,0.1847,0.1238,telegram_messages,live_scrape,mixed,,,,137.0,,1779132.0,,1662,,,,,,,,,,,,,0.1847,neutral_discourse,0.0,0.0,0,0,standard,0.005046349950134754,0.00021003141591791064,0.00020614768436644226,0,agreement
"Uhmm, I was about to begin a war with a Muslim regarding the Quran and the Injeel,...i will just stand in the corner till I spot one my friend",Telegram,Religiousdebate,telegram_group,Religiousdebate,,0.0,0.0,0.0334,0.0369,telegram_messages,live_scrape,mixed,,,,,,1741109.0,,4126,,,,,,,,,,,,,0.0334,victim_disclosure,0.0,0.0,0,0,standard,0.07734262198209763,0.02191947214305401,0.0036856564693152905,0,agreement
New Meme Template ♥️♥️💯🙏,Telegram,ig_meme_templatesofficial,telegram_group,ig_meme_templatesofficial,,0.0,0.0,0.3571,0.4202,telegram_messages,live_scrape,mixed,,,,10972.0,,1749986.0,,751,,,,,,,,,,,,,0.1384,neutral_discourse,0.0,0.0,0,0,standard,0.0008084397995844483,0.0001345926575595513,0.00011325154628138989,0,agreement
Or you can dm me -> @thesilencespeaks,Telegram,anonymousconfess,telegram_group,anonymousconfess,,0.0,0.0,0.1634,0.0581,telegram_messages,live_scrape,mixed,,,,2592.0,,1734211.0,,122,,,,,,,,,,,,,0.1634,neutral_discourse,0.0,0.0,0,0,standard,0.01401926577091217,0.00023442375822924078,0.0001998367515625432,0,agreement
"नाम सुरभी
पता उत्तर प्रदेश कासगंज
यह लड़की पहले लड़को को अपने प्यार के झांसे में फसाती है, फिर अपनी माँ के साथ मिलकर लड़को से सादी का झांसा देती है तथा लड़को से पैसे ठगती है कभी रिचार्ज के लिए तो कभी गिफ्ट के लिए, ऐसे ही इस लड़की ने.... न जाने कितने लड़को को अपना शिकार बनाया है.. इसकी माँ भी इस काम संलिप्त है..लड़को के साथ रिलेसन मे रहने के बाद यह लड़को को छोड़ देती है तथा सभी से कहती है कि हम एक नार्मल दोस्त थे बाकि मुझे बदनाम करने के उद्देश्य से लड़का आरोप लगा रहा है... इस लड़की के सभी साक्ष्य मेरे पास मौजूद है.... आप सभी लड़को से आग्रह है कि ऐसी लड़कियो से दूर रहें... ऐसी लड़कियो को न समाज की चिंता होती है न इज्जत बेज्जती का ख्याल",Telegram,women_girlsafety,telegram_group,women_girlsafety,,0.0,0.0,0.1847,0.1238,telegram_messages,live_scrape,mixed,,,,207.0,,1724127.0,,1568,,,,,,,,,,,,,0.1847,neutral_discourse,0.0,0.0,0,0,standard,0.005431145429611206,0.00020424772810656577,0.0003095678112003952,0,agreement
I am not very familiar with it.,Telegram,united_global_friends,telegram_group,united_global_friends,,0.0,0.0,0.1728,0.1521,telegram_messages,live_scrape,mixed,,,,,,1779573.0,,1594632,,,,,,,,,,,,,0.1728,neutral_discourse,0.0,0.0,0,0,standard,0.0006519252201542258,0.00013963633682578802,0.00012007464101770893,0,agreement
**श्री कृष्ण जन्माष्टमी की हार्दिक शुभकामनाएं💐💐**,Telegram,women_girlsafety,telegram_group,women_girlsafety,,0.0,0.0,0.1847,0.1238,telegram_messages,live_scrape,mixed,,,,437.0,,1694028.0,,1261,,,,,,,,,,,,,0.1847,neutral_discourse,0.0,0.0,0,0,standard,0.0010419267928227782,0.00013748081983067095,0.00011782344517996535,0,agreement
"Ivory Coast says French troops to leave the country after decades
@aljazeeraenglish",Telegram,AlJazeeraEnglish,telegram_group,AlJazeeraEnglish,,0.0,0.0,0.2015,0.1112,telegram_messages,live_scrape,mixed,,,,949.0,,1735758.0,,12804,,,,,,,,,,,,,0.2015,neutral_discourse,0.0,0.0,0,0,standard,0.003760823281481862,0.00036455426015891135,0.00017282910994254053,0,agreement
"Have you ever thought of wearing a pair of tights with a nice tight t-shirt and wearing your underpants with shocking color over the tights?

 and maybe putting a big V on your t-shirt and maybe get a pink cape to wear with it and call yourself the vomiteer? Just putting it out there. It's an idea.",Telegram,Religiousdebate,telegram_group,Religiousdebate,,0.0,0.0,0.3968,0.0999,telegram_messages,live_scrape,mixed,,,,,,1741777.0,,4259,,,,,,,,,,,,,0.3968,neutral_discourse,0.0,0.0,0,0,standard,0.4678458869457245,0.0034927604719996452,0.0008988514309749007,0,agreement
"Detroit auto show: Exhibition focuses on new technology in cars
@aljazeeraenglish",Telegram,AlJazeeraEnglish,telegram_group,AlJazeeraEnglish,,0.0,0.0,0.2627,0.309,telegram_messages,live_scrape,mixed,,,,1026.0,,1736591.0,,12968,,,,,,,,,,,,,0.1611,neutral_discourse,0.0,0.0,0,0,standard,0.0006221880903467536,0.0001420497865183279,0.00012983643682673573,0,agreement
"एक बार भगत सिंह रेलगाड़ी से कहीं जा रहे हैं थे।एक स्टेशन पर गाड़ी रुकी तो भगत सिंह पानी पीने के लिए उतरे।

पास के ही एक कुँए के पास गये और पानी पिया। तभी उनकी नजर कुछ दूर पर खड़े एक शख्स पर पड़ी जो धूप में नंगे बदन खड़ा था और बहुत भारी वजन भी अपने कंधे पर रखा था।

तरसती हुई आंखों से पानी की ओर देख रहा था
मन में सोच रहा था शायद मुझको थोड़ा पानी पीने तो मिल जाए।भगत सिंह उसके पास गए और पूछने लगे आप कौन हो और इतना भारी वजन को धूप में क्यों उठाये खड़े हो।

तो उसने डरते हुए कहा साहब आप मुझसे दूर रहे नहीं तो आप अछूत हो जायँगे क्योंकि मैं एक बदनसीब अछूत हूँ।

भगत सिंग ने कहा आपको प्यास लगी होगी
पहले इस वजन को उतारो और मैं पानी लाता हूं 
आप पानी पी लो।भगत सिंह के इस व्यवहार से वह बहुत खुश हुआ।

भगत सिंह ने उसको पानी पिलाया और फिर पूछा आप अपने आपको अछूत क्यों कहते हो
तो उसने हिम्मत करते हुए जबाब दिया -
अछूत मैं नहीं कहता अछूत तो मुझको एक वर्ग विशेष के लोग बोलते हैं और मुझसे कहते हैं आप लोग अछूत हो।तुमको छूने से हमारा धर्म भ्रष्ट हो जाएगा और मेरे साथ जानवरों जैसा सलूक करते हैं।

आप ने तो मुझको पानी पिला दिया नहीं तो मुझको पानी भी पीने का अधिकार नहीं हैं और न ही छाया में भी खड़े होने का अधिकार हैं और न ही सार्वजनिक कुँए से पानी पीने का अधिकार हैं।

तब भगत सिंह को आभास हुआ

मुझको तो बचपन से यही बताया गया हैं की देश अंग्रेजों से गुलाम हैं पर ये तस्वीर तो कुछ और ही बयां करती है।देश तो एक वर्ग विशेष के धर्मवादियों का गुलाम हैं जो धर्म के नाम भारत को मूर्ख बनाये हुए हैं।

तभी भगत सिंह सोचने लगे देश अग्रेजों से आजाद होकर भी गुलाम रहेगा क्योंकि इन अछूतों को कौन आजाद कराएगा।

फिर भगत सिंह ने इस बात को लेकर अध्यन किया और फिर सोचने लगे इनकी ऐसी हालत कैसे हुई।भगत सिंह ने ""मैं नास्तिक क्यों"" पुस्तक में लिखा हैं-
मैं तो नकली दुश्मनो से लड़ रहा था,असली दुश्मन तो मेरे देश में हैं।

ये बात भगत सिंह शायद न कहते और न अपनी जेल डायरी में लिखते तो शायद फांसी न होती।

संदर्भ: भगतसिंह की जेल डायरी",Telegram,women_girlsafety,telegram_group,women_girlsafety,,0.0,0.0,0.1847,0.1238,telegram_messages,live_scrape,mixed,,,,436.0,,1687579.0,,1209,,,,,,,,,,,,,0.1847,neutral_discourse,0.0,0.0,0,0,standard,0.008498878218233585,0.0002512459468562156,0.0005055302754044533,0,agreement
"Thabo Bester: Prison Break
@aljazeeraenglish",Telegram,AlJazeeraEnglish,telegram_group,AlJazeeraEnglish,,1.0,0.0,0.4261,0.5013,telegram_messages,live_scrape,mixed,,,,1159.0,,1736062.0,,12854,,,,,,,,,,,,,0.1586,neutral_discourse,0.0,0.0,0,0,standard,0.001147461123764515,0.00016530674474779516,0.00010658547398634255,0,agreement
"Irregular crossings at US-Mexico border at four-year low
@aljazeeraenglish",Telegram,AlJazeeraEnglish,telegram_group,AlJazeeraEnglish,,0.0,0.0,0.1766,0.1198,telegram_messages,live_scrape,mixed,,,,7502.0,,1737423.0,,13153,,,,,,,,,,,,,0.1766,neutral_discourse,0.0,0.0,0,0,standard,0.000742542848456651,0.0001385194482281804,0.00011873406765516847,0,agreement
I have lots of space in my friends list,Telegram,united_global_friends,telegram_group,united_global_friends,,0.0,0.0,0.1568,0.124,telegram_messages,live_scrape,mixed,,,,,,1779591.0,,1594773,,,,,,,,,,,,,0.1568,neutral_discourse,0.0,0.0,0,0,standard,0.0008339674095623195,0.00013844655768480152,0.00011631096276687458,0,agreement
Chapri Dance Meme Template,Telegram,ig_meme_templatesofficial,telegram_group,ig_meme_templatesofficial,,0.0,0.0,0.2153,0.2533,telegram_messages,live_scrape,mixed,,,,15432.0,,1701103.0,,273,,,,,,,,,,,,,0.0904,neutral_discourse,0.0,0.0,0,0,standard,0.0009942083852365613,0.00014598711277358234,0.00010064525849884376,0,agreement
"Winter storm hammers eastern US; over 60 million face blizzard conditions
@aljazeeraenglish",Telegram,AlJazeeraEnglish,telegram_group,AlJazeeraEnglish,,0.0,0.0,0.2186,0.0717,telegram_messages,live_scrape,mixed,,,,865.0,,1736233.0,,12890,,,,,,,,,,,,,0.2186,neutral_discourse,0.0,0.0,0,0,standard,0.009888581931591034,0.00025523846852593124,0.0002044386783381924,0,agreement
"There is absolutely **no verse in the Quran** that states that Prophet Muhammad (ﷺ) married a 14-year-old girl. This is a **false claim with no Quranic basis.** The Quran **does not mention Aisha’s (RA) age** at marriage at all. Instead, the Quran (Surah An-Nisa 4:6) establishes that marriage is only valid when a person reaches maturity and is capable of responsibility, meaning marriage was always based on **maturity and readiness, not a fixed number.**

Regarding Ibrahim (AS), you once again **twist the narrative** to fit your argument. The Quran **never says** that Ibrahim (AS) burned his son’s heart on an incense altar. This is a fabrication. The **Quran (37:107) explicitly states that Allah replaced the sacrifice with a ram**—meaning that Ibrahim (AS)’s son was never harmed. This is a clear refutation of your claim.

Your entire argument is based on misrepresentation and emotional rhetoric rather than actual evidence. You keep saying, “it’s a well-known fact” without citing any sources. If what you’re saying is factual, then **provide the exact Quranic verse that says Muhammad (ﷺ) married a 14-year-old**—but you can’t, because it doesn’t exist. If you want to claim that Ibrahim (AS) sacrificed his son and burned his heart, **bring the exact Quranic verse that says this**—but again, you can’t, because it doesn’t exist.

Repeating a falsehood over and over does not make it true. If you have actual evidence from the Quran and not just assumptions or external sources, present it. Otherwise, your argument is baseless.",Telegram,Religiousdebate,telegram_group,Religiousdebate,,1.0,1.0,0.5248,0.2624,telegram_messages,live_scrape,female,,,,,,1741450.0,,4233,,,,,,,,,,,,,0.5248,perpetrator_attack,1.0,1.0,1,0,gendered_moderate,0.005576653406023979,0.00024669765844009817,0.00016524434613529593,0,model_flags_moderate_gendered_context
"2024 in Review: Bangladesh’s political earthquake | The Take
@aljazeeraenglish",Telegram,AlJazeeraEnglish,telegram_group,AlJazeeraEnglish,,0.0,0.0,0.3409,0.401,telegram_messages,live_scrape,mixed,,,,1234.0,,1735227.0,,12682,,,,,,,,,,,,,0.2328,neutral_discourse,0.0,0.0,0,0,standard,0.0006739803939126432,0.00015135956346057355,0.00011822578380815685,0,agreement
"Israeli attack on Gaza's al Shati refugee camp kills five members of one family
@aljazeeraenglish",Telegram,AlJazeeraEnglish,telegram_group,AlJazeeraEnglish,,0.0,0.0,0.3111,0.366,telegram_messages,live_scrape,mixed,,,,835.0,,1736312.0,,12909,,,,,,,,,,,,,0.1323,neutral_discourse,0.0,0.0,0,0,standard,0.4949401617050171,0.049004778265953064,0.10180815309286118,0,agreement
"I'm 19 year old 
Scored 84% in 10th board 
76.33 in 11th 
89.20% in 12th 
Tried NDA
But couldn't make it 
Now Just did attempt NEET 2023 
But it wasn't good
So sure not gonna make it
Actually i didn't study at all.
My Last 4-5 years are complete wastage
I didn't study at all.
My family hates me now.
My father asked me to die ( he's good guy , he loves me very much but i broke his trust and he's hurt by that , he always thought that I'm gonna do somthing good) 
My cousin brother said u broke trust of all 
You are just a crap .
You are just burden on family.
Why don't u go and work on petrol pump and make some money.",Telegram,indiansconfessions,telegram_group,indiansconfessions,,0.0,0.0,0.2379,0.2799,telegram_messages,live_scrape,mixed,,,,17594.0,,1683536.0,,223,,,,,,,,,,,,,0.1694,neutral_discourse,0.0,0.0,0,0,standard,0.3506881296634674,0.0027671721763908863,0.0010707331821322441,0,agreement
"Syria works to rebuild heritage, end artefact smuggling and preserve historic sites
@aljazeeraenglish",Telegram,AlJazeeraEnglish,telegram_group,AlJazeeraEnglish,,0.0,0.0,0.3133,0.0819,telegram_messages,live_scrape,mixed,,,,1048.0,,1735856.0,,12826,,,,,,,,,,,,,0.3133,neutral_discourse,0.0,0.0,0,0,standard,0.0018246007384732366,0.00028554597520269454,0.0001815409486880526,0,agreement
"‘Comic’ behaviour of Biden, Trump both claiming Gaza ceasefire achievement: Analysis
@aljazeeraenglish",Telegram,AlJazeeraEnglish,telegram_group,AlJazeeraEnglish,,0.0,0.0,0.1233,0.0352,telegram_messages,live_scrape,mixed,,,,1148.0,,1737017.0,,13081,,,,,,,,,,,,,0.1233,neutral_discourse,0.0,0.0,0,0,standard,0.0009546975488774478,0.0001512476010248065,0.00010800927702803165,0,agreement
Chad Oggy Meme Template 🗿🗿,Telegram,ig_meme_templatesofficial,telegram_group,ig_meme_templatesofficial,,0.0,0.0,0.3855,0.2108,telegram_messages,live_scrape,mixed,,,,17963.0,,1713079.0,,380,,,,,,,,,,,,,0.3855,neutral_discourse,0.0,0.0,0,0,standard,0.0012784255668520927,0.00013974290050100535,9.743143164087087e-05,0,agreement
"‘Devastating’ situation unfolding across Gaza as Israeli strikes intensify: AJE correspondent
@aljazeeraenglish",Telegram,AlJazeeraEnglish,telegram_group,AlJazeeraEnglish,,0.0,0.0,0.2763,0.1607,telegram_messages,live_scrape,mixed,,,,687.0,,1736390.0,,12925,,,,,,,,,,,,,0.2763,neutral_discourse,0.0,0.0,0,0,standard,0.0013396905269473791,0.000215043721254915,0.00012886131298728287,0,agreement
"**आदरणीय सर/ मैडम 🙏💐

हमारे ग्रुप का उद्देश्य है 🌺 मजबूरो को सुरक्षा प्रदान करने का 🌸कोसिस🌸 करना 
यहाँ क्या मदद होती है👉👉🌷🌷🌷
🌕अगर आप telegram, WhatsApp, Twitter, instagram या अन्य🌕 किसी भी सोशल मिडिया पर परेशान है👉 [धम्मकियो, ब्लैकमेल, अभद्र व्यवहार, अस्लिलता या धोखाधरी] से  तो आप अपने समस्याओं को यहाँ एक भरोसे के साथ बता सकते है!🎋🎋🎋🎋🎋🎋 हम सभी ग्रुप वासीयों का कोसिस होगा की हम सभी एकता के साथ समाधान करें अन्यथा अन्य तरीके से सहयोग करें! 🌼🌼
अगर आप हमारे साथ जुड़ते है तो इसमे आपको ही फायदा है इससे आप एक अच्छे नागरिक बन सकते है मदद करके✨✨
कृप्या ग्रुप मे छोटे छोटे मैसेज hii hello thanks जैसे मैसेज न करें,
आप सभी शाम 9: 00pm पर वौइस् चैट से जुड़कर अपने विचारों को साझा करें.
अगर आप ग्रुप एडमिन बनना चाहते है तो आपके विचार, व्यवहार, ग्रुप मे आपकी एक्टिविटी आदि देखकर आपको एडमिन बनाया जा सकता है

आपका अपना ग्रुप 🕸 women & girls safety 😊😊**",Telegram,women_girlsafety,telegram_group,women_girlsafety,,1.0,1.0,0.4884,0.1297,telegram_messages,live_scrape,female,,,,70.0,,1762542.0,,1692,,,,,,,,,,,,,0.4884,neutral_discourse,1.0,0.0,1,0,gendered_moderate,0.0072892880998551846,0.00022255931980907917,0.0003658190544229001,0,model_flags_moderate_gendered_context
Batman In Rain Meme Template,Telegram,ig_meme_templatesofficial,telegram_group,ig_meme_templatesofficial,,0.0,0.0,0.2523,0.2968,telegram_messages,live_scrape,mixed,,,,8534.0,,1745401.0,,641,,,,,,,,,,,,,0.1712,neutral_discourse,0.0,0.0,0,0,standard,0.0008846228010952473,0.00014611439837608486,0.0001100718291127123,0,agreement
RCB Fan Celebration Meme Template 🔥💯,Telegram,ig_meme_templatesofficial,telegram_group,ig_meme_templatesofficial,,0.0,0.0,0.1329,0.1564,telegram_messages,live_scrape,mixed,,,,8587.0,,1749126.0,,732,,,,,,,,,,,,,0.1171,neutral_discourse,0.0,0.0,0,0,standard,0.0008303191279992461,0.0001358630252070725,0.00011758774053305387,0,agreement
Oggy going to Jail Meme Template,Telegram,ig_meme_templatesofficial,telegram_group,ig_meme_templatesofficial,,0.0,0.0,0.0885,0.1042,telegram_messages,live_scrape,mixed,,,,12799.0,,1712152.0,,365,,,,,,,,,,,,,0.0664,neutral_discourse,0.0,0.0,0,0,standard,0.4379402995109558,0.004683498293161392,0.009096420370042324,0,agreement
"South Korea faces turmoil as impeached president appears in court
@aljazeeraenglish",Telegram,AlJazeeraEnglish,telegram_group,AlJazeeraEnglish,,0.0,0.0,0.1176,0.1383,telegram_messages,live_scrape,mixed,,,,2021.0,,1737237.0,,13125,,,,,,,,,,,,,0.1065,neutral_discourse,0.0,0.0,0,0,standard,0.021314023062586784,0.0008554106461815536,0.0004595014324877411,0,agreement
"What defined 2024 - and what's in store for 2025? | Inside Story
@aljazeeraenglish",Telegram,AlJazeeraEnglish,telegram_group,AlJazeeraEnglish,,0.0,0.0,0.1601,0.099,telegram_messages,live_scrape,mixed,,,,1013.0,,1735676.0,,12785,,,,,,,,,,,,,0.1601,neutral_discourse,0.0,0.0,0,0,standard,0.0007820178871043026,0.00014184215979184955,0.00012022667215205729,0,agreement
"🌑🌑🌑🌑  🌑🌑🌑🌑🌑 😉

**ᴄᴏʟʟᴇᴄᴛ. ᴍᴇʀɢᴇ. ᴛʀᴀᴅᴇ. ʙᴀᴛᴛʟᴇ. **

Get ready for a unique and action-packed digital **trading card game** where your deck is powered by the ever-changing **crypto markets**! 🤯

**😈**** Degens only.**

**🎫**** **ʟᴀᴜɴᴄʜɪɴɢ ᴀᴘʀɪʟ 𝟿ᴛʜ",Telegram,gameetokennews,telegram_group,gameetokennews,,0.0,0.0,0.2212,0.1571,telegram_messages,live_scrape,mixed,,,,66404.0,,1742909.0,,1187,,,,,,,,,,,,,0.2212,neutral_discourse,0.0,0.0,0,0,standard,0.008642290718853474,0.00019888025417458266,0.00017275380378123373,0,agreement
Read the fucking sticker,Telegram,united_global_friends,telegram_group,united_global_friends,,1.0,1.0,0.518,0.3644,telegram_messages,live_scrape,mixed,,,,,,1779561.0,,1594355,,,,,,,,,,,,,0.518,neutral_discourse,0.0,0.0,1,1,severe,0.9944349527359009,0.003948595374822617,0.003973651211708784,1,agreement
"Some secrets,

Some mistakes,

Some dreams,

Some fun-filled memories,

Some intimate sexcapades😉,

Share with us your confessions anonymously

Ping @nadityaonline
Your identities are safe with me 🔒🤫",Telegram,indiansconfessions,telegram_group,indiansconfessions,,0.0,0.0,0.2122,0.1497,telegram_messages,live_scrape,mixed,,,,4804.0,,1609745.0,,176,,,,,,,,,,,,,0.2122,neutral_discourse,0.0,0.0,0,0,standard,0.0013344460166990757,0.00014444775297306478,0.00012916972627863288,0,agreement
We have a new confession!!,Telegram,indiansconfessions,telegram_group,indiansconfessions,,0.0,0.0,0.3499,0.4116,telegram_messages,live_scrape,mixed,,,,3574.0,,1586153.0,,141,,,,,,,,,,,,,0.1873,neutral_discourse,0.0,0.0,0,0,standard,0.0012815294321626425,0.00016191575559787452,0.00013527870760299265,0,agreement
"Здравствуйте! Хотелось бы узнать, стоит ли менять мне психотерапевта... 

Сегодня была на приёме у мужчины, который спустя 15(!) минут сказал мне, что у меня СТДР (тревожно-депрессивное).

 До этого я была у другого психотерапевта, который поставил мне социофобию (думаю, это потому, что я рассказывала исключительно про это, без уточнения своего состояния в целом, потому что я искренне думала, что беда в социальной тревоге). Новый психотерапевт сказал, что социофобия - не главная проблема, и что мне сперва нужно пройти лечение. Он назначил мне его, я уже купила всё необходимое, но после я узнала, что этот диагноз (СТДР) ставят всем подряд. И что у многих, кому его ставили, были другие проблемы — ПРЛ, БАР, Клиническая депрессия и даже шизофрения...
 И вот теперь даже не знаю, можно ли доверять поверхностному пятнадцатиминутному общению с психотерапевтом, после которого мне поставили очень редкое расстройство, которые чаще всего ставится временно... И что вообще теперь делать :(

୨୧・┈ #МДтейк ┈・୨୧
:→@MDersbot || #ТДР",Telegram,MDersConfa,telegram_group,MDersConfa,"мдтейк,тдр",0.0,0.0,0.1044,0.1041,telegram_messages,live_scrape,mixed,,,,272.0,,1777805.0,,1315,,,,,,,,,,,,,0.1044,neutral_discourse,0.0,0.0,0,0,standard,0.005553015507757664,0.00020286873041186482,0.00021086011838633567,0,agreement
Original CID Meme Template 😝,Telegram,ig_meme_templatesofficial,telegram_group,ig_meme_templatesofficial,,0.0,0.0,0.2158,0.1576,telegram_messages,live_scrape,mixed,,,,18757.0,,1724403.0,,451,,,,,,,,,,,,,0.2158,neutral_discourse,0.0,0.0,0,0,standard,0.0008233998087234795,0.00013257628597784787,0.00010880754416575655,0,agreement
आजकल कागजी योग्यता से ज्यादा महत्व अनुभव का है,Telegram,women_girlsafety,telegram_group,women_girlsafety,,0.0,0.0,0.1847,0.1238,telegram_messages,live_scrape,mixed,,,,433.0,,1706623.0,,1438,,,,,,,,,,,,,0.1847,neutral_discourse,0.0,0.0,0,0,standard,0.0012343046255409718,0.0001496514887548983,0.00013216807565186173,0,agreement
"**🔸पति की आवश्यकता क्यों ?🔸

एक महिला एक मनोचिकित्सक के पास गई और उससे बोली कि 
""मैं शादी नहीं करना चाहती.. मैं शिक्षित, स्वतंत्र और आत्मनिर्भर हूं.. मुझे पति की जरूरत नहीं है.. फिर भी मेरे माता-पिता मुझसे शादी करने के लिए कह रहे हैं... आप सुझाव दीजिए कि मैं क्या करूं?""

मनोचिकित्सक ने उत्तर दिया:-
""आप निस्संदेह अपने जीवन में बहुत कुछ हासिल करोगी.. लेकिन किसी दिन अनिवार्य रूप से जिस तरह से आप चाहती हैं वैसे नहीं हो पाया या कुछ कुछ गलत हो जाएगा अथवा कभी-कभी आप असफल हो जाएंगी या फ़िर कभी-कभी आपकी योजनाएं फेल हो जायेंगी या आपकी इच्छाएं पूरी नहीं होंगी.. उस समय आप किसे दोष देंगी ?.. क्या आप खुद को दोषी मानेंगी ?”

महिला:- ""नहीं.. हरगिज़ नहीं...!!!""

मनोचिकित्सक:- ""बस इसीलिए भी आपको एक पति की आवश्यकता है. ताकि जब भी आपका मूड खराब हो...   तब आप सारा दोष अपने पति को देकर अपना मन हल्का कर सकें......।""पति से पुरा परिवार  बनता है मातृत्व सुख और ममत्व जागता है बच्चे और भावी नई पीढी  का सर्जन होता है 
ऐक संसारिक प्रक्रिया पुरी होती है 🙏🏻🙏🏻
एक समय बाद  रूप, यौवन, सुन्दरता, लावण्य सब ढल जायेगा उस समय तुम्हारा पति और परिवार  ही काम आयेगा 
संसार  मे भुखे भेडियो  से तुम्हारी रक्षा करेगा और दुनियाभर  की सुख सुविधा तुम्हारे चरणौ मे अर्पित  करेगा मां पिता  के बाद पति,बेटा,बेटी ही एक ऐसा रिश्ता  है जिस पर सम्पूर्ण विश्वास  किया जा सकता है**",Telegram,women_girlsafety,telegram_group,women_girlsafety,,0.0,0.0,0.1847,0.1238,telegram_messages,live_scrape,mixed,,,,436.0,,1716011.0,,1497,,,,,,,,,,,,,0.1847,neutral_discourse,0.0,0.0,0,0,standard,0.005657120607793331,0.0001979541702894494,0.0002860225213225931,0,agreement
Kumbakonam Tamil Nadu,Telegram,united_global_friends,telegram_group,united_global_friends,,0.0,0.0,0.1847,0.1238,telegram_messages,live_scrape,mixed,,,,,,1779591.0,,1594806,,,,,,,,,,,,,0.1847,neutral_discourse,0.0,0.0,0,0,standard,0.0013322732411324978,0.00017769141413737088,0.00011777962936321273,0,agreement
Attitude Meme Template 🥴🥴,Telegram,ig_meme_templatesofficial,telegram_group,ig_meme_templatesofficial,,0.0,0.0,0.1622,0.1465,telegram_messages,live_scrape,mixed,,,,8155.0,,1742393.0,,584,,,,,,,,,,,,,0.1622,neutral_discourse,0.0,0.0,0,0,standard,0.0008732674177736044,0.0001316315319854766,0.0001103668546420522,0,agreement
Lonely Boy Meme Template 💔💔,Telegram,ig_meme_templatesofficial,telegram_group,ig_meme_templatesofficial,,0.0,0.0,0.2386,0.2808,telegram_messages,live_scrape,mixed,,,,19707.0,,1752406.0,,775,,,,,,,,,,,,,0.2105,neutral_discourse,0.0,0.0,0,0,standard,0.003678211709484458,0.0001729294890537858,0.00010234219371341169,0,agreement
"Syria's foreign minister calls on US to lift sanctions
@aljazeeraenglish",Telegram,AlJazeeraEnglish,telegram_group,AlJazeeraEnglish,,0.0,0.0,0.1931,0.2271,telegram_messages,live_scrape,mixed,,,,924.0,,1736160.0,,12871,,,,,,,,,,,,,0.1764,neutral_discourse,0.0,0.0,0,0,standard,0.005153957288712263,0.0004421150078997016,0.0002821798261720687,0,agreement
Also feel free to share a confession anytime!!👍,Telegram,indiansconfessions,telegram_group,indiansconfessions,,0.0,0.0,0.1669,0.1307,telegram_messages,live_scrape,mixed,,,,11327.0,,1675505.0,,219,,,,,,,,,,,,,0.1669,neutral_discourse,0.0,0.0,0,0,standard,0.0007114140316843987,0.00013907651009503752,0.00014703642227686942,0,agreement
"बैसे कहना तो नहीं चाहता था, लेकिन सरकारी नौकरी और पैसे ने कहने पर मजबूर कर दिया.
दिए गए फोटो मे दोनों पति पत्नी है,दोनों अलग अलग कास्ट यानि लड़का वाल्मीक तथा लड़की की कास्ट धोबी... लडके के चेहरे पर फ़िल्टर है इसलिए इतना सुन्दर दिख रहा है जितना है नहीं बेहद काला है... तथा विकलांग भी है पैर से... लेकिन फिर भी इस लडके ने इस लड़की से कोर्ट मेर्रिज की है अब क्युकी लडके की गॉवर्मेँट जॉब है pwd में 😁

जबकि लड़की अभी पढ़ाई कर सरकारी नौकरी की तलाश मे है ग्रेजुएट है लड़की पढ़ी लिखी शिक्षित भी है

अब आप बताइये यह प्यार है या सरकारी नौकरी का जलबा 🤔",Telegram,women_girlsafety,telegram_group,women_girlsafety,,0.0,0.0,0.1847,0.1238,telegram_messages,live_scrape,mixed,,,,330.0,,1735734.0,,1604,,,,,,,,,,,,,0.1847,neutral_discourse,0.0,0.0,0,0,standard,0.004021131433546543,0.00019843796326313168,0.0002615753619465977,0,agreement
There are many apps you can pay to get a phone number online,Telegram,united_global_friends,telegram_group,united_global_friends,,0.0,0.0,0.2556,0.0389,telegram_messages,live_scrape,mixed,,,,,,1779593.0,,1594839,,,,,,,,,,,,,0.2556,neutral_discourse,0.0,0.0,0,0,standard,0.0009134049178101122,0.00013444898650050163,0.00011895255738636479,0,agreement
Sleeping Dog Meme Template 🐕,Telegram,ig_meme_templatesofficial,telegram_group,ig_meme_templatesofficial,,0.0,0.0,0.163,0.0895,telegram_messages,live_scrape,mixed,,,,9740.0,,1749456.0,,739,,,,,,,,,,,,,0.163,neutral_discourse,0.0,0.0,0,0,standard,0.007222587708383799,0.0001765396591508761,0.00012943148612976074,0,agreement
"Shhh... quiet now.
Muted [Ritesh](tg://user?id=5863894060) for 3 days.
Reason:
Unmute 30$",Telegram,badoocom,telegram_group,badoocom,,0.0,0.0,0.2039,0.1285,telegram_messages,live_scrape,mixed,,,,,,1779602.0,,11858963,,,,,,,,,,,,,0.2039,neutral_discourse,0.0,0.0,0,0,standard,0.000872031319886446,0.00013710602070204914,0.00010844220378203318,0,agreement
"Calls for the release of Gaza hospital director detained by Israel
@aljazeeraenglish",Telegram,AlJazeeraEnglish,telegram_group,AlJazeeraEnglish,,0.0,0.0,0.2271,0.2671,telegram_messages,live_scrape,mixed,,,,1108.0,,1735588.0,,12766,,,,,,,,,,,,,0.1962,neutral_discourse,0.0,0.0,0,0,standard,0.0019413511035963893,0.0002602477034088224,0.00013836711877956986,0,agreement
"“जिस्म का भूखा कौन…?”
अगर सुहागरात के बाद किसी लड़की को पता चले कि उसका पति शारीरिक रूप से अक्षम है,
तो समाज कहेगा —
“बेटी, तुम्हारा पूरा हक है… तलाक लो, मुआवजा लो, नई जिंदगी शुरू करो।”
लेकिन अगर किसी पुरुष की पत्नी को पति में कोई रुचि ही न हो…
वह न उसके साथ संबंध बनाना चाहती हो,
न उसके साथ जीवन जीना चाहती हो,
और उसकी भावनाएँ किसी और दिशा में हों…
तो वही समाज उस पुरुष से कहता है —
“समझौता करो… मर्द बनो… सहन करो।”
कभी सोचा है…
जिस रिश्ते में भावनाएँ, स्पर्श और अपनापन ही खत्म हो जाए,
उस रिश्ते में सिर्फ एक आदमी क्यों घुटता रहे..?
सच यह है कि
दर्द सिर्फ स्त्रियों को ही नहीं होता, पुरुष भी टूटते हैं।
लेकिन फर्क सिर्फ इतना है —
स्त्री रो दे तो समाज सहानुभूति देता है,
पुरुष रो दे तो समाज कहता है —
“मर्द होकर रोता है?”
हम यह नहीं कहते कि महिलाओं की सुरक्षा के कानून गलत हैं।
उनकी जरूरत भी है और सम्मान भी।
लेकिन यह भी सच है कि
कानून का दुरुपयोग भी एक सच्चाई है,
जिसकी चर्चा करने से लोग डरते हैं।
याद रखिए —
हर पुरुष दरिंदा नहीं होता।
वही पुरुष किसी का पिता,
किसी का भाई,
किसी का बेटा भी होता है।
इसलिए न्याय की बात हो तो
तराजू दोनों तरफ बराबर होना चाहिए।
क्योंकि
इंसाफ अगर सिर्फ एक तरफ हो,
तो वह इंसाफ नहीं…
बल्कि एक नई नाइंसाफी की शुरुआत बन जाता है।
सोचिएगा जरूर…
क्योंकि बेटे भी किसी के दिल के टुकड़े होते हैं,
कोई खिलौना नहीं",Telegram,women_girlsafety,telegram_group,women_girlsafety,,0.0,0.0,0.1847,0.1238,telegram_messages,live_scrape,mixed,,,,476.0,,1773715.0,,1714,,,,,,,,,,,,,0.1847,neutral_discourse,0.0,0.0,0,0,standard,0.004282624926418066,0.0001943963870871812,0.0002315106539754197,0,agreement
"किसने लिखा है मुझे पता नहीं 
लेकिन एक मर्द को दर्द का एहसास कराने वाली इस लेखनी को मेरा सलाम है 
एक बार पढ़िए

आज मेरी माहवारी का 
दूसरा दिन है। 
पैरों में चलने की ताक़त नहीं है,
जांघों में जैसे पत्थर की सिल भरी है। 
पेट की अंतड़ियां
दर्द से खिंची हुई हैं। 
इस दर्द से उठती रूलाई
जबड़ों की सख़्ती में भिंची हुई है। 
कल जब मैं उस दुकान में 
‘व्हीस्पर’ पैड का नाम ले फुसफुसाई थी,
सारे लोगों की जमी हुई नजरों के बीच,
दुकानदार ने काली थैली में लपेट
मुझे ‘वो’ चीज लगभग छिपाते हुए पकड़ाई थी। 
आज तो पूरा बदन ही 
दर्द से ऐंठा जाता है। 
ऑफिस में कुर्सी पर देर तलक भी 
बैठा नहीं जाता है। 
क्या करूं कि हर महीने के 
इस पांच दिवसीय झंझट में,
छुट्टी ले के भी तो 
लेटा नहीं जाता है। 
मेरा सहयोगी कनखियों से मुझे देख,
बार-बार मुस्कुराता है, 
बात करता है दूसरों से, 
पर घुमा-फिरा के मुझे ही 
निशाना बनाता है। 
मैं अपने काम में दक्ष हूं। 
पर कल से दर्द की वजह से पस्त हूं। 
अचानक मेरा बॉस मुझे केबिन में बुलवाता हैै,
कल के अधूरे काम पर डांट पिलाता है। 
काम में चुस्ती बरतने का 
देते हुए सुझाव, 
मेरे पच्चीस दिनों का लगातार
ओवरटाइम भूल जाता है। 
अचानक उसकी निगाह,
मेरे चेहरे के पीलेपन, थकान
और शरीर की सुस्ती-कमजोरी पर जाती है,
और मेरी स्थिति शायद उसे 
व्हीसपर के देखे किसी ऐड की याद दिलाती है। 
अपने स्वर की सख्ती को अस्सी प्रतिशत दबाकर,
कहता है, ‘‘काम को कर लेना,
दो-चार दिन में दिल लगाकर।’’
केबिन के बाहर जाते 
मेरे मन में तेजी से असहजता की 
एक लहर उमड़ आई थी। 
नहीं, यह चिंता नहीं थी
पीछे कुर्ते पर कोई ‘धब्बा’
उभर आने की। 
यहां राहत थी
अस्सी रुपये में खरीदे आठ पैड से 
‘हैव ए हैप्पी पीरियड’ जुटाने की। 
मैं असहज थी क्योंकि 
मेरी पीठ पर अब तक, उसकी निगाहें गढ़ी थीं, 
और कानों में हल्की-सी
खिलखिलाहट पड़ी थी
‘‘इन औरतों का बराबरी का 
झंडा नहीं झुकता है
जबकि हर महीने 
अपना शरीर ही नहीं संभलता है। 
शुक्र है हम मर्द इनके 
ये ‘नाज-नखरे’ सह लेते हैं
और हंसकर इन औरतों को 
बराबरी करने के मौके देते हैं।’’
ओ पुरुषो!
मैं क्या करूं 
तुम्हारी इस सोच पर, 
कैसे हैरानी ना जताऊं?
और ना ही समझ पाती हूं
कि कैसे तुम्हें समझाऊं!
मैं आज जो रक्त-मांस 
सेनेटरी नैपकिन या नालियों में बहाती हूं,
उसी मांस-लोथड़े से कभी वक्त आने पर, 
तुम्हारे वजूद के लिए, 
‘कच्चा माल’ जुटाती हूं। 
और इसी माहवारी के दर्द से 
मैं वो अभ्यास पाती हूं,
जब अपनी जान पर खेल
तुम्हें दुनिया में लाती हूं। 
इसलिए अरे ओ मदो! 
ना हंसो मुझ पर कि जब मैं 
इस दर्द से छटपटाती हूं, 
क्योंकि इसी माहवारी की बदौलत मैं तुम्हें 
‘भ्रूण’ से इंसान बनाती हूं,,,,,,,",Telegram,women_girlsafety,telegram_group,women_girlsafety,,0.0,0.0,0.1847,0.1238,telegram_messages,live_scrape,mixed,,,,275.0,,1763473.0,,1699,,,,,,,,,,,,,0.1847,neutral_discourse,0.0,0.0,0,0,standard,0.007775929290801287,0.00023787375539541245,0.0004248521872796118,0,agreement
"This is the problem with deceit. When someone is lying, whether to other people or to oneself, details tend to become more important than fundamental truth. 

So it's not a question of whether an adult man was having sex with a child or not. It matters far more how old this child was. And that should be a red flag for you, looking at yourself and your own unconscious. The fact that that matters more to you than the fact that there was a child being abused sexually. If you look at a 14-year-old girl and get turned on, or whether you look at an 11-year-old girl and get turned on, it doesn't make a difference. There's something wrong. It's demented. You shouldn't be doing that.",Telegram,Religiousdebate,telegram_group,Religiousdebate,,0.0,0.0,0.163,0.0859,telegram_messages,live_scrape,female,,,,,,1741545.0,,4256,,,,,,,,,,,,,0.163,neutral_discourse,1.0,0.0,0,0,standard,0.3222864866256714,0.002667719265446067,0.0006902408204041421,0,agreement
Or maybe he is a fraudster,Telegram,united_global_friends,telegram_group,united_global_friends,,0.0,0.0,0.1882,0.2214,telegram_messages,live_scrape,mixed,,,,,,1779570.0,,1594567,,,,,,,,,,,,,0.1819,neutral_discourse,0.0,0.0,0,0,standard,0.652453601360321,0.0071889059618115425,0.0004659398109652102,1,detoxify_flags_general_toxicity_not_gendered_harm
"Rebel leader tells Al Jazeera they’re ‘fighting for survival’ in DR Congo | Al Jazeera Newsfeed
@aljazeeraenglish",Telegram,AlJazeeraEnglish,telegram_group,AlJazeeraEnglish,,0.0,0.0,0.1945,0.1158,telegram_messages,live_scrape,mixed,,,,664.0,,1736390.0,,12923,,,,,,,,,,,,,0.1945,neutral_discourse,0.0,0.0,0,0,standard,0.0012009597849100828,0.00018817238742485642,0.00012831456842832267,0,agreement
"**Do you think there should be a question at the end of every confession?**
__anonymous poll__

Yes – 29
👍👍👍👍👍👍👍 66%

Doesn't matter – 9
👍👍 20%

No – 6
👍 14%

👥 44 people voted so far.",Telegram,indiansconfessions,telegram_group,indiansconfessions,,0.0,0.0,0.1754,0.1585,telegram_messages,live_scrape,mixed,,,,1961.0,,1499765.0,,39,,,,,,,,,,,,,0.1754,neutral_discourse,0.0,0.0,0,0,standard,0.0009859936544671655,0.00014368903066497296,0.00011274791177129373,0,agreement
Pedro Pedro Meme Template,Telegram,ig_meme_templatesofficial,telegram_group,ig_meme_templatesofficial,,0.0,0.0,0.1948,0.2292,telegram_messages,live_scrape,mixed,,,,16187.0,,1713962.0,,388,,,,,,,,,,,,,0.1213,neutral_discourse,0.0,0.0,0,0,standard,0.0006625025998800993,0.00014252655091695487,0.00012104523921152577,0,agreement
**रक्षाबंधन के पावन  पर्व पर आप सभी को 🪔Women's & girls' safety (Empowerment)🪔   टीम की तरफ से हार्दिक शुभकामनाएं 🙏🙏**,Telegram,women_girlsafety,telegram_group,women_girlsafety,,1.0,1.0,0.7546,0.3773,telegram_messages,live_scrape,female,,,,456.0,,1724007.0,,1559,,,,,,,,,,,,,0.7546,perpetrator_attack,1.0,1.0,1,0,gendered_moderate,0.0012714674230664968,0.00014321124763228,0.00013599536032415926,0,model_flags_moderate_gendered_context
"Мне безумно понравился перевод треда, который запостили get well про отдых, и хотелось бы поделиться им, если можно

«если есть время листать соцсети, значит, есть время и…», «если есть время смотреть сериалы, значит, есть время и… »… да, окей, но есть ли силы? есть ли психические и эмоциональные ресурсы? не испытываю ли я сильной боли, которая может мне помешать? в состоянии ли я сосредоточиться? могу ли я заняться этим, не вставая с кровати? безопасно ли это для меня, могу ли я это сделать, не рискуя, надавив на себя, навредить себе физически или эмоционально?

> вообще-то у меня НЕТ времени.

чтобы как-то жить, мне надо катастрофически много отдыхать. и, возможно, как раз во время отдыха я заодно посижу на тамблере, попереписываюсь с подружкой или послушаю подкаст.

но я не могу использовать это время на то, что мне хочется, и когда хочется, потому что, если я надавлю на себя слишком сильно, буду страдать после этого несколько дней.

> время отдыха — не свободное время. оно для ОТДЫХА. если вы нейроотличны, имеете хроническую болезнь или что-то подобное, отдых становится ещё более серьёзной обязанностью, потому что, если забьёте, получите от разума и тела наказание ещё более суровое. конечно, точно так же и у Абсолютно Нормальных и Здоровых, но только реакция не такая быстрая и очевидная! её можно даже не заметить, пока из-за неё не ПРИОБРЕТЁТЁ нейроотличие или хроническую болезнь!

୨୧・┈ #МДтейк ┈・୨୧
:→@MDersbot || #Общее",Telegram,MDersConfa,telegram_group,MDersConfa,"мдтейк,общее",1.0,1.0,0.4843,0.0181,telegram_messages,live_scrape,mixed,,,,234.0,,1766853.0,,370,,,,,,,,,,,,,0.4843,neutral_discourse,0.0,0.0,1,0,gendered_moderate,0.004650960676372051,0.00020171493815723807,0.00019744897144846618,0,model_flags_moderate_gendered_context
"Suffering of children: War impacting mental health of Palestinian children
@aljazeeraenglish",Telegram,AlJazeeraEnglish,telegram_group,AlJazeeraEnglish,,0.0,0.0,0.1357,0.1239,telegram_messages,live_scrape,mixed,,,,1360.0,,1735906.0,,12834,,,,,,,,,,,,,0.1357,neutral_discourse,0.0,0.0,0,0,standard,0.4755745530128479,0.21804364025592804,0.003730050753802061,0,agreement
I'm doing well. Thanks for asking 😊😊,Telegram,united_global_friends,telegram_group,united_global_friends,,0.0,0.0,0.0769,0.0518,telegram_messages,live_scrape,mixed,,,,,,1779560.0,,1594302,,,,,,,,,,,,,0.0769,neutral_discourse,0.0,0.0,0,0,standard,0.0005368351121433079,0.0001426985691068694,0.00014284506323747337,0,agreement
"ग्रुप के नियम ,....😊❤️

( ग्रुप के नियमो का पालन जरुरी है आप सभी परिवार का हिस्सा हैं,हम आपसे अपेक्षा करते है कि आप ग्रुप के नियमो का पालन अवश्य करेंगे ताकि आपका हमारा साथ हमेशा बना रहे,., सभी परिवार के सदस्यों से विनती है, सभी पोस्ट पे जाके अपने विचारों को रखे ताकि दूसरे भी आपके पोस्ट पे आके आपको प्रेरित करे ) 😊😊

ग्रुप में सभी एक दूसरे का सम्मान करे, आपत्ति जनक टिपण्णी ना करे... 🙏🏻

ग्रुप में आपसी निजी बात ना करे, अगर आपका मित्र है तो उसके निजी इनबॉक्स में बात करे....🙏🏻
मित्र नहीं है तो बेबजह बहस और बेबजह मैसेज न करें.....

ग्रुप में कोई मेंबर गलत तरीका का मैसेज, फोटो या वीडियो अपलोड करने की कोशिस ना करे, पोस्ट मंजूर नहीं होगा... 🙏🏻

शायरी पोस्ट व आपकी निजी फोटो पे प्रतिबंद है... ❌️

ग्रुप में कोई भी अर्निंग,❌️ एप्प लिंक❌️, फ्री रिचार्ज, ❌️या ग्रुप का लिंक पोस्ट नहीं करेगा ❌️करने पर तुरंत ग्रुप से safety bot द्वारा बहार कर दिया जायेगा✅️

ग्रुप में किसी से भी झगड़ा होता है तो ग्रुप एडमिन से संपर्क करे, स्वयम ही आपत्तिजनक भाषा का प्रयोग कर झगड़ा और ना बढ़ाये.. 🙏🏻

ग्रुप में सभी महिलाओ का सम्मान करे,✅️ अगर कोई किसी भी महिला को परेशान करता हुआ पाया गया तो उसकी id को रिपोर्ट करते हुए ग्रुप से बाहर किया जायेगा, ✅️ हम नहीं चाहते की आपको इस तरह से सबके सामने आना पड़े, कृपया कर आप सभी ऐसा कोई भी काम ना करे... 🙏🏻

ग्रुप में किसी पुरुष को कोई समस्या है तो वह पुरुष हमारे पुरुष एडमिन से सम्पर्क ही करें न की महिला एडमिन से सम्पर्क करे .... अगर किसी girl को कोई boys परेशान करता है तो girl भी सिर्फ girl एडमिन से सम्पर्क करें या ग्रुप मे अपनी समस्या को रखें.... 🙏🏻

Girl भी इस बात का ध्यान रखे कोई भी girl किसी लडके को मैसेज ना करे.... 🙏🏻

**विशेष :-
अगर कोई गर्ल किसी समस्या मे है तो वह सिर्फ गर्ल एडमिन से सम्पर्क करें.... न की boys एडमिन से सम्पर्क करें.... अगर कोई boys किसी समस्या मे है तो boys भी सिर्फ boys एडमिन या **@josh6767** से सम्पर्क करें न कि गर्ल्स एडमिन से सम्पर्क करने कि कोशिश करें....**

Thank you 😊😊",Telegram,women_girlsafety,telegram_group,women_girlsafety,,0.0,0.0,0.3248,0.3821,telegram_messages,live_scrape,female,,,,58.0,,1762540.0,,1691,,,,,,,,,,,,,0.1796,neutral_discourse,1.0,0.0,0,0,standard,0.006265708710998297,0.00020906281133648008,0.0003340176772326231,0,agreement
I will keep the war going forever,Telegram,united_global_friends,telegram_group,united_global_friends,,0.0,0.0,0.1424,0.1126,telegram_messages,live_scrape,mixed,,,,,,1779592.0,,1594829,,,,,,,,,,,,,0.1424,neutral_discourse,0.0,0.0,0,0,standard,0.12053423374891281,0.004448899067938328,0.020032959058880806,0,agreement
"Is there a boy here, ? Add me",Telegram,badoocom,telegram_group,badoocom,,0.0,0.0,0.2651,0.1347,telegram_messages,live_scrape,mixed,,,,,,1779582.0,,11858558,,,,,,,,,,,,,0.2651,neutral_discourse,0.0,0.0,0,0,standard,0.0008411842864006758,0.00013600249076262116,0.00010946401016553864,0,agreement
"1. एक नारी को तब क्या करना चाहिये जब वह देर रात में किसी उँची इमारत की लिफ़्ट में किसी अजनबी के साथ स्वयं को अकेला पाये ? 
जब आप लिफ़्ट में प्रवेश करें और आपको 13 वीं मंज़िल पर जाना हो, तो अपनी मंज़िल तक के सभी बटनों को दबा दें ! कोई भी व्यक्ति उस परिस्थिति में हमला नहीं कर सकता जब लिफ़्ट प्रत्येक मंजिल पर रुकती हो ! 

2. जब आप घर में अकेली हों और कोई अजनबी आप पर हमला करे तो क्या करें ? तुरन्त रसोईघर की ओर दौड़ जायें 

आप स्वयं ही जानती हैं कि रसोई में पिसी मिर्च या हल्दी कहाँ पर उपलब्ध है ! और कहाँ पर चक्की व प्लेट रखे हैं !यह सभी आपकी सुरक्षा के औज़ार का कार्य कर सकते हैं ! और भी नहीं तो प्लेट व बर्तनों को ज़ोर- जोर से फैंके भले ही टूटे !और चिल्लाना शुरु कर दो !स्मरण रखें कि शोरगुल ऐसे व्यक्तियों का सबसे बड़ा दुश्मन होता है ! वह अपने आप को पकड़ा जाना कभी भी पसंद नहीं करेगा ! 

3. रात में ऑटो या टैक्सी से सफ़र करते समय ! 

ऑटो या टैक्सी में बैठते समय उसका नं० नोट करके अपने पारिवारिक सदस्यों या मित्र को मोबाईल पर उस भाषा में विवरण से तुरन्त सूचित करें जिसको कि ड्राइवर जानता हो ! मोबाइल पर यदि कोई बात नहीं हो पा रही हो या उत्तर न भी मिल रहा हो तो भी ऐसा ही प्रदर्शित करें कि आपकी बात हो रही है व गाड़ी का विवरण आपके परिवार/ मित्र को मिल चुका है ! . इससे ड्राईवर को आभास होगा कि उसकी गाड़ी का विवरण कोई व्यक्ति जानता है और यदि कोई दुस्साहस किया गया तो वह अविलम्ब पकड़ में आ जायेगा ! इस परिस्थिति में वह आपको सुरक्षित स्थिति में आपके घर पहुँचायेगा ! जिस व्यक्ति से ख़तरा होने की आशंका थी अब वह आपकी सुरक्षा का ध्यान रखेगा ! 

4. यदि ड्राईवर गाड़ी को उस गली/रास्ते पर मोड़ दे जहाँ जाना न हो और आपको महसूस हो कि आगे ख़तरा हो सकता है - तो क्या करें ? 

आप अपने पर्स के हैंडल या अपने दुपट्टा/ चुनरी का प्रयोग उसकी गर्दन पर लपेट कर अपनी तरफ़ पीछे खींचती हैं तो सैकिण्डो में वह व्यक्ति असहाय व निर्बल हो जायेगा ! यदि आपके पास पर्स या दुपट्टा न भी हो तो भी आप न घबरायें ! आप उसकी क़मीज़ के काल़र को पीछे से पकड़ कर खींचेंगी तो शर्ट का जो बटन लगाया हुआ है वह भी वही काम करेगा और आपको अपने बचाव का मौक़ा मिल जायेगा ! 

5. यदि रात में कोई आपका पीछा करता है ! 

किसी भी नज़दीकी खुली दुकान या घर में घुस कर उन्हें अपनी परेशानी बतायें ! यदि रात होने के कारण बन्द हों तो नज़दीक में एटीएम हो तो एटीएम बाक्स में घुस जायें क्योंकि वहाँ पर सीसीटीवी कैमरा लगे होते हैं ! पहचान उजागर होने के भय से किसी की भी आप पर वार करने की हिम्मत नहीं होगी ! 

आख़िरकार मानसिक रुप से जागरुक होना ही आपका आपके पास रहने वाला सबसे बड़ा हथियार सिद्ध होगा ! 

कृपया समस्त नारी शक्ति जिसका आपको ख़्याल है उन्हें न केवल बतायें बल्कि उन्हें जागरुक भी कीजिए ! अपनी नारी शक्ति की सुरक्षा के लिये ऐसा करना ! न केवल हम सभी का नैतिक उत्तरदायित्व है बल्कि कर्त्तव्य भी है ! 
......... ...... ......... ...... ......... ...... ..... ..... ..... 
प्रिय मित्रों इससे समस्त नारी शक्ति -अपनी मां, बहन, पत्नी व महिला मित्रों को अवगत करावें !

आप सभी से विनम्र निवेदन की इस संदेश को महिला शक्ति की जानकारी में अवश्य लायें यह समस्त नारी शक्ति की सुरक्षा के लिये सहायक सिद्ध होगा ! ऐसा मेरा विश्वास है !
जय हिंद 🇮🇳
️ #हर_बेटी_मेरी",Telegram,women_girlsafety,telegram_group,women_girlsafety,हर_ब,0.0,0.0,0.1093,0.1158,telegram_messages,live_scrape,mixed,,,,617.0,,1730904.0,,1589,,,,,,,,,,,,,0.1093,neutral_discourse,0.0,0.0,0,0,standard,0.010024609975516796,0.0002453975612297654,0.0004707828920800239,0,agreement
"я уже 2 года борюсь с трихотилломанией + съедаю свои волосы сразу после того как я их выдергиваю. ничего практически не помогает и после выдергивания не больно, но раздражение есть после 2-3 минут. таблетки пила от роста волос и всякие витамины и еще делала озонотерапию. не трогала +- 2 месяца, но потом опять началось. можете посоветовать что мне делать? я просила свою мать отвести меня к психологу, т.к. врач который делал мне озонотерапию, сказал что если я все еще буду продолжать это, то немедленно идти к психологу. она не послушалась и не отвезла меня туда🫩. когда купаюсь регулярно ем волосы которые выпадают, но сегодня попыталась пообещать себе что больше не буду

୨୧・┈ #МДтейк ┈・୨୧
:→@MDersbot || #Трихотилломания",Telegram,MDersConfa,telegram_group,MDersConfa,"мдтейк,трихотилломания",0.0,0.0,0.1847,0.1238,telegram_messages,live_scrape,mixed,,,,250.0,,1769872.0,,703,,,,,,,,,,,,,0.1847,neutral_discourse,0.0,0.0,0,0,standard,0.005781101528555155,0.00020197819685563445,0.00023793634318280965,0,agreement
"""я слышу голоса в своей голове они говорят мне: бебебебе бебебе"" 
Я сам обожаю этот мем (когда не говорю про болезни). Но когда мне в 1000-ый раз говорят это, когда узнают (какого то хрена узнают, хотя я толком никому не говорю) о моих галлюцинациях, я начинают ненавидеть все вокруг. 
Типо, хватит. Голоса в голове это не всегда галюны. Это унизительно даже не для меня, а для того, кто неуместно шутить. Да, я так же слышу голоса в своей голове, но они говорят мне отнюдь не это. 
Просто хватит, типо галюны это не выдуманный друг. Это зловещее нечто, это лица смотрящие за каждым твоим вдохом, они могут комментировать все что ты делаешь, перекрывать твои мысли. И да если я застрял во время разговора и забыл как говорить слово йогурт, я не аутист или клоун, я просто слышу на столько много РАНДОМНЫХ звуков и слов, вплоть до предложений убить себя прям на глазах у компаньона, что не могу сопоставить буквы и ответ. Хватит ржать. 
На счёт заболевания, я хз, я не диагностированный, но галюны есть. Как факт. Надеюсь тейк подойдёт...

୨୧・┈ #МДтейк ┈・୨୧
:→@MDersbot || #непонятно",Telegram,MDersConfa,telegram_group,MDersConfa,"мдтейк,непонятно",0.0,0.0,0.1742,0.1888,telegram_messages,live_scrape,mixed,,,,645.0,,1770665.0,,811,,,,,,,,,,,,,0.1742,neutral_discourse,0.0,0.0,0,0,standard,0.0029683937318623066,0.00017436916823498905,0.00016805958875920624,0,agreement
"How to end the conflict in eastern DRC? | Inside Story
@aljazeeraenglish",Telegram,AlJazeeraEnglish,telegram_group,AlJazeeraEnglish,,0.0,0.0,0.3717,0.0606,telegram_messages,live_scrape,mixed,,,,855.0,,1736198.0,,12880,,,,,,,,,,,,,0.3717,neutral_discourse,0.0,0.0,0,0,standard,0.0008810879662632942,0.00015649439592380077,0.0001232563954545185,0,agreement
Hi there I’m just so bored maybe we can good fun chatting ? ❤️,Telegram,badoocom,telegram_group,badoocom,,0.0,0.0,0.2734,0.2527,telegram_messages,live_scrape,mixed,,,,,,1779604.0,,11859013,,,,,,,,,,,,,0.2734,neutral_discourse,0.0,0.0,0,0,standard,0.0005949186743237078,0.0001417258899891749,0.00013044101069681346,0,agreement
"🎀: Слушайте, мне нихуя не нравится что этот канал умирает при первой же возможности. Я стараюсь продвигать его из своих сил, админы стараются, а тейков нет. Пишите их пожалуйста, любые по теме",Telegram,MDersConfa,telegram_group,MDersConfa,,0.0,0.0,0.1847,0.1238,telegram_messages,live_scrape,mixed,,,,249.0,,1775374.0,,1086,,,,,,,,,,,,,0.1847,neutral_discourse,0.0,0.0,0,0,standard,0.0028373203240334988,0.00018109560187440366,0.00015118544979486614,0,agreement
I doubt you really did for its quite straight forward and refutes all the comments you made earlier. Humility is important and its really you thats stretching things so you dont have to admit your error,Telegram,Religiousdebate,telegram_group,Religiousdebate,,0.0,0.0,0.2233,0.159,telegram_messages,live_scrape,mixed,,,,,,1741200.0,,4149,,,,,,,,,,,,,0.2233,neutral_discourse,0.0,0.0,0,0,standard,0.002893719356507063,0.00016044282529037446,0.0001157244187197648,0,agreement
"South Sudan protest: President calls for calm after anti-Sudanese unrest
@aljazeeraenglish",Telegram,AlJazeeraEnglish,telegram_group,AlJazeeraEnglish,,0.0,0.0,0.1062,0.1249,telegram_messages,live_scrape,mixed,,,,1630.0,,1737188.0,,13112,,,,,,,,,,,,,0.064,neutral_discourse,0.0,0.0,0,0,standard,0.0007496121688745916,0.00016246754967141896,0.00012623734073713422,0,agreement
"**“तुलसी साधी विपति के, विद्या विनय विवेक ।
साहस सुकृति सुसत्य व्रत ,राम भरोसे एक ।।”

अर्थ : किसी विपत्ति में आपको सात गुण बचाते है ।आपका ज्ञान या शिक्षा ,आपकी विनम्रता, आपकी बुद्धि,आपके भीतर साहस,आपके अच्छे कर्म,सच बोलने की आदत और ईश्वर में विश्वास ।**",Telegram,women_girlsafety,telegram_group,women_girlsafety,,0.0,0.0,0.1847,0.1238,telegram_messages,live_scrape,mixed,,,,418.0,,1706360.0,,1421,,,,,,,,,,,,,0.1847,neutral_discourse,0.0,0.0,0,0,standard,0.0016411711694672704,0.00015812953643035144,0.00017278725863434374,0,agreement
Security/Bodyguard Meme Template 😎💪,Telegram,ig_meme_templatesofficial,telegram_group,ig_meme_templatesofficial,,0.0,0.0,0.1256,0.1478,telegram_messages,live_scrape,mixed,,,,7045.0,,1747494.0,,684,,,,,,,,,,,,,0.1235,neutral_discourse,0.0,0.0,0,0,standard,0.0007071883301250637,0.00013585991109721363,0.00011638963769655675,0,agreement
Ok one of us admins will reach out,Telegram,united_global_friends,telegram_group,united_global_friends,,0.0,0.0,0.1319,0.0998,telegram_messages,live_scrape,mixed,,,,,,1779593.0,,1594845,,,,,,,,,,,,,0.1319,neutral_discourse,0.0,0.0,0,0,standard,0.004240616224706173,0.00017068973102141172,0.00011654933041427284,0,agreement
I need a woman to call me a fa&&ot,Telegram,badoocom,telegram_group,badoocom,,0.0,0.0,0.3277,0.1111,telegram_messages,live_scrape,female,,,,,,1779594.0,,11858801,,,,,,,,,,,,,0.3277,neutral_discourse,1.0,0.0,0,0,standard,0.4312816858291626,0.003993685357272625,0.0014597212430089712,0,agreement
"ऐसे ही चलता रहता है इधर पेपर लीक का तो 😬

अब तो मन भी ना करता Exam देना का 😢",Telegram,women_girlsafety,telegram_group,women_girlsafety,,0.0,0.0,0.1847,0.1238,telegram_messages,live_scrape,mixed,,,,714.0,,1730946.0,,1591,,,,,,,,,,,,,0.1847,neutral_discourse,0.0,0.0,0,0,standard,0.0012135370634496212,0.0001493094168836251,0.00013892461720388383,0,agreement
"Confession #71

""My wife was a home body, raising our kids while I was on the road. I came home almost every weekend but my i was just told I could go back home early. After being gone for a few weeks i was a bit Randy! So I didn't let her know I was coming home early.   
To make a long story short...
When I got home, i knew the kids were in school so I went on in an was starting to call her when I hear her up stairs saying good boy! That's my boy. 
I crepe up stairs to our son's room and as I was peeking around the door i was shocked! And relieved at the same time. Do you want to read more?""",Telegram,anonymousconfess,telegram_group,anonymousconfess,71,0.0,0.0,0.0786,0.0367,telegram_messages,live_scrape,female,,,,3785.0,,1714240.0,,108,,,,,,,,,,,,,0.0786,victim_disclosure,1.0,0.0,0,0,standard,0.0013708168407902122,0.0001483618252677843,0.00011758167238440365,0,agreement
"Есть тут кто пил сертралин? Мама бриться и категорически не хочет мне давать его, при том что по рецепту половину таблетки всего лишь в сутки... Как ее успокоить, и объяснить что не стану овощем, если буду пить его? :_

୨୧・┈ #МДтейк ┈・୨୧
:→@MDersbot || #общее",Telegram,MDersConfa,telegram_group,MDersConfa,"мдтейк,общее",0.0,0.0,0.1847,0.1238,telegram_messages,live_scrape,mixed,,,,269.0,,1770065.0,,744,,,,,,,,,,,,,0.1847,neutral_discourse,0.0,0.0,0,0,standard,0.006177563685923815,0.00020691214012913406,0.00022739259293302894,0,agreement
"MENCARI 1 ORANG HOUSEMATE PEREMPUAN 
*VILLA TROPIKA*
KEMASUKAN BULAN 7

Fully Furnished Apartment Villa Tropika near KTM UKM 
( Walking Distance) [untuk disewa]

Type : Apartment (Level 8 )
Location : Villa Tropika Apartment
Sewa Bulanan: RM 162.50 per person ( tak termasuk wifi/bill)
BILIK 1 : 3 ORANG (Master Bed Room)

Property Details:
- Malay Owner
- 870 sqft
- 3 Bedrooms + 2 Bathrooms
- Parking Lot (Need to add on)
- Partly Furnished 
+ Grill
+ Fridge
+ Stove
+ Dishrack
+ Kettle 
+ Shoes Rack
+ Wardrobe 

.
Facilities 
- Security Guard
- Surau
- Taska
- Lift 

.
Amenities:
- Shoplots (eg: Speedmart, 7-Eleven, etc)
- Econsave, Bangi Gateway, Kipmall, PKNS Bangi, Evo Mall
- Universiti Kebangsaan Malaysia (UKM), German Malaysia Institue (GMI), Twintech College, Malaysia France Institute (MFI), Koleh Polytech MARA
- Al Amin Islamic Primary & Secondary Schools, Bandar Baru Bangi Primary & Secondary Schools
- UKM Komuter station, Kajang Bus Terminal (Hentian Kajang), MRT Kajang
- 10 mins Kajang Town
- 10 mins Bandar Baru Bangi
- 20 mins Putrajaya, Cyberjaya 

.
Accessibilities:
- PLUS Highway
- SILK

pm 0187893016",Telegram,UKM_Confession,telegram_group,UKM_Confession,,0.0,0.0,0.0902,0.1061,telegram_messages,live_scrape,mixed,,,,596.0,,1719890.0,,70,,,,,,,,,,,,,0.0633,neutral_discourse,0.0,0.0,0,0,standard,0.0008359947241842747,0.00014985312009230256,0.00012090185191482306,0,agreement
"South Korea impeachment: Parliaments votes to impeach acting president
@aljazeeraenglish",Telegram,AlJazeeraEnglish,telegram_group,AlJazeeraEnglish,,0.0,0.0,0.1086,0.1277,telegram_messages,live_scrape,mixed,,,,1094.0,,1735292.0,,12697,,,,,,,,,,,,,0.0974,neutral_discourse,0.0,0.0,0,0,standard,0.0034781331196427345,0.00023852282902225852,0.00013731482613366097,0,agreement
"‘Staying alive was luck’: Joy, despair in Gaza over Israel-Hamas ceasefire
@aljazeeraenglish",Telegram,AlJazeeraEnglish,telegram_group,AlJazeeraEnglish,,0.0,0.0,0.2079,0.2445,telegram_messages,live_scrape,mixed,,,,1156.0,,1737017.0,,13082,,,,,,,,,,,,,0.1394,neutral_discourse,0.0,0.0,0,0,standard,0.0008366346010006964,0.00015716793132014573,0.00013053607835900038,0,agreement
Back to Life Meme Template 🙌🔥,Telegram,ig_meme_templatesofficial,telegram_group,ig_meme_templatesofficial,,0.0,0.0,0.3046,0.1391,telegram_messages,live_scrape,mixed,,,,6984.0,,1743425.0,,602,,,,,,,,,,,,,0.3046,neutral_discourse,0.0,0.0,0,0,standard,0.0020927656441926956,0.00013713986845687032,0.00010582642426015809,0,agreement
Dhoni Meme Template 💯♥️,Telegram,ig_meme_templatesofficial,telegram_group,ig_meme_templatesofficial,,0.0,0.0,0.1948,0.2292,telegram_messages,live_scrape,mixed,,,,14182.0,,1712312.0,,370,,,,,,,,,,,,,0.1213,neutral_discourse,0.0,0.0,0,0,standard,0.0038079367950558662,0.0001747828209772706,9.743301052367315e-05,0,agreement
"अत्यधिक महत्त्वपूर्ण है यह सेक्शन...!!!!

👉आप तैयारी कर रहे हो या नहीं लेकिन इन्हें अवश्य पढ़ें और अधिक लोगों तक शेयर करें।

👉किस तरह एंटीबायोटिक मनमानी ढंग से प्रयोग करने से प्रभाव पड़ता है।",Telegram,women_girlsafety,telegram_group,women_girlsafety,,0.0,0.0,0.1847,0.1238,telegram_messages,live_scrape,mixed,,,,504.0,,1690521.0,,1239,,,,,,,,,,,,,0.1847,neutral_discourse,0.0,0.0,0,0,standard,0.0019619078375399113,0.00016469504043925554,0.00016139338549692184,0,agreement
"बीकानेर: दो बहनों की शादी का नेग लेने पहुंचे थे किन्नर, पता चला पिता की हो गई है मृत्यु, किन्नरों ने उठा लिया शादी का खर्चा और दोनो बहनों की करा दी धूम धाम से शादी !
तुम्हारे घर भगवान गए थे बिटिया 🙏",Telegram,women_girlsafety,telegram_group,women_girlsafety,,0.0,0.0,0.1847,0.1238,telegram_messages,live_scrape,mixed,,,,393.0,,1674367.0,,1151,,,,,,,,,,,,,0.1847,neutral_discourse,0.0,0.0,0,0,standard,0.0018211632268503308,0.00016287952894344926,0.00016847564256750047,0,agreement
Virat Kohli Today's Match Meme Template 👑💯🔥,Telegram,ig_meme_templatesofficial,telegram_group,ig_meme_templatesofficial,,0.0,0.0,0.1763,0.1319,telegram_messages,live_scrape,mixed,,,,7725.0,,1748536.0,,711,,,,,,,,,,,,,0.1763,neutral_discourse,0.0,0.0,0,0,standard,0.0008530684281140566,0.0001343349285889417,0.00011419629299780354,0,agreement
"Israel and Hamas agreed to timeline of Gaza deal: Qatar FM spokesman
@aljazeeraenglish",Telegram,AlJazeeraEnglish,telegram_group,AlJazeeraEnglish,,0.0,0.0,0.2401,0.1627,telegram_messages,live_scrape,mixed,,,,1015.0,,1736982.0,,13070,,,,,,,,,,,,,0.2401,neutral_discourse,0.0,0.0,0,0,standard,0.0006220476352609694,0.0001619900285732001,0.00013403028424363583,0,agreement
Who do you think is the new confessor?,Telegram,indiansconfessions,telegram_group,indiansconfessions,,0.0,0.0,0.2221,0.2612,telegram_messages,live_scrape,mixed,,,,3602.0,,1586153.0,,142,,,,,,,,,,,,,0.0722,neutral_discourse,0.0,0.0,0,0,standard,0.0017997855320572853,0.00016899338515941054,0.00010625992581481114,0,agreement
"Lebanon: Parliament elects army chief Joseph Aoun as president, ending a 2-year deadlock
@aljazeeraenglish",Telegram,AlJazeeraEnglish,telegram_group,AlJazeeraEnglish,,0.0,0.0,0.096,0.1025,telegram_messages,live_scrape,mixed,,,,913.0,,1736443.0,,12940,,,,,,,,,,,,,0.096,neutral_discourse,0.0,0.0,0,0,standard,0.000754956912714988,0.00014135608216747642,0.00012808364408556372,0,agreement
Looking for a good girl,Telegram,badoocom,telegram_group,badoocom,,1.0,0.0,0.6486,0.7631,telegram_messages,live_scrape,female,,,,,,1779574.0,,11858352,,,,,,,,,,,,,0.2918,neutral_discourse,1.0,0.0,0,0,standard,0.0010254287626594305,0.00014973799989093095,0.00010941912478301674,0,agreement
"US confirmation hearing: Trump pick for defense secretary under scrutiny
@aljazeeraenglish",Telegram,AlJazeeraEnglish,telegram_group,AlJazeeraEnglish,,0.0,0.0,0.1767,0.0512,telegram_messages,live_scrape,mixed,,,,1090.0,,1736916.0,,13052,,,,,,,,,,,,,0.1767,neutral_discourse,0.0,0.0,0,0,standard,0.0006380407721735537,0.00014386328984983265,0.0001263895828742534,0,agreement
I'm good. Just cold. I need to put on a sweater 😂😂😂,Telegram,united_global_friends,telegram_group,united_global_friends,,0.0,0.0,0.2373,0.1506,telegram_messages,live_scrape,mixed,,,,,,1779562.0,,1594450,,,,,,,,,,,,,0.2373,neutral_discourse,0.0,0.0,0,0,standard,0.002813146449625492,0.00021785868739243597,0.00012823566794395447,0,agreement
"Hey hun, how are you?",Telegram,united_global_friends,telegram_group,united_global_friends,,0.0,0.0,0.0964,0.098,telegram_messages,live_scrape,mixed,,,,,,1779571.0,,1594581,,,,,,,,,,,,,0.0964,neutral_discourse,0.0,0.0,0,0,standard,0.0012302405666559935,0.00014078653475735337,9.927430073730648e-05,0,agreement
#TheTrustofIndia #PrintImprints #TheTimesofIndia,Telegram,timesofindia,telegram_group,timesofindia,"thetrustofindia,printimprints,thetimesofindia",0.0,0.0,0.1847,0.1238,telegram_messages,live_scrape,mixed,,,,26567.0,,1662106.0,,1708,,,,,,,,,,,,,0.1847,neutral_discourse,0.0,0.0,0,0,standard,0.001106324139982462,0.00014563798322342336,0.00010781129822134972,0,agreement
Don't worry you can get another one,Telegram,united_global_friends,telegram_group,united_global_friends,,0.0,0.0,0.2334,0.1379,telegram_messages,live_scrape,mixed,,,,,,1779591.0,,1594782,,,,,,,,,,,,,0.2334,neutral_discourse,0.0,0.0,0,0,standard,0.0029388447292149067,0.0001689324708422646,0.00012706858979072422,0,agreement
"I don't even spoon-feed my eight-year-old in the way that you want me to spoon-feed you. 

Just Google whether or not Abraham was trying to murder his child. And whether that's written in there. If you haven't read the texts, then you won't know. 

And after that, just Google whether Muhammad married a 14-year-old girl. Just Google it. They only take you 30 seconds. 

There'll be enough evidence for you to track. Like this is such well-known facts. So go and look it up. It's two simple things. Take you like 30 seconds. 

You obviously want to argue about nonsense because you just don't want to look up what's obvious.",Telegram,Religiousdebate,telegram_group,Religiousdebate,,0.0,0.0,0.1603,0.1648,telegram_messages,live_scrape,female,,,,,,1741515.0,,4243,,,,,,,,,,,,,0.1603,neutral_discourse,1.0,0.0,0,0,standard,0.048273902386426926,0.000806489319074899,0.00047040809295140207,0,agreement
Cool can we talk inbox,Telegram,united_global_friends,telegram_group,united_global_friends,,0.0,0.0,0.2156,0.0609,telegram_messages,live_scrape,mixed,,,,,,1779568.0,,1594517,,,,,,,,,,,,,0.2156,neutral_discourse,0.0,0.0,0,0,standard,0.0007476313621737063,0.00013522054359782487,0.0001159516250481829,0,agreement
The Boys 💯♥️🔥 (Jhatu Log) Meme Template,Telegram,ig_meme_templatesofficial,telegram_group,ig_meme_templatesofficial,,0.0,0.0,0.3547,0.186,telegram_messages,live_scrape,mixed,,,,15884.0,,1719038.0,,420,,,,,,,,,,,,,0.3547,neutral_discourse,0.0,0.0,0,0,standard,0.000832177756819874,0.00013599716476164758,9.908449283102527e-05,0,agreement
"КВ/ТВ: самоубийство

я в дурке😍
пыталась самоликвидироваться и меня забрали по скорой
че делать, отказную написать не разрешают((

୨୧・┈ #МДтейк ┈・୨୧
:→@MDersbot || #ПРЛ",Telegram,MDersConfa,telegram_group,MDersConfa,"мдтейк,прл",0.0,0.0,0.1847,0.1238,telegram_messages,live_scrape,mixed,,,,270.0,,1768554.0,,561,,,,,,,,,,,,,0.1847,neutral_discourse,0.0,0.0,0,0,standard,0.0013920033816248178,0.00015500557492487133,0.00012501464516390115,0,agreement
"Sun Aey Musafir 

Manjil kareeb hai, 
magar Raasta lamba hai,
Yaha Tujhe muskilo se bhi ladna hai,
Logo ke gande tane bane muh dekhne ko milenge,

Yaha Tujhe Apno mein paraiye bhi milenge,
Magar Tu rukna nahi Udaas na Hona,
Logo ka kaam hai kahna unhe kahne dena,
Bs Tu khamosh hokar chalte rahna,

Ek din woh bhi aayega jb teri Manjil Tu payega,
Bahut Haseen hoga woh din 
jb hr koi tera hi naam गुनगुनाये गा 

Tu rukna nahi bs chalte rahna 
Ek din Tu apni Manjil pa hi jayega...🤟😊",Telegram,women_girlsafety,telegram_group,women_girlsafety,,0.0,0.0,0.2741,0.1645,telegram_messages,live_scrape,mixed,,,,333.0,,1671433.0,,1138,,,,,,,,,,,,,0.2741,neutral_discourse,0.0,0.0,0,0,standard,0.02889401651918888,0.0006417175754904747,0.00043438776629045606,0,agreement
Visit www.toirsvp.com/1,Telegram,timesofindia,telegram_group,timesofindia,,0.0,0.0,0.0986,0.0836,telegram_messages,live_scrape,mixed,,,,936.0,,1627615.0,,1326,,,,,,,,,,,,,0.0986,neutral_discourse,0.0,0.0,0,0,standard,0.0006237032939679921,0.00013833756383974105,0.00012124057684559375,0,agreement
"I really do not know how to start this and I am not even fully ready yet to start speaking about this. 
When the first lockdown started in March of 2020 it did not affect my life much but as the months went by having to constantly share the living space 24x7 with my own family of 4 became unbearable. 
I'm a person that does not like to interact with other and except for my parents and my sibling I only ever actively speak with a handful of people. 
One of those few is my cousin sister. 
She has always been a huge part of my life to the point where I have drawn my confidence from her for speaking with someone new.
The most I ever interacted with has been her but due to the lockdown I ended up being frustrated the most with her as well. It got to the point where I decided to slowly drift apart from her. 
Diwali arrived and my sister's health started to degrade. On last day of Diwali, she visited a doctor for her check-up and she was informed that she may have some serious health issues regarding her heart and she decided to get admitted immediately.
She stayed at the hospital for about 2 weeks before she returned back home deciding to continue her treatment at home as she couldn't deal with the hospital's atmosphere and also cuz she couldn't afford the bills anymore.
Her health only kept on degrading further. It got to the point where she stopped responding almost completely one morning and was immediately rushed to hospital once again.
On the night of December 27 we were informed that she might not make it till next morning. She left us at dawn on 28th. And I didn't get to make up with her. I didn't get to bake our Christmas cakes that we struggled to get the recipe for and made it our yearly tradition. I didn't get to share all the juicy gossips that I had been holding in just for her to get better so that I could bombard her with it cuz there's no one else I wanted to share it with as much as her. 
She has always been a part of my everything and now that she's not here, I don't wanna do anything. I can't even talk about her in past tense. This is the first time since she left us that I've spoken about it and this isn't even the start of what I feel. 

Tonight, this is my first step towards accepting her absence.",Telegram,indiansconfessions,telegram_group,indiansconfessions,,1.0,1.0,0.3182,0.1672,telegram_messages,live_scrape,female,,,,7056.0,,1621878.0,,198,,,,,,,,,,,,,0.3182,perpetrator_attack,1.0,1.0,1,0,gendered_moderate,0.0013439077883958817,0.00015353441995102912,0.0001323238102486357,0,model_flags_moderate_gendered_context
"Confession #19

I have a college friend and I really want to eat her pussy and sometimes when I'm at her house I go to her washroom and smell her dirty used panties from the basket",Telegram,anonymousconfess,telegram_group,anonymousconfess,19,1.0,1.0,0.7012,0.3506,telegram_messages,live_scrape,female,,,,1923.0,,1676398.0,,25,,,,,,,,,,,,,0.7012,perpetrator_attack,1.0,1.0,1,0,gendered_moderate,0.9817003607749939,0.010793519206345081,0.018341517075896263,1,agreement
"Небольшое нытье про травму.

В общем я пережила теракт в 2022. И вплоть до 2024 года я вообще не осознавала того что на меня это хоть как-то повлияло. Даже хорохорилась тем что я прошла через такой трэш и ещё чувствую себя «нормально». А потом в 2024 как-то все пошло по наклонной.

Мне становилось физически плохо когда у нас в школе говорили про теракты, Один раз я вырубила видео и полчаса ходила кругами перебирая все что произошло со мной когда там сказали «теракт» и показали взрыв. 

Мне снилось по меньшей мере 3 кошмара связанные с терактами в рамках 2025 и я могу часами лежать пялясь в стену думать об этом теракте. Апогей был 1 января когда моя семья решила запустить фейерверки. Я была в таком неадеквате что не осознавала где я и просто смотрела на взрывы валяясь в сугробе не понимая что я упала. После этого пять дней я ходила в состоянии дереализации(???) не узнавая себя в зеркале и ощущении что я во сне. В чертовски долгом сне. 

В общем хотела спросить у людей с ПТСР: стоит ли идти с этим к психиатру или это просто травма которая довольно сильно себя показывает, потому что из того что я изучала моя ситуация довольно скудно подходит под этот диагноз (и самодиагностикой я бы не оч хотела заниматься)

୨୧・┈ #МДтейк ┈・୨୧
:→@MDersbot || #прдпПТСР",Telegram,MDersConfa,telegram_group,MDersConfa,"мдтейк,прдпптср",0.0,0.0,0.1847,0.1238,telegram_messages,live_scrape,mixed,,,,314.0,,1768484.0,,538,,,,,,,,,,,,,0.1847,neutral_discourse,0.0,0.0,0,0,standard,0.008710861206054688,0.000247406424023211,0.0003181174979545176,0,agreement
"Confession #53

""Ek baar me apni family k sath apne ek cousin (jiske sath mera pehle se physical relationship tha ) ke ghar gya huaa tha. Me upr uske room me chala gya usko padane k liy uske mid term exam chal rhe the . Humne room lock kiya or me let gya wo mere upr baith gayi cow girl style me. Tabhi gate knock huaa..... mene jldi se kapde pehne condom dicj pr he laga tha fir Gate khola to uska chhota bhai or dadaji the bahar uske dada wo doubt hi gya tha hum pr . Us din meri bahut fat gayi thi. Ki ab sabko pta chal jayega or soch rha tha ki iske sath kabhi kuch nii karunga and all but unhone kisi se kuch nii kaha kyuki unhe confirm nii tha uske ek din baad dono family ghumne k liy ek hill station gaye wala weather itna sexy tha ki mujhse wait nii ho rha tha ki kab raat ho . Raat ko sabke sone k baaf humne waha pr v sex kiya or bahut maje kiye jab ghumne nikle gypsi me to wo mere pasa baithi thi to sabse chhup mene uske boobs dabaye usne mere hath k upr stall daal rakha tha jis se kisi ko kuch dekha nii 
""",Telegram,anonymousconfess,telegram_group,anonymousconfess,53,0.0,0.0,0.4167,0.1727,telegram_messages,live_scrape,female,,,,2311.0,,1690625.0,,63,,,,,,,,,,,,,0.4167,neutral_discourse,1.0,0.0,0,0,standard,0.7076183557510376,0.09316231310367584,0.011084656231105328,1,detoxify_flags_general_toxicity_not_gendered_harm
Please support the channel by sharing the link below👇👇,Telegram,indiansconfessions,telegram_group,indiansconfessions,,0.0,0.0,0.1776,0.1354,telegram_messages,live_scrape,mixed,,,,1486.0,,1497857.0,,8,,,,,,,,,,,,,0.1776,neutral_discourse,0.0,0.0,0,0,standard,0.0006130014080554247,0.00013961691001895815,0.0001344779593637213,0,agreement
"School days.. one of the best days or year of my life. I still find this incidence as funny and little scary. Funny because I bunked my class and scary because caught by my economics teacher and our class girls leader ditched us 😑😑. I was in class 11th it was morning session 3rd period we were happy 😀😁because it was games class. So we were busy in playing games both boys n girls together as games class was  over we need to go to class due to economics class. Then our girls leader told our economics teacher is on leave so let's continue games. After 15 min ⌚ we noticed our economics teacher marching towards us with boys. We were scared  because our teacher told us to follow her till Principal's cabin. She literally scolded me hence I was bunking class but I told her it was our leader told us. She asked about leader as I turned back and noticed 😱 class leader herself was missing😒😣. Then next moment girls leader was coming towards us holding books on her hand 😑. When question was asked to leader she denied to accept anything that she told us about  leave of teacher 😡. At last I told sorry to teacher and begged 😭😭 her not to take us to Principal. Hence she agreed and warned us not to repeat in future. 
From that day I took oath 🙏 🙏  not to bunk and listen to class leader 😇😇😇",Telegram,indiansconfessions,telegram_group,indiansconfessions,,0.0,0.0,0.0883,0.0642,telegram_messages,live_scrape,female,,,,2594.0,,1502206.0,,78,,,,,,,,,,,,,0.0883,victim_disclosure,1.0,0.0,0,0,standard,0.001296216738410294,0.0001537143107270822,0.00011343733785906807,0,agreement
Then who r u to tell me,Telegram,united_global_friends,telegram_group,united_global_friends,,0.0,0.0,0.1018,0.0638,telegram_messages,live_scrape,mixed,,,,,,1779559.0,,1594287,,,,,,,,,,,,,0.1018,neutral_discourse,0.0,0.0,0,0,standard,0.007096942514181137,0.00017878929793369025,0.00014943447604309767,0,agreement
"At least 15 killed in New Orleans truck attack linked to ISIL
@aljazeeraenglish",Telegram,AlJazeeraEnglish,telegram_group,AlJazeeraEnglish,,0.0,0.0,0.3173,0.3733,telegram_messages,live_scrape,mixed,,,,1096.0,,1735792.0,,12812,,,,,,,,,,,,,0.1658,neutral_discourse,0.0,0.0,0,0,standard,0.0068385484628379345,0.0003512357943691313,0.0002163801691494882,0,agreement
"कड़वा_सत्य :- घर से भागी हुई बेटियां
अपने साथ भगा ले जाती हैं 🧏🏻‍♀️
आसपास की बेटियों के सपने और 
पढ़ने लिखने की आजादी 
इसीलिए मेरी प्यारी बहनों अगर आप किसी से प्यार 
करते हो तो घर वालों को अंत तक मनाओ फिर शादी करो
क्योंकि एक प्यार के खातिर घर वालों के खिलाफ़ जाकर 
ऐसा कदम मत उठाया करो 💤",Telegram,women_girlsafety,telegram_group,women_girlsafety,,0.0,0.0,0.1847,0.1238,telegram_messages,live_scrape,mixed,,,,292.0,,1762759.0,,1694,,,,,,,,,,,,,0.1847,neutral_discourse,0.0,0.0,0,0,standard,0.002069005509838462,0.00016890234837774187,0.00019065802916884422,0,agreement
Lady's Aura Meme Template💯😎🔥,Telegram,ig_meme_templatesofficial,telegram_group,ig_meme_templatesofficial,,0.0,0.0,0.357,0.42,telegram_messages,live_scrape,mixed,,,,14719.0,,1727267.0,,461,,,,,,,,,,,,,0.1641,neutral_discourse,0.0,0.0,0,0,standard,0.0018866207683458924,0.00014627260679844767,9.226192923961207e-05,0,agreement
"Всем здравствуйте!
хочу посоветоваться с более шарющими людьми...
почти всю мою жизнь я мучаюсь от вечного чувства пустоты если нахожусь в одиночестве.И это не состояние покоя,пока что я в силах отлечить две эти вещи..Ну вот просто ничего.
и помогает мне избавиться от этой хуйни только общение с людьми.Не важно какими,не важно насколько бы я их ненавидела и тд и тп,тока рядом с человаками я ощущаю себя,ну,живой что-ли?
и вот с недавних пор это начало ужасно сильно обострятся,и я решила погуглить хотя бы что это может быть,и как с этим бороться.
изначально я думала,что я просто ебнутая чутка,но ничего страшного в этом нет,и какая нибудь саморефлексия поможет мне забыть об этом,однако мне высралось чета про прл.
и честно,я не знаю...У меня по симптоматике совпадает несколько пунктов,но не более того,и я честно хз че мне в дальнейшем делать.
касательно посищения психолога или психотерапевта - сама я не отвергаю такой вариант,однако тут больше зависит от моей матери пожалуй..
я не знаю до конца,как она относиться к этому,однако она сама является мед.работником,и я надеюсь,что она поймет мое желание разобраться в себе и причинах такого самоощущения..
могут ли люди с прл в коментах рассказать о еще каких то нюансах и тонкостях данного заболевания?или же просто поделиться своей историей о том,как они пришли к тому,что им поставили данный диагноз.
буду всем безумно благодарна,заранее спасибо..
а еще сразу хочу извиниться за возможные грамматические ошибки или опечатки,я сейчас не в лучшем состоянии,так что надеюсь поймете.

୨୧・┈ #МДтейк ┈・୨୧
:→@MDersbot || #прдпПРЛ",Telegram,MDersConfa,telegram_group,MDersConfa,"мдтейк,прдппрл",0.0,0.0,0.1847,0.1238,telegram_messages,live_scrape,mixed,,,,293.0,,1769612.0,,659,,,,,,,,,,,,,0.1847,neutral_discourse,0.0,0.0,0,0,standard,0.012336106039583683,0.0002869514573831111,0.00036725695827044547,0,agreement
"**पुण्य क्या है पाप क्या है,
मैं नहीं जानता....
और यदि आप मनुष्य हैं,
तो आपसे पाप भी होंगे ही,
चाहे जानबूझकर,
या फिर अनजाने में,
क्योंकि भगवान तो नही है हम,
जो किसी गलती की कोई गुंजाइश ही न रहे,
खैर जो भी है,
गलतियां तो होती रहती हैं मगर,
हमारी कोशिश हमेशा ये रहनी चाहिए कि 
कभी भी हमारी वजह से ,
किसी का दिल कभी न दुखे,
हम कभी किसी की,
मजबूरी का फायदा न उठाएं,
कभी खुद को किसी के रोने की वजह न बनने दें,
किसी के रोने पर हंसने की बजाय,
उसके दुख को बांटने की कोशिश करें,
कभी भूलकर भी,
किसी की आह अपने ऊपर न लें,
जीना मरना तो ईश्वर के हाथों में है,
मगर एक इंसान बनना हमारे खुद की कोशिश है..!**",Telegram,women_girlsafety,telegram_group,women_girlsafety,,0.0,0.0,0.1847,0.1238,telegram_messages,live_scrape,mixed,,,,371.0,,1718088.0,,1520,,,,,,,,,,,,,0.1847,neutral_discourse,0.0,0.0,0,0,standard,0.002901623258367181,0.00017778361507225782,0.00020459409279283136,0,agreement
Musical Meme Template,Telegram,ig_meme_templatesofficial,telegram_group,ig_meme_templatesofficial,,0.0,0.0,0.1444,0.1699,telegram_messages,live_scrape,mixed,,,,7433.0,,1744883.0,,626,,,,,,,,,,,,,0.1289,neutral_discourse,0.0,0.0,0,0,standard,0.0006701030069962144,0.00013802725879941136,0.00011677171278279275,0,agreement
Hello looking for a relationship in france? I'm a man,Telegram,badoocom,telegram_group,badoocom,,1.0,0.0,0.5229,0.6152,telegram_messages,live_scrape,mixed,,,,,,1779577.0,,11858442,,,,,,,,,,,,,0.28,neutral_discourse,0.0,0.0,0,0,standard,0.0008645468624308705,0.00014705085777677596,0.00012162930215708911,0,agreement
"एक *चूहा* एक कसाई के घर में बिल बना कर रहता था।

एक दिन *चूहे* ने देखा कि उस कसाई और उसकी पत्नी एक थैले से कुछ निकाल रहे हैं। चूहे ने सोचा कि शायद कुछ खाने का सामान है।

उत्सुकतावश देखने पर उसने पाया कि वो एक *चूहेदानी* थी।

ख़तरा भाँपने पर उस ने पिछवाड़े में जा कर *कबूतर* को यह बात बताई कि घर में चूहेदानी आ गयी है।

कबूतर ने मज़ाक उड़ाते हुए कहा कि मुझे क्या? मुझे कौनसा उस में फँसना है?

निराश चूहा ये बात *मुर्गे* को बताने गया।

मुर्गे ने खिल्ली उड़ाते हुए कहा… जा भाई.. ये मेरी समस्या नहीं है।

हताश चूहे ने बाड़े में जा कर *बकरे* को ये बात बताई… और बकरा हँसते हँसते लोटपोट होने लगा।

उसी रात चूहेदानी में खटाक की आवाज़ हुई, जिस में एक ज़हरीला *साँप* फँस गया था।

अँधेरे में उसकी पूँछ को चूहा समझ कर उस कसाई की पत्नी ने उसे निकाला और साँप ने उसे डस लिया।

तबीयत बिगड़ने पर उस व्यक्ति ने हकीम को बुलवाया। हकीम ने उसे *कबूतर* का सूप पिलाने की सलाह दी।

कबूतर अब पतीले में उबल रहा था।

खबर सुनकर उस कसाई के कई रिश्तेदार मिलने आ पहुँचे जिनके भोजन प्रबंध हेतु अगले दिन उसी *मुर्गे* को काटा गया।

कुछ दिनों बाद उस कसाई की पत्नी सही हो गयी, तो खुशी में उस व्यक्ति ने कुछ अपने शुभचिंतकों के लिए एक दावत रखी तो *बकरे* को काटा गया।

*चूहा* अब दूर जा चुका था, बहुत दूर ……….।

_*अगली बार कोई आपको अपनी समस्या बतायेे और आप को लगे कि ये मेरी समस्या नहीं है, तो रुकिए और दुबारा सोचिये।*_

*_समाज का एक अंग, एक तबका, एक नागरिक खतरे में है तो पूरा देश खतरे में है।_*

जय हिंद🇮🇳",Telegram,women_girlsafety,telegram_group,women_girlsafety,,0.0,0.0,0.1847,0.1238,telegram_messages,live_scrape,mixed,,,,352.0,,1715598.0,,1494,,,,,,,,,,,,,0.1847,neutral_discourse,0.0,0.0,0,0,standard,0.006945287808775902,0.00022664300922770053,0.00037661223905161023,0,agreement
"Gaza hospital on fire: Israeli forces attack Kamal Adwan facility
@aljazeeraenglish",Telegram,AlJazeeraEnglish,telegram_group,AlJazeeraEnglish,,0.0,0.0,0.2034,0.1721,telegram_messages,live_scrape,mixed,,,,1178.0,,1735345.0,,12713,,,,,,,,,,,,,0.2034,neutral_discourse,0.0,0.0,0,0,standard,0.1589842438697815,0.01212261337786913,0.008690598420798779,0,agreement
"एक गर्भवती स्त्री ने अपने पति से कहा, ""आप क्या आशा करते हैं लडका होगा या लडकी""
पति-""अगर हमारा लड़का होता है, तो मैं उसे गणित पढाऊगा, हम खेलने जाएंगे, मैं उसे मछली पकडना सिखाऊगा।"" 
पत्नी - ""अगर लड़की हुई तो...?"" 
पति- ""अगर हमारी लड़की होगी तो, मुझे उसे कुछ सिखाने की जरूरत ही नही होगी""
""क्योंकि, उन सभी में से एक होगी जो सब कुछ मुझे दोबारा सिखाएगी, कैसे पहनना, कैसे खाना, क्या कहना या नही कहना।""
""एक तरह से वो, मेरी दूसरी मां होगी। वो मुझे अपना हीरो समझेगी, चाहे मैं उसके लिए कुछ खास करू या ना करू।""
""जब भी मै उसे किसी चीज़ के लिए मना करूंगा तो मुझे समझेगी। वो हमेशा अपने पति की मुझ से तुलना करेगी।""
""यह मायने नही रखता कि वह कितने भी साल की हो पर वो हमेशा चाहेगी की मै उसे अपनी baby doll की तरह प्यार करूं।""
""वो मेरे लिए संसार से लडेगी, जब कोई मुझे दुःख देगा वो उसे कभी माफ नहीं करेगी।""
पत्नी - ""कहने का मतलब है कि, आपकी बेटी जो सब करेगी वो आपका बेटा नहीं कर पाएगा।""
पति- ""नहीं, नहीं क्या पता मेरा बेटा भी ऐसा ही करेगा, पर वो सिखेगा।""
""परंतु बेटी, इन गुणों के साथ पैदा होगी। किसी बेटी का पिता होना हर व्यक्ति के लिए गर्व की बात है।""
पत्नी -  ""पर वो हमेशा हमारे साथ नही रहेगी...?""
पति- ""हां, पर हम हमेशा उसके दिल में रहेंगे।""
""इससे कोई फर्क नही पडेगा चाहे वो कही भी जाए, बेटियाँ परी होती हैं""
""जो सदा बिना शर्त के प्यार और देखभाल के लिए जन्म लेती है।""
""बेटीयां सब के मुकद्दर में, कहाँ होती हैं
जो घर भगवान  को हो पसंद  वहां पैदा होती हैं बेटियाँ .",Telegram,women_girlsafety,telegram_group,women_girlsafety,,0.0,0.0,0.2366,0.0917,telegram_messages,live_scrape,mixed,,,,415.0,,1669530.0,,1127,,,,,,,,,,,,,0.2366,neutral_discourse,0.0,0.0,0,0,standard,0.005826032720506191,0.00021570803073700517,0.00034502235939726233,0,agreement
"Ааэаэ здравствуйте, я тип ну с штрл типочек. Мне поставили его где то в 2024 в сухаревке .. И я не знаю что это за расстройство такое, ну я конечно читал в открытых источниках что это такое, но ничего не понял. А когда мне в сухаревке объясняли что это, это было так давно что я уже забыл. Короче, бригаду.. 

Ну и интересно, есть ли тут тоже люди с штрл, может подружимся idk

୨୧・┈ #МДтейк ┈・୨୧
:→@MDersbot || #ШтРЛ",Telegram,MDersConfa,telegram_group,MDersConfa,"мдтейк,штрл",0.0,0.0,0.2968,0.069,telegram_messages,live_scrape,mixed,,,,248.0,,1770104.0,,745,,,,,,,,,,,,,0.2968,neutral_discourse,0.0,0.0,0,0,standard,0.003026548307389021,0.00018047021876554936,0.0001645304000703618,0,agreement
"Hello everybody. Here is my confession.

I once went wid my frnd to meet her then bf. We were waiting fr her bf to arrive n he was taking a bit too long. I was bored so I started looking around coz it was the frst tym I visited that place. Wen I was jst abt to turn back towards my frnd, I saw this very handsome fellow, in formals(my weekness wen it comes to guys😅) n I started admiring him wid my eyes. I started from his face to his shoes n den back up. Wen I looked at his face again I didn't know that he was checking me out as well. Me being me I gave him a flirty smirk(got one in return as well), checked him out once again n turned towards my frnd thinking it was the end of my checking out session. As I turned towards her, I noticed her calling her bf, he received her call then, they had a very small talk and then she informed me that he arrived n pointed behind me n started walking towards someone. Wen I turned around my jaw literally dropped (it really did) I guess fr a whole 15 secs trying to figure out hw the fuck I ended up flirting wid my frnds bf????

Her bf n I didn't say a word abt that incident in front of my frnd but then after a few days her bf texted me n tried on me. I showed my frnd the chats, she n I myself both wanted to believe that sm1 else texted me frm her bf's no. So I called him, put call on loud speaker n asked him abt the chat n he fucking said that he wants to be wid me n stuff.

I lost a frnd that day n even though it was her bf's fault I smwat blame myself fr her breakup",Telegram,indiansconfessions,telegram_group,indiansconfessions,,0.0,0.0,0.0823,0.0299,telegram_messages,live_scrape,female,,,,3084.0,,1506164.0,,103,,,,,,,,,,,,,0.0823,victim_disclosure,1.0,0.0,0,1,severe,0.3461834490299225,0.003484016750007868,0.001930489670485258,0,agreement
I had my kids the same way your parents had you just without marriage. Marriage doesn't make babies.,Telegram,united_global_friends,telegram_group,united_global_friends,,0.0,0.0,0.2977,0.1613,telegram_messages,live_scrape,mixed,,,,,,1779562.0,,1594438,,,,,,,,,,,,,0.2977,neutral_discourse,0.0,0.0,0,0,standard,0.03356174752116203,0.0004764875047840178,0.00030580078600905836,0,agreement
"Mozambique jailbreak: 1,500 inmates escape during prison riot in Maputo
@aljazeeraenglish",Telegram,AlJazeeraEnglish,telegram_group,AlJazeeraEnglish,,0.0,0.0,0.256,0.3012,telegram_messages,live_scrape,mixed,,,,938.0,,1735265.0,,12692,,,,,,,,,,,,,0.1411,neutral_discourse,0.0,0.0,0,0,standard,0.0011891236063092947,0.00015959310985635966,0.00011788861593231559,0,agreement
"Confession #41

My colleague's wife wants a child from me😶",Telegram,anonymousconfess,telegram_group,anonymousconfess,41,0.0,0.0,0.1087,0.1279,telegram_messages,live_scrape,female,,,,1472.0,,1688674.0,,50,,,,,,,,,,,,,0.0814,neutral_discourse,1.0,0.0,0,0,standard,0.006772653199732304,0.0002745894598774612,0.00017811820725910366,0,agreement
Ur married or single!?,Telegram,united_global_friends,telegram_group,united_global_friends,,0.0,0.0,0.3351,0.3943,telegram_messages,live_scrape,mixed,,,,,,1779560.0,,1594336,,,,,,,,,,,,,0.2769,neutral_discourse,0.0,0.0,0,0,standard,0.008421976119279861,0.00022641473333351314,0.00011270405957475305,0,agreement
Shinchan Meme Template 💯♥️🔥,Telegram,ig_meme_templatesofficial,telegram_group,ig_meme_templatesofficial,,0.0,0.0,0.1948,0.2292,telegram_messages,live_scrape,mixed,,,,14526.0,,1726217.0,,453,,,,,,,,,,,,,0.1213,neutral_discourse,0.0,0.0,0,0,standard,0.0015244989190250635,0.00015190464910119772,0.00011900055687874556,0,agreement
HANG ADE 2 GF WTF? JANGAN KACAU LA GF CHIK BABI!,Telegram,UKM_Confession,telegram_group,UKM_Confession,,0.0,0.0,0.1227,0.106,telegram_messages,live_scrape,mixed,,,,2021.0,,1705211.0,,40,,,,,,,,,,,,,0.1227,neutral_discourse,0.0,0.0,0,0,standard,0.801458477973938,0.020942192524671555,0.003736200975254178,1,detoxify_flags_general_toxicity_not_gendered_harm
"Confession #36

""I (25M) got a job last year and started dating a junior girl from my college. She was the hottest girl in college and every guy was after her. But she chose me. I felt proud about it and I was totally in love with her. 

We started having sex in her final semester and she was nothing like I had expected her to be. She was a sex freak. After some foreplay, I could pound her to orgasm in just a few minutes. She would scream and claw at my back so hard that I would bleed. God, she was so hot. She lived in Delhi and I was in Gurugram. We visit each other often but for sex, it was always at her place cause she lived alone and I, with my parents.

One day, while we were both naked after fucking, her window was open and I could hear some laborers chatting outside. Her flat was on the ground floor and people could see inside her window. We weren't in their line of sight though, so they couldn't see us. Then I had a very naughty idea. I told her to go and close the window and the curtains. She reached for a shirt but I snatched it away. I told her to do it naked. She knew what that meant. Those people would see her in all her naked glory

She looked at me, shocked and didn't agree at first. But I was stern, letting her know that she had to do it. Reluctantly but with a little smile, she slowly tiptoed toward the window. As she got closer, their chattering stopped. I knew they could see her now. She stood there for a few seconds, twirling her hair like a nervous little girl letting them enjoy the view. Her chest heaved up and down from her nervous breathing. As she reached out for the window, her tits jiggled. She quickly closed it along with the curtains and ran to me, grinning wide and giggling. We fucked like there was no tomorrow. We were so turned on from this, especially her, and when she came, her body trembled. She told me she loved me.

But this little stunt of mine was a big mistake. Those laborers lived nearby and saw her regularly. She told me that she was getting catcalled and having obscene things shouted at her. They would whistle at her even when I was with her. I didn't know what to do. She would look at me like she expected me to fight back or say something to them. But I was too scared to do anything. We gradually grew distant. She would rarely reply to my texts or even pick up my calls. She blamed me and she was right. It is my fault that this happened.

As one final attempt to win her back I went to her place on her birthday as a surprise. The door was open so I let myself in. I heard moaning from inside. It was her voice. My heart sank. I slowly got closer without making any sound. What I saw horrified me. She was naked on her back and one of the laborers who saw her was on top, pinning her arms down, and raping her.

I was about to charge when she pushed him down and climbed on top. It became clear to me right then but I didn't want to believe it. She wasn't being raped. She was fucking him willingly. Even today, I remember every detail of it. She rode him up and down, her tits jiggling. She took his hand and brought it to them.

Then she saw me. But she didn't stop. She kept going up and down. """"I'm sorry"""", was all she could say as she kept grinding on his dick. I just stood there not knowing what to do. The guy sat up, looked at me and put his mouth around her nipple. She moaned and caressed his hair. Then I heard a familiar sound escape from her. The groan that I would hear whenever she cums. Her body quivered all over as she closed her eyes and kissed his filthy mouth like she loved him. It seemed that she actually was in love with him.

After he came too, he pushed her off of him and got up. He wasn't wearing a condom. He put his rags of clothes back on, patted my head like I was a kid, and went out. She was crying like a child caught stealing. I didn't say anything to her and left.",Telegram,anonymousconfess,telegram_group,anonymousconfess,36,0.0,0.0,0.0907,0.0264,telegram_messages,live_scrape,female,,,,2310.0,,1678410.0,,43,,,,,,,,,,,,,0.0907,victim_disclosure,1.0,0.0,0,1,severe,0.6685034036636353,0.014450663700699806,0.014454644173383713,1,detoxify_flags_general_toxicity_not_gendered_harm
Members are requested to be patient soon enough we will gain members,Telegram,indiansconfessions,telegram_group,indiansconfessions,,0.0,0.0,0.3993,0.1484,telegram_messages,live_scrape,mixed,,,,1466.0,,1497673.0,,3,,,,,,,,,,,,,0.3993,neutral_discourse,0.0,0.0,0,0,standard,0.0006427241023629904,0.00014592448133043945,0.00015738658839836717,0,agreement
Jethalal Happy Dance Meme Template 🕺 💯🔥,Telegram,ig_meme_templatesofficial,telegram_group,ig_meme_templatesofficial,,0.0,0.0,0.2121,0.1656,telegram_messages,live_scrape,mixed,,,,7897.0,,1741244.0,,564,,,,,,,,,,,,,0.2121,neutral_discourse,0.0,0.0,0,0,standard,0.0010028376709669828,0.00014354291488416493,0.00011128572805318981,0,agreement
"Loki Meme Template
Add your own Audio
#Wholesome",Telegram,ig_meme_templatesofficial,telegram_group,ig_meme_templatesofficial,wholesome,0.0,0.0,0.1108,0.1303,telegram_messages,live_scrape,mixed,,,,19304.0,,1703427.0,,306,,,,,,,,,,,,,0.0963,neutral_discourse,0.0,0.0,0,0,standard,0.001875164220109582,0.0001517066266387701,0.0001233635121025145,0,agreement
Wait are you a Muslim too?,Telegram,Religiousdebate,telegram_group,Religiousdebate,,0.0,0.0,0.1697,0.1997,telegram_messages,live_scrape,mixed,,,,,,1741285.0,,4193,,,,,,,,,,,,,0.0643,neutral_discourse,0.0,0.0,0,0,standard,0.19524693489074707,0.03825480490922928,0.0012155246222391725,0,agreement
"डॉ. बी.आर. अंबेडकर ने भारतीय रिजर्व बैंक (आरबीआई) की अवधारणा और स्थापना में महत्वपूर्ण भूमिका निभाई।

👉 आरबीआई की स्थापना 1 अप्रैल, 1935 को डॉ. अंबेडकर द्वारा हिल्टन यंग कमीशन को प्रस्तुत दिशा-निर्देशों और सिफारिशों के आधार पर की गई थी।

- इस आयोग, जिसे भारतीय मुद्रा और वित्त पर रॉयल कमीशन के रूप में भी जाना जाता है, ने आरबीआई की स्थापना के लिए एक आधारभूत दस्तावेज के रूप में डॉ. अंबेडकर की पुस्तक, ""रुपये की समस्या - इसकी उत्पत्ति और इसका समाधान"" का उपयोग किया।

अर्थशास्त्र में डॉ. अंबेडकर की विशेषज्ञता और श्रम अधिकारों, महिला अधिकारों और आर्थिक सुधारों में उनके योगदान ने आरबीआई के कामकाज और दृष्टिकोण को आकार देने में महत्वपूर्ण भूमिका निभाई।

- आरबीआई के गठन में उनकी महत्वपूर्ण भूमिका के बावजूद, अर्थशास्त्र के क्षेत्र में उनके योगदान को अक्सर अनदेखा कर दिया जाता है, जो उनके सामाजिक और राजनीतिक कार्यों के सामने फीका पड़ जाता है।",Telegram,women_girlsafety,telegram_group,women_girlsafety,,0.0,0.0,0.1847,0.1238,telegram_messages,live_scrape,mixed,,,,345.0,,1712033.0,,1472,,,,,,,,,,,,,0.1847,neutral_discourse,0.0,0.0,0,0,standard,0.005080224946141243,0.0002171289233956486,0.00030749524012207985,0,agreement
Sensations meme template,Telegram,ig_meme_templatesofficial,telegram_group,ig_meme_templatesofficial,,0.0,0.0,0.1948,0.2292,telegram_messages,live_scrape,mixed,,,,6763.0,,1745077.0,,631,,,,,,,,,,,,,0.1213,neutral_discourse,0.0,0.0,0,0,standard,0.0006753914640285075,0.0001376751170028001,0.00011437917419243604,0,agreement
"Netanyahu, a 'war criminal', cannot be trusted with a ceasefire: Marwan Bishara
@aljazeeraenglish",Telegram,AlJazeeraEnglish,telegram_group,AlJazeeraEnglish,,0.0,0.0,0.1322,0.0808,telegram_messages,live_scrape,mixed,,,,1030.0,,1736971.0,,13066,,,,,,,,,,,,,0.1322,neutral_discourse,0.0,0.0,0,0,standard,0.054615769535303116,0.00720524275675416,0.000981302815489471,0,agreement
Tag @boatxaman to find out what's in the note 👀,Telegram,ig_meme_templatesofficial,telegram_group,ig_meme_templatesofficial,,0.0,0.0,0.1769,0.0818,telegram_messages,live_scrape,mixed,,,,15883.0,,1708675.0,,326,,,,,,,,,,,,,0.1769,neutral_discourse,0.0,0.0,0,0,standard,0.0009315893403254449,0.00014006640412844718,0.00010816490976139903,0,agreement
"у меня депрессия. меня очень бесит то что я не могу быть такой как все люди. в частности то что не могу быть в их темпе. я очень медлительна, мои движения черепашьи, мои мысли тянутся как хз что. я не хочу быть такой, мне не нравится быть лютейшим тормозом... кажется что эта черта особенно сильно всех раздражает, но я вообще ничего с этим поделать не могу. и растормошить себя не получается, как бы я не пыталась шевелиться быстрее, я все равно медлительна. очень быстро устаю и ментально, и физически. что с этим можно сделать?

୨୧・┈ #МДтейк ┈・୨୧
:→@MDersbot || #Депрессия",Telegram,MDersConfa,telegram_group,MDersConfa,"мдтейк,депрессия",0.0,0.0,0.1847,0.1238,telegram_messages,live_scrape,mixed,,,,219.0,,1766848.0,,369,,,,,,,,,,,,,0.1847,neutral_discourse,0.0,0.0,0,0,standard,0.005266781896352768,0.0001971444144146517,0.00020579418924171478,0,agreement
"Confession #56

I had sex with my best friend since births mother made her squirt and convulse into a state she knocked",Telegram,anonymousconfess,telegram_group,anonymousconfess,56,0.0,0.0,0.2012,0.1347,telegram_messages,live_scrape,female,,,,3010.0,,1692615.0,,69,,,,,,,,,,,,,0.2012,neutral_discourse,1.0,0.0,0,0,standard,0.858977198600769,0.002645764034241438,0.0024334893096238375,1,detoxify_flags_general_toxicity_not_gendered_harm
"Это пиздец. У меня остались считанные дни до нового приёма у психиатра, но мне так плохо аж пиздец. Я просыпаюсь с мыслями об убийстве, иду с ними, сижу в школе и пытаюсь просто не убить чувака который сидит со мной, не убить мать, отца или своих домашних животных. Я надеюсь что за оставшееся время мне хватит сил сдерживпть себя и не натворить глупостей. У меня участились галлюцинации и кошмары, бред туда же идёт. Я не уверен что это бред даже. У меня снова начались проблемы с гигиеной. Господи, ненавижу весну за вот такой вот закидон, хотя я думаю здесь есть и моя вина что я напиздел своему психиатру обо всем, кроме страха преследования и в итоге мне поставили временный диагноз какого-то там депрессивного расстройства.
Пожалуйста, не врите психиатрам, не совершайте мою ошибку

୨୧・┈ #МДтейк ┈・୨୧
:→@MDersbot || #непонятно",Telegram,MDersConfa,telegram_group,MDersConfa,"мдтейк,непонятно",0.0,0.0,0.1847,0.1238,telegram_messages,live_scrape,mixed,,,,290.0,,1778250.0,,1436,,,,,,,,,,,,,0.1847,neutral_discourse,0.0,0.0,0,0,standard,0.004925963934510946,0.00019891287956852466,0.0002062613348243758,0,agreement
"आदरणीय सर/ मैडम 🙏

इस ग्रुप का उद्देश्य, महिलाओ व पुरुषों को सुरक्षा प्रदान करने की कोसिस करना तथा उन्हें जागरूक करने से है.....

1.Question : यहाँ क्या मदद होती है 🤔
Ans: 
अगर आप telegram, WhatsApp, Twitter, instagram या अन्य किसी भी सोशल मिडिया पर परेशान है, या आपको किसी के द्वारा👇👇👇👇👇
[धम्मकियो, ब्लैकमेल, अभद्र व्यवहार, अस्लिलता या धोखाधरी] की जा रही है तो आप अपनी हर समस्याओं को यहाँ एक विश्वास के साथ बता सकते हैं....हम सभी ग्रुप वासी तथा हमारी एडमिन टीम के द्वारा पूर्ण कोसिस होगी की हम सभी एकता के साथ समाधान करें तथा अन्य तरीके से पीड़ित व्यक्ति ( महिला / पुरुष ) का सहयोग करें! 
अगर आप हमारे साथ जुड़ते है तो इसमे आपको ही फायदा है इससे आप एक अच्छे नागरिक बन सकते हैं तथा समाज में हो रहे अपराधों से समाज, बच्चों, महिलाओ को जागरूक कर सकते हैं 
आपका अपना ग्रुप 🕸 women & girls safety 😊😊

Note : समूह में hello, hiii, hy, goodmorning, good afternoon good evening, जैसे मैसेज allow नही हैं अगर कोई सदस्य ऐसे मैसेज का प्रयोग करता है तो उसे एक बार सूचित किया जायेगा सूचित करने के दौरान भी नहीं मानता है तो समूह से बेन कर दिया जायेगा

सभी सदस्य user name का प्रयोग करें
कोई भी सदस्य प्रोफाइल फोटो पर अश्लील फोटो का प्रयोग न करें

किसी समस्या का समाधान के लिए मैसेज एक ही बार में टाइप करें टुकड़ो में नहीं

पर्सनल डिसकस के लिए रात्रि 9:00pm पर वौइस् चैट ज्वाइन करें",Telegram,women_girlsafety,telegram_group,women_girlsafety,,0.0,0.0,0.2581,0.1074,telegram_messages,live_scrape,female,,,,198.0,,1757491.0,,1664,,,,,,,,,,,,,0.2581,neutral_discourse,1.0,0.0,0,0,standard,0.004975568037480116,0.00020705147471744567,0.00029404571978375316,0,agreement
"У меня есть кое-какие причины лечь в дурку, но я почти не знаю, что там происходит. А жить дальше без присмотра я не могу себе позволить... И это осознание с каждым днем становится всё страшнее

୨୧・┈ #МДтейк ┈・୨୧
:→@MDersbot || #Общее",Telegram,MDersConfa,telegram_group,MDersConfa,"мдтейк,общее",0.0,0.0,0.1847,0.1238,telegram_messages,live_scrape,mixed,,,,363.0,,1770301.0,,769,,,,,,,,,,,,,0.1847,neutral_discourse,0.0,0.0,0,0,standard,0.0018015148816630244,0.00016586821584496647,0.00013779528671875596,0,agreement
"Confession #65

Today my hot coworker and I had some crazy hot sex! The crazy part is that she’s engaged and I’m married but since we met we’ve had some crazy sexual attraction to each other and she came to me recently about her cheating with some other guy but it was only oral sex. Next thing you know the conversation got out of hand and we were talking about what our sex lives in detail and we both started to confess about how we felt there was a weird sexual tension between us. She asked me if I would cheat on my wife but I said no at the time. She then started to flirt with me every day for about 2 weeks very sexually. She would keep coming to talk to me about her fiancé not fulfilling her needs and why she had to cheat on him because she thinks he’s cheating on her also. Somehow later that week she got my Snapchat and just started sending very revealing pics of her body but nothing nude. Finally a few days ago I had a fight with the wife unrelated to this and my wife actually told me she wants a divorce because I don’t make enough money for her and some other personal stuff. So in all the rage and anger I started flirting back as my now wife is moving out I started sexting my coworker. And just last night and today we met up and have been fucking like rabbits to say the least! The only problem is what kind of mess have I gotten into. The divorce is gonna me messy and her split up is gonna a shit show but at least the sex is grade A+ lol. Let’s see what happens next",Telegram,anonymousconfess,telegram_group,anonymousconfess,65,0.0,0.0,0.3801,0.055,telegram_messages,live_scrape,female,,,,3470.0,,1706436.0,,87,,,,,,,,,,,,,0.3801,neutral_discourse,1.0,0.0,0,1,severe,0.8591086864471436,0.008732694201171398,0.00390749704092741,1,detoxify_flags_general_toxicity_not_gendered_harm
"Trump sentencing hearing: President-elect given no fines or jail time
@aljazeeraenglish",Telegram,AlJazeeraEnglish,telegram_group,AlJazeeraEnglish,,0.0,0.0,0.1245,0.0552,telegram_messages,live_scrape,mixed,,,,1000.0,,1736603.0,,12969,,,,,,,,,,,,,0.1245,neutral_discourse,0.0,0.0,0,0,standard,0.0008984541636891663,0.00014439706865232438,0.00012020225403830409,0,agreement
"Argentina immigration crackdown: Foreign residents face new fees and restrictions
@aljazeeraenglish",Telegram,AlJazeeraEnglish,telegram_group,AlJazeeraEnglish,,0.0,0.0,0.3222,0.1542,telegram_messages,live_scrape,mixed,,,,996.0,,1735420.0,,12727,,,,,,,,,,,,,0.3222,neutral_discourse,0.0,0.0,0,0,standard,0.0028965743258595467,0.0002916894154623151,0.00014402621309272945,0,agreement
"​ @Chikoo619 Literally everything Im saying is true.  Unlike the left, I have no reason to lie as reality is the definition of truth.  Her ""answer"" was underwhelming and lacking any resemblance of reality.  Her delusion, much like almost everyone she goes to school with, is on full display here.  Not sure what your watching.....  or hearing. 🤷‍♂️",YouTube,unknown,youtube_channel,unknown,,1.0,1.0,0.6354,0.3177,youtube_scraped,live_scrape,female,reply,1.0,UgyabCZ9FNOJ1M4HKVd4AaABAg,0.0,,1776556800.0,-mvIktYig9Y,UgyabCZ9FNOJ1M4HKVd4AaABAg.AIi89qZQaH4AUvFqry7CWJ,,,,,,,,,,,,,0.6354,perpetrator_attack,1.0,1.0,1,0,gendered_moderate,0.022107062861323357,0.00031024558120407164,0.00020031350140925497,0,model_flags_moderate_gendered_context
 jason fredieu  those people were harrasing their mother. Kinda like self defense,YouTube,Cosmopolitan,youtube_channel,Cosmopolitan,[],0.0,0.0,0.1524,0.0549,yt-dlp,live_scrape,female,reply,1.0,UgxAEQ2ZVL8I1JLQ6zV4AaABAg,13.0,@mihakost,1621728000.0,oWEKD493IxY,UgxAEQ2ZVL8I1JLQ6zV4AaABAg.8YGtDh2SpDR9CEL3_cFouv,,,,,,,,,,,,,0.1524,neutral_discourse,1.0,0.0,0,0,standard,0.23291921615600586,0.0016825060592964292,0.00033677872852422297,0,agreement
False imprisonment is a charge a person who has committed a crime can be detained by law enforcement not by a random bystander,YouTube,Guardian News,youtube_channel,Guardian News,[],0.0,0.0,0.2973,0.0844,yt-dlp,live_scrape,female,reply,1.0,UgwM82HY9GEUd7ehceB4AaABAg,1.0,@20seconds,1716422400.0,u-VcErKk6Qs,UgwM82HY9GEUd7ehceB4AaABAg.9qs2x_VbEMFA1h6G04mG7W,,,,,,,,,,,,,0.2973,neutral_discourse,0.0,0.0,0,0,standard,0.004688851535320282,0.0001847060048021376,0.00013668295287061483,0,agreement
So if you answer all questions with questions you win in liberal logic how did she win here ? I don’t think she won at all,YouTube,unknown,youtube_channel,unknown,,0.0,0.0,0.3891,0.0599,youtube_scraped,live_scrape,female,comment,0.0,,0.0,,1776556800.0,-mvIktYig9Y,UgyeZbJBBRR85dBPQ7t4AaABAg,,,,,,,,,,,,,0.3891,neutral_discourse,1.0,0.0,0,0,standard,0.001069691265001893,0.00014631655358243734,0.00011707497469615191,0,agreement
"Τυφῶν that would be the definition of Egalitarianism, and the actions of the feminist movement void the definition",YouTube,BBC Trending,youtube_channel,BBC Trending,[],0.0,0.0,0.323,0.2267,yt-dlp,live_scrape,female,reply,1.0,UgjG03eBwhbqMXgCoAEC,9.0,@Destro7000,1495497600.0,pZBpdZbSYSg,UgjG03eBwhbqMXgCoAEC.8DOfWZDBsQn8KplzbrKbTq,,,,,,,,,,,,,0.323,neutral_discourse,0.0,0.0,0,0,standard,0.0012780445395037532,0.0001670506753725931,0.00011141782306367531,0,agreement
Her intellect is running circles around this clown. He can barely speak clearly and she is rapid firing point after point and just ripping him. Hahaha omg,YouTube,unknown,youtube_channel,unknown,,1.0,1.0,0.2443,0.1723,youtube_scraped,live_scrape,female,comment,0.0,,0.0,,1758240000.0,-mvIktYig9Y,UgwLZCXYREC327_r7FF4AaABAg,,,,,,,,,,,,,0.2443,perpetrator_attack,1.0,1.0,1,0,gendered_moderate,0.34571757912635803,0.0022546611726284027,0.0016949349083006382,0,model_flags_moderate_gendered_context
"You are deceiving others and spreading disinformation.
Kitman won't help you, islamist",YouTube,unknown,youtube_channel,unknown,,0.0,0.0,0.2889,0.3399,youtube_scraped,live_scrape,female,reply,1.0,Ugwx9_IErgRVXka5evt4AaABAg,0.0,,1768780800.0,-mvIktYig9Y,Ugwx9_IErgRVXka5evt4AaABAg.ARaF_TwhEy4ARbQZ6iBEMI,,,,,,,,,,,,,0.1428,neutral_discourse,0.0,0.0,0,0,standard,0.29937073588371277,0.014910825528204441,0.0047163390554487705,0,agreement
The sea is too precious to be polluting it even more.,YouTube,The Guardian,youtube_channel,The Guardian,[],1.0,1.0,0.4279,0.0979,yt-dlp,live_scrape,female,reply,1.0,UgwAQtwWB-4yNL_yEVx4AaABAg,1.0,@commoneuropeanstarling,1778630400.0,HfwQvfchMXU,UgwAQtwWB-4yNL_yEVx4AaABAg.AWfAV2GbMbGAWiUbwpbQM8,,,,,,,,,,,,,0.4279,neutral_discourse,0.0,0.0,1,0,gendered_moderate,0.03790516406297684,0.0009383975993841887,0.00036962871672585607,0,model_flags_moderate_gendered_context
The round of applause for not allowing evangelical Christians to move to the UK is the only two seconds you need to watch of this video to understand the absolute failure of the west. We don’t know what’s good for us any longer and we therefore don’t deserve what’s good for us,YouTube,unknown,youtube_channel,unknown,,0.0,0.0,0.3007,0.1756,youtube_scraped,live_scrape,female,comment,0.0,,0.0,,1776556800.0,-mvIktYig9Y,UgzBy5SwCXXf4p6k8iF4AaABAg,,,,,,,,,,,,,0.3007,neutral_discourse,0.0,0.0,0,0,standard,0.013292011804878712,0.0013095925096422434,0.00037370139034464955,0,agreement
can he not let others talk for 5 seconds without interrupting? and why the frick are people still believing that women need children to be happy.. we arent some baby machines.,YouTube,unknown,youtube_channel,unknown,,1.0,1.0,0.5421,0.2711,youtube_scraped,live_scrape,female,comment,0.0,,0.0,,1768780800.0,-mvIktYig9Y,UgzcaoaqWhYc4fQDsmJ4AaABAg,,,,,,,,,,,,,0.5421,perpetrator_attack,1.0,1.0,1,0,gendered_moderate,0.07356000691652298,0.0037143609952181578,0.00034424616023898125,0,model_flags_moderate_gendered_context
 @Smiley1000able Women insist in equality between the genders. Therefore if a woman gets hit they should defend themselves. They are strong and empowered after all? Riiiiight?,YouTube,Guardian News,youtube_channel,Guardian News,[],1.0,1.0,0.7946,0.3973,yt-dlp,live_scrape,female,reply,1.0,UgyMk1PGCK0guZckWdN4AaABAg,5.0,@southlondon86,1716422400.0,u-VcErKk6Qs,UgyMk1PGCK0guZckWdN4AaABAg.9qlwoA6Uc6v9wgmRIMbbTf,,,,,,,,,,,,,0.7946,perpetrator_attack,1.0,1.0,1,0,gendered_moderate,0.029346460476517677,0.003150618402287364,0.0004044558445457369,0,model_flags_moderate_gendered_context
"he doesn't answer her questions, he just aks the same trap questions he always does. She answers those questions though. She owned him.",YouTube,unknown,youtube_channel,unknown,,0.0,0.0,0.2729,0.1893,youtube_scraped,live_scrape,female,comment,0.0,,0.0,,1760832000.0,-mvIktYig9Y,UgyjpaBuBrxN8JcpzsR4AaABAg,,,,,,,,,,,,,0.2729,neutral_discourse,1.0,0.0,0,0,standard,0.013081897981464863,0.00023569000768475235,0.00019665647414512932,0,agreement
" @SarcasticPixie  She’s not lonely, she even said she loves being alone. She is addicted to the dopamine hit she gets by the messages & compliments, & being able to afford to send whatever they ask to keep the dopamine flowing. This is what she finds rewarding.",YouTube,Catfished,youtube_channel,Catfished,[],1.0,1.0,0.3439,0.172,yt-dlp,live_scrape,female,reply,1.0,UgzHKKpxstP_TOH5diB4AaABAg,15.0,@sunshine3914,1750636800.0,PU3x29_Cxls,UgzHKKpxstP_TOH5diB4AaABAg.AImSUBw6N9RAIsXQ5C-4TG,,,,,,,,,,,,,0.3439,perpetrator_attack,1.0,1.0,1,0,gendered_moderate,0.03352979198098183,0.0003264114784542471,0.00018164173525292426,0,model_flags_moderate_gendered_context
"Un niño que se viste de niña y quiere ser niña, es una mala persona?
 Si es buena persona, tenemos derecho a decidir sobre su vida personal?? 
... Que es más importante, ser buena persona o ser leal a tu biología?
Todas las personas heterosexuales son buenas personas? 
Los chismosos y las personas que juzgan a otros, son buenas personas?
El vecino que habla con otros sobre tu vida sexual es buena persona??

Quién es mejor persona, el trans que ayuda cuando se le necesita y nunca juzga ni se mete en la vida de los demás?? O el heterosexual que habla, critica y juzga la vida sexual de sus vecinos? 

Básicamente intento explicar que la maldad no tiene una estética asociada. Porque quien se concentra en los ""defectos"" o ""rarezas"" de sus vecinos, deja de lado lo importante... ¿Es buena persona? 

Y francamente, todas esas personas que disfrutan juntándose para juzgar y condenar la vida privada de otras personas, pasando por alto si son buenas personas, no tienen opiniones fiables, ni siquiera tienen opiniones valiosas... No son ni siquiera opiniones importantes.

Este hombre no tiene autoridad moral para ser un líder de masas que beneficie a la sociedad... Tiene el encanto y el magnetismo del seductor, pero no tiene un corazón sabio... Tiene un corazón necio concentrado en juzgar y condenar. 

Pregunto algo para ver si sus seguidores os sentís identificados...  Como érais en el colegio?  Hacíais bullying?? reíais las gracias al matón? Temo que los seguidores de este señor evitan enfrentarse a sus cargos de culpa de la infancia... 

Este chico promueve que la gente luche para acabar con los derechos de otros más desfavorecidos que ellos... De algún modo que no entiendo, logra que parezca una lucha justa... En serio?? Quitar derechos a los desfavorecidos es una lucha justa???... No se os ha ocurrido que igual es más justo y beneficioso para el mundo luchar por conseguir más derechos?? (No menos)... Luchar juntos para quitarles los derechos a los más débiles es de buenas personas???. Y lo llaman VERDAD.. Como si estuvieran diciendo las cosas por su nombre. 

Pero las cosas por su nombre es: ""la bondad es lo importante, y la maldad es la que hay que erradicar... Dejad de malgastar la valiosa energía de la batalla (que tanto se necesita) en restar derechos a la población, y empezar a trabajar para identificar y erradicar al verdadero enemigo... Que hay mucho mal en el mundo, manipulador, estafador, cruel, explotador, violador, abusador.. Hay mucho mal en el mundo y no tiene un color, ni una vestimenta, ni una ideología que te facilite distinguirlo. Puede ser cualquiera.  Pero ese, que se camufla, es el que hay que detectar y erradicar. Cuando la derecha y la izquierda se unan, va a ser una lucha global y los magnates son escrúpulos van a estar perdidos. 
 
Y eso sí que es una verdad",YouTube,unknown,youtube_channel,unknown,,0.0,0.0,0.2391,0.2813,youtube_scraped,live_scrape,female,comment,0.0,,0.0,,1758240000.0,-mvIktYig9Y,UgwFiQ2QDJADpi8pJoN4AaABAg,,,,,,,,,,,,,0.1565,neutral_discourse,0.0,0.0,0,0,standard,0.09357263892889023,0.00145212491042912,0.001397709478624165,0,agreement
I didn't laugh either.,YouTube,Samantha Bee,youtube_channel,Samantha Bee,[],0.0,0.0,0.1619,0.1905,yt-dlp,live_scrape,female,reply,1.0,UgwGTtQ_Hq1JMrL7nhZ4AaABAg,2.0,@youtubename7733,1527033600.0,II-OP6vdMs8,UgwGTtQ_Hq1JMrL7nhZ4AaABAg.8bdqlawNZOx8bdr0ftSlaI,,,,,,,,,,,,,0.1138,neutral_discourse,0.0,0.0,0,0,standard,0.0020534787327051163,0.00017252944235224277,9.919708827510476e-05,0,agreement
"​ @WobblesandBean  
I'm sorry where are you getting that her ex was abusive? I don't remember that being anywhere in the video.",YouTube,Catfished,youtube_channel,Catfished,[],0.0,0.0,0.2299,0.0481,yt-dlp,live_scrape,female,reply,1.0,UgzK8c3kL5FFi9oIR514AaABAg,18.0,@Crackpot_Astronaut,1684800000.0,72_vKNULbms,UgzK8c3kL5FFi9oIR514AaABAg.9ogamuZIP489ohSQW2ndRD,,,,,,,,,,,,,0.2299,neutral_discourse,1.0,0.0,0,0,standard,0.0069801961071789265,0.00017532965284772217,0.0001123875699704513,0,agreement
"Kirk utterly destroyed her arguments, there was one point a between 6:00-7:00 where he could have handled it a little better, but he did not lose this debate, not by a long shot",YouTube,unknown,youtube_channel,unknown,,0.0,0.0,0.0637,0.075,youtube_scraped,live_scrape,female,comment,0.0,,0.0,,1758240000.0,-mvIktYig9Y,UgwMELJFsJ2jA7UcZaZ4AaABAg,,,,,,,,,,,,,0.0529,victim_disclosure,1.0,0.0,0,0,standard,0.0009464564500376582,0.00014379635103978217,0.00011984756565652788,0,agreement
@Cocopops-l7r  god forbid anyone mention palestinian children going through more pain than you'll ever endure in your life,YouTube,unknown,youtube_channel,unknown,,0.0,0.0,0.2864,0.337,youtube_scraped,live_scrape,female,reply,1.0,UgyWX_025HmYoHJR7fx4AaABAg,0.0,,1760832000.0,-mvIktYig9Y,UgyWX_025HmYoHJR7fx4AaABAg.ALSNDl6trfdANjfglCEjvc,,,,,,,,,,,,,0.2191,neutral_discourse,0.0,0.0,0,0,standard,0.722580075263977,0.2931443750858307,0.008334023877978325,1,detoxify_flags_general_toxicity_not_gendered_harm
​ @KhanJoltrane You cant find the energy to simply google what op said but you have the energy to argue. lol,YouTube,Economics Explained,youtube_channel,Economics Explained,[],0.0,0.0,0.2351,0.0748,yt-dlp,live_scrape,female,reply,1.0,Ugw5_XUHhMIw1ONyw6p4AaABAg,49.0,@automatic5,1716422400.0,iz3HRqg6Q4A,Ugw5_XUHhMIw1ONyw6p4AaABAg.9wSfRUFJOu79wSq1k37mxV,,,,,,,,,,,,,0.2351,neutral_discourse,0.0,0.0,0,0,standard,0.0031363903544843197,0.00017496140208095312,9.781216795090586e-05,0,agreement
"​ @jelmerschmidt  Not only that, but she dropped her notes halfway in. Not only that either, but she only had 10 minutes allotted to get all her points in. This girl did all she could, and it was exponentially more than she had to. I cannot blame her for anything at all, not even having to constantly check her notes. She is a beast.",YouTube,unknown,youtube_channel,unknown,,1.0,1.0,0.5122,0.2561,youtube_scraped,live_scrape,female,reply,1.0,Ugw8dbyIPaurzNCEyoF4AaABAg,0.0,,1758240000.0,-mvIktYig9Y,Ugw8dbyIPaurzNCEyoF4AaABAg.ANBeLzrtu3aANEPkWvyd0J,,,,,,,,,,,,,0.5122,perpetrator_attack,1.0,1.0,1,0,gendered_moderate,0.5271397233009338,0.0031204726547002792,0.0007706114556640387,0,model_flags_moderate_gendered_context
@AZTLANSOLDIER13so you think having equal rights isn’t good for society?,YouTube,Dr. Daf Show,youtube_channel,Dr. Daf Show,[],0.0,0.0,0.2624,0.2325,yt-dlp,live_scrape,female,reply,1.0,UgwLFsb6OkMjQdFYNUB4AaABAg,19.0,@josephinefokker786,1777680000.0,C8tpVKbxKfk,UgwLFsb6OkMjQdFYNUB4AaABAg.AVcubmt1LnFAWGTUh-Ev3T,,,,,,,,,,,,,0.2624,neutral_discourse,0.0,0.0,0,0,standard,0.0023679977748543024,0.0001976950152311474,9.938549919752404e-05,0,agreement
 @firstnamelastname9219 no I am not lmao you can literally go use Google and women’s tent the ONLY ones who do so and again it’s ALL stems from misogyny and other men as to why if a woman do but it starts with men and society norms. You just refuse to acknowledge or admit it even when the men in video said it himself as well,YouTube,Counterpoint,youtube_channel,Counterpoint,[],1.0,1.0,0.6294,0.3147,yt-dlp,live_scrape,female,reply,1.0,UgwVyta_JkD1eVEL1ul4AaABAg,0.0,@jadedabratz7442,1778716800.0,uzw8XOp6_zU,UgwVyta_JkD1eVEL1ul4AaABAg.ANU6-JLJiMcAWkcDyxLSyA,,,,,,,,,,,,,0.6294,perpetrator_attack,1.0,1.0,1,0,gendered_moderate,0.10709618031978607,0.001056909328326583,0.00034200199297629297,0,model_flags_moderate_gendered_context
"She can't even give a simple textbook definition of what a woman is, she lost bigly",YouTube,unknown,youtube_channel,unknown,,1.0,1.0,0.486,0.11,youtube_scraped,live_scrape,female,reply,1.0,UgziqkufMmIby85Z1w54AaABAg,0.0,,1758240000.0,-mvIktYig9Y,UgziqkufMmIby85Z1w54AaABAg.AN3Lk65eUstAN4NQ8WNoJ9,,,,,,,,,,,,,0.486,neutral_discourse,1.0,0.0,1,0,gendered_moderate,0.07172568142414093,0.0003854807000607252,0.00017020005907397717,0,model_flags_moderate_gendered_context
"​@blessyou5081uk what doesn't happen in debates aswell,ad hominems ,js bcz u read a point from a phone doesn't means it's invalid,if smone used their phone and said the sky is blue,would u disagree saying u saw that on ur phone like wth",YouTube,Turning Point USA,youtube_channel,Turning Point USA,[],0.0,0.0,0.1802,0.1391,yt-dlp,live_scrape,female,reply,1.0,Ugxj6gJCDty7o7LakS94AaABAg,0.0,@5dude107,1766448000.0,-mvIktYig9Y,Ugxj6gJCDty7o7LakS94AaABAg.AInNGbm0nMgAQghud_nkqB,,,,,,,,,,,,,0.1802,neutral_discourse,0.0,0.0,0,0,standard,0.050603486597537994,0.00035530870081856847,0.000245931587414816,0,agreement
Just because you talk fast doesn't mean you won a debate. All those people saying that what good points did she make? The crowd was also obviously liberal.  She said men can have prostates and stared.at her phone the whole.debate,YouTube,unknown,youtube_channel,unknown,,0.0,0.0,0.2455,0.0343,youtube_scraped,live_scrape,female,comment,0.0,,0.0,,1758240000.0,-mvIktYig9Y,UgxmZZqtQ0CiABdUK_l4AaABAg,,,,,,,,,,,,,0.2455,neutral_discourse,1.0,0.0,0,0,standard,0.019674675539135933,0.0003689014702104032,0.0001615387009223923,0,agreement
Why was Charlie so obsessed with women owning cats? Is that some barometer for morality? Because I know a number of women with children who also own cats. The math ain't mathin'.,YouTube,unknown,youtube_channel,unknown,,1.0,1.0,0.6232,0.3116,youtube_scraped,live_scrape,female,comment,0.0,,0.0,,1763510400.0,-mvIktYig9Y,UgycrVuS7jYHiXJTWKB4AaABAg,,,,,,,,,,,,,0.6232,perpetrator_attack,1.0,1.0,1,0,gendered_moderate,0.1511453539133072,0.0051039522513747215,0.0003234284813515842,0,model_flags_moderate_gendered_context
"She then turned around and SENT HIM ANOTHER $400!!!!  She KNEW IT WAS A LIE! She is so sick, she is just getting off on the negative attention from everyone around here. I feel like I need a shower...its disgusting.",YouTube,Catfished,youtube_channel,Catfished,[],1.0,1.0,0.5354,0.2677,yt-dlp,live_scrape,female,reply,1.0,UgxxPGqZ21cPhMM4XBt4AaABAg,19.0,@MsPhillyFleur2029,1761177600.0,PU3x29_Cxls,UgxxPGqZ21cPhMM4XBt4AaABAg.AIpKaDuaEdJAO4tCwlxa83,,,,,,,,,,,,,0.5354,perpetrator_attack,1.0,1.0,1,0,gendered_moderate,0.5116018652915955,0.0016973078018054366,0.0007349061197601259,0,model_flags_moderate_gendered_context
 @patriciapetrik3874 and women cannot hit man ?,YouTube,Guardian News,youtube_channel,Guardian News,[],1.0,1.0,0.8801,0.4401,yt-dlp,live_scrape,female,reply,1.0,UgyMk1PGCK0guZckWdN4AaABAg,0.0,@Egtgz,1716422400.0,u-VcErKk6Qs,UgyMk1PGCK0guZckWdN4AaABAg.9qlwoA6Uc6vA2hCzBklU70,,,,,,,,,,,,,0.8801,perpetrator_attack,1.0,1.0,1,0,gendered_moderate,0.6452633142471313,0.06697584688663483,0.00276631279848516,1,agreement
"Agreed. Women are expected to do the lions' share of caring for children. It's mom who's expected to pick up the kids, do the most chores, help with homework, not dad. The dads who do pitch in usually end up doing less than the moms. All those things take time and energy from the job and resulting earnings, if the mom can even find a job that's willing to be flexible (and a lot aren't).",YouTube,Economics Explained,youtube_channel,Economics Explained,[],1.0,1.0,0.6815,0.3408,yt-dlp,live_scrape,female,reply,1.0,Ugw5_XUHhMIw1ONyw6p4AaABAg,0.0,@puzzlesnacks,1716422400.0,iz3HRqg6Q4A,Ugw5_XUHhMIw1ONyw6p4AaABAg.9wSfRUFJOu79wYn3IYcEdw,,,,,,,,,,,,,0.6815,perpetrator_attack,1.0,1.0,1,1,severe,0.001460142433643341,0.00021832133643329144,0.0001131290482589975,0,model_catches_gendered_harm_detox_misses
"In a few years, with Sharia working all over the UK, she'll find out a lot about how ''diversity'' treats Feminists. Sharia is very, very liberating!",YouTube,unknown,youtube_channel,unknown,,0.0,0.0,0.3497,0.1468,youtube_scraped,live_scrape,female,comment,0.0,,0.0,,1773878400.0,-mvIktYig9Y,Ugywv3GOhc3sA461cRd4AaABAg,,,,,,,,,,,,,0.3497,neutral_discourse,1.0,0.0,0,0,standard,0.001644109026528895,0.0002421894168946892,0.00011266343790339306,0,agreement
"@RocKnight11   #Fantasy!  The Government cannot control illegal drugs or illegal guns.  Japan is a small island that never had a gun culture and everything must be imported.  Plus Japan is homegenious and safe.  
Murder is already against the law!  Yet you naively presume criminals and murderers are going to obey gun control laws!  LOL!  ""If guns are outlawed... only the outlaws will have guns.""",YouTube,unknown,youtube_channel,unknown,,0.0,0.0,0.3089,0.1127,youtube_scraped,live_scrape,female,reply,1.0,UgwhKWXHRRnuVaa8p0d4AaABAg,0.0,,1758240000.0,-mvIktYig9Y,UgwhKWXHRRnuVaa8p0d4AaABAg.AMwVkZomcUfAMx33_F86TI,,,,,,,,,,,,,0.3089,neutral_discourse,0.0,0.0,0,0,standard,0.09456367045640945,0.00848845299333334,0.0021263721864670515,0,agreement
"1. The right not to have rights to their children.
2. The right not to be protected from violence.
3. The right to be charged with rape.
4. The right to die in war by the millions without a care.
5. The right to sleep rough on the streets and fight for a bed in a shelter because there aren't enough to go around. 
6. The right to loose their home and money in divorce. 
7. The right to die for the protection of the opposite gender or be called a coward if you refused to do that.
8. The right to be patted on the back for being sexually abused by the opposite sex and have your rapist congratulated for raping you. 
9. The right to suffer in silence.
10. The right to be refused a voice in government and education thanks to gender quotas that benefit the opposite sex.
11. the right to work more and be paid less. 
12. The right to work in menial jobs.
13. The right to be exposed to the harshest responsibilities and greater risks whilst the opposite gender is protected from all these things yet has the audacity to claim to be at a disadvantage.
14. The right to everyone else's lives being put before yours in disasters and conflicts.
15. The right not to have a say in abortion because you weren't born with a hole in between your legs.
16. The right  to pay taxes for your sanitary products.
17. The right not to be able to question your accuser in court.
18. The right to be denied a shelter from domestic violence. 

I can go on and on and on and on and on and on ....But i think I've made my point. 

Stand up to gynocentrism. Stand up to feminism, this hate-filled, manipulative, s exist ideology built by liars on an ocean of lies.",YouTube,BBC Trending,youtube_channel,BBC Trending,[],1.0,1.0,0.6465,0.3232,yt-dlp,live_scrape,female,reply,1.0,Ugha6t1eJmxIEXgCoAEC,27.0,@impychimpyable,1527033600.0,pZBpdZbSYSg,Ugha6t1eJmxIEXgCoAEC.7-H0Z7-6FuB8eViv7hI4-D,,,,,,,,,,,,,0.6465,perpetrator_attack,0.0,0.0,1,1,severe,0.4498715400695801,0.04563311114907265,0.018616244196891785,0,likely_lexical_overfitting_edos_vocabulary
 @JesusBwithYou you just proved the comment right.,YouTube,Economics Explained,youtube_channel,Economics Explained,[],0.0,0.0,0.2811,0.3308,yt-dlp,live_scrape,female,reply,1.0,Ugzs0YZkGkNwkx56y-14AaABAg,1.0,@JustSomeWeirdo,1716422400.0,iz3HRqg6Q4A,Ugzs0YZkGkNwkx56y-14AaABAg.9wSawy3iRgC9wT6qsM8dmK,,,,,,,,,,,,,0.1294,neutral_discourse,0.0,0.0,0,0,standard,0.004051876254379749,0.00018578166782390326,0.00011126748722745106,0,agreement
she is a trump supporter btw.,YouTube,Dr. Daf Show,youtube_channel,Dr. Daf Show,[],1.0,1.0,0.134,0.1111,yt-dlp,live_scrape,female,reply,1.0,Ugz1r85ldHOcgDpM2gx4AaABAg,16.0,@lilpxi,1778630400.0,C8tpVKbxKfk,Ugz1r85ldHOcgDpM2gx4AaABAg.AWOJlefVgLlAWiWC71XWiQ,,,,,,,,,,,,,0.134,perpetrator_attack,1.0,1.0,1,0,gendered_moderate,0.001214706222526729,0.00015287761925719678,9.743060218170285e-05,0,model_flags_moderate_gendered_context
"⁠​⁠ @Name-ne3yy ​​⁠​⁠ Okay, i’ll ignore that huge problem in what you said earlier, and i’ll do you one better and avoid pointing out in the future when you equate people to the Lord.
So, how am i sharing the same attitude as the serpent when it comes to the truth? When have i lied in these comments, and what makes you think i would intentionally lie and blatantly ignore God’s command not to?",YouTube,unknown,youtube_channel,unknown,,0.0,0.0,0.2416,0.2842,youtube_scraped,live_scrape,female,reply,1.0,UgwTa60RQkm8tVZDux54AaABAg,0.0,,1750291200.0,-mvIktYig9Y,UgwTa60RQkm8tVZDux54AaABAg.AIfo1XDN182AIiF-MERNl1,,,,,,,,,,,,,0.2176,neutral_discourse,0.0,0.0,0,0,standard,0.0069495514035224915,0.00022751576034352183,0.00016952499572653323,0,agreement
He is so delusional to think women here have it best in the world… we don’t even have our healthcare needs cared about,YouTube,unknown,youtube_channel,unknown,,1.0,1.0,0.4087,0.3762,youtube_scraped,live_scrape,female,comment,0.0,,0.0,,1758240000.0,-mvIktYig9Y,Ugwk38W9EkHWHYjw3-N4AaABAg,,,,,,,,,,,,,0.4087,neutral_discourse,1.0,1.0,1,0,gendered_moderate,0.7019460797309875,0.05490809679031372,0.001284263445995748,1,agreement
"Ha ha ha ha ha ha ha ha. She said she’s not reading her phone. And what is she looking down at constantly. I think she has ChatGPT or something listening to what he’s saying and then coming back with the answers and she’s reading them.

And I cannot believe how incredibly annoying she is to listen to.",YouTube,unknown,youtube_channel,unknown,,1.0,1.0,0.1924,0.191,youtube_scraped,live_scrape,female,comment,0.0,,0.0,,1750291200.0,-mvIktYig9Y,UgyznvgUYbiTx4jkhIh4AaABAg,,,,,,,,,,,,,0.1924,perpetrator_attack,1.0,1.0,1,0,gendered_moderate,0.04405485466122627,0.00024313406902365386,0.0001806291111279279,0,likely_lexical_overfitting_edos_vocabulary
​ @maddoc79  you mean when he deflected the question with an irrelevant question of his own and she still answered coherently? You morons should really try to explain how someone is wrong so we can all laugh at that too instead of insisting it.,YouTube,unknown,youtube_channel,unknown,,0.0,0.0,0.1234,0.1364,youtube_scraped,live_scrape,female,reply,1.0,UgyabCZ9FNOJ1M4HKVd4AaABAg,0.0,,1780704000.0,-mvIktYig9Y,UgyabCZ9FNOJ1M4HKVd4AaABAg.AIi89qZQaH4AXh-ZDn9F95,,,,,,,,,,,,,0.1234,neutral_discourse,1.0,0.0,0,0,standard,0.7124613523483276,0.009826055727899075,0.0007930875872261822,1,detoxify_flags_general_toxicity_not_gendered_harm
"In short, if you're not in a relationship, don't touch. It's not her fault if you did. Why is this hard to understand for some men? Are they that desperate?!",YouTube,Good Morning Britain,youtube_channel,Good Morning Britain,[],1.0,1.0,0.5739,0.287,yt-dlp,live_scrape,female,reply,1.0,Ugwtr15pyeaSxY5JL8F4AaABAg,1.0,@Omar1996E.C,1747958400.0,tOM9dwQmeks,Ugwtr15pyeaSxY5JL8F4AaABAg.9rCxIHxM1xiAHZkWQS3ris,,,,,,,,,,,,,0.5739,perpetrator_attack,1.0,1.0,1,0,gendered_moderate,0.0661485493183136,0.00046311828191392124,0.0002828915312420577,0,model_flags_moderate_gendered_context
"You should question yourself why this man said ""hey beautiful"" or ""nice evening"". Do you really think he would say that to any person? I doupt that! If he would really be nice to everyone, that´s cool, if he only recognice hot woman, then it´s the same as the other guys did, just more polite but nevertheless harrassment.                                                                    And i want to point out that during the day and in normal clothes we usually don´t have such harrassment in westeurope. You get calls in the night when you´re dressed up and go out, but during the day, everyone minds it´s own buissnes. So if we don´t do it, i think there can be change!",YouTube,Pop Trigger,youtube_channel,Pop Trigger,[],0.0,0.0,0.3242,0.0861,yt-dlp,live_scrape,female,reply,1.0,UghzI89MkMVckHgCoAEC,0.0,@SojiNanjo,1432339200.0,h9Lf3-vJn4E,UghzI89MkMVckHgCoAEC.7-H0Z7-NLOk7-HcghFHTVy,,,,,,,,,,,,,0.3242,neutral_discourse,1.0,0.0,0,0,standard,0.0032044260296970606,0.00019356112170498818,0.00012123099440941587,0,agreement
 @RichardAnderson-o8q  do I sense sarcasm?,YouTube,Breaking Down Patriarchy,youtube_channel,Breaking Down Patriarchy,[],0.0,0.0,0.1306,0.1023,yt-dlp,live_scrape,female,reply,1.0,Ugzhrpv2PMeqlQ6blx54AaABAg,2.0,@ejmt785,1747958400.0,8zHfHEEtaUk,Ugzhrpv2PMeqlQ6blx54AaABAg.AAuRw7UorQ7AHip_aFlnHE,,,,,,,,,,,,,0.1306,neutral_discourse,0.0,0.0,0,0,standard,0.005124183371663094,0.00018249881395604461,0.00010216483497060835,0,agreement
"@Adobo-Sigma  it was a flawed question and she actually stated HOW it was a flawed question so no, she didn’t avoid his question she quelled it.",YouTube,unknown,youtube_channel,unknown,,0.0,0.0,0.1046,0.1008,youtube_scraped,live_scrape,female,reply,1.0,UgwKpox2wb12qyx0MgN4AaABAg,0.0,,1758240000.0,-mvIktYig9Y,UgwKpox2wb12qyx0MgN4AaABAg.AIkOLyxFT7CAM396XYKWyK,,,,,,,,,,,,,0.1046,neutral_discourse,1.0,0.0,0,0,standard,0.0007203844143077731,0.00013561153900809586,0.00011065084981964901,0,agreement
@Uzith @UzitheSaint ance isn’t a lost art but why take something and make it a gender thing especially when it is a HUMAN thing or when you decide to talk about the topic only discuss it as if only one gender do it when it’s not a problem of one gender but a problem in BOTH or the only time decide to bring it up is when a person is talking about a specific situation/ topic,YouTube,Counterpoint,youtube_channel,Counterpoint,[],0.0,0.0,0.3028,0.3122,yt-dlp,live_scrape,female,reply,1.0,UgwEepJk3QIt9Iu9AiB4AaABAg,0.0,@jadedabratz7442,1778716800.0,uzw8XOp6_zU,UgwEepJk3QIt9Iu9AiB4AaABAg.ANPitpu_tuUAWmFlxbaZL3,,,,,,,,,,,,,0.3028,neutral_discourse,0.0,0.0,0,0,standard,0.0013493017759174109,0.00014919499517418444,0.00010413088602945209,0,agreement
"universalstudios13  FAIL! :-P
1) Women have the legal right to stand up and piss.
2) Women have the right to have a penis fitted. That they weren't born with one not due to the legal system.
3) Women have the right to take testosterone and train and become as muscly as they wish. The law does not mandate that women be weaker than men.

Try harder! :-D",YouTube,BBC Trending,youtube_channel,BBC Trending,[],1.0,1.0,0.8965,0.4483,yt-dlp,live_scrape,female,reply,1.0,Ugha6t1eJmxIEXgCoAEC,766.0,@MrSonicAdvance,1432339200.0,pZBpdZbSYSg,Ugha6t1eJmxIEXgCoAEC.7-H0Z7-6FuB7-iJHaTQecN,,,,,,,,,,,,,0.8965,perpetrator_attack,1.0,1.0,1,0,gendered_moderate,0.9315303564071655,0.2947925925254822,0.011056444607675076,1,agreement
" @crikey_o_reilly  Reading that I was vibing to ""Lady Medusa"" UB40",YouTube,Turning Point USA,youtube_channel,Turning Point USA,[],0.0,0.0,0.0549,0.0645,yt-dlp,live_scrape,female,reply,1.0,UgwTzlLoo784XC1VpR14AaABAg,1.0,@leperlord7078,1758585600.0,-mvIktYig9Y,UgwTzlLoo784XC1VpR14AaABAg.AJXqj6xizSNAN9RAtec5A3,,,,,,,,,,,,,0.0512,victim_disclosure,0.0,0.0,0,0,standard,0.0031444320920854807,0.00018749432638287544,9.832135401666164e-05,0,agreement
she’s in cambridge. charlie clown is a maga dropout. she alr won before this debate,YouTube,unknown,youtube_channel,unknown,,0.0,0.0,0.212,0.1158,youtube_scraped,live_scrape,female,comment,0.0,,0.0,,1752883200.0,-mvIktYig9Y,UgzPIcAVJoVI1CF057F4AaABAg,,,,,,,,,,,,,0.212,neutral_discourse,1.0,0.0,0,0,standard,0.33658748865127563,0.0031668399460613728,0.00023635273100808263,0,agreement
 @Local_Denis Lol.Nice,YouTube,BBC Trending,youtube_channel,BBC Trending,[],0.0,0.0,0.1622,0.0474,yt-dlp,live_scrape,female,reply,1.0,Ugi887VOxW6u23gCoAEC,0.0,@ramjisairam7487,1716422400.0,pZBpdZbSYSg,Ugi887VOxW6u23gCoAEC.7-H0Z7-J8fu9slTKSoFFNP,,,,,,,,,,,,,0.1622,neutral_discourse,0.0,0.0,0,0,standard,0.0009386690217070282,0.0001330140366917476,0.00010387590009486303,0,agreement
Aww!! That’s so sweet omlll 😭😭 I love cats smm 💗,YouTube,Jarvis Johnson! GOLD,youtube_channel,Jarvis Johnson! GOLD,[],0.0,0.0,0.2282,0.0889,yt-dlp,live_scrape,female,reply,1.0,UgyhrBNinN_gyqp4YZp4AaABAg,4.0,@lolicia_121-d2h,1753228800.0,gIHUdvYpBMQ,UgyhrBNinN_gyqp4YZp4AaABAg.AA1viRDETQAAJmIGiHnD4J,,,,,,,,,,,,,0.2282,neutral_discourse,0.0,0.0,0,0,standard,0.0072363256476819515,0.00020432837482076138,0.00016739316924940795,0,agreement
Don’t forget “that’s not very lady like” I hate this one.,YouTube,HuffPost,youtube_channel,HuffPost,[],0.0,0.0,0.2524,0.1223,yt-dlp,live_scrape,female,comment,0.0,,3700.0,@dinahzengilou3022,1590192000.0,9yMFw_vWboE,Ugx4EWdoeYC-xFan8y94AaABAg,,,,,,,,,,,,,0.2524,neutral_discourse,0.0,0.0,0,0,standard,0.37959524989128113,0.001583368401043117,0.0007203635177575052,0,agreement
Dangerous?  How so? They are both consenting adults that are capable of making decisions.,YouTube,Breaking Down Patriarchy,youtube_channel,Breaking Down Patriarchy,[],0.0,0.0,0.2696,0.0288,yt-dlp,live_scrape,female,reply,1.0,UgwIAyGn6uV9HnAuh7p4AaABAg,5.0,@ejmt785,1747958400.0,8zHfHEEtaUk,UgwIAyGn6uV9HnAuh7p4AaABAg.AAn9r1ODY2lAHhPWEocryS,,,,,,,,,,,,,0.2696,neutral_discourse,0.0,0.0,0,0,standard,0.0017276001162827015,0.00018351244216319174,9.87279781838879e-05,0,agreement
" @marcusgraham5084  ""She was speaking and reading fast.""
And?
That's one way to make it hard for wee charlie to not interrupt you, given wee charlie's inability to keep his mouth shut.",YouTube,Turning Point USA,youtube_channel,Turning Point USA,[],0.0,0.0,0.2499,0.0776,yt-dlp,live_scrape,female,reply,1.0,Ugxj6gJCDty7o7LakS94AaABAg,12.0,@dampaul13,1766448000.0,-mvIktYig9Y,Ugxj6gJCDty7o7LakS94AaABAg.AInNGbm0nMgAPttY3n1Ccf,,,,,,,,,,,,,0.2499,neutral_discourse,1.0,0.0,0,0,standard,0.08229697495698929,0.0009246665285900235,0.0003097520093433559,0,agreement
"It reminds me of worshipping the ""royals"" I heard so many say they'd like to go to Diana's funeral but none of them would visit their parents or grandparents.",YouTube,Catfished,youtube_channel,Catfished,[],0.0,0.0,0.2092,0.1108,yt-dlp,live_scrape,female,reply,1.0,UgzHKKpxstP_TOH5diB4AaABAg,4.0,@VallyDodge,1750636800.0,PU3x29_Cxls,UgzHKKpxstP_TOH5diB4AaABAg.AImSUBw6N9RAItRXBaHGrU,,,,,,,,,,,,,0.2092,neutral_discourse,0.0,0.0,0,0,standard,0.0009779977845028043,0.00016274029621854424,0.00012027173215756193,0,agreement
"Well said. I dated a woman who was married. She claimed to be divorced, but wasn’t. When he found out, she claimed I had kidnapped her, instead of coming clean. I was arrested in front of all my neighbours, taking into custody and faced a minimum of 5 years in prison. Luckily I could prove the day she claimed the event took place that we’ve been shopping. A woman’s word is bond to authorities. Anyway, had to move, attend therapy and to this day I can’t date as I fear women and what they are capable off. (Ps: I have many lovely female friends - so I don’t generalise - I just fear what’s possible).",YouTube,Nate The Lawyer,youtube_channel,Nate The Lawyer,[],0.0,0.0,0.1438,0.0216,yt-dlp,live_scrape,female,reply,1.0,Ugy8uICfFNiajQShBh54AaABAg,5.0,@GeorgKeferboeck,1716422400.0,yqcJbDJTa7g,Ugy8uICfFNiajQShBh54AaABAg.9vj-MqqJ2hT9vjOn_TuW9G,,,,,,,,,,,,,0.1438,victim_disclosure,1.0,0.0,0,0,standard,0.004710860084742308,0.00024629602557979524,0.00013715085515286773,0,agreement
" @MrSeanmcgall  ""to give a premade speech""
HAHAH!!!
Oh, the irony of criticising someone else for ""premade"" talking points, when spouting the same predictable rhetoric was all wee charlie did. 
🤣😂🤣😂🤣
It was wee charlie's ""premade"" drivel that made him so predictable and allowed her to destroy him.

""this debate to give a premade speech""
You understand that people prepare for debates, doing research, putting together talking points, etc, into notes?
Who am I kidding! Of course you don't. 

""premade speech""
You understand that when public figures give speeches, are all ""premade?""

she never directly engages in conversation or debate,""
Really?
Because wee charlie was engaged with her the entire time, to the point where he was embarrassed by her.

""she just reads the next sections of her speech""
She was reading her prepared points in a manner that didn't allow wee charlie to interrupt her, like he usually does. 
Her notes allowed her to keep wee charlie in check and emasculate him!
Poor wee charlie!

""not even related to the topic at hand?""
And what was the ""topic at hand,"" wee fella?
Please, tell us more!


Fancy criticising someone who is studying at Cambridge and is part of their debate team for being prepared.
Hilarious!
And a sad indictment of your level of preparation for life. 

Thanks for the laugh.",YouTube,Turning Point USA,youtube_channel,Turning Point USA,[],0.0,0.0,0.2824,0.109,yt-dlp,live_scrape,female,reply,1.0,Ugxj6gJCDty7o7LakS94AaABAg,3.0,@dampaul13,1766448000.0,-mvIktYig9Y,Ugxj6gJCDty7o7LakS94AaABAg.AInNGbm0nMgAQAD6ssbdQA,,,,,,,,,,,,,0.2824,neutral_discourse,1.0,0.0,0,0,standard,0.09588883817195892,0.00059590267483145,0.0003937649307772517,0,agreement
​ @anonymousakaanonymous9001  the way you phrased your sentence made it seem that way,YouTube,unknown,youtube_channel,unknown,,0.0,0.0,0.3666,0.0481,youtube_scraped,live_scrape,female,reply,1.0,UgzdakWBayQFVsgq4UV4AaABAg,0.0,,1750291200.0,-mvIktYig9Y,UgzdakWBayQFVsgq4UV4AaABAg.AIkiA89it56AIs_KY3PCLm,,,,,,,,,,,,,0.3666,neutral_discourse,0.0,0.0,0,0,standard,0.0013587912544608116,0.000136512317112647,0.00010261729039484635,0,agreement
 @zillentdelta1339  how?,YouTube,BBC Trending,youtube_channel,BBC Trending,[],0.0,0.0,0.3719,0.036,yt-dlp,live_scrape,female,reply,1.0,Ugha6t1eJmxIEXgCoAEC,0.0,@alyssaliang9144,1621728000.0,pZBpdZbSYSg,Ugha6t1eJmxIEXgCoAEC.7-H0Z7-6FuB9M5Q5oSvZx9,,,,,,,,,,,,,0.3719,neutral_discourse,0.0,0.0,0,0,standard,0.001291939290240407,0.0001451704592909664,0.0001131739336415194,0,agreement
Yes that’s what they get,YouTube,Catfished,youtube_channel,Catfished,[],1.0,1.0,0.5152,0.0465,yt-dlp,live_scrape,female,reply,1.0,UgzHKKpxstP_TOH5diB4AaABAg,0.0,@MamaBear-tl4hr,1750636800.0,PU3x29_Cxls,UgzHKKpxstP_TOH5diB4AaABAg.AImSUBw6N9RAIrG9kX6Fwq,,,,,,,,,,,,,0.5152,neutral_discourse,0.0,0.0,1,0,gendered_moderate,0.0013633468188345432,0.0001469157577957958,9.864920866675675e-05,0,model_flags_moderate_gendered_context
"​ @Iwuvgirlsuwu did you also tell it to not change anything else but directly translate? nonetheless, it's sad I have to argue with a clanker

also, I'd believe it if their initial comment is already gpt sounding, but it wasn't, maybe the idea was theirs indeed but the person likely just told ai ""hey... respond to this comment"" and gave out ideas, which is just disrespectful for someone who's actually giving time to voice out their side

or maybe it's just Czech magic",YouTube,Dr. Daf Show,youtube_channel,Dr. Daf Show,[],0.0,0.0,0.1266,0.1299,yt-dlp,live_scrape,female,reply,1.0,Ugyjn2N_roAy7_F7c954AaABAg,0.0,@keon.kineki,1778284800.0,C8tpVKbxKfk,Ugyjn2N_roAy7_F7c954AaABAg.ASwGsNdognlAWR_8a8SB6d,,,,,,,,,,,,,0.1266,neutral_discourse,0.0,0.0,0,0,standard,0.00211902498267591,0.00017967232270166278,0.00010658070095814764,0,agreement
" @mrb152  I posted the source, maybe youtube thought the comment was spam and hid it",YouTube,Economics Explained,youtube_channel,Economics Explained,[],0.0,0.0,0.1803,0.0825,yt-dlp,live_scrape,female,reply,1.0,Ugw5_XUHhMIw1ONyw6p4AaABAg,4.0,@JAN0L,1716422400.0,iz3HRqg6Q4A,Ugw5_XUHhMIw1ONyw6p4AaABAg.9wSfRUFJOu79wTGlFLXnOx,,,,,,,,,,,,,0.1803,neutral_discourse,0.0,0.0,0,0,standard,0.0013943519443273544,0.0001354551495751366,0.00010473695147084072,0,agreement
" @AramethHastings  Who said I left?   I'm still married. Still have nothing that is actually mine. I'm glad more young women are starting to consider the risks of financial inequity in marriage. And, is it really a choice freely made when no one warned of the costs? Important decisions should be informed decisions.",YouTube,Breaking Down Patriarchy,youtube_channel,Breaking Down Patriarchy,[],1.0,1.0,0.483,0.2415,yt-dlp,live_scrape,female,reply,1.0,UgynSjvT1OdLrQ-zwzd4AaABAg,13.0,@inotherwords14,1747958400.0,8zHfHEEtaUk,UgynSjvT1OdLrQ-zwzd4AaABAg.AAm5DrsTv65AE2ZE69xnpm,,,,,,,,,,,,,0.483,perpetrator_attack,1.0,1.0,1,1,severe,0.0009283587569370866,0.00015501887537539005,0.00011371448636054993,0,model_catches_gendered_harm_detox_misses
i think they do understand ans thats the whole point lol they know they not gonna get a woman by harassing or cat calling. they do it just because. :/,YouTube,Cosmopolitan,youtube_channel,Cosmopolitan,[],1.0,1.0,0.4391,0.143,yt-dlp,live_scrape,female,reply,1.0,UgwP2HFihzloFViBYB14AaABAg,4.0,@Supernova-217,1590192000.0,oWEKD493IxY,UgwP2HFihzloFViBYB14AaABAg.8YdWsTkH_S48vUPKzKtFZS,,,,,,,,,,,,,0.4391,neutral_discourse,1.0,0.0,1,0,gendered_moderate,0.06903371214866638,0.0009396672248840332,0.00027333752950653434,0,model_flags_moderate_gendered_context
Start giving them prison time for this stuff. Same prison time their defendant would receive.,YouTube,Nate The Lawyer,youtube_channel,Nate The Lawyer,[],0.0,0.0,0.2272,0.1932,yt-dlp,live_scrape,female,reply,1.0,UgykWyl9z_q_52nridJ4AaABAg,226.0,@jeremyweems4916,1716422400.0,yqcJbDJTa7g,UgykWyl9z_q_52nridJ4AaABAg.9vj-8Bbu4eZ9vj2VKlfpZj,,,,,,,,,,,,,0.2272,neutral_discourse,0.0,0.0,0,0,standard,0.0014125520829111338,0.00014455757627729326,0.00010878378088818863,0,agreement
"I literally love the echo that says ""GOLDDDD..""",YouTube,Jarvis Johnson! GOLD,youtube_channel,Jarvis Johnson! GOLD,[],0.0,0.0,0.2757,0.0844,yt-dlp,live_scrape,female,comment,0.0,,1200.0,@Amy..d13d,1747958400.0,gIHUdvYpBMQ,UgyKmQ5T9x2Qn54Sf7p4AaABAg,,,,,,,,,,,,,0.2757,neutral_discourse,0.0,0.0,0,0,standard,0.0006934101111255586,0.0001332777173956856,0.0001199520702357404,0,agreement
"bro her face is just fucking GLUED to her phone, these people do not have their own brains.....",YouTube,unknown,youtube_channel,unknown,,0.0,0.0,0.3414,0.042,youtube_scraped,live_scrape,female,comment,0.0,,0.0,,1750291200.0,-mvIktYig9Y,UgyHhQ1JuYlPKZGtPSR4AaABAg,,,,,,,,,,,,,0.3414,neutral_discourse,1.0,0.0,0,1,severe,0.9979937076568604,0.012422842904925346,0.004077030345797539,1,detoxify_flags_general_toxicity_not_gendered_harm
"Just in this video he acts extremely condescending like three times in like 10mins, that’s disrespectful.",YouTube,Turning Point USA,youtube_channel,Turning Point USA,[],0.0,0.0,0.1777,0.2091,yt-dlp,live_scrape,female,reply,1.0,Ugxj6gJCDty7o7LakS94AaABAg,2.0,@Lennon_0621,1758585600.0,-mvIktYig9Y,Ugxj6gJCDty7o7LakS94AaABAg.AInNGbm0nMgANJpuyAMXUV,,,,,,,,,,,,,0.1392,neutral_discourse,0.0,0.0,0,0,standard,0.0009409231715835631,0.0001259854034287855,0.00010293462401023135,0,agreement
​​ @RoyTLogan-b9b  How odd. It's courtesy to open doors for others.,YouTube,Counterpoint,youtube_channel,Counterpoint,[],0.0,0.0,0.1932,0.1575,yt-dlp,live_scrape,female,reply,1.0,UgzaZmAkfDV0X4EdnKZ4AaABAg,0.0,@Madjichen,1778803200.0,uzw8XOp6_zU,UgzaZmAkfDV0X4EdnKZ4AaABAg.ANSdOo0pgTzAWnRaVhhK-2,,,,,,,,,,,,,0.1932,neutral_discourse,0.0,0.0,0,0,standard,0.0008709713001735508,0.00014091789489611983,0.00011073708446929231,0,agreement
The annoying accent makes it 10 times worse!,YouTube,unknown,youtube_channel,unknown,,0.0,0.0,0.4115,0.1346,youtube_scraped,live_scrape,female,reply,1.0,UgwTFC5zvnBdeRgcHiN4AaABAg,0.0,,1750291200.0,-mvIktYig9Y,UgwTFC5zvnBdeRgcHiN4AaABAg.AIfmsSzh9klAIgJk1AY5Xz,,,,,,,,,,,,,0.4115,neutral_discourse,0.0,0.0,0,0,standard,0.0808883085846901,0.0005258895107544959,0.00020062619296368212,0,agreement
"⁠​⁠@StanleyFoyfe the thing is, Charlie Kirk IS disrespectful, annoying, and just disgusting. He’s said before the holocaust is worse than abortion. He compared the literal HOLOCAUST to abortion. Also, he was once asked that if his 10 year old daughter was SA’ed and gotten pregnant, would the baby be delivered? He said it would be delivered. Charlie Kirk is just plain disgusting, especially since in this hypothetical the child wouldn’t be a child, it would be a constant reminder of the horrible fate of his daughter, and having a baby at a young age is VERY dangerous and can kill. So, do you want to keep talking about how Charlie is such a smart, amazing person?",YouTube,Turning Point USA,youtube_channel,Turning Point USA,[],0.0,0.0,0.2128,0.0857,yt-dlp,live_scrape,female,reply,1.0,Ugxj6gJCDty7o7LakS94AaABAg,19.0,@Cheese_Tech,1753228800.0,-mvIktYig9Y,Ugxj6gJCDty7o7LakS94AaABAg.AInNGbm0nMgAKhCzXizyYk,,,,,,,,,,,,,0.2128,neutral_discourse,1.0,0.0,0,0,standard,0.07247704267501831,0.005808832123875618,0.0015352689661085606,0,agreement
"Take her phone away and I bet she won’t be able to speak!  If you can’t think for yourself, then sit down and shut up!!!",YouTube,unknown,youtube_channel,unknown,,0.0,0.0,0.3354,0.0527,youtube_scraped,live_scrape,female,comment,0.0,,0.0,,1750291200.0,-mvIktYig9Y,Ugz9GKs19r-T4yPIful4AaABAg,,,,,,,,,,,,,0.3354,neutral_discourse,1.0,0.0,0,0,standard,0.8395242691040039,0.002678126096725464,0.027769600972533226,1,detoxify_flags_general_toxicity_not_gendered_harm
​ @salty.madzilla 14:20,YouTube,Dr. Daf Show,youtube_channel,Dr. Daf Show,[],0.0,0.0,0.1812,0.0786,yt-dlp,live_scrape,female,reply,1.0,UgxwrjJMa1IePbVINxB4AaABAg,25.0,@sympathy6171,1776902400.0,C8tpVKbxKfk,UgxwrjJMa1IePbVINxB4AaABAg.AUXJLVB5Sr_AVEY8221R2T,,,,,,,,,,,,,0.1812,neutral_discourse,0.0,0.0,0,0,standard,0.001184443011879921,0.00014171830844134092,0.00010578818182693794,0,agreement
"I've seen so many of his videos, he's like the pick-me bad boy version of horoscopes: he's always vague enough that almost every girl in his audience will feel like it's targeted at her and feel... appreciated? Videos like ""if she's got one A in her name she's crazy, if she's got two A, RUN"".... A is one of the most used letters for girl names, if not THE most. Or ""If she's got brown hair, is short, and (insert extremely vague or typical interest or hobby here)... wife her up! she's the one!"" THAT COULD APPLY TO ALMOST ANY GIRL IN HIS AUDIENCE. It's literally like how they phrase horoscopes to be so vague that any could apply to you.",YouTube,Jarvis Johnson! GOLD,youtube_channel,Jarvis Johnson! GOLD,[],1.0,1.0,0.4858,0.2429,yt-dlp,live_scrape,female,comment,0.0,,380.0,@zoeb3573,1747958400.0,gIHUdvYpBMQ,UgwHFdQVJNQtciL2Ngd4AaABAg,,,,,,,,,,,,,0.4858,perpetrator_attack,1.0,1.0,1,0,gendered_moderate,0.024946672841906548,0.0003226342087145895,0.0002561939472798258,0,model_flags_moderate_gendered_context
"@85yugslol what? This was a debate. 

Is debate about critical thinking argument, persuasion? Yes . Wisdom, no not necessarily. 

What’s funny is that she still had the wisdom to foresee all his talking points, researched, and had them ready to refute every last one. 

You know what isn’t wisdom? Using vapid, surface level arguments, that completely shatter under scrutiny, yet continuing to regurgitate them to millions and get laughed out of serious institutions of knowledge.",YouTube,Turning Point USA,youtube_channel,Turning Point USA,[],0.0,0.0,0.2404,0.0919,yt-dlp,live_scrape,female,reply,1.0,Ugxj6gJCDty7o7LakS94AaABAg,2.0,@Chainsl4yer9000,1758585600.0,-mvIktYig9Y,Ugxj6gJCDty7o7LakS94AaABAg.AInNGbm0nMgAN4awhJMw-I,,,,,,,,,,,,,0.2404,neutral_discourse,1.0,0.0,0,0,standard,0.0011634102556854486,0.0001488614798290655,0.0001055608518072404,0,agreement
Spreading lies and misandry is good work?,YouTube,TEDx Talks,youtube_channel,TEDx Talks,[],0.0,0.0,0.3583,0.1952,yt-dlp,live_scrape,female,reply,1.0,UgzFEgj0NhYxsmE7fBJ4AaABAg,0.0,@Gambit771,1684800000.0,IshrD4mjnNU,UgzFEgj0NhYxsmE7fBJ4AaABAg.8uEApI-8UdR9hgcdLGPpVQ,,,,,,,,,,,,,0.3583,neutral_discourse,0.0,0.0,0,0,standard,0.02374759502708912,0.00043486422509886324,0.00028135644970461726,0,agreement
"no but really! Sometimes I snap someone a picture and I look at it later like hmm, that's cute and post it. It just means I wanted to send you a pretty picture of myself and decided that others should see it too",YouTube,Jarvis Johnson! GOLD,youtube_channel,Jarvis Johnson! GOLD,[],0.0,0.0,0.2643,0.2957,yt-dlp,live_scrape,female,reply,1.0,Ugz7cYBAgY3LcPzHzUh4AaABAg,2.0,@jumiii,1747958400.0,gIHUdvYpBMQ,Ugz7cYBAgY3LcPzHzUh4AaABAg.AA1Rc7EHJBsAC9YkDWDuTA,,,,,,,,,,,,,0.2643,neutral_discourse,0.0,0.0,0,0,standard,0.0012346209259703755,0.00014019361697137356,0.00012178261385997757,0,agreement
"I go outside and talk to people

Doesn't mean they're attracted to me, no matter how confident they are",YouTube,SBS The Feed,youtube_channel,SBS The Feed,[],0.0,0.0,0.2521,0.1405,yt-dlp,live_scrape,female,reply,1.0,Ugx1Ea_zV49my8y-SXh4AaABAg,22.0,@painunending4610,1716422400.0,YWeKsNPdhMw,Ugx1Ea_zV49my8y-SXh4AaABAg.9tdkX6sZBUF9teyaNIzi_b,,,,,,,,,,,,,0.2521,neutral_discourse,0.0,0.0,0,0,standard,0.0009332782356068492,0.00014870273298583925,0.00012342410627752542,0,agreement
except when they are not masculine... pretending to be masculine is very toxic🙃,YouTube,Counterpoint,youtube_channel,Counterpoint,[],0.0,0.0,0.417,0.4906,yt-dlp,live_scrape,female,reply,1.0,UgwEepJk3QIt9Iu9AiB4AaABAg,0.0,@msp0712,1761177600.0,uzw8XOp6_zU,UgwEepJk3QIt9Iu9AiB4AaABAg.ANPitpu_tuUAOIp-coGeDo,,,,,,,,,,,,,0.3886,neutral_discourse,0.0,0.0,0,0,standard,0.0013972895685583353,0.00014687499788124114,9.795881487661973e-05,0,agreement
 @leteshalove  Exactly Bingo!,YouTube,Catfished,youtube_channel,Catfished,[],0.0,0.0,0.1586,0.113,yt-dlp,live_scrape,female,reply,1.0,UgwcBIR43Eu998YsYe14AaABAg,3.0,@robinlee9690,1747958400.0,72_vKNULbms,UgwcBIR43Eu998YsYe14AaABAg.A5RBQOxMbEcABkQS_bg3PW,,,,,,,,,,,,,0.1586,neutral_discourse,0.0,0.0,0,0,standard,0.007361831143498421,0.00025099789490923285,0.00011634547263383865,0,agreement
​ @lockandloadlikehell  Factually incorrect,YouTube,TEDx Talks,youtube_channel,TEDx Talks,[],0.0,0.0,0.1629,0.1168,yt-dlp,live_scrape,female,reply,1.0,Uggpe-eJ6NYvaXgCoAEC,0.0,@BlissfullyM3,1716422400.0,IshrD4mjnNU,Uggpe-eJ6NYvaXgCoAEC.8PWL0nV-hv-9zAQ7fhrSW4,,,,,,,,,,,,,0.1629,neutral_discourse,0.0,0.0,0,0,standard,0.008674263954162598,0.00018152018310502172,0.00012099735613446683,0,agreement
"Have you reported it? Report it. If that doesn't work, report it to a different person. Or your case worker, or your doctor, or your Pastor at your church. Call the police. Talk to any family you have. Please defend yourself by reaching out for help.",YouTube,Guardian News,youtube_channel,Guardian News,[],0.0,0.0,0.194,0.1272,yt-dlp,live_scrape,female,reply,1.0,Ugxo63vYofiUvvsG4st4AaABAg,10.0,@EB-wl9st,1716422400.0,u-VcErKk6Qs,Ugxo63vYofiUvvsG4st4AaABAg.9yBLLrD0SWI9z0T-n78pdW,,,,,,,,,,,,,0.194,neutral_discourse,0.0,0.0,0,0,standard,0.0038738208822906017,0.0002277810126543045,0.00021271954756230116,0,agreement
7:42 - yeah? Remind me the circumcision rates in Christian households in the US?,YouTube,unknown,youtube_channel,unknown,,0.0,0.0,0.1759,0.207,youtube_scraped,live_scrape,female,comment,0.0,,0.0,,1771459200.0,-mvIktYig9Y,UgywNgdRsdmDtMmLaJJ4AaABAg,,,,,,,,,,,,,0.1314,neutral_discourse,0.0,0.0,0,0,standard,0.0008574184612371027,0.00015044814790599048,0.00011011150490958244,0,agreement
"@anferFFmax I guess you weren’t watching carefully - she easily countered that silly point by saying that suicide rate of both genders are up, therefore nullifying the reason he brought it up (to pin it to certain behaviors in women)",YouTube,unknown,youtube_channel,unknown,,0.0,0.0,0.2488,0.0563,youtube_scraped,live_scrape,female,reply,1.0,UgwuDF6_9O3L6RGbFEN4AaABAg,0.0,,1760832000.0,-mvIktYig9Y,UgwuDF6_9O3L6RGbFEN4AaABAg.ALf1TWjxPCJANjW879hm4N,,,,,,,,,,,,,0.2488,neutral_discourse,1.0,0.0,0,0,standard,0.021220393478870392,0.0007431884878315032,0.00018408570031169802,0,agreement
"Everybody SHOULD be anti-feminists though, but yeah, I got that.",YouTube,Simple Misfits,youtube_channel,Simple Misfits,[],1.0,1.0,0.5561,0.2781,yt-dlp,live_scrape,female,reply,1.0,Ughrs38unzaIingCoAEC,0.0,@theonemrtom101,1463961600.0,SBoT9mmtTO8,Ughrs38unzaIingCoAEC.7-H0Z7-POv888MzA6H6DC8,,,,,,,,,,,,,0.5561,perpetrator_attack,0.0,0.0,1,0,gendered_moderate,0.060977257788181305,0.004805304110050201,0.000504068739246577,0,model_flags_moderate_gendered_context
"Absolutely stunning statistics, presented in a way that I can't ignore.  As a man, this is a call to me to act, until the statistics are no longer like this.",YouTube,TEDx Talks,youtube_channel,TEDx Talks,[],0.0,0.0,0.3835,0.0624,yt-dlp,live_scrape,female,comment,0.0,,4000.0,@benazeman,1400803200.0,LhjsRjC6B8U,UgijznUqnW4w2HgCoAEC,,,,,,,,,,,,,0.3835,neutral_discourse,0.0,0.0,0,0,standard,0.0006761788390576839,0.0001404201175319031,0.00011797453771578148,0,agreement
@jobicek Absolutely untrue.  Paper money was invented during Genghis Khan’s era because his people were so rich it was easier to carry an “I owe you” note than 100 rubies and gold and silks and spices etc .,YouTube,The Guardian,youtube_channel,The Guardian,[],0.0,0.0,0.2367,0.0648,yt-dlp,live_scrape,female,reply,1.0,UgwDNhH5rs9R9C_SdoN4AaABAg,0.0,@Namistababy-f9s,1779148800.0,HfwQvfchMXU,UgwDNhH5rs9R9C_SdoN4AaABAg.AWfWi-eFIyeAWyVKC406eF,,,,,,,,,,,,,0.2367,neutral_discourse,0.0,0.0,0,0,standard,0.0009362605633214116,0.0001421292981831357,0.00011556418030522764,0,agreement
"Too bad Aziz isn't a mind reader, all this kerfluffle could have been easily avoided.",YouTube,Samantha Bee,youtube_channel,Samantha Bee,[],0.0,0.0,0.2694,0.1014,yt-dlp,live_scrape,female,comment,0.0,,180.0,@Darrylizer1,1527033600.0,II-OP6vdMs8,UgyFDGatYSWJDJgMZn94AaABAg,,,,,,,,,,,,,0.2694,neutral_discourse,0.0,0.0,0,0,standard,0.040100350975990295,0.0004963513929396868,0.00020458101062104106,0,agreement
Chinmay great Sharia is Arabic for law.....so the question becomes what law are you quoting? Based on your previous comment I’m expecting an ignorant reply of the same standard.,YouTube,BBC Trending,youtube_channel,BBC Trending,[],0.0,0.0,0.17,0.1431,yt-dlp,live_scrape,female,reply,1.0,Ugha6t1eJmxIEXgCoAEC,3.0,@impychimpyable,1527033600.0,pZBpdZbSYSg,Ugha6t1eJmxIEXgCoAEC.7-H0Z7-6FuB8fsOKVZZ4Ya,,,,,,,,,,,,,0.17,neutral_discourse,0.0,0.0,0,0,standard,0.009200993925333023,0.0003496131976135075,0.00015507372154388577,0,agreement
^that word has lost all power,YouTube,Simple Misfits,youtube_channel,Simple Misfits,[],0.0,0.0,0.1765,0.0904,yt-dlp,live_scrape,female,reply,1.0,Ughrs38unzaIingCoAEC,0.0,@MusicandGamesandStuf,1432339200.0,SBoT9mmtTO8,Ughrs38unzaIingCoAEC.7-H0Z7-POv870Jm5p8ToGf,,,,,,,,,,,,,0.1765,neutral_discourse,0.0,0.0,0,0,standard,0.002335341414436698,0.00016378157306462526,9.770916221896186e-05,0,agreement
"And they didn’t even respond to this, one of the anti feminists just deflected and tried to turn blame on the pink hair girl regarding the comparison of the feminist and black civil rights movement… crazy",YouTube,Dr. Daf Show,youtube_channel,Dr. Daf Show,[],1.0,1.0,0.5087,0.1838,yt-dlp,live_scrape,female,reply,1.0,UgxwrjJMa1IePbVINxB4AaABAg,30.0,@jungan8579,1776902400.0,C8tpVKbxKfk,UgxwrjJMa1IePbVINxB4AaABAg.AUXJLVB5Sr_AVdcyvmkvi1,,,,,,,,,,,,,0.5087,neutral_discourse,1.0,0.0,1,0,gendered_moderate,0.07112689316272736,0.010225517675280571,0.0003665799449663609,0,likely_lexical_overfitting_edos_vocabulary
Charlie was out of his league with this one! One-sided!,YouTube,unknown,youtube_channel,unknown,,0.0,0.0,0.1858,0.1216,youtube_scraped,live_scrape,female,comment,0.0,,0.0,,1758240000.0,-mvIktYig9Y,Ugz3UU4bD2sUXdhUauR4AaABAg,,,,,,,,,,,,,0.1858,neutral_discourse,0.0,0.0,0,0,standard,0.028960367664694786,0.00025817324058152735,0.00018030560750048608,0,agreement
black style and nightmares that was old feminism back when it was needed for the very big differences in life based solely on gender.,YouTube,BBC Trending,youtube_channel,BBC Trending,[],0.0,0.0,0.373,0.1048,yt-dlp,live_scrape,female,reply,1.0,Ugha6t1eJmxIEXgCoAEC,0.0,@lordeverett5642,1590192000.0,pZBpdZbSYSg,Ugha6t1eJmxIEXgCoAEC.7-H0Z7-6FuB92rSNOoJupb,,,,,,,,,,,,,0.373,neutral_discourse,0.0,0.0,0,0,standard,0.030052166432142258,0.006457221228629351,0.00038362154737114906,0,agreement
 @pinkylinky4  of course every one should be treared equal this somting that's happenig right now i do not like when they say boys cant hit girls vit if th girls is bullying them they should be able to defend there self and men should not hit women it dosent mater who you ar everyone is equal,YouTube,HuffPost,youtube_channel,HuffPost,[],1.0,1.0,0.7503,0.3752,yt-dlp,live_scrape,female,reply,1.0,Ugw5jCjF-z-8fxIENRh4AaABAg,9.0,@wolflaflamegaming7709,1621728000.0,9yMFw_vWboE,Ugw5jCjF-z-8fxIENRh4AaABAg.98nBUpWWp6A9Ckwv-UAZ2A,,,,,,,,,,,,,0.7503,perpetrator_attack,1.0,1.0,1,0,gendered_moderate,0.3943304717540741,0.014100349508225918,0.0009743529371917248,0,model_flags_moderate_gendered_context
"@Allanhyde264  Wishful thinking. By the way, as you seem to know her, who's her daddy?",YouTube,unknown,youtube_channel,unknown,,0.0,0.0,0.3941,0.0695,youtube_scraped,live_scrape,female,reply,1.0,UgwnoGy9g7kTQbit1Yl4AaABAg,0.0,,1760832000.0,-mvIktYig9Y,UgwnoGy9g7kTQbit1Yl4AaABAg.AIpSgddwhCvANlY3bXrS8a,,,,,,,,,,,,,0.3941,neutral_discourse,1.0,0.0,0,0,standard,0.001989422831684351,0.00015674140013288707,8.751293353270739e-05,0,agreement
"@DRFESTERPUS69 No , because he wanted to make as much money as possible by spreading right-wing shite to stupid Americans.",YouTube,unknown,youtube_channel,unknown,,0.0,0.0,0.3745,0.3661,youtube_scraped,live_scrape,female,reply,1.0,UgxcZVtz_x6ZlWu66Ut4AaABAg,0.0,,1771459200.0,-mvIktYig9Y,UgxcZVtz_x6ZlWu66Ut4AaABAg.ALgEwrUFtEIASzbujJDTDM,,,,,,,,,,,,,0.3745,neutral_discourse,0.0,0.0,0,0,standard,0.934294581413269,0.37660491466522217,0.00888623483479023,1,detoxify_flags_general_toxicity_not_gendered_harm
i am an incel. i am not hateful. you can ask me anything,YouTube,SBS The Feed,youtube_channel,SBS The Feed,[],0.0,0.0,0.1018,0.0862,yt-dlp,live_scrape,female,comment,0.0,,31.0,@LordBruciusCletusJenkins,1716422400.0,YWeKsNPdhMw,UgwIqivUvkaMKkW9c_54AaABAg,,,,,,,,,,,,,0.1018,neutral_discourse,0.0,0.0,0,0,standard,0.011904522776603699,0.00025171638117171824,0.00026153569342568517,0,agreement
" @djm5687  He should be suing the MLB for defamation if he is blackballed by teams over this, let the MLB try to hide behind their union deal or other contracts to try to claim defamation was authorized under them.  It is about time a sports league that lies about players gets served.  It is no different than that dude from harvard that got railroaded by a school that defamed him while ignoring reality.",YouTube,Nate The Lawyer,youtube_channel,Nate The Lawyer,[],1.0,1.0,0.4324,0.0285,yt-dlp,live_scrape,female,reply,1.0,UgykWyl9z_q_52nridJ4AaABAg,11.0,@_PatrickO,1716422400.0,yqcJbDJTa7g,UgykWyl9z_q_52nridJ4AaABAg.9vj-8Bbu4eZ9vjq92zL26s,,,,,,,,,,,,,0.4324,neutral_discourse,0.0,0.0,1,0,gendered_moderate,0.009041509591042995,0.00025472359266132116,0.00016464322106912732,0,model_flags_moderate_gendered_context
"Oml I just commented the same thing lmaoo, true or ppl look at you as if we're hurting them....",YouTube,Cosmopolitan,youtube_channel,Cosmopolitan,[],0.0,0.0,0.258,0.1383,yt-dlp,live_scrape,female,reply,1.0,UgykwY4vdKqeUnx1K4F4AaABAg,11.0,@ayeshaaziz4044,1621728000.0,oWEKD493IxY,UgykwY4vdKqeUnx1K4F4AaABAg.8k2vVsXaORN9JMYu8u_spA,,,,,,,,,,,,,0.258,neutral_discourse,0.0,0.0,0,0,standard,0.005903799552470446,0.000209365229238756,0.00015954273112583905,0,agreement
It's their money they can give it to anyone they want. She does not owe her kids a damn thing,YouTube,Catfished,youtube_channel,Catfished,[],1.0,1.0,0.5298,0.2649,yt-dlp,live_scrape,female,reply,1.0,UgzHKKpxstP_TOH5diB4AaABAg,0.0,@happyday-yx7mx,1761177600.0,PU3x29_Cxls,UgzHKKpxstP_TOH5diB4AaABAg.AImSUBw6N9RAOLygSy5p0l,,,,,,,,,,,,,0.5298,perpetrator_attack,1.0,1.0,1,0,gendered_moderate,0.6309681534767151,0.0014564519515261054,0.000821160851046443,1,agreement
And i don't see Videos about toxic females. Why?,YouTube,SBS The Feed,youtube_channel,SBS The Feed,[],1.0,1.0,0.4741,0.0919,yt-dlp,live_scrape,female,comment,0.0,,12.0,@anthonymaximus8561,1716422400.0,YWeKsNPdhMw,Ugyg1xDT2-a0ybTP_b14AaABAg,,,,,,,,,,,,,0.4741,neutral_discourse,1.0,0.0,1,0,gendered_moderate,0.1598988026380539,0.0026490185409784317,0.0005367215489968657,0,model_flags_moderate_gendered_context
"⁠​⁠​⁠ @harshproductions3292  Get your facts straight. Charlie is only 30, turning 31 later this year. The adult children at Cambridge displayed a lack of maturity and respect for someone who is much more intelligent and has achieved a whole lot more than them.",YouTube,unknown,youtube_channel,unknown,,0.0,0.0,0.2877,0.186,youtube_scraped,live_scrape,female,reply,1.0,Ugyv9g8SpeE10-7Dx1B4AaABAg,0.0,,1750291200.0,-mvIktYig9Y,Ugyv9g8SpeE10-7Dx1B4AaABAg.AIfymJjcgPUAIiIP2lr5PN,,,,,,,,,,,,,0.2877,neutral_discourse,0.0,0.0,0,0,standard,0.0008867536089383066,0.0001419004547642544,0.00010681450658012182,0,agreement
" @jujuju3384  Steve Wilkos throws chairs, lol.",YouTube,Guardian News,youtube_channel,Guardian News,[],0.0,0.0,0.1501,0.1,yt-dlp,live_scrape,female,reply,1.0,UgwmxtWoiXHJojHoCDZ4AaABAg,0.0,@aspiknf,1716422400.0,u-VcErKk6Qs,UgwmxtWoiXHJojHoCDZ4AaABAg.8jLmv5IA-jq9ugzKm8aDb6,,,,,,,,,,,,,0.1501,neutral_discourse,0.0,0.0,0,0,standard,0.018724417313933372,0.0002949261979665607,0.00016445400251541287,0,agreement
"Contrary to Turning Point's harsh rubric aimed at subjugating women, if America were to finally elect a female President, (who seems very happy in a blended home and supportive husband)  America would have more sensible gun policies, fairer housing assistance, improved education,  more stable markets, less traffis skyrocketing  inflation, and safer, more informed health and mental health practices We would also see far less reckless, divisive dogma and ideology being deliberately pushed—ideologies that are, tragically, fueling the epidemic of male-on-male violence.",YouTube,unknown,youtube_channel,unknown,,1.0,1.0,0.5908,0.3261,youtube_scraped,live_scrape,female,comment,0.0,,0.0,,1758240000.0,-mvIktYig9Y,UgyRR7V4ddjnRoVdTkZ4AaABAg,,,,,,,,,,,,,0.5908,perpetrator_attack,1.0,1.0,1,0,gendered_moderate,0.010068938136100769,0.0008944016299210489,0.0002487736055627465,0,model_flags_moderate_gendered_context
"***** ""Telling a woman she is beautiful, and asking her name or something""
>> THATS STREET HARASSMENT THE SAME SITUATION THESE FEMINISTS ARE FIGHTING TO STOP. THEY DONT WANT MEN APPROACHING THEM AT ALL.",YouTube,Pop Trigger,youtube_channel,Pop Trigger,[],1.0,1.0,0.6938,0.3469,yt-dlp,live_scrape,female,reply,1.0,UgiQoLoMcQSBp3gCoAEC,0.0,@xKS616,1432339200.0,h9Lf3-vJn4E,UgiQoLoMcQSBp3gCoAEC.7-H0Z7-HUMF7-d8t8s5IDn,,,,,,,,,,,,,0.6938,perpetrator_attack,1.0,1.0,1,0,gendered_moderate,0.18500755727291107,0.01094396784901619,0.0008081895648501813,0,model_flags_moderate_gendered_context
 @graceharrison2566  women weaker what are you talking about??? Are we just going to ignore biology and the existence of Testesterone???,YouTube,BBC Trending,youtube_channel,BBC Trending,[],0.0,0.0,0.3175,0.0832,yt-dlp,live_scrape,female,reply,1.0,Ugha6t1eJmxIEXgCoAEC,1.0,@yesiamwinningdad5024,1590192000.0,pZBpdZbSYSg,Ugha6t1eJmxIEXgCoAEC.7-H0Z7-6FuB8zJKvaML5IP,,,,,,,,,,,,,0.3175,neutral_discourse,1.0,0.0,0,0,standard,0.022446928545832634,0.0005414820625446737,0.00018777324294205755,0,agreement
"sydandtaytum If you are so paranoid, get mace or a stun gun, but like I said, nothing you can do about it, but ignore them. Words, no matter how offended you are, are not illegal.",YouTube,Pop Trigger,youtube_channel,Pop Trigger,[],0.0,0.0,0.3552,0.4178,yt-dlp,live_scrape,female,reply,1.0,Uggiw-3RRC0XF3gCoAEC,6.0,@Ghettofinger,1432339200.0,h9Lf3-vJn4E,Uggiw-3RRC0XF3gCoAEC.7-H0Z7-Eb_p7-H4NKGMD9A,,,,,,,,,,,,,0.308,neutral_discourse,0.0,0.0,0,0,standard,0.3306943476200104,0.003505091881379485,0.009728953242301941,0,agreement
And the Hungarian n Romanian child policy of 2 years of raising the child is also usefull. Wink wink USA.,YouTube,unknown,youtube_channel,unknown,,0.0,0.0,0.3049,0.1082,youtube_scraped,live_scrape,female,comment,0.0,,0.0,,1771459200.0,-mvIktYig9Y,UgxwaeneR95tcoZfk6N4AaABAg,,,,,,,,,,,,,0.3049,neutral_discourse,0.0,0.0,0,0,standard,0.0024061277508735657,0.00020189945644233376,0.0001028243568725884,0,agreement
" @em5353  that's right, it's none of your business when men use their eyes on whatever woman they want",YouTube,TEDx Talks,youtube_channel,TEDx Talks,[],1.0,1.0,0.5002,0.0818,yt-dlp,live_scrape,female,reply,1.0,Uggs_wkccayivXgCoAEC,1.0,@customsongmaker,1653264000.0,IshrD4mjnNU,Uggs_wkccayivXgCoAEC.8S1LXtbTi_n9VUGWXuLpx7,,,,,,,,,,,,,0.5002,neutral_discourse,1.0,0.0,1,0,gendered_moderate,0.16754180192947388,0.0008771175635047257,0.0004253226506989449,0,model_flags_moderate_gendered_context
"​ @anonymousakaanonymous9001  thats not nevessarily true, if the people where i am from got what is considered the basics, they woukd eventuay grow to want the comforts from the us just the same.
Either way the point kirk made was if women are happier in less developed areas than more developed ones, then there must be an issue.
I dont even like kirk btw, i just agree on a lit of things...
Im christian, and i find it absurd for example that he says ""you cant be christian if you don't support israel...""",YouTube,unknown,youtube_channel,unknown,,1.0,1.0,0.6341,0.317,youtube_scraped,live_scrape,female,reply,1.0,UgzdakWBayQFVsgq4UV4AaABAg,0.0,,1750291200.0,-mvIktYig9Y,UgzdakWBayQFVsgq4UV4AaABAg.AIkiA89it56AIs_pkUBIqB,,,,,,,,,,,,,0.6341,perpetrator_attack,1.0,1.0,1,1,severe,0.009964034892618656,0.0005879788659512997,0.00019724124285858124,0,model_catches_gendered_harm_detox_misses
"***** You're right. If we look strictly at what the words mean, there's nothing offensive about the word ""colored"" itself. However, in my view the context in which a word is used is important. The word ""colored"", when used in a racial sense, brings to mind the separation of many Americans from their own society. Think ""colored drinking fountains"". Again, it's less about what the word means and more about the way it's used.",YouTube,Steve Shives,youtube_channel,Steve Shives,[],0.0,0.0,0.1755,0.1488,yt-dlp,live_scrape,female,reply,1.0,UgiTZpZBcgQQOXgCoAEC,0.0,@CollegeBoyMidwest,1463961600.0,u9aiG33ZGa4,UgiTZpZBcgQQOXgCoAEC.83Kcow1ggkh7-K3RIrwkQT,,,,,,,,,,,,,0.1755,neutral_discourse,0.0,0.0,0,0,standard,0.0006561698974110186,0.00015191723650787026,0.00011264270142419264,0,agreement
"​ @chadmonk-po5yj  he literally has his statistics wrong multiple times through whole discussion, so sometimes it's not Ai's fault. And debaters often have a notebook with their core points written, what's wrong with that?",YouTube,unknown,youtube_channel,unknown,,0.0,0.0,0.2838,0.1992,youtube_scraped,live_scrape,female,reply,1.0,UgwuDF6_9O3L6RGbFEN4AaABAg,0.0,,1760832000.0,-mvIktYig9Y,UgwuDF6_9O3L6RGbFEN4AaABAg.ALf1TWjxPCJANkTqB9sDDj,,,,,,,,,,,,,0.2838,neutral_discourse,0.0,0.0,0,0,standard,0.0008283419301733375,0.00013671658234670758,0.0001082768794731237,0,agreement
"What sexism? The fake SJW nonsense, or the real issue happening in the middle east? Because calling someone on the street (cat calling) isn't sexist, but taking away multiple rights to another human is sexist.",YouTube,TEDx Talks,youtube_channel,TEDx Talks,[],0.0,0.0,0.2327,0.0532,yt-dlp,live_scrape,female,reply,1.0,UggyEJPStAyn1XgCoAEC,19.0,@lplsupersports,1495497600.0,IshrD4mjnNU,UggyEJPStAyn1XgCoAEC.8Mc8x3cx5XT8Mqq7-ujCv_,,,,,,,,,,,,,0.2327,neutral_discourse,0.0,0.0,0,0,standard,0.11403293907642365,0.0016132663004100323,0.00036024180008098483,0,agreement
I am egalitarian and anti-feminist. A gendered movement cannot be egalitarian because they only look at the issue from one side.,YouTube,Simple Misfits,youtube_channel,Simple Misfits,[],0.0,0.0,0.3046,0.3,yt-dlp,live_scrape,female,reply,1.0,Ughrs38unzaIingCoAEC,59.0,@MusicandGamesandStuf,1432339200.0,SBoT9mmtTO8,Ughrs38unzaIingCoAEC.7-H0Z7-POv87-Ho0HDI8Zf,,,,,,,,,,,,,0.3046,neutral_discourse,0.0,0.0,0,0,standard,0.020033039152622223,0.0007226400775834918,0.00024081938317976892,0,agreement
​ @g-manjams and that attempt at justification is precisely why the system is as screwed up as it is. good try. at least I know you have never practiced as an attorney in criminal court.,YouTube,Nate The Lawyer,youtube_channel,Nate The Lawyer,[],0.0,0.0,0.4052,0.1746,yt-dlp,live_scrape,female,reply,1.0,Ugwyo2_tbwGS-otTJZ14AaABAg,2.0,@pacoval4577,1747958400.0,yqcJbDJTa7g,Ugwyo2_tbwGS-otTJZ14AaABAg.9vnmtjRyrOPA3pkh4aWmXX,,,,,,,,,,,,,0.4052,neutral_discourse,0.0,0.0,0,0,standard,0.004661921877413988,0.0002026162837864831,0.00011099322728114203,0,agreement
 @luna498-h5z I had snakebites. Same lol.,YouTube,Don't Tell Comedy,youtube_channel,Don't Tell Comedy,[],0.0,0.0,0.1441,0.0418,yt-dlp,live_scrape,female,reply,1.0,UgzAYy8ULIPjgDIa-Pl4AaABAg,4.0,@davesmith2332,1755907200.0,7Wl-Zgy1EKM,UgzAYy8ULIPjgDIa-Pl4AaABAg.AL8gJwjO8DKAM2nq4dRM-H,,,,,,,,,,,,,0.1441,neutral_discourse,0.0,0.0,0,0,standard,0.003395920153707266,0.00015829004405532032,9.421550203114748e-05,0,agreement
"This girl was so lame. Literally barely took her eyes off her phone then when Charlie called her out on it she said, “I’m not looking at my phone”, so she’s a liar. These people have a fragile moral compass. Liars hold no respect from me.",YouTube,unknown,youtube_channel,unknown,,0.0,0.0,0.3053,0.3591,youtube_scraped,live_scrape,female,comment,0.0,,0.0,,1752883200.0,-mvIktYig9Y,UgwA3OH1qIHR6XXm9e14AaABAg,,,,,,,,,,,,,0.1203,neutral_discourse,1.0,0.0,0,0,standard,0.7657827734947205,0.0034829077776521444,0.0005376800545491278,1,detoxify_flags_general_toxicity_not_gendered_harm
"I don't support what happened to Charlie.
Charlie supported what happened to Charlie.",YouTube,unknown,youtube_channel,unknown,,0.0,0.0,0.0959,0.1021,youtube_scraped,live_scrape,female,reply,1.0,UgyVGa5EDd8gqFfBD3B4AaABAg,0.0,,1758240000.0,-mvIktYig9Y,UgyVGa5EDd8gqFfBD3B4AaABAg.AMeTpgFE0TSAN89sWI3z8q,,,,,,,,,,,,,0.0959,neutral_discourse,0.0,0.0,0,0,standard,0.0007797933067195117,0.00014667918730992824,0.00011955251102335751,0,agreement
"What's interesting here is the lack of remorse, embarrassment, or anger. She's acting as if someone told her the store cheated her on its peanut butter discount. That she is showing none of the reactions a normal person would feel, I believe she is in denial. And my guess is that she's not a very nice person.",YouTube,Catfished,youtube_channel,Catfished,[],1.0,1.0,0.1996,0.1197,yt-dlp,live_scrape,female,reply,1.0,UgzHKKpxstP_TOH5diB4AaABAg,21.0,@lynnfaulkner2706,1750636800.0,PU3x29_Cxls,UgzHKKpxstP_TOH5diB4AaABAg.AImSUBw6N9RAIt-BoGTiyT,,,,,,,,,,,,,0.1996,perpetrator_attack,1.0,1.0,1,0,gendered_moderate,0.013159665279090405,0.00021656614262610674,0.00013175673666410148,0,model_flags_moderate_gendered_context
"sydandtaytum Nonsense, those people are just assholes, not dangerous. Paranoia isn't healthy. No, I am not a woman, but this video is stupid. What do you want them to do, arrest people for being assholes? Assuming every man that catcalls will assault you because you didn't acknowledge them is irrational paranoia.",YouTube,Pop Trigger,youtube_channel,Pop Trigger,[],0.0,0.0,0.2668,0.1519,yt-dlp,live_scrape,female,reply,1.0,Uggiw-3RRC0XF3gCoAEC,6.0,@Ghettofinger,1432339200.0,h9Lf3-vJn4E,Uggiw-3RRC0XF3gCoAEC.7-H0Z7-Eb_p7-H37nMxw8e,,,,,,,,,,,,,0.2668,neutral_discourse,1.0,0.0,0,0,standard,0.9655742645263672,0.022796133533120155,0.0018318964866921306,1,detoxify_flags_general_toxicity_not_gendered_harm
 Ggh Bhg  Oh AND you can count as well!? Very unexpected!,YouTube,Brut India,youtube_channel,Brut India,[],0.0,0.0,0.2474,0.0831,yt-dlp,live_scrape,female,reply,1.0,UgwbyRBEOpUAHQ38Myt4AaABAg,0.0,@z.k.7330,1653264000.0,BiSFY3APYss,UgwbyRBEOpUAHQ38Myt4AaABAg.9R6l8ltTYcb9Un9TgKSYX1,,,,,,,,,,,,,0.2474,neutral_discourse,0.0,0.0,0,0,standard,0.003777747508138418,0.00014920694229658693,0.00011943355639232323,0,agreement
Thank you for this. I loved this so much.,YouTube,Simple Misfits,youtube_channel,Simple Misfits,[],0.0,0.0,0.1544,0.1104,yt-dlp,live_scrape,female,reply,1.0,Ughrs38unzaIingCoAEC,0.0,@SuperInsanewolf,1432339200.0,SBoT9mmtTO8,Ughrs38unzaIingCoAEC.7-H0Z7-POv87-MiESA8t2E,,,,,,,,,,,,,0.1544,neutral_discourse,0.0,0.0,0,0,standard,0.0005328035913407803,0.00014457135694101453,0.00013929841225035489,0,agreement
"No, its not a real way to win the game. Its a real way to NOT LOSE in the game. Big difference. You dont win when the board gets flipped, no one does.",YouTube,Don't Tell Comedy,youtube_channel,Don't Tell Comedy,[],0.0,0.0,0.2785,0.1022,yt-dlp,live_scrape,female,reply,1.0,UgysMrJ_0NY9IgexXzt4AaABAg,10.0,@tallyontop,1755907200.0,7Wl-Zgy1EKM,UgysMrJ_0NY9IgexXzt4AaABAg.AL8Ie_HKEPIALT1G3m9vC9,,,,,,,,,,,,,0.2785,neutral_discourse,0.0,0.0,0,0,standard,0.002031430834904313,0.00015748686564620584,0.00011092244676547125,0,agreement
" @konaqua122  She did coach her right on up. So, I would think so",YouTube,Nate The Lawyer,youtube_channel,Nate The Lawyer,[],0.0,0.0,0.2683,0.3156,yt-dlp,live_scrape,female,reply,1.0,UgykWyl9z_q_52nridJ4AaABAg,0.0,@leeedwards8323,1716422400.0,yqcJbDJTa7g,UgykWyl9z_q_52nridJ4AaABAg.9vj-8Bbu4eZ9vvzVUUhzPJ,,,,,,,,,,,,,0.2196,neutral_discourse,1.0,0.0,0,0,standard,0.0007553721079602838,0.00013289308117236942,0.0001184083303087391,0,agreement
"@patriciawilk4046  No, we haven’t ‘missed his point’, he doesn’t have a point. He’s used to debaters in the U.S. going along with what he says, so debaters in the UK dragging him back on topic is knocking off his debate style, hence why it continuously looks like he’s not expecting any resistance to his claims.",YouTube,unknown,youtube_channel,unknown,,0.0,0.0,0.2424,0.2166,youtube_scraped,live_scrape,female,reply,1.0,UgxBEVbDKXQ2ZCucMQF4AaABAg,0.0,,1750291200.0,-mvIktYig9Y,UgxBEVbDKXQ2ZCucMQF4AaABAg.AIlWGqZVquyAJHGH979rZB,,,,,,,,,,,,,0.2424,neutral_discourse,0.0,0.0,0,0,standard,0.0007166547002270818,0.00013827913790009916,0.00011008873116225004,0,agreement
 @whiteshedevil6809  nice to know maam that you exist 🥰,YouTube,BBC Trending,youtube_channel,BBC Trending,[],0.0,0.0,0.1817,0.0435,yt-dlp,live_scrape,female,reply,1.0,Ugha6t1eJmxIEXgCoAEC,0.0,@MADvocate7,1621728000.0,pZBpdZbSYSg,Ugha6t1eJmxIEXgCoAEC.7-H0Z7-6FuB9MFBbF17z8f,,,,,,,,,,,,,0.1817,neutral_discourse,0.0,0.0,0,0,standard,0.20493602752685547,0.0016080965287983418,0.0013677653623744845,0,agreement
have i tried no( I not need one so why would I) but it is possible. certain public bathrooms will have tampon dispensers. Also if you buy a pack of 32 tampons from Walmart the price is $6.97 taking into account local sales tax the unit cost of a tampon is 0.23. ,YouTube,Steve Shives,youtube_channel,Steve Shives,[],0.0,0.0,0.2888,0.1572,yt-dlp,live_scrape,female,reply,1.0,UghJc9HpbQYABHgCoAEC,0.0,@Deadi12,1463961600.0,u9aiG33ZGa4,UghJc9HpbQYABHgCoAEC.83JmINXjvxv7-Rv4wNOt8f,,,,,,,,,,,,,0.2888,neutral_discourse,0.0,0.0,0,0,standard,0.001636949717067182,0.00014043404371477664,9.677815978648141e-05,0,agreement
​ @snowheader2200 WHERE is Islam flourishing exactly? 😂,YouTube,unknown,youtube_channel,unknown,,0.0,0.0,0.105,0.1235,youtube_scraped,live_scrape,female,reply,1.0,UgxReC4Xm2Gkeyne64x4AaABAg,0.0,,1760832000.0,-mvIktYig9Y,UgxReC4Xm2Gkeyne64x4AaABAg.AN18Dw_DHevANRczSkW3jf,,,,,,,,,,,,,0.0929,neutral_discourse,0.0,0.0,0,0,standard,0.007631943095475435,0.0004808155645150691,0.000141286407597363,0,agreement
@kathrinbauer5358  are you saying all women today and mothers and grandmother's hide suffering?  What suffering?  Technically men and women have all been suffering and still are. Today women have privileges men dont...and they still say women suffering...when in reality...women are provided privilege and comforts by men...that men don't get?,YouTube,Breaking Down Patriarchy,youtube_channel,Breaking Down Patriarchy,[],1.0,1.0,0.9486,0.4743,yt-dlp,live_scrape,female,reply,1.0,Ugzhrpv2PMeqlQ6blx54AaABAg,1.0,@ejmt785,1747958400.0,8zHfHEEtaUk,Ugzhrpv2PMeqlQ6blx54AaABAg.AAuRw7UorQ7AHunidYFj3k,,,,,,,,,,,,,0.9486,perpetrator_attack,1.0,1.0,1,1,severe,0.03464561328291893,0.003386354073882103,0.00026245092158205807,0,model_catches_gendered_harm_detox_misses
"@OptimusPrime1857  First, get Master Chief out of your name.

Second, Charlie’s allowed to read. He chooses not to. This is why he gets caught lying so often. He doesn’t KNOW what he’s talking about and tries to remember bits and pieces on the spot (look at the ‘Abortion’ debate, he got caught lying about DNA being ‘created’ at conception, which is completely untrue).",YouTube,unknown,youtube_channel,unknown,,0.0,0.0,0.3086,0.0894,youtube_scraped,live_scrape,female,reply,1.0,UgwKpox2wb12qyx0MgN4AaABAg,0.0,,1750291200.0,-mvIktYig9Y,UgwKpox2wb12qyx0MgN4AaABAg.AIkOLyxFT7CAJHFb7uC1ec,,,,,,,,,,,,,0.3086,neutral_discourse,0.0,0.0,0,0,standard,0.0020419240463525057,0.00015291101590264589,0.00010611856123432517,0,agreement
@davidwarren3433 respectfully I disagree. It’s important to compromise and acknowledge when  opposing side makes good points. That’s how we can reduce polarization in this country. I respect Charlie Kirk.,YouTube,unknown,youtube_channel,unknown,,0.0,0.0,0.2312,0.171,youtube_scraped,live_scrape,female,reply,1.0,Ugz4TSUuSdKG2PN3KOt4AaABAg,0.0,,1750291200.0,-mvIktYig9Y,Ugz4TSUuSdKG2PN3KOt4AaABAg.AIfk4-c_kfwAIjECU0TRLi,,,,,,,,,,,,,0.2312,neutral_discourse,0.0,0.0,0,0,standard,0.0005637379363179207,0.00015002311556600034,0.0001411832490703091,0,agreement
we should start with holding Amber Heard accountable and make an example with a true abuser,YouTube,Nate The Lawyer,youtube_channel,Nate The Lawyer,[],0.0,0.0,0.3196,0.1233,yt-dlp,live_scrape,female,reply,1.0,Ugwl3dg1eZPZuI7ILBF4AaABAg,19.0,@nylenyap3933,1716422400.0,yqcJbDJTa7g,Ugwl3dg1eZPZuI7ILBF4AaABAg.9vjGGdgapaJ9vjdgqhvCjE,,,,,,,,,,,,,0.3196,neutral_discourse,0.0,0.0,0,0,standard,0.005031711887568235,0.000194173539057374,0.00014583920710720122,0,agreement
"When you know what you stand for is right, it doesn't matter if every other person in the room laughs at you. You can never be embarrassed for standing up for what is right",YouTube,Brut India,youtube_channel,Brut India,[],0.0,0.0,0.1891,0.1095,yt-dlp,live_scrape,female,reply,1.0,Ugzr-Dq2GwRP3eHTFDF4AaABAg,8.0,@asherscott3151,1653264000.0,BiSFY3APYss,Ugzr-Dq2GwRP3eHTFDF4AaABAg.9IgwDtrWYGB9UwMnpa_9l7,,,,,,,,,,,,,0.1891,neutral_discourse,0.0,0.0,0,0,standard,0.003213544376194477,0.0001833670976338908,0.0001347363431705162,0,agreement
Just because somebody talks fast doesn't mean they cooked them.,YouTube,unknown,youtube_channel,unknown,,0.0,0.0,0.188,0.1824,youtube_scraped,live_scrape,female,reply,1.0,UgyabCZ9FNOJ1M4HKVd4AaABAg,0.0,,1766102400.0,-mvIktYig9Y,UgyabCZ9FNOJ1M4HKVd4AaABAg.AIi89qZQaH4AQU2aB0juZT,,,,,,,,,,,,,0.188,neutral_discourse,0.0,0.0,0,0,standard,0.0007358595612458885,0.00014363204536493868,0.0001178797465399839,0,agreement
" @waltermh111  Wow, nice.",YouTube,Guardian News,youtube_channel,Guardian News,[],0.0,0.0,0.0985,0.0501,yt-dlp,live_scrape,female,reply,1.0,Ugw5gm9fH4u_nDNhbkh4AaABAg,0.0,@sroberts605,1716422400.0,u-VcErKk6Qs,Ugw5gm9fH4u_nDNhbkh4AaABAg.8jNPCDMv_v19xrbNaEnAeB,,,,,,,,,,,,,0.0985,neutral_discourse,0.0,0.0,0,0,standard,0.000839984742924571,0.00013384854537434876,0.00010814635606948286,0,agreement
" @MonkWay_ can you explain why you think that, or are you just saying it out of anger??",YouTube,Dr. Daf Show,youtube_channel,Dr. Daf Show,[],0.0,0.0,0.1869,0.2198,yt-dlp,live_scrape,female,reply,1.0,UgwEYghT2I-Rz4loH7l4AaABAg,3.0,@sarandafirza7884,1779408000.0,C8tpVKbxKfk,UgwEYghT2I-Rz4loH7l4AaABAg.AWXASEs7p-VAX457dLFKkq,,,,,,,,,,,,,0.0545,neutral_discourse,0.0,0.0,0,0,standard,0.0031167888082563877,0.00017175338871311396,0.00010072965960716829,0,agreement
She got some really decent points,YouTube,unknown,youtube_channel,unknown,,0.0,0.0,0.2499,0.0797,youtube_scraped,live_scrape,female,comment,0.0,,0.0,,1750291200.0,-mvIktYig9Y,UgwcyXmEhIkgA8j30gV4AaABAg,,,,,,,,,,,,,0.2499,neutral_discourse,1.0,0.0,0,0,standard,0.0006635860190726817,0.00013439732720144093,0.00012084549234714359,0,agreement
This is one of the best Standups I've seen in a while!,YouTube,Don't Tell Comedy,youtube_channel,Don't Tell Comedy,[],0.0,0.0,0.2257,0.2656,yt-dlp,live_scrape,female,comment,0.0,,1.0,@DavezAmeryki,1755907200.0,7Wl-Zgy1EKM,UgyAEQaL1eE-3EGAObF4AaABAg,,,,,,,,,,,,,0.1429,neutral_discourse,0.0,0.0,0,0,standard,0.0008038802188821137,0.0001309006620431319,0.0001101833549910225,0,agreement
She's not gonna see this comment bro,YouTube,unknown,youtube_channel,unknown,,1.0,1.0,0.0998,0.1174,youtube_scraped,live_scrape,female,reply,1.0,UgzWKuOXKcJk5tuPnvZ4AaABAg,0.0,,1750291200.0,-mvIktYig9Y,UgzWKuOXKcJk5tuPnvZ4AaABAg.AIgJJBGFyYmAIgN9SYcag1,,,,,,,,,,,,,0.0821,perpetrator_attack,1.0,1.0,1,0,gendered_moderate,0.015475288964807987,0.000152153690578416,0.00018710107542574406,0,model_flags_moderate_gendered_context
 @ParanoidBobby  I never said that. What are you reading?,YouTube,Nate The Lawyer,youtube_channel,Nate The Lawyer,[],0.0,0.0,0.1584,0.1153,yt-dlp,live_scrape,female,reply,1.0,Ugwyo2_tbwGS-otTJZ14AaABAg,0.0,@g-manjams,1747958400.0,yqcJbDJTa7g,Ugwyo2_tbwGS-otTJZ14AaABAg.9vnmtjRyrOPA6Fl_Q8Sgqt,,,,,,,,,,,,,0.1584,neutral_discourse,0.0,0.0,0,0,standard,0.004022954031825066,0.00015803503629285842,0.00010152425238629803,0,agreement
Inform me how gold diggers destroy the fabrications of men and how men are truly suffering because of everyday sexism from “gold diggers”.,YouTube,TEDx Talks,youtube_channel,TEDx Talks,[],0.0,0.0,0.3079,0.1074,yt-dlp,live_scrape,female,reply,1.0,UgxSyrYZ6DTSb6TR8694AaABAg,8.0,@XxxX-wx3er,1653264000.0,IshrD4mjnNU,UgxSyrYZ6DTSb6TR8694AaABAg.9IoEFVbU_pC9P7mzKYfR6a,,,,,,,,,,,,,0.3079,neutral_discourse,0.0,0.0,0,0,standard,0.33766260743141174,0.01744402013719082,0.0008613441023044288,0,agreement
classic misogynistic  hypocrisy in a nutshell.,YouTube,Brut India,youtube_channel,Brut India,[],0.0,0.0,0.2899,0.1071,yt-dlp,live_scrape,female,reply,1.0,Ugw2fn7RHB5Fi_QNAY14AaABAg,8.0,@zeuxlaught2797,1653264000.0,BiSFY3APYss,Ugw2fn7RHB5Fi_QNAY14AaABAg.9HJTkqnLfP99OrfxnbIbK7,,,,,,,,,,,,,0.2899,neutral_discourse,0.0,0.0,0,0,standard,0.2921396791934967,0.0020937665831297636,0.000403245649067685,0,agreement
​ @RamenzillaX I don't. I don't feel bad for them at all. ❤,YouTube,Don't Tell Comedy,youtube_channel,Don't Tell Comedy,[],0.0,0.0,0.3499,0.0984,yt-dlp,live_scrape,female,reply,1.0,UgxQ8OywDok602J5OFp4AaABAg,0.0,@amandasmith3504,1766448000.0,7Wl-Zgy1EKM,UgxQ8OywDok602J5OFp4AaABAg.AL875XveqbqAQUoRzk3bCl,,,,,,,,,,,,,0.3499,neutral_discourse,0.0,0.0,0,0,standard,0.0015648246044293046,0.00017456297064200044,0.00011059789540013298,0,agreement
Selfishness is the reality and personal freedom is the justification,YouTube,The Guardian,youtube_channel,The Guardian,[],0.0,0.0,0.3219,0.0973,yt-dlp,live_scrape,female,reply,1.0,UgwI7hhQE1GmaH2X7g94AaABAg,48.0,@sandeeppalagati4281,1778544000.0,HfwQvfchMXU,UgwI7hhQE1GmaH2X7g94AaABAg.AWfjk00qjI0AWg5uVFH8c5,,,,,,,,,,,,,0.3219,neutral_discourse,0.0,0.0,0,0,standard,0.03213000297546387,0.0005091169732622802,0.0003748374292626977,0,agreement
"​ @ZipMapp How is asking for a source either lazy or entitled? It's asking ""Hey, you know that thing you just claimed is true? What evidence do you have that it's true?""

If you see asking for verification or clarification as lazy or entitled, that says a lot more about you than about anyone else.",YouTube,Economics Explained,youtube_channel,Economics Explained,[],0.0,0.0,0.2841,0.0809,yt-dlp,live_scrape,female,reply,1.0,Ugw5_XUHhMIw1ONyw6p4AaABAg,2.0,@StormTheSquid,1716422400.0,iz3HRqg6Q4A,Ugw5_XUHhMIw1ONyw6p4AaABAg.9wSfRUFJOu79wYJHIrb_vy,,,,,,,,,,,,,0.2841,neutral_discourse,0.0,0.0,0,0,standard,0.07409096509218216,0.0005649974918924272,0.00024237885372713208,0,agreement
"Her husband (now ex-husband) probably worked his whole life and was an excellent provider for her and now after 50 years marriage she's divorcing him, taking millions of dollars her husband of 50 years slaved for after years so she can give it to a 20 year old scammer she never even met.  I realize she's older, but it's hard to believe people would be gullible enough to do this.  I don't know what's worse though, even if he was real, it's sad she would take all this money to give to an unworthy 20 year old fling.",YouTube,Catfished,youtube_channel,Catfished,[],1.0,1.0,0.5198,0.2599,yt-dlp,live_scrape,female,reply,1.0,Ugy1c7cx5dUHuzj83aV4AaABAg,3.0,@joeyedwards6001,1750636800.0,PU3x29_Cxls,Ugy1c7cx5dUHuzj83aV4AaABAg.AIfxxEeZ1EYAJIFgpP0e5B,,,,,,,,,,,,,0.5198,perpetrator_attack,1.0,1.0,1,0,gendered_moderate,0.05421940237283707,0.0007963530952110887,0.00021418978576548398,0,model_flags_moderate_gendered_context
"Melanie Scheiter yes we do. The decision on abortion affects men as well. Remember, we are legally responsbile for the child, and have no option to choose to abort being a parent like a woman. This isn't a right men don't have. It's differences in opportunities, period. No matter what legislation is made on the issue of abortion, it affects men as well.",YouTube,BBC Trending,youtube_channel,BBC Trending,[],1.0,1.0,0.5279,0.264,yt-dlp,live_scrape,female,reply,1.0,Ugha6t1eJmxIEXgCoAEC,6.0,@dostthouevenlogicbrethren1739,1558569600.0,pZBpdZbSYSg,Ugha6t1eJmxIEXgCoAEC.7-H0Z7-6FuB8jqJpqcuTik,,,,,,,,,,,,,0.5279,perpetrator_attack,1.0,1.0,1,0,gendered_moderate,0.0010655091609805822,0.00016417338338214904,0.00010252134234178811,0,model_flags_moderate_gendered_context
Exactly ​ @AnnaClaraCloudlet ,YouTube,Catfished,youtube_channel,Catfished,[],0.0,0.0,0.193,0.1104,yt-dlp,live_scrape,female,reply,1.0,UgxxPGqZ21cPhMM4XBt4AaABAg,0.0,@tammiemcwilliams4259,1753228800.0,PU3x29_Cxls,UgxxPGqZ21cPhMM4XBt4AaABAg.AIpKaDuaEdJAJhxLqWXjFF,,,,,,,,,,,,,0.193,neutral_discourse,0.0,0.0,0,0,standard,0.0011519190156832337,0.00013903553190175444,0.00010054731683339924,0,agreement
"No she did not cook him. She is the definition and problem with women all over the world being being so unhappy!  She couldn't even define ""What is a Woman"" in the very beggining!",YouTube,unknown,youtube_channel,unknown,,1.0,1.0,0.5313,0.2656,youtube_scraped,live_scrape,female,reply,1.0,UgyabCZ9FNOJ1M4HKVd4AaABAg,0.0,,1750291200.0,-mvIktYig9Y,UgyabCZ9FNOJ1M4HKVd4AaABAg.AIi89qZQaH4AIizpIIaMHN,,,,,,,,,,,,,0.5313,perpetrator_attack,1.0,1.0,1,0,gendered_moderate,0.8537474274635315,0.1676451414823532,0.0029298628214746714,1,agreement
they know..they just need to believe,YouTube,Catfished,youtube_channel,Catfished,[],0.0,0.0,0.3553,0.1927,yt-dlp,live_scrape,female,reply,1.0,UgzK8c3kL5FFi9oIR514AaABAg,0.0,@user-kf9sb6xi7q,1716422400.0,72_vKNULbms,UgzK8c3kL5FFi9oIR514AaABAg.9ogamuZIP489sGuPRRgEGx,,,,,,,,,,,,,0.3553,neutral_discourse,0.0,0.0,0,0,standard,0.0009435135871171951,0.00016322796000167727,0.00012468760542105883,0,agreement
if you actually get into it. It's not about the sex in reality. Even with one of the incels that they showed. He was capable of having sex but he found that not to be enough.,YouTube,SBS The Feed,youtube_channel,SBS The Feed,[],0.0,0.0,0.2556,0.1136,yt-dlp,live_scrape,female,reply,1.0,UgwAu9jO7QUjY2-YVFx4AaABAg,277.0,@liljay300000,1716422400.0,YWeKsNPdhMw,UgwAu9jO7QUjY2-YVFx4AaABAg.9xWSBW6soMk9xafvD6KWGs,,,,,,,,,,,,,0.2556,neutral_discourse,0.0,0.0,0,0,standard,0.023273689672350883,0.00030571187380701303,0.00020863347162958235,0,agreement
"@roberthatch6230 first off learn to spell. Second only 30-40 percent of college graduates get a job in their field of study. Third guess where Charlie figured out college is not worth it?  At college. Fourth many successful people didn’t finish college but I bet you wouldn’t criticize B. Gates, M. Zuckerberg or S. Jobs.",YouTube,unknown,youtube_channel,unknown,,0.0,0.0,0.2291,0.2024,youtube_scraped,live_scrape,female,reply,1.0,UgyPw_ti4DjYEhlsEzF4AaABAg,0.0,,1781395200.0,-mvIktYig9Y,UgyPw_ti4DjYEhlsEzF4AaABAg.AInP0QxX6YQAY-IRm7UhJv,,,,,,,,,,,,,0.2291,neutral_discourse,0.0,0.0,0,0,standard,0.0020147485192865133,0.00015063145838212222,9.212135773850605e-05,0,agreement
"Well, basically (from what I’ve seen) it’s usually like this:

If a woman makes a man mad, the woman is an asshole

If a man makes a woman mad, the woman is just overreacting",YouTube,Brut India,youtube_channel,Brut India,[],1.0,1.0,0.7111,0.3555,yt-dlp,live_scrape,female,reply,1.0,Ugwf_nPtgMnQAb3y6w94AaABAg,18.0,@EllentheGreat_1,1621728000.0,BiSFY3APYss,Ugwf_nPtgMnQAb3y6w94AaABAg.9AtXlH0bP3R9H9fxlhmb8z,,,,,,,,,,,,,0.7111,perpetrator_attack,1.0,1.0,1,0,gendered_moderate,0.8070937395095825,0.012568523176014423,0.0014129900373518467,1,agreement
@bepsi6204  She was as are you,YouTube,unknown,youtube_channel,unknown,,0.0,0.0,0.1829,0.1108,youtube_scraped,live_scrape,female,reply,1.0,Ugz8qhZBOZjz_163jc14AaABAg,0.0,,1760832000.0,-mvIktYig9Y,Ugz8qhZBOZjz_163jc14AaABAg.AO8Tj_G3PgiAOLFDGdIOpu,,,,,,,,,,,,,0.1829,neutral_discourse,1.0,0.0,0,0,standard,0.1660284548997879,0.0008487060549668968,0.000314614298986271,0,agreement
"Also, no, I didn't delete comments. Because of the Google+/YouTube divorce, for whatever reason, my comment threads only show up in completion on Google+ and not on YouTube. I very rarely delete comments. But hey, you're not going to believe me, so... meh.",YouTube,Steve Shives,youtube_channel,Steve Shives,[],0.0,0.0,0.2148,0.2527,yt-dlp,live_scrape,female,reply,1.0,UghVwKWXYy-iq3gCoAEC,0.0,@Yukinoomoni,1463961600.0,u9aiG33ZGa4,UghVwKWXYy-iq3gCoAEC.83KAj-qSj3i7-JjvFDBSzg,,,,,,,,,,,,,0.1974,neutral_discourse,0.0,0.0,0,0,standard,0.005835798569023609,0.0001768744405126199,0.00014519829710479826,0,agreement
This was mind-blowing! It was my first time seeing her,YouTube,Don't Tell Comedy,youtube_channel,Don't Tell Comedy,[],0.0,0.0,0.1174,0.0966,yt-dlp,live_scrape,female,reply,1.0,UgwCDhqSNKCHwZMCa9V4AaABAg,4.0,@exthechickenwing,1755907200.0,7Wl-Zgy1EKM,UgwCDhqSNKCHwZMCa9V4AaABAg.AL7uIx5CefjAL8P6Hf9tam,,,,,,,,,,,,,0.1174,neutral_discourse,1.0,0.0,0,0,standard,0.014882555231451988,0.00018537291907705367,0.00021653455041814595,0,agreement
"Someone tried to cat call me and my mom last year and my mom immediately turned around, gave him a death starre, and yelled at him. He was so embarassed and his friends laughed at him. She told him that he was mannerless and that he wouldn't like it if someone did it to his loved ones so he shouldn't do it to others. She also said that if he doesn't get offended when other guys do that to his loved ones, he needs a new brain. His facial expression immediately looked like the big poo you've failed to flush for the 20th time.",YouTube,Cosmopolitan,youtube_channel,Cosmopolitan,[],0.0,0.0,0.1444,0.1074,yt-dlp,live_scrape,female,comment,0.0,,402.0,@abcdefoff3307,1590192000.0,oWEKD493IxY,UgyJNE0ol1nJqR1jPVR4AaABAg,,,,,,,,,,,,,0.1444,neutral_discourse,1.0,0.0,0,0,standard,0.19098231196403503,0.0028874631971120834,0.0006548161618411541,0,agreement
"Finally, a sane answer. I think Charlie could've done better pointing out that ""she wants women to have entitlements, not equal treatment"" and show how inherently, feminism sees women as incapable of actually keeping up with men overall (professionally speaking) but instead he focused too much on the spiritual aspects of it",YouTube,unknown,youtube_channel,unknown,,1.0,1.0,0.6656,0.3328,youtube_scraped,live_scrape,female,reply,1.0,UgxKo9QA-YAnLEfsAZp4AaABAg,0.0,,1763510400.0,-mvIktYig9Y,UgxKo9QA-YAnLEfsAZp4AaABAg.APNcD2cqdpHAPOYOxE1JLO,,,,,,,,,,,,,0.6656,perpetrator_attack,1.0,1.0,1,0,gendered_moderate,0.0011983555741608143,0.0002072800270980224,0.00010313683014828712,0,likely_lexical_overfitting_edos_vocabulary
"Okay! I love you Maddie!!!That was awesome !!! Come to Dallas, TX!",YouTube,Don't Tell Comedy,youtube_channel,Don't Tell Comedy,[],0.0,0.0,0.2041,0.2401,yt-dlp,live_scrape,female,comment,0.0,,1.0,@frogkisser,1761177600.0,7Wl-Zgy1EKM,Ugya8gQzHuT9fqbszSV4AaABAg,,,,,,,,,,,,,0.1811,neutral_discourse,0.0,0.0,0,0,standard,0.0009243974345736206,0.00013312188093550503,0.00014527750317938626,0,agreement
"+Moore or Less Go back to trolling Christian videos, please, your sexism is too obvious here.",YouTube,Steve Shives,youtube_channel,Steve Shives,[],0.0,0.0,0.4076,0.1469,yt-dlp,live_scrape,female,reply,1.0,UggxwnyZa-cnPngCoAEC,2.0,@K_i_t_t_y84,1463961600.0,u9aiG33ZGa4,UggxwnyZa-cnPngCoAEC.83JdsXFxH1m7-Hanjv-erM,,,,,,,,,,,,,0.4076,neutral_discourse,0.0,0.0,0,0,standard,0.891890287399292,0.09074406325817108,0.0037211799062788486,1,detoxify_flags_general_toxicity_not_gendered_harm
 @ww42670  I hope he isn't,YouTube,BBC Trending,youtube_channel,BBC Trending,[],0.0,0.0,0.4042,0.4755,yt-dlp,live_scrape,female,reply,1.0,Ugi887VOxW6u23gCoAEC,0.0,@daeith1233,1684800000.0,pZBpdZbSYSg,Ugi887VOxW6u23gCoAEC.7-H0Z7-J8fu9m3yP18XSnn,,,,,,,,,,,,,0.1495,neutral_discourse,0.0,0.0,0,0,standard,0.00336208613589406,0.00017693433619569987,0.00014114340592641383,0,agreement
"Atleast some guys stand, one grab chair and talk to him.. but look at those 2 girls. They didn't even bother to stand and see that incident... 
 Why???",YouTube,Guardian News,youtube_channel,Guardian News,[],0.0,0.0,0.3171,0.283,yt-dlp,live_scrape,female,comment,0.0,,10.0,@RahulChaudhary-eh7oh,1558569600.0,u-VcErKk6Qs,Ugw5gm9fH4u_nDNhbkh4AaABAg,,,,,,,,,,,,,0.3171,neutral_discourse,1.0,0.0,0,0,standard,0.005627049133181572,0.0002333150914637372,0.00012237024202477187,0,agreement
​ @Behindthejab ican gurantee he didnt say or reference that lol,YouTube,Counterpoint,youtube_channel,Counterpoint,[],0.0,0.0,0.1687,0.0587,yt-dlp,live_scrape,female,reply,1.0,Ugyc4W7hVTOLRVa0RJ14AaABAg,24.0,@countpimpula424,1761177600.0,uzw8XOp6_zU,Ugyc4W7hVTOLRVa0RJ14AaABAg.ANfO3qQPKwTAOJauAy59A7,,,,,,,,,,,,,0.1687,neutral_discourse,0.0,0.0,0,0,standard,0.013825264759361744,0.00021155911963433027,0.00013127490819897503,0,agreement
"Charlie: Its funny.

Me: Yes you are funny 😂",YouTube,unknown,youtube_channel,unknown,,0.0,0.0,0.1813,0.1113,youtube_scraped,live_scrape,female,comment,0.0,,0.0,,1752883200.0,-mvIktYig9Y,UgypESF161Wqrs3naLV4AaABAg,,,,,,,,,,,,,0.1813,neutral_discourse,0.0,0.0,0,0,standard,0.0009589891415089369,0.00013597577344626188,0.00010957324411720037,0,agreement
I want to know what Matt's reaction is to all this,YouTube,Catfished,youtube_channel,Catfished,[],0.0,0.0,0.2179,0.113,yt-dlp,live_scrape,female,reply,1.0,UgzHKKpxstP_TOH5diB4AaABAg,1.0,@heathergeorge7431,1776902400.0,PU3x29_Cxls,UgzHKKpxstP_TOH5diB4AaABAg.AImSUBw6N9RAVaWQRaOFS-,,,,,,,,,,,,,0.2179,neutral_discourse,0.0,0.0,0,0,standard,0.0015198439359664917,0.00014789302076678723,0.00011627947969827801,0,agreement
"Of you add something after it like ""beautiful"" or ""gorgeous"" to strangers and you're not looking at her face, than yeah it's wrong",YouTube,Pop Trigger,youtube_channel,Pop Trigger,[],0.0,0.0,0.3306,0.2812,yt-dlp,live_scrape,female,reply,1.0,Ugjasq1Xi4LnI3gCoAEC,3.0,@ashlynm2352,1432339200.0,h9Lf3-vJn4E,Ugjasq1Xi4LnI3gCoAEC.7-H0Z7-RKWC7-H3puAZ19i,,,,,,,,,,,,,0.3306,neutral_discourse,1.0,0.0,0,0,standard,0.0020400118082761765,0.00015069796063471586,0.00011538349644979462,0,agreement
​ @jordohiz1493  it's a heavily refined rework of her set that was posted 1-2 years ago. She's one of the best they've ever uploaded going by views and likes. I'm so happy she's back on DTC lol,YouTube,Don't Tell Comedy,youtube_channel,Don't Tell Comedy,[],1.0,1.0,0.6012,0.3006,yt-dlp,live_scrape,female,reply,1.0,Ugya0n6Dj8SRqbJW26B4AaABAg,6.0,@TrustMelDontCare,1755907200.0,7Wl-Zgy1EKM,Ugya0n6Dj8SRqbJW26B4AaABAg.AL82uYeNS7fALBL_vhSWw1,,,,,,,,,,,,,0.6012,perpetrator_attack,1.0,1.0,1,0,gendered_moderate,0.0009398928377777338,0.0001326033379882574,0.00010984775144606829,0,model_flags_moderate_gendered_context
The health one unexpectedly triggered me in a way I have never been before since I had an ex accuse me of faking health problems for attention then come to find out I had severe stenosis in my lower spine that was crushing my spinal cord flat and causing all sorts of problems,YouTube,Jarvis Johnson! GOLD,youtube_channel,Jarvis Johnson! GOLD,[],1.0,1.0,0.4642,0.0559,yt-dlp,live_scrape,female,comment,0.0,,58.0,@jessicapeterson4281,1747958400.0,gIHUdvYpBMQ,UgzxSeM4_Z9hwN3s8dx4AaABAg,,,,,,,,,,,,,0.4642,neutral_discourse,0.0,0.0,1,0,gendered_moderate,0.024630019441246986,0.00035858547198586166,0.00030704119126312435,0,model_flags_moderate_gendered_context
 @HOTSHOTNYC  people are too gullable,YouTube,Catfished,youtube_channel,Catfished,[],0.0,0.0,0.1369,0.1599,yt-dlp,live_scrape,female,reply,1.0,UgzK8c3kL5FFi9oIR514AaABAg,1.0,@rupertperiwinkle4477,1716422400.0,72_vKNULbms,UgzK8c3kL5FFi9oIR514AaABAg.9ogamuZIP48A1yyb6WITw_,,,,,,,,,,,,,0.1369,neutral_discourse,0.0,0.0,0,0,standard,0.1597868800163269,0.0007189479656517506,0.00030082420562393963,0,agreement
