row_id,comment_text,platform,community,community_type,subreddit,hashtags,is_harmful,is_gendered_harm,toxicity_score,threat_score,dataset_source,dataset_split,target_gender,content_category,thread_depth,parent_comment_id,score,author,created_utc,video_id,comment_id,women_priority_community,post_title,permalink,post_id,is_deleted,is_removed,scraped_at,search_query,tweet_id,davidson_class,is_proxy,is_historical,gendered_harm_proba,harm_role,targets_women,directed_at_women,whsi_harm_flag,has_severe_language,content_severity,_tkey,_band
v2_0000,"The party currently in power has stated that they want to eradicate us, they did this at their big convention and it was applauded. They are attempting to do so through a thousand cuts. Placing trans women in men's prisons puts us at great physical risk, look up V coding. Bathroom laws put all trans people at risk by putting us in positions where we are statistically more likely to be assaulted. Florida has allowed EMTs and emergency medical staff to not administer care to trans people. Banning gender affirming care increases suicidality and also makes us more easily identifiable and targetable. All of these are happening in states across the country and they have already resulted in death. They will likely not pass a law that says 'trans people are banned from existing"" but they will narrow in the laws targeting us until we can barely exist within our own homes. Get your head out from under a rock or don't talk about things you know nothing about.",Reddit,BlueskySkeets,subreddit,BlueskySkeets,,1.0,1.0,0.6011,0.0875,pullpush_live_search,live_scrape,female,,,,1.0,HoInSappho,1747657655.0,,mt406ue,,,,,,,2026-06-19T13:14:58.222165,assaulted,,,,,0.6011,neutral_discourse,1.0,0.0,1,1,severe,"the party currently in power has stated that they want to eradicate us, they did this at their big convention and it was applauded. they are attempting to do so through a thousand cuts. placing trans women in men's prisons puts us at great physical risk, look up v coding. bathroom laws put all trans people at risk by putting us in positions where we are statistically more likely to be assaulted. florida has allowed emts and emergency medical staff to not administer care to trans people. banning ",high
v2_0001,Don't get a mf attitude bitch. I'm not about to justify shit.,Twitter,twitter_historical,historical_hashtag,twitter_historical,,1.0,1.0,0.9012,0.4506,davidson_2017_twitter,historical_twitter,female,,,,,,,,,,,,,,,2026-06-22T05:53:17.802114+00:00,,8798.0,1.0,0.0,1.0,0.9012,perpetrator_attack,1.0,1.0,1,1,severe,don't get a mf attitude bitch. i'm not about to justify shit.,high
v2_0002,#Remake with #granny DCYOUNGFLY Dirtymoney24 #TeamIgnat #HoodComedy damn that bitch a BAB!!!! that's a Big ... https://t.co/mgr10pz8iJ,Twitter,Remake,historical_hashtag,Remake,"Remake,granny,TeamIgnat,HoodComedy",1.0,1.0,0.9644,0.4822,davidson_2017_twitter,historical_twitter,female,,,,,,,,,,,,,,,2026-06-22T05:53:17.802114+00:00,,764.0,1.0,0.0,1.0,0.9644,perpetrator_attack,1.0,1.0,1,1,severe,#remake with #granny dcyoungfly dirtymoney24 #teamignat #hoodcomedy damn that bitch a bab!!!! that's a big ... https://t.co/mgr10pz8ij,high
v2_0003,"Shut up you stupid bitch. Y’all always think a random anecdote is going to shake the table in the face of empirical data. 

Yes, that’s cute and Mark Zuckerberg became a billionaire at 24. “Anything is possible.” “Personal accountability” is irrelevant in the face of a SOCIAL phenomenon.",Reddit,PeterExplainsTheJoke,subreddit,PeterExplainsTheJoke,,1.0,1.0,0.8291,0.4145,pullpush_live_search,live_scrape,female,,,,1.0,BeeLamb,1747623573.0,,mt28q5x,,,,,,,2026-06-19T13:14:11.953239,stupid bitch,,,,,0.8291,perpetrator_attack,1.0,1.0,1,1,severe,"shut up you stupid bitch. y’all always think a random anecdote is going to shake the table in the face of empirical data. yes, that’s cute and mark zuckerberg became a billionaire at 24. “anything is possible.” “personal accountability” is irrelevant in the face of a social phenomenon.",high
v2_0004,"RT @omfgmeezy: she stole my shit, what a little niglet.",Twitter,twitter_historical,historical_hashtag,twitter_historical,,0.0,0.0,0.1544,0.1347,davidson_2017_twitter,historical_twitter,female,,,,,,,,,,,,,,,2026-06-22T05:53:17.802114+00:00,,19802.0,1.0,0.0,1.0,0.1544,neutral_discourse,1.0,0.0,0,1,severe,"rt @omfgmeezy: she stole my shit, what a little niglet.",low
v2_0005,"You keep repeating the same claims without providing actual evidence, while ignoring the historical context and contradictions in your argument. First, regarding Aisha (RA), the commonly cited narration from Sahih Bukhari and Sahih Muslim states she was 6 at marriage and 9 at consummation, but multiple scholars and historians have pointed out inconsistencies in these reports. Early Islamic historians like Ibn Ishaq, Al-Tabari, and Ibn Hisham suggest she was older, with estimates placing her between 16-19 years old. The Quran itself (Surah An-Nisa 4:6) mandates maturity and consent for marriage, meaning that it was always about readiness, not an arbitrary number. Meanwhile, historical records show that early marriage was a universal practice across civilizations, including Christian, Jewish, Hindu, and even Western societies. If you are genuinely concerned about ethics, why do you ignore this context and selectively target Islam? Second, regarding Ibrahim (AS), you continue to misrepresent the Quranic account. The Quran (37:107) explicitly states that Allah replaced the sacrifice with a ram—meaning no child was ever harmed. This was a test of faith, not murder. If you truly believe this story is “psychotic,” then why do you ignore the Bible, which narrates the same event in Genesis 22:1-18 and even claims that Abraham was willing to go through with it? Your selective outrage exposes your bias. Third, you contradict yourself by acknowledging that Islam produces “good people” while claiming that the Quran is “twisted and messed up.” How does a religion that follows a supposedly corrupt book result in ethical and moral societies? The values you claim to respect in Islam—honesty, charity, integrity—are rooted in the Quran itself. You are effectively admitting that the Quran leads to good outcomes while simultaneously attacking it, which makes no logical sense. Fourth, your rejection of the Quran’s divine authenticity is based on nothing but personal opinion. The Quran is the only religious text that has remained completely preserved for 1400+ years, unlike the Bible, which has thousands of variations and contradictions. The Sumerian myths you reference have multiple conflicting versions, yet you accept them as historical while dismissing the Quran despite its unparalleled preservation. That’s not objectivity—that’s cognitive dissonance. Finally, you speak about morality but conveniently ignore the atrocities happening today. While you fixate on historical narratives, thousands of innocent children are being slaughtered in Gaza right now. The very Western governments that claim to uphold “human rights” are actively funding genocide, yet you have nothing to say about it. If you actually cared about ethics and justice, you would speak out against these real-world atrocities instead of selectively attacking Islam. Your entire argument is built on misrepresentation, contradictions, and selective reasoning. You claim to be objective, but your bias is clear. You refuse to acknowledge historical context, you apply modern standards selectively, and you ignore real injustices happening in front of you while obsessing over 1400-year-old historical norms. If you have actual evidence beyond vague references and Google searches, present it. Otherwise, your argument is nothing more than a biased attack disguised as intellectual critique. Also, do you follow any religion, or are you just here to attack others while refusing to be accountable for your own beliefs?",Telegram,Religiousdebate,telegram_group,Religiousdebate,,1.0,1.0,0.4387,0.2193,telegram_messages,live_scrape,female,,,,,,1741429.0,,4229,,,,,,,,,,,,,0.4387,perpetrator_attack,1.0,1.0,1,0,gendered_moderate,"you keep repeating the same claims without providing actual evidence, while ignoring the historical context and contradictions in your argument. first, regarding aisha (ra), the commonly cited narration from sahih bukhari and sahih muslim states she was 6 at marriage and 9 at consummation, but multiple scholars and historians have pointed out inconsistencies in these reports. early islamic historians like ibn ishaq, al-tabari, and ibn hisham suggest she was older, with estimates placing her betw",mid
v2_0006,Just so you know that these polls are anonymous👆👆,Telegram,indiansconfessions,telegram_group,indiansconfessions,,0.0,0.0,0.4,0.1577,telegram_messages,live_scrape,mixed,,,,3021.0,,1504371.0,,97,,,,,,,,,,,,,0.4,neutral_discourse,0.0,0.0,0,0,standard,just so you know that these polls are anonymous👆👆,mid
v2_0007,"Amanda Uesi learning to cook is a skill, anyone can make a sandwich, that’s not cooking, what time will you learn how to?, the best time is early in your 13 -18 when you don’t have that much responsibility, stop telling girls lies, they will end up miserable and sad in the future, stop telling them what they wanna hear but tell them the truth even if it hurts",YouTube,HuffPost,youtube_channel,HuffPost,[],1.0,1.0,0.4803,0.2401,yt-dlp,live_scrape,female,reply,1.0,Ugw5jCjF-z-8fxIENRh4AaABAg,1.0,@pinkylinky4,1621728000.0,9yMFw_vWboE,Ugw5jCjF-z-8fxIENRh4AaABAg.98nBUpWWp6A9Caj4YPo1fh,,,,,,,,,,,,,0.4803,perpetrator_attack,1.0,1.0,1,0,gendered_moderate,"amanda uesi learning to cook is a skill, anyone can make a sandwich, that’s not cooking, what time will you learn how to?, the best time is early in your 13 -18 when you don’t have that much responsibility, stop telling girls lies, they will end up miserable and sad in the future, stop telling them what they wanna hear but tell them the truth even if it hurts",mid
v2_0008,Some women are hyper vigilant because of sexual harassment in the past they’ve experienced. I would choose not being able to check out women’s gym forms over higher incidences of sexual harassment.,Reddit,AmItheAsshole,subreddit,AmItheAsshole,,1.0,1.0,0.8294,0.4147,pullpush_live_search,live_scrape,female,,,,6.0,Misuteriisakka,1747646932.0,,mt3eq1l,,,,,,,2026-06-19T13:14:45.327263,sexual harassment,,,,,0.8294,perpetrator_attack,1.0,1.0,1,1,severe,some women are hyper vigilant because of sexual harassment in the past they’ve experienced. i would choose not being able to check out women’s gym forms over higher incidences of sexual harassment.,high
v2_0009,"Confession #27

Iam a boy aged 22 i have a gf chubby girl i think she had sex with someone because she is not interested in me as before she does....she just wants money...whoever he have more money she keeps relation with her....that fucking bitch... i tested once without giving any money to her since 1yr and now she doesnt talk to me and finally blocked my number. She only came and proposed to me...and now that fucking bitch doesnt even care abt me..mai baut acha rehtaa thaa...ache se baat kartaa tha aur ache se gumaataa tha...i have also given so much respect what she deserves at that time..but acha rehne se chutiya banaata h na ye duniya k logo ne...ye mera first relationship tha...(83********) ye number ko hi karti thi laundi...mije phone bi nai dikaati thi uskaa....m b nai poostaa tha kyunki vaa pr trust tha...",Telegram,anonymousconfess,telegram_group,anonymousconfess,27,1.0,1.0,0.8836,0.4418,telegram_messages,live_scrape,female,,,,2060.0,,1677398.0,,34,,,,,,,,,,,,,0.8836,perpetrator_attack,1.0,1.0,1,1,severe,confession #27 iam a boy aged 22 i have a gf chubby girl i think she had sex with someone because she is not interested in me as before she does....she just wants money...whoever he have more money she keeps relation with her....that fucking bitch... i tested once without giving any money to her since 1yr and now she doesnt talk to me and finally blocked my number. she only came and proposed to me...and now that fucking bitch doesnt even care abt me..mai baut acha rehtaa thaa...ache se baat kart,high
v2_0010,"Indonesia launches free meal programme for children and pregnant women
@aljazeeraenglish",Telegram,AlJazeeraEnglish,telegram_group,AlJazeeraEnglish,,0.0,0.0,0.3887,0.0607,telegram_messages,live_scrape,female,,,,1103.0,,1736325.0,,12913,,,,,,,,,,,,,0.3887,neutral_discourse,1.0,0.0,0,0,standard,indonesia launches free meal programme for children and pregnant women @aljazeeraenglish,mid
v2_0011,Ain't this a bitch---&gt; Clock mistake in Alabama-Arkansas - via @ESPN Champ Drive http://t.co/Go1XTsuv6O,Twitter,twitter_historical,historical_hashtag,twitter_historical,,1.0,1.0,0.8789,0.4395,davidson_2017_twitter,historical_twitter,female,,,,,,,,,,,,,,,2026-06-22T05:53:17.802114+00:00,,7539.0,1.0,0.0,1.0,0.8789,perpetrator_attack,1.0,1.0,1,1,severe,ain't this a bitch---&gt; clock mistake in alabama-arkansas - via @espn champ drive http://t.co/go1xtsuv6o,high
v2_0012,Man in rain meme template,Telegram,ig_meme_templatesofficial,telegram_group,ig_meme_templatesofficial,,0.0,0.0,0.18,0.1392,telegram_messages,live_scrape,mixed,,,,7438.0,,1745211.0,,634,,,,,,,,,,,,,0.18,neutral_discourse,0.0,0.0,0,0,standard,man in rain meme template,low
v2_0013,@Lisa Lubbers Thank you! Stay safe :),YouTube,Cosmopolitan,youtube_channel,Cosmopolitan,[],0.0,0.0,0.1328,0.1562,yt-dlp,live_scrape,female,reply,1.0,UgwJcLAIdfgoJ6epm654AaABAg,5.0,@snowdropsrainhappiness5385,1621728000.0,oWEKD493IxY,UgwJcLAIdfgoJ6epm654AaABAg.97ALsTGFxNX9MGR9g00g1O,,,,,,,,,,,,,0.085,neutral_discourse,0.0,0.0,0,0,standard,@lisa lubbers thank you! stay safe :),low
v2_0014,"Other day I had a teammate that absolutely pissed me off. I was injured, the last two teammates were on hooks. I stood there for a little bit deciding whether to look for hatch or go for the save even though the Killer was camping. I guess I'm dumb, I'm not a bitch and I like challenging saves because I didn't feel right leaving them since they were hitting their skill checks and holding. I manage to, somehow, save both of them without going down. The Killer returns to the cage area looking for us so we split in different directions. The Killer downs one of the guys I unhooked and I have the misfortune of running into the other. The teammate who went down and I get hooked. The Killers split up and look for the last Survivor and not camping as a result so I hit my skill checks to see if they return the favor. NOPE. Her ungrateful ass is crouched near one of the gates while she waits for the Killers to find the hatches. As soon as they close the hatches she opens the gate and runs out. I get sacrificed.

In end game chat, she's all ""Sorry, Mikaela, I had to dip"" and I was furious and told her ""I need to stop saving people in end game without a second thought, but Im not a bitch."" She left immediately and one of the Killers laughed",Reddit,DeadByDaylightRAGE,subreddit,DeadByDaylightRAGE,,1.0,1.0,0.6731,0.3365,pullpush_live_search,live_scrape,female,,,,6.0,watermelonpizzafries,1747617683.0,,mt1teuw,,,,,,,2026-06-19T13:15:28.691061,dumb bitch,,,,,0.6731,perpetrator_attack,1.0,1.0,1,1,severe,"other day i had a teammate that absolutely pissed me off. i was injured, the last two teammates were on hooks. i stood there for a little bit deciding whether to look for hatch or go for the save even though the killer was camping. i guess i'm dumb, i'm not a bitch and i like challenging saves because i didn't feel right leaving them since they were hitting their skill checks and holding. i manage to, somehow, save both of them without going down. the killer returns to the cage area looking for ",high
v2_0015,"The funny thing is the daughter never got kicked out on her one night stand, I didn't have the courage to tell her, her mom an official hoe",Twitter,twitter_historical,historical_hashtag,twitter_historical,,1.0,1.0,0.4968,0.1133,davidson_2017_twitter,historical_twitter,female,,,,,,,,,,,,,,,2026-06-22T05:53:17.802114+00:00,,21558.0,1.0,0.0,1.0,0.4968,neutral_discourse,1.0,0.0,1,0,gendered_moderate,"the funny thing is the daughter never got kicked out on her one night stand, i didn't have the courage to tell her, her mom an official hoe",mid
v2_0016,Is here some goth girl ready to be owned?,Telegram,badoocom,telegram_group,badoocom,,0.0,0.0,0.3586,0.1855,telegram_messages,live_scrape,female,,,,,,1779574.0,,11858364,,,,,,,,,,,,,0.3586,neutral_discourse,1.0,0.0,0,0,standard,is here some goth girl ready to be owned?,mid
v2_0017,"if toxic masculinity exists, then so does toxic femininity.",YouTube,Counterpoint,youtube_channel,Counterpoint,[],1.0,1.0,0.5541,0.3924,yt-dlp,live_scrape,female,reply,1.0,UgwEepJk3QIt9Iu9AiB4AaABAg,55.0,@njreyy,1761177600.0,uzw8XOp6_zU,UgwEepJk3QIt9Iu9AiB4AaABAg.ANPitpu_tuUANac69vx9IM,,,,,,,,,,,,,0.5541,perpetrator_attack,0.0,0.0,1,0,gendered_moderate,"if toxic masculinity exists, then so does toxic femininity.",high
v2_0018,Victim-blaming beta soy boi? Or just working on getting a date with liberal Feminazi? I'm just curious.,Reddit,PurplePillDebate,subreddit,PurplePillDebate,,1.0,1.0,0.4784,0.3539,pullpush_live_search,live_scrape,,,,,1.0,TFME1,1747451433.0,,msqjln8,,,,,,,2026-06-19T13:14:41.252585,feminazi,,,,,0.4784,perpetrator_attack,0.0,0.0,1,1,severe,victim-blaming beta soy boi? or just working on getting a date with liberal feminazi? i'm just curious.,mid
v2_0019,"Confession #70

I got a girl who’s obsessed with me. Rich family, only child, naive as fuck, but damn pretty with a smoking hot body. She let me fuck on the first date. Made her come hard as fuck. After that she was obsessed with my cock. I fucked her for a few days and got bored with her so I told her we should break up. Bitch started crying and begging me to not dump her. I beat her and told her to get lost. But the bitch said she’d let me do anything I wanted. My head was full of ideas at this point. So I fucked her again. Next day I dressed her up all nice like a slut in a tiny dress. No underwear. Then I drove her to a shitty part of town late at night. Everything was closed by now but there were some small dhaabas with some dirty and drunk looking uncles and some chapri looking guys. They kept staring at her like they were ready to jump any moment. I told her to get naked and that if she doesn’t, I’ll leave her with these horny dudes who will rape her until morning. Tears rolled down her cheeks as she dropped her dress in front of the men. They clicked pics and started hooting like wild animals. When some guys started walking to her, I shouted at her to get inside. She left her dress in panic and we drove away. In the car she bawled her eyes out like a baby holding herself with her arms. I just couldn’t stop laughing. I fucked her on the empty road and bitch came twice even while crying. I’m having so much fun with her. What other things should I do with her? Any ideas?",Telegram,anonymousconfess,telegram_group,anonymousconfess,70,1.0,1.0,0.929,0.4645,telegram_messages,live_scrape,female,,,,4568.0,,1711137.0,,100,,,,,,,,,,,,,0.929,perpetrator_attack,1.0,1.0,1,1,severe,"confession #70 i got a girl who’s obsessed with me. rich family, only child, naive as fuck, but damn pretty with a smoking hot body. she let me fuck on the first date. made her come hard as fuck. after that she was obsessed with my cock. i fucked her for a few days and got bored with her so i told her we should break up. bitch started crying and begging me to not dump her. i beat her and told her to get lost. but the bitch said she’d let me do anything i wanted. my head was full of ideas at this",high
v2_0020,"Has she been paying for everything/the majority of expenses since you haven't had a job for over a year? I understand your point about how you'll be able to improve both your lives after this but if she's been paying the rent, bills, etc for the last year I can also see why she wouldn't want to part with another hundred. ",Reddit,relationship_advice,subreddit,relationship_advice,,1.0,1.0,0.1899,0.0949,reddit_harassment_dataset,live_scrape,female,,,,132.0,magicspacehippie,1779604.0,,onk5ibd,0.0,"I (29M) asked my girlfriend (28F) of 6 years for a small loan for 2 days, her reaction has me questioning the relationship",https://reddit.com/r/relationship_advice/comments/1tm3omr/i_29m_asked_my_girlfriend_28f_of_6_years_for_a/,,,,,,,,,,0.1899,perpetrator_attack,1.0,1.0,1,0,gendered_moderate,"has she been paying for everything/the majority of expenses since you haven't had a job for over a year? i understand your point about how you'll be able to improve both your lives after this but if she's been paying the rent, bills, etc for the last year i can also see why she wouldn't want to part with another hundred.",low
v2_0021,Trashman is a stupid hoarding bitch that thinks his farm will all be hofs,Reddit,NYYankees,subreddit,NYYankees,,1.0,1.0,0.9576,0.4788,pullpush_live_search,live_scrape,female,,,,2.0,Djhegarty,1747618834.0,,mt1wfqr,,,,,,,2026-06-19T13:14:11.953269,stupid bitch,,,,,0.9576,perpetrator_attack,1.0,1.0,1,1,severe,trashman is a stupid hoarding bitch that thinks his farm will all be hofs,high
v2_0022,"I think I agree with some of what she says, but it's like someone is speeding up her voice when it's her turn. Why do women have to either shout or speak like a chipmunk to get our point across? I got about halfway through, sorry. Couldn't take it anymore. But what I did sit through, they both remained respectful (despite a couple jabs) which was nice.",YouTube,unknown,youtube_channel,unknown,,1.0,1.0,0.7166,0.3583,youtube_scraped,live_scrape,female,comment,0.0,,0.0,,1750291200.0,-mvIktYig9Y,UgwrLWq9tuRgim3aWlN4AaABAg,,,,,,,,,,,,,0.7166,perpetrator_attack,1.0,1.0,1,0,gendered_moderate,"i think i agree with some of what she says, but it's like someone is speeding up her voice when it's her turn. why do women have to either shout or speak like a chipmunk to get our point across? i got about halfway through, sorry. couldn't take it anymore. but what i did sit through, they both remained respectful (despite a couple jabs) which was nice.",high
v2_0023,"Paladins deserve a better fate, its a Hero shooter even before overwatch ",Reddit,gaming,subreddit,gaming,,0.0,0.0,0.1934,0.2275,reddit_harassment_dataset,live_scrape,mixed,,,,1.0,pivor,1779609.0,,onkfmdf,0.0,"I don’t understand why these 2 game mechanics haven’t been stolen. Dark Cloud weapon upgrade system, and Paladins champion card system.",https://reddit.com/r/gaming/comments/1tlrf95/i_dont_understand_why_these_2_game_mechanics/,,,,,,,,,,0.1526,neutral_discourse,0.0,0.0,0,0,standard,"paladins deserve a better fate, its a hero shooter even before overwatch",low
v2_0024,"**📢 सभी सदस्य कृपया ध्यान दें – एक आवश्यक सूचना

प्रिय सदस्यगण,
हम सभी का ""Women Safety"" ग्रुप एक जिम्मेदार मंच है जो महिलाओं की सुरक्षा, हक और जागरूकता को बढ़ावा देने के लिए समर्पित है।

❗ हाल ही में यह जानकारी प्राप्त हुई है कि किसी व्यक्ति ने हमारे ग्रुप के नाम से मिलता-जुलता एक नकली ग्रुप बना लिया है, जिससे कुछ सदस्य भ्रमित हो सकते हैं।

🛑 हम सभी से निवेदन करते हैं:

ऐसे किसी भी ग्रुप का हिस्सा न बनें जो हमारे नाम या उद्देश्य की नकल कर रहा हो।

यदि आपको कोई संदिग्ध लिंक, मैसेज या ग्रुप इनवाइट मिले तो तुरंत एडमिन को सूचित करें।

कृपया केवल इस आधिकारिक ग्रुप पर ही भरोसा करें, जहां सूचनाएं सावधानीपूर्वक साझा की जाती हैं।


🙏 हम सभी की सहभागिता से ही यह मंच सुरक्षित और उद्देश्यपूर्ण बना रहेगा।

आप सभी के सहयोग के लिए धन्यवाद।
– owner, Women Safety Group**",Telegram,women_girlsafety,telegram_group,women_girlsafety,,1.0,1.0,0.6648,0.3324,telegram_messages,live_scrape,female,,,,218.0,,1754117.0,,1645,,,,,,,,,,,,,0.6648,perpetrator_attack,1.0,1.0,1,0,gendered_moderate,"**📢 सभी सदस्य कृपया ध्यान दें – एक आवश्यक सूचना प्रिय सदस्यगण, हम सभी का ""women safety"" ग्रुप एक जिम्मेदार मंच है जो महिलाओं की सुरक्षा, हक और जागरूकता को बढ़ावा देने के लिए समर्पित है। ❗ हाल ही में यह जानकारी प्राप्त हुई है कि किसी व्यक्ति ने हमारे ग्रुप के नाम से मिलता-जुलता एक नकली ग्रुप बना लिया है, जिससे कुछ सदस्य भ्रमित हो सकते हैं। 🛑 हम सभी से निवेदन करते हैं: ऐसे किसी भी ग्रुप का हिस्सा न बनें जो हमारे नाम या उद्देश्य की नकल कर रहा हो। यदि आपको कोई संदिग्ध लिंक, मैसेज या ग्रुप इनवाइट मिल",high
v2_0025,"The basis for ALL of Charlie Kirk's arguments begins at SPECIOUS. ""Women in the west are happiest?"" FALSE, and way too general. He really actually believes all women would be happier ""being married and having children"" and that was NEVER true, not even when it was our only choice, and the only thing we were suppose to want and aspire to. His arguments are all about HIS unhappiness that WOMEN are happy without him and people like him and his simplistic limited point of view that begins and ends with a religion invented BY men, FOR men, about men, and for the benefit  OF men. WE WILL NOT GO BACK. And that's why I AM hysterically happy as a woman. AMERICAN depression is due to ECONOMIC SLAVERY.  If America worships anything, it's PROFIT. and that causes deep depression. If men are sad because women are feminists, they find their own happiness without involving women. Because happy-hetero-home-making women will not make them happy. That only makes them SUPERIOR.",YouTube,unknown,youtube_channel,unknown,,1.0,1.0,0.9049,0.4525,youtube_scraped,live_scrape,female,comment,0.0,,0.0,,1750291200.0,-mvIktYig9Y,Ugxu9XUNf2XoEjpiXzV4AaABAg,,,,,,,,,,,,,0.9049,perpetrator_attack,1.0,1.0,1,1,severe,"the basis for all of charlie kirk's arguments begins at specious. ""women in the west are happiest?"" false, and way too general. he really actually believes all women would be happier ""being married and having children"" and that was never true, not even when it was our only choice, and the only thing we were suppose to want and aspire to. his arguments are all about his unhappiness that women are happy without him and people like him and his simplistic limited point of view that begins and ends w",high
v2_0026,"""The Room"" games are nice.

The ""Monkey Island"" games are fun and funny, ""Grim Fandango"" is great.",Reddit,gaming,subreddit,gaming,,1.0,1.0,0.4434,0.2217,reddit_harassment_dataset,live_scrape,mixed,,,,2.0,CosJay2k,1779634.0,,onm38d0,0.0,Puzzle Game Recommendations,https://reddit.com/r/gaming/comments/1tmcaii/puzzle_game_recommendations/,,,,,,,,,,0.4434,perpetrator_attack,0.0,0.0,1,0,gendered_moderate,"""the room"" games are nice. the ""monkey island"" games are fun and funny, ""grim fandango"" is great.",mid
v2_0027,"Всем привет. Не знаю на сколько это по теме канала, но недавно мне диагностировали РАС и теперь это объясняет почему мне всегда было сложно находить друзей и общаться с людьми. Как у вас получается находить друзей? Как вы понимаете о чём общаться? Из-за постоянной тревоги я могу говорить с кем-то если выпью 100 мг золофта с утра, но обычно это длится недолго, и я стараюсь просто повторять мысли за собеседником

୨୧・┈ #МДтейк ┈・୨୧
:→@MDersbot || #ГТР #РАС #СДВГ",Telegram,MDersConfa,telegram_group,MDersConfa,"мдтейк,гтр,рас,сдвг",0.0,0.0,0.0789,0.0929,telegram_messages,live_scrape,mixed,,,,433.0,,1775998.0,,1183,,,,,,,,,,,,,0.0549,neutral_discourse,0.0,0.0,0,0,standard,"всем привет. не знаю на сколько это по теме канала, но недавно мне диагностировали рас и теперь это объясняет почему мне всегда было сложно находить друзей и общаться с людьми. как у вас получается находить друзей? как вы понимаете о чём общаться? из-за постоянной тревоги я могу говорить с кем-то если выпью 100 мг золофта с утра, но обычно это длится недолго, и я стараюсь просто повторять мысли за собеседником ୨୧・┈ #мдтейк ┈・୨୧ :→@mdersbot || #гтр #рас #сдвг",low
v2_0028,"​@Aerothedragon12

Yeah I am going to belive the side that does not know what a woman is😅😅",YouTube,unknown,youtube_channel,unknown,,0.0,0.0,0.3816,0.1308,youtube_scraped,live_scrape,female,reply,1.0,UgzEJxmAqSiSzEdEMg14AaABAg,0.0,,1750291200.0,-mvIktYig9Y,UgzEJxmAqSiSzEdEMg14AaABAg.AIfjj6qluYSAIg8dmyrH0b,,,,,,,,,,,,,0.3816,neutral_discourse,1.0,0.0,0,0,standard,​@aerothedragon12 yeah i am going to belive the side that does not know what a woman is😅😅,mid
v2_0029,"Let us remember that most of us work for those who view both genders as resources to be managed in the most efficient way possible. Ethics rarely enters into it, so they have no problem using peoples own prejudices against them, abd encouraging those prejudices.",YouTube,Steve Shives,youtube_channel,Steve Shives,[],0.0,0.0,0.3922,0.0547,yt-dlp,live_scrape,female,comment,0.0,,1.0,@MichaelPowers1960,1463961600.0,u9aiG33ZGa4,UgiUz8YXOgoV63gCoAEC,,,,,,,,,,,,,0.3922,neutral_discourse,0.0,0.0,0,0,standard,"let us remember that most of us work for those who view both genders as resources to be managed in the most efficient way possible. ethics rarely enters into it, so they have no problem using peoples own prejudices against them, abd encouraging those prejudices.",mid
v2_0030,You'll miss out on the opportunities you deserve in your 20's and will regret it more the longer you stay.,Reddit,relationship_advice,subreddit,relationship_advice,,1.0,1.0,0.451,0.2255,reddit_harassment_dataset,live_scrape,mixed,,,,1.0,flawlessvictorE,1779630.0,,onlr4el,0.0,Guy im seeing 38M? has been lying to me 24F,https://reddit.com/r/relationship_advice/comments/1tmb77d/guy_im_seeing_38m_has_been_lying_to_me_24f/,,,,,,,,,,0.451,perpetrator_attack,0.0,0.0,1,0,gendered_moderate,you'll miss out on the opportunities you deserve in your 20's and will regret it more the longer you stay.,mid
v2_0031,Ooo man whata slap😂😂😂,YouTube,Guardian News,youtube_channel,Guardian News,[],1.0,1.0,0.7096,0.3548,yt-dlp,live_scrape,female,comment,0.0,,2.0,@kritik-h1j,1716422400.0,u-VcErKk6Qs,UgxZnZleIm6efD_R_Wt4AaABAg,,,,,,,,,,,,,0.7096,perpetrator_attack,0.0,0.0,1,0,gendered_moderate,ooo man whata slap😂😂😂,high
v2_0032,"I was at a bar downtown and I saw one of the regulars and he was usually very friendly but he gave me this perverted smile and asked me to show him my hand to look for a wedding ring. I didn’t have one because I wasn’t married.

He told me that he saw a video of a woman who looked Ike me, being serviced by lots of men. In his words, she was getting glazed like a donut and looking very happy. He expressed his heartfelt disappointment when the woman in the video wasn’t me. Still lives in my head 15 years later 😂 
",Reddit,AskReddit,subreddit,AskReddit,,0.0,0.0,0.0574,0.0625,reddit_harassment_dataset,live_scrape,female,,,,2.0,Beatlesrthebest,1779628.0,,onlk51h,0.0,What’s the creepiest thing that has happened to you that you still can’t explain?,https://reddit.com/r/AskReddit/comments/1tm9icm/whats_the_creepiest_thing_that_has_happened_to/,,,,,,,,,,0.0574,victim_disclosure,1.0,0.0,0,0,standard,"i was at a bar downtown and i saw one of the regulars and he was usually very friendly but he gave me this perverted smile and asked me to show him my hand to look for a wedding ring. i didn’t have one because i wasn’t married. he told me that he saw a video of a woman who looked ike me, being serviced by lots of men. in his words, she was getting glazed like a donut and looking very happy. he expressed his heartfelt disappointment when the woman in the video wasn’t me. still lives in my head 15",low
v2_0033,"You're incorrect, normal men do understand. It's the fucked up dudes that are not happy in life that cat call and harass people for walking down the street.",YouTube,Cosmopolitan,youtube_channel,Cosmopolitan,[],1.0,1.0,0.4224,0.2112,yt-dlp,live_scrape,female,reply,1.0,UgwP2HFihzloFViBYB14AaABAg,3.0,@lautaroa1017,1621728000.0,oWEKD493IxY,UgwP2HFihzloFViBYB14AaABAg.8YdWsTkH_S49AKrQ8OzLSw,,,,,,,,,,,,,0.4224,perpetrator_attack,0.0,0.0,1,0,gendered_moderate,"you're incorrect, normal men do understand. it's the fucked up dudes that are not happy in life that cat call and harass people for walking down the street.",mid
v2_0034,"Confession #80

""My Cousin Athulya (part-1), she was 17, with huge milky boobs and milky body
How it stated :

For me :- We all went for bath,while her mom wrapping her after her bath, I saw her complete nude, my mind went off and I did mastrubated in the pond itself. 

One Day We all slept on the terrace during hot summer, in the middle of the night I came downstairs and slept on the bed, after sometime she came down ( it was completely unintentional for me) she slept beside me, after sometime I kept my hand onher navel, like iam acting as iam in deep sleep, the shock was :- she removed my hand from navel and kept on her boobs(Iam not sure weither she was in conscious or not) , I still feel that situation, then I slowly started pressing her boobs, then she pull her top down to open up her milky boobs, then I understand completely that she gave green signal, then i walkup and kept the milky boobs in my mouth, I never felt that feeling, that was my first time, my mouth was. Full of her boobs, her boobs went wet, I didn't opened the dress completely or I didn't went down to vagina, it was all done all in approx 1:30 hour from coming down, I literally enjoyed her Boobs that day, she said it was already 3:30am so our parents may walkup, so I said ok and she went up, this was our first scene. Later that we had many sessions like this so athulya part - 2 will come soon when I had time. """,Telegram,anonymousconfess,telegram_group,anonymousconfess,80,0.0,0.0,0.2625,0.1384,telegram_messages,live_scrape,female,,,,3239.0,,1749121.0,,156,,,,,,,,,,,,,0.2625,neutral_discourse,1.0,0.0,0,1,severe,"confession #80 ""my cousin athulya (part-1), she was 17, with huge milky boobs and milky body how it stated : for me :- we all went for bath,while her mom wrapping her after her bath, i saw her complete nude, my mind went off and i did mastrubated in the pond itself. one day we all slept on the terrace during hot summer, in the middle of the night i came downstairs and slept on the bed, after sometime she came down ( it was completely unintentional for me) she slept beside me, after sometime i ke",low
v2_0035, @WillieBriscoe-ff3rg that’s still stupid,YouTube,Dr. Daf Show,youtube_channel,Dr. Daf Show,[],0.0,0.0,0.2698,0.0988,yt-dlp,live_scrape,female,reply,1.0,Ugwkm2mE1pOQyXZkYB94AaABAg,3.0,@Venusvlona,1776902400.0,C8tpVKbxKfk,Ugwkm2mE1pOQyXZkYB94AaABAg.AUr3jRVDJIpAVTevYSb9Zx,,,,,,,,,,,,,0.2698,neutral_discourse,0.0,0.0,0,0,standard,@williebriscoe-ff3rg that’s still stupid,low
v2_0036,"So... if you're not anti-feminist, are you anti-woman then? Why wouldn't you hate a terroristic, abusive narrative of fear targeting women and choking the life out of them? ",YouTube,Simple Misfits,youtube_channel,Simple Misfits,[],1.0,1.0,0.5964,0.2982,yt-dlp,live_scrape,female,reply,1.0,Ughrs38unzaIingCoAEC,76.0,@HoneyBadgerRadio,1432339200.0,SBoT9mmtTO8,Ughrs38unzaIingCoAEC.7-H0Z7-POv87-HGyRVKHwV,,,,,,,,,,,,,0.5964,perpetrator_attack,1.0,1.0,1,0,gendered_moderate,"so... if you're not anti-feminist, are you anti-woman then? why wouldn't you hate a terroristic, abusive narrative of fear targeting women and choking the life out of them?",high
v2_0037,Blah b yep and that's why women are not oppressed in America,YouTube,Simple Misfits,youtube_channel,Simple Misfits,[],1.0,1.0,0.7878,0.3939,yt-dlp,live_scrape,female,reply,1.0,UgiLFrl5gxMdXngCoAEC,9.0,@savagetv6460,1463961600.0,SBoT9mmtTO8,UgiLFrl5gxMdXngCoAEC.81qGrC9jWVK70xow-XP5C1,,,,,,,,,,,,,0.7878,perpetrator_attack,1.0,1.0,1,1,severe,blah b yep and that's why women are not oppressed in america,high
v2_0038,"Wrong. Toxic masculinity does in fact exist. You just don't know what it is. Masculine behavior is a thing we all acknowledge though even in the same society we can disagree on the minutiae. 

Physically fighting is a masculine trait for instance. Physically fighting to defend yourself or loved ones isn't toxic as we'd all agree some of us disagree that physically fighting in sport is toxic and context is what matters there. For instance do you fight because you're too dumb to do anything else to earn a living? Do you fight because it fulfills a ""primal urge"" that makes you feel less small? 
And physically fighting because you cannot work through your emotions in a healthy way is toxic. 

You could say it's toxic regardless of what sex does it but the subtle difference here is that culturally, fighting is a masculine trait acknowledged by the vast majority in society. That's what dictates whether or not a behavior is masculine or feminine. 

Toxic femininity exists too but it's rare because feminine behavior rarely reaches toxic levels and women are generally conditioned to be more empathetic and kind and emotionally secure as a response to counterbalance men who tend to be conditioned that showing emotion is weak (also toxic masculinity) and showing empathy is weak and as a result they are emotionally insecure.",YouTube,Counterpoint,youtube_channel,Counterpoint,[],1.0,1.0,0.8442,0.4575,yt-dlp,live_scrape,female,reply,1.0,UgwEepJk3QIt9Iu9AiB4AaABAg,2.0,@Daedalus1111,1761177600.0,uzw8XOp6_zU,UgwEepJk3QIt9Iu9AiB4AaABAg.ANPitpu_tuUANXgbqoIsR5,,,,,,,,,,,,,0.8442,perpetrator_attack,1.0,1.0,1,1,severe,wrong. toxic masculinity does in fact exist. you just don't know what it is. masculine behavior is a thing we all acknowledge though even in the same society we can disagree on the minutiae. physically fighting is a masculine trait for instance. physically fighting to defend yourself or loved ones isn't toxic as we'd all agree some of us disagree that physically fighting in sport is toxic and context is what matters there. for instance do you fight because you're too dumb to do anything else to ,high
v2_0039,"+tomismop Do you mean the matriarchy as in where the man works and the woman takes care of the kids. Yeah that was pure evil... Now men work and pay taxes and women get about 70% as much as before, but they don't have a man to answer to. They have a huge hierarchy of sociopath feminists to answer to... worse your children will be wards of the state in that you raise them how you're told..",YouTube,Simple Misfits,youtube_channel,Simple Misfits,[],1.0,1.0,0.6484,0.3242,yt-dlp,live_scrape,female,reply,1.0,UghYlik5_cpF63gCoAEC,0.0,@PlatinumRatio,1463961600.0,SBoT9mmtTO8,UghYlik5_cpF63gCoAEC.7zqC1fszEnL73gqf5-p9eU,,,,,,,,,,,,,0.6484,perpetrator_attack,1.0,1.0,1,0,gendered_moderate,"+tomismop do you mean the matriarchy as in where the man works and the woman takes care of the kids. yeah that was pure evil... now men work and pay taxes and women get about 70% as much as before, but they don't have a man to answer to. they have a huge hierarchy of sociopath feminists to answer to... worse your children will be wards of the state in that you raise them how you're told..",high
v2_0040,Just because tradwife situation came out badly for you does not mean everybody hates it. Some women love it and I like it but not in a submissive context . More like ''produce your craft from home'' type of context. I like to make my man's life easier. It is literally my job to do it (in a way) as it is his job to make my life easier in another way.  Married men and women have deals with eachother according to what they want and need. Some tradwives are happy. Get over it.,YouTube,Breaking Down Patriarchy,youtube_channel,Breaking Down Patriarchy,[],1.0,1.0,0.6992,0.3496,yt-dlp,live_scrape,female,reply,1.0,Ugy5iBIY2AAdYmwT71Z4AaABAg,5.0,@სალომეგუგავა,1747958400.0,8zHfHEEtaUk,Ugy5iBIY2AAdYmwT71Z4AaABAg.AAl_aIj-uoZAByPA4tvoZ6,,,,,,,,,,,,,0.6992,perpetrator_attack,1.0,1.0,1,0,gendered_moderate,just because tradwife situation came out badly for you does not mean everybody hates it. some women love it and i like it but not in a submissive context . more like ''produce your craft from home'' type of context. i like to make my man's life easier. it is literally my job to do it (in a way) as it is his job to make my life easier in another way. married men and women have deals with eachother according to what they want and need. some tradwives are happy. get over it.,high
v2_0041,"I did this while working at an EB Games around when the PS4 came out. I had a huge collection of Xbox 360 games but it took up way too much space on a shelf I wanted to get rid of. 

The receipt went across the entire floor of the store which was at least 100 ft. I got a PS4 an extra controller and Infamous: Second Son with the trade in value. 

I don’t regret it at all, these things to me just take up space and I don’t need to look at a shelf full of games to get enjoyment. ",Reddit,gaming,subreddit,gaming,,1.0,1.0,0.5188,0.2594,reddit_harassment_dataset,live_scrape,mixed,,,,2.0,Jediverrilli,1779555.0,,ongho6h,0.0,This Gamestop receipt from 2012 after I sold my entire collection because I needed to move across country..,https://reddit.com/r/gaming/comments/1tljyd6/this_gamestop_receipt_from_2012_after_i_sold_my/,,,,,,,,,,0.5188,perpetrator_attack,0.0,0.0,1,0,gendered_moderate,"i did this while working at an eb games around when the ps4 came out. i had a huge collection of xbox 360 games but it took up way too much space on a shelf i wanted to get rid of. the receipt went across the entire floor of the store which was at least 100 ft. i got a ps4 an extra controller and infamous: second son with the trade in value. i don’t regret it at all, these things to me just take up space and i don’t need to look at a shelf full of games to get enjoyment.",mid
v2_0042,"My sisters bitching that she has school tomorrow , like I don't &#128530; fuck up hoe at least you aren't up studying right now!",Twitter,128530,historical_hashtag,128530,128530,1.0,1.0,0.5338,0.2699,davidson_2017_twitter,historical_twitter,female,,,,,,,,,,,,,,,2026-06-22T05:53:17.802114+00:00,,13148.0,1.0,0.0,1.0,0.5338,perpetrator_attack,1.0,1.0,1,1,severe,"my sisters bitching that she has school tomorrow , like i don't &#128530; fuck up hoe at least you aren't up studying right now!",mid
v2_0043,">And if that's your problem, then that's perfectly reasonable; but you need to be clear that what you're actually advocating for is the effective elimination of all international women's sports, because the only way that they exist is because they are kept as a separate category.

ive never really bought this. boxing is divided by weight division and no one seems to care. And if the majority of women are stuck in tier X, theres nothing stopping interest groups from promoting tier X. And its not like people widely give a fuck about womens sports anyway (a tragedy, to be clear)",Reddit,ukpolitics,subreddit,ukpolitics,,1.0,1.0,0.7784,0.3892,pullpush_live_search,live_scrape,female,,,,1.0,visser47,1747659761.0,,mt45pq5,,,,,,,2026-06-19T13:14:36.357128,women are,,,,,0.7784,perpetrator_attack,1.0,1.0,1,1,severe,">and if that's your problem, then that's perfectly reasonable; but you need to be clear that what you're actually advocating for is the effective elimination of all international women's sports, because the only way that they exist is because they are kept as a separate category. ive never really bought this. boxing is divided by weight division and no one seems to care. and if the majority of women are stuck in tier x, theres nothing stopping interest groups from promoting tier x. and its not l",high
v2_0044,"I love your channel, please keep going with your content because you are changing women's lives for the best. ❤",YouTube,Breaking Down Patriarchy,youtube_channel,Breaking Down Patriarchy,[],1.0,1.0,0.5626,0.2813,yt-dlp,live_scrape,female,reply,1.0,Ugy5iBIY2AAdYmwT71Z4AaABAg,5.0,@alicec.6195,1747958400.0,8zHfHEEtaUk,Ugy5iBIY2AAdYmwT71Z4AaABAg.AAl_aIj-uoZAB8Xrebq8Wj,,,,,,,,,,,,,0.5626,perpetrator_attack,1.0,1.0,1,0,gendered_moderate,"i love your channel, please keep going with your content because you are changing women's lives for the best. ❤",high
v2_0045,"Contemporary people know about 
various choices during 1’s lifetime,
but others want to limit every1.",YouTube,Breaking Down Patriarchy,youtube_channel,Breaking Down Patriarchy,[],0.0,0.0,0.2866,0.3372,yt-dlp,live_scrape,female,reply,1.0,UgztQJdBHjXPL5ORIFB4AaABAg,1.0,@samaval9920,1747958400.0,8zHfHEEtaUk,UgztQJdBHjXPL5ORIFB4AaABAg.AAn4FT2-t5bAHLWZt0UbIa,,,,,,,,,,,,,0.2866,neutral_discourse,0.0,0.0,0,0,standard,"contemporary people know about various choices during 1’s lifetime, but others want to limit every1.",low
v2_0046,They're miserbale because of men like charlie and his gums,YouTube,unknown,youtube_channel,unknown,,1.0,1.0,0.5727,0.2864,youtube_scraped,live_scrape,female,comment,0.0,,0.0,,1750291200.0,-mvIktYig9Y,Ugy2dhiUoQHeqkqHInl4AaABAg,,,,,,,,,,,,,0.5727,perpetrator_attack,0.0,0.0,1,0,gendered_moderate,they're miserbale because of men like charlie and his gums,high
v2_0047,"The best way to say this is in a way that doesn't discredit someone's identity that it's misdirected misogyny. It's still misogyny because it is harmful attitudes and behavior towards women, and is harmful to the person it's misdirected towards because the behavior itself is cruel.

Men (both cis and trans) can also experience this. For example, imagine an androgynous guy getting catcalled because some jerk perceived him as a woman- that would still a display of misogyny, even though the person on the receiving end is not a woman. But you'd probably call it misdirected misogyny or something similar, to acknowledge that the person's gender is not female.

Because really, it's not so much about the person on the receiving end ""looking like a woman""- there is no one way for women to look- but rather about the person being rude *perceiving* them as a woman and treating them worse for it.",Reddit,autism,subreddit,autism,,1.0,1.0,0.7182,0.3591,pullpush_live_search,live_scrape,female,,,,3.0,probs-aint-replying,1747556791.0,,msxak4d,,,,,,,2026-06-19T13:14:49.234217,catcalled,,,,,0.7182,perpetrator_attack,1.0,1.0,1,0,gendered_moderate,"the best way to say this is in a way that doesn't discredit someone's identity that it's misdirected misogyny. it's still misogyny because it is harmful attitudes and behavior towards women, and is harmful to the person it's misdirected towards because the behavior itself is cruel. men (both cis and trans) can also experience this. for example, imagine an androgynous guy getting catcalled because some jerk perceived him as a woman- that would still a display of misogyny, even though the person o",high
v2_0048,"I've noticed that more men are more offended by the ""tradwife"" thing than women. WTF😂",YouTube,Sky News,youtube_channel,Sky News,[],1.0,1.0,0.8075,0.4038,yt-dlp,live_scrape,female,comment,0.0,,6.0,@tylerpresley3282,1590192000.0,37cXe2XzSus,UgyIKv5DIg4kVCZbcxl4AaABAg,,,,,,,,,,,,,0.8075,perpetrator_attack,1.0,1.0,1,0,gendered_moderate,"i've noticed that more men are more offended by the ""tradwife"" thing than women. wtf😂",high
v2_0049,"I am a 26 year athletic male working in a software firm with good financial condition. I had never dated anyone before. My parents were forcing me to get married and showed me a lot of girls but I rejected almost all until 4 months back they showed me pic of one girl. She was so innocent looking, bold by nature, good personality, I feel for her at first sight. We met and I asked her about her ambitions and all. I asked her about her past and she said she was in a relationship but her family was against the relationship, so she blocked him from everywhere. She had told me that she had only 1 year relation with him. And that she hasn't talked to him from the last 1 year. So slowly and gradually we fell in love with each other, we dated and all things were going smooth. We had our marriage date fixed and banquet hall also fixed and other arrangements were also done. I was very happy and feeling fortunate to get a girl like her as my soulmate. 
And than boom, there comes a day when his ex found my fb profile and texted me. He asked me to meet him privately. I went to meet him and was shocked to see the chats and call details going on between them. She had never stopped talking to him and used to talk to him after 3am. I was furious so was he, because he didn't knew anything about her marriage and all the stuff with me. 
He showed me some inappropriate pics and videos of them as well. 
I was so shocked and frustrated. Why is so that girls can't speak their Heart out clearly. I am continuously thinking why was she cheating on me. Had she hinted me once I would have silently walked out of her life. I than asked my parents that I'll not marry her and I cancelled all the arrangements so far made by my family. 
I trusted her blindly that was my only mistake. But I learned that u can't tell whats going on in other persons mind and heart. I am still wandering how can someone show such fake love, fake care, fake promises, and fake things when they actually don't mean all that.
I literally am heart broken as I loved her a lot and with geniune intentions. I managed to spend the last 20 days without taking to her and now I have to manage the rest of my life in the same manner. I now have developed trust issues. 
Hope I also find my true love and true soulmate one fine day 😞",Telegram,indiansconfessions,telegram_group,indiansconfessions,,0.0,0.0,0.1213,0.0181,telegram_messages,live_scrape,female,,,,7527.0,,1639018.0,,203,,,,,,,,,,,,,0.1213,victim_disclosure,1.0,0.0,0,0,standard,"i am a 26 year athletic male working in a software firm with good financial condition. i had never dated anyone before. my parents were forcing me to get married and showed me a lot of girls but i rejected almost all until 4 months back they showed me pic of one girl. she was so innocent looking, bold by nature, good personality, i feel for her at first sight. we met and i asked her about her ambitions and all. i asked her about her past and she said she was in a relationship but her family was ",low
v2_0050,"Coimbatore 🤣
Women in coimbatore r considered sluts if they were jeans",Reddit,vadodara,subreddit,vadodara,,1.0,1.0,0.8891,0.4446,pullpush_live_search,live_scrape,female,,,,1.0,ignorantgal5,1747659696.0,,mt45jjm,,,,,,,2026-06-19T13:15:12.614906,slut,,,,,0.8891,perpetrator_attack,1.0,1.0,1,0,gendered_moderate,coimbatore 🤣 women in coimbatore r considered sluts if they were jeans,high
v2_0051," @WobblesandBean  Same!! And to be honest when she said she would never get vaxed I got prepared to hate her thinking she would be an excessively loud and opinionated maga type. But she wasn't. First anti vaxer I've seen that wasn't over the top with it. I felt a lot of sympathy for her too. Instead of just feeling like she was either extremely naive and/or full of herself. Most of these romance scams seem to have a really hot young guy as the fake profile and an unattractive older woman. I'm not judgy about appearance but when there is that much of a mismatch and a 20 to 30 year age difference that should be a huge flag. And I think it's often the ego that doesn't let them accept it's fake. Because they want the extremely hot younger guy to show off to their friends. I didn't sense any ego with her. She was maybe a little gullible (obviously and not tech savey), but she had doubts. She didn't just fall for the lies. More like hoping for the best. And wasn't in denial. She accepted what they told her without trying argue with them or excuse what they found. She was also logical and realistic about the money. I didn't send more than I could afford etc. She just seems like a genuinely nice person that came across a manipulator at her  most vulnerable moment. So I really felt for her.",YouTube,Catfished,youtube_channel,Catfished,[],1.0,1.0,0.6242,0.3121,yt-dlp,live_scrape,female,reply,1.0,UgzK8c3kL5FFi9oIR514AaABAg,2.0,@angellayaright9009,1716422400.0,72_vKNULbms,UgzK8c3kL5FFi9oIR514AaABAg.9ogamuZIP489qOzpxbQLxj,,,,,,,,,,,,,0.6242,perpetrator_attack,1.0,1.0,1,0,gendered_moderate,@wobblesandbean same!! and to be honest when she said she would never get vaxed i got prepared to hate her thinking she would be an excessively loud and opinionated maga type. but she wasn't. first anti vaxer i've seen that wasn't over the top with it. i felt a lot of sympathy for her too. instead of just feeling like she was either extremely naive and/or full of herself. most of these romance scams seem to have a really hot young guy as the fake profile and an unattractive older woman. i'm not ,high
v2_0052,Scorched earth please,Reddit,politics,subreddit,politics,,0.0,0.0,0.3528,0.093,reddit_harassment_dataset,live_scrape,mixed,,,,1.0,partizanprepper,1779633.0,,onlzvz5,0.0,Congressman Massie will name more names in Congress from the Epstein Files and won’t rule out a bid for 2028 Presidency after record money spent from AIPAC and billionaires on his opponent in Kentucky Primary,https://reddit.com/r/politics/comments/1tmdaxe/congressman_massie_will_name_more_names_in/,,,,,,,,,,0.3528,neutral_discourse,0.0,0.0,0,0,standard,scorched earth please,mid
v2_0053,"It looks like something you said is racist or hateful, maybe bigoted or possibly even sexist.  Stop it.

Just wanna be super clear, this stuff will get you a permanent ban. Racism is not welcome in this sub.",Reddit,savannah,subreddit,savannah,,0.0,0.0,0.1595,0.1118,pullpush_live_search,live_scrape,,,,,3.0,savannah-ModTeam,1747659437.0,,mt44u0p,,,,,,,2026-06-19T13:13:48.210289,sexist,,,,,0.1595,neutral_discourse,0.0,0.0,0,0,standard,"it looks like something you said is racist or hateful, maybe bigoted or possibly even sexist. stop it. just wanna be super clear, this stuff will get you a permanent ban. racism is not welcome in this sub.",low
v2_0054,"Your intuition is correct, your girlfriend sees incompetence in you. But she’s right. Yes it stings. But you’re down to your last dollars studying. A prudent person would plan and work part time or secure student loans to make sure these things won’t happen. 

The best thing would be to let both of your emotions settle. Go to her and acknowledge her feelings of you being incompetent (29m with no job and no money) and assure her that things will be 👌. 

Again, the best thing to do if you want to salvage things is to not take it personally. A hypothetical; How would you feel if your (single) mom needed to give her boyfriend $100 because he’s unemployed? You would probably question her decision in men just like how your girl is right now.",Reddit,relationship_advice,subreddit,relationship_advice,,1.0,1.0,0.6227,0.3114,reddit_harassment_dataset,live_scrape,female,,,,9.0,AtTheMomentAlive,1779604.0,,onk5fsr,0.0,"I (29M) asked my girlfriend (28F) of 6 years for a small loan for 2 days, her reaction has me questioning the relationship",https://reddit.com/r/relationship_advice/comments/1tm3omr/i_29m_asked_my_girlfriend_28f_of_6_years_for_a/,,,,,,,,,,0.6227,perpetrator_attack,1.0,1.0,1,0,gendered_moderate,"your intuition is correct, your girlfriend sees incompetence in you. but she’s right. yes it stings. but you’re down to your last dollars studying. a prudent person would plan and work part time or secure student loans to make sure these things won’t happen. the best thing would be to let both of your emotions settle. go to her and acknowledge her feelings of you being incompetent (29m with no job and no money) and assure her that things will be 👌. again, the best thing to do if you want to salv",high
v2_0055,"i think you should be yelling at the guys that made this such an issue. there are assholes that take you thanking them as its ok to touch you.
just who does this?
the feminist dont help either,",YouTube,Pop Trigger,youtube_channel,Pop Trigger,[],0.0,0.0,0.2625,0.3088,yt-dlp,live_scrape,female,reply,1.0,UgiQoLoMcQSBp3gCoAEC,1.0,@alexielblau4085,1432339200.0,h9Lf3-vJn4E,UgiQoLoMcQSBp3gCoAEC.7-H0Z7-HUMF7-dLS0YsnLJ,,,,,,,,,,,,,0.2571,neutral_discourse,0.0,0.0,0,0,standard,"i think you should be yelling at the guys that made this such an issue. there are assholes that take you thanking them as its ok to touch you. just who does this? the feminist dont help either,",low
v2_0056,"1️⃣ **The Claim That These Stories Are Just Plagiarized from Older Sources**
You argue that the Quran and Torah took their stories from earlier Sumerian or Akkadian myths, but this assumption ignores a fundamental Islamic belief: **revelation predates human written history.**
•The Quran states that **all prophets—from Adam to Muhammad—were sent with the same core message of monotheism.** That means earlier civilizations, like the Sumerians, could have distorted original revelations, leading to the myths you reference.
•Just because a story appears in older texts **doesn’t mean the later scripture copied it**—it could just as easily mean that an earlier divine message was **corrupted** over time.
• The Sumerian tablets contain many **polytheistic and mythological elements** (e.g., gods needing gold, divine beings mating with humans), which are **absent from the Quran’s account**. If Islam was “copying,” why would it remove these elements?
2️⃣ **The Edits in the Bible vs. the Quran’s Preservation**
You mention the **25,000 changes in the Bible **which actually supports the Islamic claim that **previous scriptures were altered.** The Quran directly states:
__“Then woe to those who write the scripture with their own hands and then say, ‘This is from Allah’ to exchange it for a small price!”__ (Surah Al-Baqarah 2:79).
In contrast, the Quran has been **preserved letter-for-letter** for over 1400 years, with **no versions or contradictions.** If the Quran was just another text like the Bible, we would expect the same level of variation but we don’t.
3️⃣ **Metaphysics, Kabbalah, and Mysticism**
You reference the **Kabbalah, Hermeticism, and ancient mystical traditions**, suggesting they are the “real” source of religious knowledge. But mystical traditions often **reinterpret religious beliefs through esoteric speculation, rather than divine revelation.**
• The Quran warns against such distortions: __“And they followed what the devils had recited over Solomon’s kingdom… but Solomon did not disbelieve, but the devils disbelieved, teaching people magic…”__ (Surah Al-Baqarah 2:102).
•Just because people throughout history **developed esoteric traditions** doesn’t mean they hold authority over revelation. If anything, these mystical traditions often arose **because of the loss or corruption of divine teachings.**
4️⃣ **The “Religion of Science” Argument**
You say science has replaced religion as the “best” belief system, yet you acknowledge that science **constantly corrects itself** (e.g., the shift from rejecting ether to accepting quantum entanglement).
•If scientific knowledge **keeps changing**, how can it be the final truth?
•The Quran, however, remains **unchanged** while consistently aligning with modern discoveries (e.g., embryology in Surah Al-Mu’minun 23:12-14).

You’re treating religion as just an evolution of older ideas, but Islam doesn’t claim to be a **man-made tradition.** It claims to be **divine revelation**, confirming what is true from the past while correcting human distortions.
If you have **actual historical proof** that the Quran was copied from earlier texts, **bring it forward.** Otherwise, the mere existence of older stories **does not disprove revelation it actually supports the Islamic view that divine messages existed long before they were corrupted by human hands.**",Telegram,Religiousdebate,telegram_group,Religiousdebate,,1.0,1.0,0.4052,0.2026,telegram_messages,live_scrape,mixed,,,,,,1741371.0,,4199,,,,,,,,,,,,,0.4052,perpetrator_attack,0.0,0.0,0,0,standard,"1️⃣ **the claim that these stories are just plagiarized from older sources** you argue that the quran and torah took their stories from earlier sumerian or akkadian myths, but this assumption ignores a fundamental islamic belief: **revelation predates human written history.** •the quran states that **all prophets—from adam to muhammad—were sent with the same core message of monotheism.** that means earlier civilizations, like the sumerians, could have distorted original revelations, leading to t",mid
v2_0057,"Wow, that's tough man! Hope you get through this tough moment okay. 

The texts would be rough to read, but people fantasize. Sharing fantasies about a real person one actually comes into contact with with another person is disrespectful to the marriage. 
Could you even imagine doing that to her. Thru a shareable communication method no less. 
Seems like too many coincidences to ignore, but still isn't technically proof. 
Wednesday will be important &amp; remember if it was a false-positive that this whole syphilis thing is no thing. 
Let's say this turns out to just be incredibly disrespectful text messages with a coworker &amp; your relationship continues as is for now. First, get yourself some lil blue pills to protect your performance if you can't put the texts out of your mind, then  be more assertive in your initiation &amp; intimacy.  You never know. These texts &amp; active thoughts she's having may be something you have more power to quell than you know. 

The one thing I'll say is that if you were one of my real life friends I'd be hoping that you were planning for a potential exit from the relationship. I'd wait until at least Wednesday to actively push for said planning. 

Just remember that anything is possible &amp; it may just be texts &amp; temporary intrusive thoughts. For all you know,  if you successfully employ some preventative assertiveness y'all may be on your way to a positive change in your bedroom life. 
Good Luck my friend! 

EDIT: To say that for me the texts sharing her fantasy that could actually happen in real-life would be enough &amp; I'd be done. 
Also that if she does have syphilis there's a chance it's not even from they guy at work depending on the text timeline. Her texting behaviors make it seem like she's acting single when you're not around.",Reddit,relationship_advice,subreddit,relationship_advice,,1.0,1.0,0.4457,0.3637,reddit_harassment_dataset,live_scrape,female,,,,4.0,J-Gun,1779600.0,,onjyonl,0.0,My wife ‘25F’ and I ‘25M’ have been arguing over texts she sent to a coworker.,https://reddit.com/r/relationship_advice/comments/1tm25pz/my_wife_25f_and_i_25m_have_been_arguing_over/,,,,,,,,,,0.4457,perpetrator_attack,1.0,1.0,1,0,gendered_moderate,"wow, that's tough man! hope you get through this tough moment okay. the texts would be rough to read, but people fantasize. sharing fantasies about a real person one actually comes into contact with with another person is disrespectful to the marriage. could you even imagine doing that to her. thru a shareable communication method no less. seems like too many coincidences to ignore, but still isn't technically proof. wednesday will be important &amp; remember if it was a false-positive that this",mid
v2_0058,"""@TheGamerKingKev: I wonder if the girl that gave head to 24 boys for a drink in magaluf has twitter"" she probly sends nudes for fags",Twitter,twitter_historical,historical_hashtag,twitter_historical,,0.0,0.0,0.2665,0.1151,davidson_2017_twitter,historical_twitter,female,,,,,,,,,,,,,,,2026-06-22T05:53:17.802114+00:00,,252.0,1.0,0.0,1.0,0.2665,neutral_discourse,1.0,0.0,0,0,standard,"""@thegamerkingkev: i wonder if the girl that gave head to 24 boys for a drink in magaluf has twitter"" she probly sends nudes for fags",low
v2_0059,"I shoot film photography and this is such a common problem over on r/analog. The sub is rampant with poorly lit, poorly focused (usually the focus lands on the breasts and not the face), poorly composed photos of thin naked white women, and they’re often at the top of the page. There’s always a lot of discourse in the comments, too, of photographers complaining about how much attention a bad photo is getting because the woman is “hot,” while others are gassing up the photographer and pretending that the photo actually is good, not JUST because it’s of a naked woman. Because of the engagement, the photos end up at the top of the sub. I still check it out because every now and then there’s a photo that blows me away, but it’s so tiresome. ",Reddit,TwoXChromosomes,subreddit,TwoXChromosomes,,1.0,1.0,0.6664,0.3332,reddit_harassment_dataset,live_scrape,female,,,,1.0,IDemandEuphoria,1779636.0,,onm8amh,1.0,I’m so tired of all the art subreddits being full of primarily art depicting conventionally attractive naked women.,https://reddit.com/r/TwoXChromosomes/comments/1tmeddo/im_so_tired_of_all_the_art_subreddits_being_full/,,,,,,,,,,0.6664,perpetrator_attack,1.0,1.0,1,1,severe,"i shoot film photography and this is such a common problem over on r/analog. the sub is rampant with poorly lit, poorly focused (usually the focus lands on the breasts and not the face), poorly composed photos of thin naked white women, and they’re often at the top of the page. there’s always a lot of discourse in the comments, too, of photographers complaining about how much attention a bad photo is getting because the woman is “hot,” while others are gassing up the photographer and pretending ",high
v2_0060,He’s a creep.  Get tested and block him,Reddit,relationship_advice,subreddit,relationship_advice,,0.0,0.0,0.2646,0.0966,reddit_harassment_dataset,live_scrape,mixed,,,,1.0,wishingforarainyday,1779634.0,,onm2rg0,0.0,Guy im seeing 38M? has been lying to me 24F,https://reddit.com/r/relationship_advice/comments/1tmb77d/guy_im_seeing_38m_has_been_lying_to_me_24f/,,,,,,,,,,0.2646,neutral_discourse,0.0,0.0,0,0,standard,he’s a creep. get tested and block him,low
v2_0061,"End it immediately. He’s literally just told you how you will be treated in the future. You’re a complete idiot if you don’t hear this load and clear. Run. Block. Your sister also clearly needs help to understand no, he’s not “looking out for you” he’s being controlling. Men who are this insecure about your whereabouts are usually cheating or abusive or both. ",Reddit,relationship_advice,subreddit,relationship_advice,,1.0,1.0,0.4795,0.2398,reddit_harassment_dataset,live_scrape,female,,,,34.0,Ok_Astronaut_3235,1779608.0,,onkdm7x,0.0,"Guy Im talking to (m34) for 6 months didnt want me (f30) going out alone and sabotaged my plans, how do I proceed?",https://reddit.com/r/relationship_advice/comments/1tm592l/guy_im_talking_to_m34_for_6_months_didnt_want_me/,,,,,,,,,,0.4795,perpetrator_attack,1.0,1.0,1,0,gendered_moderate,"end it immediately. he’s literally just told you how you will be treated in the future. you’re a complete idiot if you don’t hear this load and clear. run. block. your sister also clearly needs help to understand no, he’s not “looking out for you” he’s being controlling. men who are this insecure about your whereabouts are usually cheating or abusive or both.",mid
v2_0062,"I think it's a red flag even if they have met you. While it's possible that rushing in so quickly can work, it working is sheer luck, and the willingness to rush in is still symptomatic of some kind of emptiness/desperation, if not an outright predatory nature.",YouTube,Catfished,youtube_channel,Catfished,[],0.0,0.0,0.3942,0.1886,yt-dlp,live_scrape,female,reply,1.0,UgzK8c3kL5FFi9oIR514AaABAg,0.0,@nachashiesu-sophia,1716422400.0,72_vKNULbms,UgzK8c3kL5FFi9oIR514AaABAg.9ogamuZIP489qRxap9jOFB,,,,,,,,,,,,,0.3942,neutral_discourse,0.0,0.0,0,0,standard,"i think it's a red flag even if they have met you. while it's possible that rushing in so quickly can work, it working is sheer luck, and the willingness to rush in is still symptomatic of some kind of emptiness/desperation, if not an outright predatory nature.",mid
v2_0063,"Aight man, I get what you’re saying about prana and energy, but you’re kinda mixing up metaphysics with actual science here. The heart does make an electromagnetic field, sure, but it ain’t ‘polarizing’ blood or moving it with some magnetic force blood flows because of pressure, not energy waves.
Same with the nervous system yeah, it runs on electrical impulses, but blood ain’t the power lines. And DNA? It doesn’t ‘pitch’ hormones like some kinda cosmic radio station. Hormones do their thing through chemical signals, not vibrations.
I get the vibe you’re going for, but if we’re talking real biology, most of this doesn’t hold up. If it’s meant as a metaphor, cool but if it’s literal, gotta back it up with some solid science, bro.",Telegram,Religiousdebate,telegram_group,Religiousdebate,,1.0,1.0,0.5755,0.2877,telegram_messages,live_scrape,mixed,,,,,,1741164.0,,4128,,,,,,,,,,,,,0.5755,perpetrator_attack,0.0,0.0,1,0,gendered_moderate,"aight man, i get what you’re saying about prana and energy, but you’re kinda mixing up metaphysics with actual science here. the heart does make an electromagnetic field, sure, but it ain’t ‘polarizing’ blood or moving it with some magnetic force blood flows because of pressure, not energy waves. same with the nervous system yeah, it runs on electrical impulses, but blood ain’t the power lines. and dna? it doesn’t ‘pitch’ hormones like some kinda cosmic radio station. hormones do their thing thr",high
v2_0064,She told me that she love me I looked at and said bitch stop,Twitter,twitter_historical,historical_hashtag,twitter_historical,,1.0,1.0,0.7088,0.3544,davidson_2017_twitter,historical_twitter,female,,,,,,,,,,,,,,,2026-06-22T05:53:17.802114+00:00,,20765.0,1.0,0.0,1.0,0.7088,perpetrator_attack,1.0,1.0,1,1,severe,she told me that she love me i looked at and said bitch stop,high
v2_0065,Opened a library back door. Alarm sounded. Said it would right on the door lever. 6 year old me still dumbfounded ,Reddit,AskReddit,subreddit,AskReddit,,0.0,0.0,0.2467,0.2902,reddit_harassment_dataset,live_scrape,mixed,,,,350.0,ltctrader,1779590.0,,onjdaw5,0.0,"What is a real-life 'Do Not Touch' button that you pressed out of sheer curiosity, only to instantly regret it?",https://reddit.com/r/AskReddit/comments/1tlxpln/what_is_a_reallife_do_not_touch_button_that_you/,,,,,,,,,,0.15,neutral_discourse,0.0,0.0,0,0,standard,opened a library back door. alarm sounded. said it would right on the door lever. 6 year old me still dumbfounded,low
v2_0066,"I’ve been seeing parents putting it off more and more. Let’s keep that going. 


I’ve told my kids that I will never get them a smart phone. They will need to wait and purchase that themselves. I will get them a dumb phone but I’ve seen so much bad come from phones with the internet. 


I am not a complete bitch though. They each have a switch. A computer for school when it’s time.",Reddit,Teachers,subreddit,Teachers,,1.0,1.0,0.6866,0.3433,pullpush_live_search,live_scrape,female,,,,45.0,Olive0121,1747653439.0,,mt3qib9,,,,,,,2026-06-19T13:15:28.690909,dumb bitch,,,,,0.6866,perpetrator_attack,1.0,1.0,1,1,severe,i’ve been seeing parents putting it off more and more. let’s keep that going. i’ve told my kids that i will never get them a smart phone. they will need to wait and purchase that themselves. i will get them a dumb phone but i’ve seen so much bad come from phones with the internet. i am not a complete bitch though. they each have a switch. a computer for school when it’s time.,high
v2_0067,tsebo phasha I don’t know him and it doesn’t seem to me he has more to say than his personal examples ... can’t seem to reflect past his own nose,YouTube,Sky News,youtube_channel,Sky News,[],0.0,0.0,0.1403,0.165,yt-dlp,live_scrape,female,reply,1.0,UgxxQVZC8h1nOAz_C7t4AaABAg,0.0,@mikew1591,1590192000.0,37cXe2XzSus,UgxxQVZC8h1nOAz_C7t4AaABAg.94Aw2po6aOK94d9zdrRXB5,,,,,,,,,,,,,0.1363,neutral_discourse,0.0,0.0,0,0,standard,tsebo phasha i don’t know him and it doesn’t seem to me he has more to say than his personal examples ... can’t seem to reflect past his own nose,low
v2_0068,"They really need men only and women only sections in the gym, or completely separate gyms men from women, and furthermore, age restricted gyms, 21-22 only, 22-23 only, that way women feel more comfortable to squat in peace/s 
You're very young and probably will never understand the situation you were in fully to ever handle it in a better less emotional manner. 
He was trying to talk to you, because I assume he finds you physically attractive, sadly your maturity level isn't in as good of shape as your physical appearance. He wanted to talk and you weren't interested, maybe wear a sign that says dont talk to me Im here to work out, you made a huge thing out of it probably because you've seen this type of thing before online or had experienced men approaching you and you are tired of it. You're defensive to this type of ""cat calling"" behavior from men. Sorry but men have every right to try and talk to you, it will happen again with some other guy that finds you attractive I guarantee it. Maybe learn how to handle it better, if you are beautiful, or even slightly attractive, you will have men coming up to you for the rest of your life, its a blessing and a curse.

I know this sounds insensitive and harsh but there are levels to sexual harassment and this doesn't even scratch the surface. A very beautiful woman I knew once told me how after her workout some guy followed her to the parking lot and parked his car right behind hers, so she couldn't leave just so he could talk to her. So just keep that in mind some guys are actual creeps not every guy that tries to talk to you is.",Reddit,AmItheAsshole,subreddit,AmItheAsshole,,1.0,1.0,0.5291,0.2645,pullpush_live_search,live_scrape,female,,,,1.0,Financial_Suspect962,1747653180.0,,mt3pyop,,,,,,,2026-06-19T13:14:45.326861,sexual harassment,,,,,0.5291,perpetrator_attack,1.0,1.0,1,1,severe,"they really need men only and women only sections in the gym, or completely separate gyms men from women, and furthermore, age restricted gyms, 21-22 only, 22-23 only, that way women feel more comfortable to squat in peace/s you're very young and probably will never understand the situation you were in fully to ever handle it in a better less emotional manner. he was trying to talk to you, because i assume he finds you physically attractive, sadly your maturity level isn't in as good of shape as",mid
v2_0069,"GM! 🙃

Live on X in **3 hours** – a Gate.io AMA with GAMEE's CEO Martin Zakovec. ❓📱

Set a reminder so you don't miss it! And there's still a chance to get your questions in and earn $WAT if it's picked – so fire away! 😎

⬇️⬇️⬇️",Telegram,gameetokennews,telegram_group,gameetokennews,,1.0,1.0,0.554,0.277,telegram_messages,live_scrape,mixed,,,,268004.0,,1727686.0,,973,,,,,,,,,,,,,0.554,perpetrator_attack,0.0,0.0,1,0,gendered_moderate,gm! 🙃 live on x in **3 hours** – a gate.io ama with gamee's ceo martin zakovec. ❓📱 set a reminder so you don't miss it! and there's still a chance to get your questions in and earn $wat if it's picked – so fire away! 😎 ⬇️⬇️⬇️,high
v2_0070,"This gonna get hate but i dont care. Its my opinion 

I wrote a couple papers on consuminh porn and kink culture and honestly,  i would leave. 

I want my partners to love me the same way i love them and i most certainly dont have space nor for such weird kinks nor do i have space to be fetishised

Do YOU need sex with other ppl? Prbly not. Also, thd STDIs?

So dont offer yourself to do shit u dont wanna do.

Youre more than just an object he can lust over, you are human first.

And this is where it might be dangerous. Idk if he consumes porn but if he does, he might just see women as tool.

I mean its been three years, you have never expressed wanting to be wirh other people, so he should know for himself.


Idk man and u dont know either how hes gonna act if his kink is not fulfilled. Will he have the desire to act on it after 10 years of marriage? Will he get bored of the relationship?

He should really just work on himself first, get a therapist and you should probably too.

But DONT do anything for him. Especially stuff you dont wanna do!!❌‼️",Reddit,AmIOverreacting,subreddit,AmIOverreacting,,0.0,0.0,0.3987,0.0711,pullpush_live_search,live_scrape,female,,,,21.0,North_Dinner_8946,1747659755.0,,mt45p9n,,,,,,,2026-06-19T13:14:36.357131,women are,,,,,0.3987,neutral_discourse,1.0,0.0,0,1,severe,"this gonna get hate but i dont care. its my opinion i wrote a couple papers on consuminh porn and kink culture and honestly, i would leave. i want my partners to love me the same way i love them and i most certainly dont have space nor for such weird kinks nor do i have space to be fetishised do you need sex with other ppl? prbly not. also, thd stdis? so dont offer yourself to do shit u dont wanna do. youre more than just an object he can lust over, you are human first. and this is where it migh",mid
v2_0071,That's because you look hot.Are you a good slut,Reddit,CrossDresser_Closet,subreddit,CrossDresser_Closet,,1.0,1.0,0.8046,0.4023,pullpush_live_search,live_scrape,female,,,,2.0,Opposite-Conflict-29,1747659532.0,,mt453du,,,,,,,2026-06-19T13:15:12.614973,slut,,,,,0.8046,perpetrator_attack,1.0,1.0,1,1,severe,that's because you look hot.are you a good slut,high
v2_0072,@E-Time77 because they are decent human??,YouTube,Dr. Daf Show,youtube_channel,Dr. Daf Show,[],1.0,1.0,0.5581,0.279,yt-dlp,live_scrape,female,reply,1.0,Ugxr-ikcuYOZt3zjkOt4AaABAg,2.0,@FruitFlower604,1778716800.0,C8tpVKbxKfk,Ugxr-ikcuYOZt3zjkOt4AaABAg.ATfI7drYEtjAWkePpuCii7,,,,,,,,,,,,,0.5581,perpetrator_attack,0.0,0.0,1,0,gendered_moderate,@e-time77 because they are decent human??,high
v2_0073,"They will, this is copium .. ped shit did not do him in .. nothing will, nobody in US have any potency to do anything, he replaced anybody who could with FOX news anchor and podcasters... so yea... good luck.",Reddit,politics,subreddit,politics,,0.0,0.0,0.3964,0.0904,reddit_harassment_dataset,live_scrape,mixed,,,,1.0,vladoportos,1779631.0,,onls055,0.0,Americans are waking up to Trump’s money grabbing. They won’t forgive him,https://reddit.com/r/politics/comments/1tmc1vy/americans_are_waking_up_to_trumps_money_grabbing/,,,,,,,,,,0.3964,neutral_discourse,0.0,0.0,0,1,severe,"they will, this is copium .. ped shit did not do him in .. nothing will, nobody in us have any potency to do anything, he replaced anybody who could with fox news anchor and podcasters... so yea... good luck.",mid
v2_0074,I don't see any women standing up for her..,YouTube,Guardian News,youtube_channel,Guardian News,[],1.0,1.0,0.5137,0.2569,yt-dlp,live_scrape,female,comment,0.0,,71.0,@wiId_boy,1558569600.0,u-VcErKk6Qs,UgxYxq0aO7wKLRqZpI14AaABAg,,,,,,,,,,,,,0.5137,perpetrator_attack,1.0,1.0,1,0,gendered_moderate,i don't see any women standing up for her..,mid
v2_0075,there should be no reason for someone to have to treat a woman with respect. we’re people too.,YouTube,Cosmopolitan,youtube_channel,Cosmopolitan,[],1.0,1.0,0.5935,0.3324,yt-dlp,live_scrape,female,reply,1.0,UgyPwS2A4Z0Jey_39lV4AaABAg,2.0,@iluvpenguins14,1621728000.0,oWEKD493IxY,UgyPwS2A4Z0Jey_39lV4AaABAg.8WSkSSo7R3J9JbPXHjFrU4,,,,,,,,,,,,,0.5935,perpetrator_attack,1.0,1.0,1,0,gendered_moderate,there should be no reason for someone to have to treat a woman with respect. we’re people too.,high
v2_0076,Why doesn't he blame it on men who arent stepping up and pulling there weight and how old school work ethic missed many making it a requirement for women to work because they have to and all those babies who's going to take care of them or be able to afford them.,YouTube,unknown,youtube_channel,unknown,,1.0,1.0,0.5342,0.2671,youtube_scraped,live_scrape,female,comment,0.0,,0.0,,1760832000.0,-mvIktYig9Y,UgzEcvpc9aKXhp3rhAh4AaABAg,,,,,,,,,,,,,0.5342,perpetrator_attack,1.0,1.0,1,0,gendered_moderate,why doesn't he blame it on men who arent stepping up and pulling there weight and how old school work ethic missed many making it a requirement for women to work because they have to and all those babies who's going to take care of them or be able to afford them.,mid
v2_0077,"Guys don't worry the list of men ""isn't about men"" 👍",YouTube,Samantha Bee,youtube_channel,Samantha Bee,[],1.0,1.0,0.4601,0.2301,yt-dlp,live_scrape,female,comment,0.0,,78.0,@ChannelDonzi,1527033600.0,II-OP6vdMs8,UgzicAa-A6OAlu0tG8l4AaABAg,,,,,,,,,,,,,0.4601,perpetrator_attack,0.0,0.0,1,0,gendered_moderate,"guys don't worry the list of men ""isn't about men"" 👍",mid
v2_0078, @knightsplay3929  thats messed up the world is messed up,YouTube,HuffPost,youtube_channel,HuffPost,[],1.0,1.0,0.4016,0.2008,yt-dlp,live_scrape,female,reply,1.0,Ugi_xUe9GZuwSngCoAEC,0.0,@wolflaflamegaming7709,1621728000.0,9yMFw_vWboE,Ugi_xUe9GZuwSngCoAEC.8R_TZkMisrb9FIgAHODlW0,,,,,,,,,,,,,0.4016,perpetrator_attack,0.0,0.0,0,0,standard,@knightsplay3929 thats messed up the world is messed up,mid
v2_0079,"28 f working professional. I have never done in real so just confessing desires.. I wish I can help many of friends needs..

So we all have needs, and since becoming separated women.. my divorce is not yet complete for some reasons.. I wish that I could sure my friends are sexually satisfied. I'll suck their cocks, let them use my face for there pleasure. I'll then tell them too relax while I sit on there cock and ride the night away.. i kinda wish I had more friends like that though 😈",Telegram,indiansconfessions,telegram_group,indiansconfessions,,1.0,1.0,0.665,0.3325,telegram_messages,live_scrape,female,,,,9017.0,,1672561.0,,214,,,,,,,,,,,,,0.665,perpetrator_attack,1.0,1.0,1,0,gendered_moderate,"28 f working professional. i have never done in real so just confessing desires.. i wish i can help many of friends needs.. so we all have needs, and since becoming separated women.. my divorce is not yet complete for some reasons.. i wish that i could sure my friends are sexually satisfied. i'll suck their cocks, let them use my face for there pleasure. i'll then tell them too relax while i sit on there cock and ride the night away.. i kinda wish i had more friends like that though 😈",high
v2_0080,There is Literally no fucking reason for him to run for POTUS in 28....,Reddit,politics,subreddit,politics,,0.0,0.0,0.3905,0.4595,reddit_harassment_dataset,live_scrape,mixed,,,,1.0,can_ichange_it_later,1779637.0,,onmbmfh,0.0,Congressman Massie will name more names in Congress from the Epstein Files and won’t rule out a bid for 2028 Presidency after record money spent from AIPAC and billionaires on his opponent in Kentucky Primary,https://reddit.com/r/politics/comments/1tmdaxe/congressman_massie_will_name_more_names_in/,,,,,,,,,,0.2812,neutral_discourse,0.0,0.0,0,1,severe,there is literally no fucking reason for him to run for potus in 28....,low
v2_0081,"Life is desperate, ppl lie themselves everyday",YouTube,Catfished,youtube_channel,Catfished,[],1.0,1.0,0.6057,0.3029,yt-dlp,live_scrape,female,reply,1.0,UgzK8c3kL5FFi9oIR514AaABAg,0.0,@thtguy377,1716422400.0,72_vKNULbms,UgzK8c3kL5FFi9oIR514AaABAg.9ogamuZIP489sOvVRfzKoT,,,,,,,,,,,,,0.6057,perpetrator_attack,0.0,0.0,1,0,gendered_moderate,"life is desperate, ppl lie themselves everyday",high
v2_0082,"Alright, this sounds like a classic embedded infection to me, meaning that the antibiotics never fully rid your bladder of the bacteria which is now hiding within your bladder's biofilm. The physical act of sex can cause pressure on the bladder, dislodging the hidden bacteria and therefore reinfecting you. This is why D-Mannose works so well as a preventative because it will make sure that the dislodged bacteria can't stick, hence why it's also very important to drink a lot of water to flush it out afterwards.   
  
I've gotten in the habit of taking 2g of D-Mannose powder immediately after sex and again before bed since our bodies naturally detox throughout the night. If you can, it'll be best to have sex in the mornings/daytime so you give yourself a good chance to let the D-Mannose do it's thing, and to then drink lots of water and flush it out throughout the day. For now, I wouldn't have sex multiple times a day, you gotta give your body a chance to rest. The good news is that in theory, the more you have sex the more bacteria you can dislodge and safely flush out, but only with the help of supplements.   
  
So D-Mannose clearly works for you, which probably means you're dealing with a classic E-Coli infection. To help with your biofilm, you can additionally take NAC (a mucolytic agent that can break down the bladder's biofilm). I'd also suggest taking Cranberry Pacs 36mg daily for further prevention, and a good women's probiotic since you've been on several rounds of antibiotics. Antibiotics can additionally kill off all the good bacteria in your gut and your vagina, only causing more issues down the line, so get on that ASAP. 

As for what to do next, you really need to get a referral to a Urologist for further testing. You should also be able to get a prescription for Hiprex and go that route as it sounds like you'd be a good candidate. I've not personally tried it, I've manage my recurrent infections with the supplements I've shared with you and have found success in that. Depending on where you are, there are specialists in the US and the UK for exactly what you're going through, I'll share a link : [https://www.chronicutiinfo.com/treatment/](https://www.chronicutiinfo.com/treatment/) 

I'm sorry you're going through this, I understand it can be very frustrating. Please tell a trusted adult in your life, and make sure your boyfriend is sensitive to what you're going through. It's not your fault that it's happening, this is sadly very common but can be treated/managed. There's a lot of great info here on Reddit in this sub, make sure to read up.",Reddit,CUTI,subreddit,CUTI,,1.0,1.0,0.5022,0.2511,pullpush_live_search,live_scrape,female,,,,6.0,ParkingNo343,1747648706.0,,mt3hmat,,,,,,,2026-06-19T13:15:23.725771,kill yourself woman,,,,,0.5022,perpetrator_attack,1.0,1.0,1,0,gendered_moderate,"alright, this sounds like a classic embedded infection to me, meaning that the antibiotics never fully rid your bladder of the bacteria which is now hiding within your bladder's biofilm. the physical act of sex can cause pressure on the bladder, dislodging the hidden bacteria and therefore reinfecting you. this is why d-mannose works so well as a preventative because it will make sure that the dislodged bacteria can't stick, hence why it's also very important to drink a lot of water to flush it ",mid
v2_0083,If her mom was/is a hoe then she's most likely a hoe too. Where do you think she learned it from?,Twitter,twitter_historical,historical_hashtag,twitter_historical,,1.0,1.0,0.4467,0.2233,davidson_2017_twitter,historical_twitter,female,,,,,,,,,,,,,,,2026-06-22T05:53:17.802114+00:00,,11542.0,1.0,0.0,1.0,0.4467,perpetrator_attack,1.0,1.0,1,0,gendered_moderate,if her mom was/is a hoe then she's most likely a hoe too. where do you think she learned it from?,mid
v2_0084, @OO_sunflower_OO  haha hi,YouTube,Breaking Down Patriarchy,youtube_channel,Breaking Down Patriarchy,[],1.0,0.0,0.5377,0.6326,yt-dlp,live_scrape,female,reply,1.0,Ugy5iBIY2AAdYmwT71Z4AaABAg,0.0,@lifetaketwo7662,1747958400.0,8zHfHEEtaUk,Ugy5iBIY2AAdYmwT71Z4AaABAg.AAl_aIj-uoZAHsJk_gHMLN,,,,,,,,,,,,,0.2613,neutral_discourse,0.0,0.0,0,0,standard,@oo_sunflower_oo haha hi,low
v2_0085,"​ @bloodwargaming3662  my children are the most important people in my life. Sure, they get on my nerves and talk back, but I love them with all my heart. I don't think I can live without them. I gladly provide and support them in a marriage or a divorce. Being a father is the most rewarding thing in the world. I gladly take responsibility for their development and needs.",YouTube,Counterpoint,youtube_channel,Counterpoint,[],1.0,1.0,0.5149,0.2575,yt-dlp,live_scrape,female,reply,1.0,Ugz9tSQCrlZ5T_F2iFZ4AaABAg,3.0,@19Marksman79,1776902400.0,uzw8XOp6_zU,Ugz9tSQCrlZ5T_F2iFZ4AaABAg.ANSE_ZYvcezAVklfdhp9bX,,,,,,,,,,,,,0.5149,perpetrator_attack,0.0,0.0,1,0,gendered_moderate,"​ @bloodwargaming3662 my children are the most important people in my life. sure, they get on my nerves and talk back, but i love them with all my heart. i don't think i can live without them. i gladly provide and support them in a marriage or a divorce. being a father is the most rewarding thing in the world. i gladly take responsibility for their development and needs.",mid
v2_0086,"Weed doesn’t do that to people , he was most likely on something else too. Regardless, start with leaving him",Reddit,TwoXChromosomes,subreddit,TwoXChromosomes,,0.0,0.0,0.1139,0.1025,reddit_harassment_dataset,live_scrape,mixed,,,,1.0,dark00monkey,1779632.0,,onlxmj3,1.0,TW: My boyfriend r*ped me and I don’t know what to do,https://reddit.com/r/TwoXChromosomes/comments/1tm10b9/tw_my_boyfriend_rped_me_and_i_dont_know_what_to_do/,,,,,,,,,,0.1139,neutral_discourse,0.0,0.0,0,0,standard,"weed doesn’t do that to people , he was most likely on something else too. regardless, start with leaving him",low
v2_0087,I just got called a stupid bitch for saying that everyone always whines about the show. Sooo toxic,Reddit,lastofuspart2,subreddit,lastofuspart2,,1.0,1.0,0.8506,0.4253,pullpush_live_search,live_scrape,female,,,,1.0,BlackOliveBurrito,1747627787.0,,mt2i2h2,,,,,,,2026-06-19T13:14:11.953225,stupid bitch,,,,,0.8506,perpetrator_attack,1.0,1.0,1,1,severe,i just got called a stupid bitch for saying that everyone always whines about the show. sooo toxic,high
v2_0088," @jermaine818 that’s not toxic masculinity, that’s just being an asshole",YouTube,Counterpoint,youtube_channel,Counterpoint,[],0.0,0.0,0.3441,0.1261,yt-dlp,live_scrape,female,reply,1.0,UgwVyta_JkD1eVEL1ul4AaABAg,1.0,@reddrex8617,1774224000.0,uzw8XOp6_zU,UgwVyta_JkD1eVEL1ul4AaABAg.ANU6-JLJiMcAU0BLZBCyqh,,,,,,,,,,,,,0.3441,neutral_discourse,0.0,0.0,0,0,standard,"@jermaine818 that’s not toxic masculinity, that’s just being an asshole",low
v2_0089,"Being catcalled is horrible. I'm 29 now and it rarely ever happens, even though my breasts are the biggest they've ever been. When I was a teenager it felt constant. It's a struggle but in time I have found a solid group of friends who see me as a whole person.",Reddit,bigboobproblems,subreddit,bigboobproblems,,0.0,0.0,0.0901,0.0475,pullpush_live_search,live_scrape,,,,,28.0,QueenHarambe,1747582944.0,,msyxajy,,,,,,,2026-06-19T13:14:49.234189,catcalled,,,,,0.0901,victim_disclosure,0.0,0.0,0,0,standard,"being catcalled is horrible. i'm 29 now and it rarely ever happens, even though my breasts are the biggest they've ever been. when i was a teenager it felt constant. it's a struggle but in time i have found a solid group of friends who see me as a whole person.",low
v2_0090,Both you whores get your asses into my DMs right now!,Reddit,FemaleInferiorityCap,subreddit,FemaleInferiorityCap,,1.0,1.0,0.5686,0.2843,pullpush_live_search,live_scrape,,,,,1.0,FancyJuggernaut4635,1747659597.0,,mt459tq,,,,,,,2026-06-19T13:15:05.306380,whore,,,,,0.5686,perpetrator_attack,0.0,0.0,1,0,gendered_moderate,both you whores get your asses into my dms right now!,high
v2_0091,"Welcome to /r/relationship_advice. Please make sure you read our [rules here.](https://www.reddit.com/r/relationship_advice/wiki/index) We'd like to take this time to remind users that:

* We do not allow any type of [am I the asshole? or situations/content involving minors](https://www.reddit.com/r/relationship_advice/comments/r6w9uh/meta_am_i_overreacting_am_i_the_asshole_is_this/)

* We do not allow users to privately message other users based on their posts here. Users found to be engaging in this conduct will be banned. **We highly encourage OP to turn off the ability to be privately messaged in their settings.** 

* Any sort of namecalling, insults,etc will result in the comment being removed and the user being banned. (Including but not limited to: slut, bitch, whore, for the streets, etc. It does not matter to whom you are referring.)

* ALL advice given must be good, ethical advice. Joke advice or advice that is conspiratorial or just plain terrible will be removed, and users my be subject to a ban.

* No referencing hateful subreddits and/or their rhetoric. Examples include, but is not limited to: red/blue/black/purplepill, PUA, FDS, MGTOW, etc. This includes, but is not limited to, referring to people as alpha/beta, calling yourself or users ""friend-zoned"", referring to people as Chads, Tyrones, or Staceys, pick-me's, or pornsick. Any infractions of this rule will result in a ban.  **This is not an all-inclusive list.**

* All bans in this subreddit are permanent. You don't get a free pass.

* Anyone found to be directly messaging users for any reason whatsoever will be banned.

* What we cannot give advice on: rants, unsolicited advice, medical conditions/advice, mental illness, letters to an ex, ""body counts"" or number of sexual partners, legal problems, financial problems, situations involving minors, and/or abuse (violence, sexual, emotional etc). All of these will be removed and locked. **This is not an all-inclusive list.**

If you have any questions, please [message the mods](https://www.reddit.com/message/compose?to=%2Fr%2Frelationship_advice)

---

***This is an automatic comment that appears on all posts. This comment does not necessarily mean your post violates any rules.***

---


*I am a bot, and this action was performed automatically. Please [contact the moderators of this subreddit](/message/compose/?to=/r/relationship_advice) if you have any questions or concerns.*",Reddit,relationship_advice,subreddit,relationship_advice,,1.0,1.0,0.645,0.3225,reddit_harassment_dataset,live_scrape,female,,,,1.0,AutoModerator,1779602.0,,onk22b8,0.0,"I (29M) asked my girlfriend (28F) of 6 years for a small loan for 2 days, her reaction has me questioning the relationship",https://reddit.com/r/relationship_advice/comments/1tm3omr/i_29m_asked_my_girlfriend_28f_of_6_years_for_a/,,,,,,,,,,0.645,perpetrator_attack,1.0,1.0,1,1,severe,welcome to /r/relationship_advice. please make sure you read our [rules here.](https://www.reddit.com/r/relationship_advice/wiki/index) we'd like to take this time to remind users that: * we do not allow any type of [am i the asshole? or situations/content involving minors](https://www.reddit.com/r/relationship_advice/comments/r6w9uh/meta_am_i_overreacting_am_i_the_asshole_is_this/) * we do not allow users to privately message other users based on their posts here. users found to be engaging in ,high
v2_0092,"u/Jasmyne8, welcome to r/bigtitsinbikinis! Please [**read all our rules** here!](https://www.reddit.com/r/bigtitsinbikinis/about/rules/) *This is an automated message for all posts, this is not a removal message.* **READ BELOW**  
**Rule 5: No names in plaintext**. Posting names in *plaintext* leads to DMCA removals that threaten to get the **entire subreddit** banned **again**. Not cool!  
[Don't know how to use NATO? **Try this.** This site should be stable.](https://www.dcode.fr/nato-phonetic-alphabet)  
A a friendly reminder that posting sources in obsfucated methodology (NATO especially) is both **allowed** and **strongly encouraged**.  
**[READ OUR DNP LIST!](https://www.reddit.com/r/bigtitsinbikinis/comments/1fi92tu/dnp_do_not_post_list_models_whove_repeatedly_made/)** This list serves as a *Do Not Post* list that's updated with women who make or have made mass DMCA claims against this subreddit. To keep your accounts and this entire subreddit from being banned by the *admins*, do not post any women on this list. See: **[Reddit's updated rules against sexual harassment.](https://np.reddit.com/r/RedditSafety/comments/1et3lal/update_on_enforcing_against_sexualized_harassment/)**  
Users who break these rules will have posts removed.  


*I am a bot, and this action was performed automatically. Please [contact the moderators of this subreddit](/message/compose/?to=/r/bigtitsinbikinis) if you have any questions or concerns.*",Reddit,bigtitsinbikinis,subreddit,bigtitsinbikinis,,1.0,1.0,0.5216,0.2608,pullpush_live_search,live_scrape,female,,,,1.0,AutoModerator,1747650220.0,,mt3k8mo,,,,,,,2026-06-19T13:14:45.326901,sexual harassment,,,,,0.5216,perpetrator_attack,1.0,1.0,1,1,severe,"u/jasmyne8, welcome to r/bigtitsinbikinis! please [**read all our rules** here!](https://www.reddit.com/r/bigtitsinbikinis/about/rules/) *this is an automated message for all posts, this is not a removal message.* **read below** **rule 5: no names in plaintext**. posting names in *plaintext* leads to dmca removals that threaten to get the **entire subreddit** banned **again**. not cool! [don't know how to use nato? **try this.** this site should be stable.](https://www.dcode.fr/nato-phonetic-alp",mid
v2_0093,@Helldog6 Lost in what way?,YouTube,unknown,youtube_channel,unknown,,0.0,0.0,0.2504,0.0506,youtube_scraped,live_scrape,female,reply,1.0,Ugz5qQZp2HXsp28xYwR4AaABAg,0.0,,1750291200.0,-mvIktYig9Y,Ugz5qQZp2HXsp28xYwR4AaABAg.AIgT39Gv0-EAIk1uZtqExz,,,,,,,,,,,,,0.2504,neutral_discourse,0.0,0.0,0,0,standard,@helldog6 lost in what way?,low
v2_0094,"Join the X Spaces AMA tomorrow with **GAMEE CEO Martin Zakovec** and **GAMEE Co-Founder Bozena Rezab! **✨

They'll be answering all your questions about the transition towards $GMEE 2.0, $WAT utility and rewards, the GAMEE ecosystem – and whatever else you'd love to know!

📱 **Starts tomorrow at 11:00 UTC ** ⏰

Click below to set a reminder.",Telegram,gameetokennews,telegram_group,gameetokennews,,0.0,0.0,0.386,0.0786,telegram_messages,live_scrape,mixed,,,,196692.0,,1728471.0,,992,,,,,,,,,,,,,0.386,neutral_discourse,0.0,0.0,0,0,standard,"join the x spaces ama tomorrow with **gamee ceo martin zakovec** and **gamee co-founder bozena rezab! **✨ they'll be answering all your questions about the transition towards $gmee 2.0, $wat utility and rewards, the gamee ecosystem – and whatever else you'd love to know! 📱 **starts tomorrow at 11:00 utc ** ⏰ click below to set a reminder.",mid
v2_0095,"That's how I felt most of my life, and it was coupled with extreme painful period and PMS. And then in my 40s my cycle went completely sideways, due to peri. At that point desperate for a solution and no health insurance, I had to DIY my cycle. 


I decided to start charging my cycle according to FAM. I started with the book **Taking Charge of your Fertility** by Toni Weschler, but honestly, since I was neither TTC nor TTA, I found it overwhelming with the pregnancy info. I then found out she wrote a teen book called **Cycle Savvy**, which is the period book we should have all gotten. I used this book to learn to chart, and then referred back to TCOYF to diagnose my charts. 


What I didn't expect was the level of self-awareness you get from observing your cycle scientifically. This process gave me a sense or authority over myself. And, not to be too ""woo-woo"" about it, but I could see how the cycles in my body echoed cycles of nature. Eventually I could see how my cycle is a source of power. 


Honestly, I really wish I would have started charting in my 20s when I first saw Toni Weschler's book at the book store. I truly think my life would have been different if I had.",Reddit,TwoXChromosomes,subreddit,TwoXChromosomes,,0.0,0.0,0.1614,0.0372,pullpush,live_scrape,female,,,,1.0,ftr-mmrs,1747658852.0,,mt439n3,1.0,,/r/TwoXChromosomes/comments/1kq2u8x/feeling_like_my_own_body_is_misogynistic_against/mt439n3/,1kq2u8x,0.0,0.0,2026-06-20T07:57:40.761362,,,,,,0.1614,victim_disclosure,1.0,0.0,0,0,standard,"that's how i felt most of my life, and it was coupled with extreme painful period and pms. and then in my 40s my cycle went completely sideways, due to peri. at that point desperate for a solution and no health insurance, i had to diy my cycle. i decided to start charging my cycle according to fam. i started with the book **taking charge of your fertility** by toni weschler, but honestly, since i was neither ttc nor tta, i found it overwhelming with the pregnancy info. i then found out she wrote",low
v2_0096,"this is a puyopuyo port right? That game is about as old as tetris and considered a classic in the same vein, I think it was just more popular in the east.",Reddit,gaming,subreddit,gaming,,0.0,0.0,0.1684,0.1021,reddit_harassment_dataset,live_scrape,mixed,,,,73.0,Juking_is_rude,1779583.0,,onit2qu,0.0,I never got into Tetris because I played this game so much.,https://reddit.com/r/gaming/comments/1tlx2sx/i_never_got_into_tetris_because_i_played_this/,,,,,,,,,,0.1684,neutral_discourse,0.0,0.0,0,0,standard,"this is a puyopuyo port right? that game is about as old as tetris and considered a classic in the same vein, i think it was just more popular in the east.",low
v2_0097,Why not reach out to Matt Rife. I’m sure he would come to meet her and tell her the truth,YouTube,Catfished,youtube_channel,Catfished,[],0.0,0.0,0.2245,0.0679,yt-dlp,live_scrape,female,reply,1.0,UgzHKKpxstP_TOH5diB4AaABAg,8.0,@Jumbojoshplays,1750636800.0,PU3x29_Cxls,UgzHKKpxstP_TOH5diB4AaABAg.AImSUBw6N9RAIup5Hkp6yb,,,,,,,,,,,,,0.2245,neutral_discourse,1.0,0.0,0,0,standard,why not reach out to matt rife. i’m sure he would come to meet her and tell her the truth,low
v2_0098,Any women in west mids want company?,Telegram,badoocom,telegram_group,badoocom,,1.0,1.0,0.7576,0.3788,telegram_messages,live_scrape,female,,,,,,1779591.0,,11858760,,,,,,,,,,,,,0.7576,perpetrator_attack,1.0,1.0,1,0,gendered_moderate,any women in west mids want company?,high
v2_0099,"Confession #97

I go out sometimes to find a homeless person, male or female, and I bring them home, let them shower, rest, feed them, i give them money for their extra “curricular activities” then I pay them a little money and ask them  to have sex with me. If the male is straight I usually just suck him off until he busts in my mouth, or I let him put his penis inside me while I ride him. Having sex with random strangers is fun to me.",Telegram,anonymousconfess,telegram_group,anonymousconfess,97,1.0,1.0,0.4018,0.2464,telegram_messages,live_scrape,female,,,,420.0,,1776799.0,,209,,,,,,,,,,,,,0.4018,perpetrator_attack,1.0,1.0,0,0,standard,"confession #97 i go out sometimes to find a homeless person, male or female, and i bring them home, let them shower, rest, feed them, i give them money for their extra “curricular activities” then i pay them a little money and ask them to have sex with me. if the male is straight i usually just suck him off until he busts in my mouth, or i let him put his penis inside me while i ride him. having sex with random strangers is fun to me.",mid
v2_0100,"""She does have money to pay her current bills because she receives income related to her 14-year-old son’s disability care. He’s on 24/7 home nursing care, and that income is how she currently supports herself and her kids . . . When I asked what her contribution would be, she said the money she receives is for her and her two other kids, and that she will not get a job because, in her words, “her job is at home.”

Seriously you want her to get a job? She already has one. 24/7 home care for a disabled child IS work and probably harder than most jobs. If you work and pay for housing but her income pays for the majority of her and the kids' expenses, that seems like a very reasonable proposition. It's very different than a SAHM with $0 income (which is a valid choice many couples make). 

In terms of her saying that money should be to fund her and kids, that's exactly what it's intended to do. 

If you don't like what she's proposing, it's time to move on. She has enough on her plate. ",Reddit,relationship_advice,subreddit,relationship_advice,,1.0,1.0,0.5894,0.2947,reddit_harassment_dataset,live_scrape,female,,,,1.0,No-Consideration-858,1779635.0,,onm5n52,0.0,My GF (37F) and I (40M) are talking about moving in with each other. However she doesn't want to work.,https://reddit.com/r/relationship_advice/comments/1tmcwhf/my_gf_37f_and_i_40m_are_talking_about_moving_in/,,,,,,,,,,0.5894,perpetrator_attack,1.0,1.0,1,0,gendered_moderate,"""she does have money to pay her current bills because she receives income related to her 14-year-old son’s disability care. he’s on 24/7 home nursing care, and that income is how she currently supports herself and her kids . . . when i asked what her contribution would be, she said the money she receives is for her and her two other kids, and that she will not get a job because, in her words, “her job is at home.” seriously you want her to get a job? she already has one. 24/7 home care for a dis",high
v2_0101,"Many monkeys’ conservative idol, Russia, has low birth rate. Why don’t the patriotic women want to have babies, monkeys?",YouTube,unknown,youtube_channel,unknown,,1.0,1.0,0.4445,0.2223,youtube_scraped,live_scrape,female,comment,0.0,,0.0,,1755561600.0,-mvIktYig9Y,UgybDfapzcCsbc4oRtV4AaABAg,,,,,,,,,,,,,0.4445,perpetrator_attack,1.0,1.0,1,0,gendered_moderate,"many monkeys’ conservative idol, russia, has low birth rate. why don’t the patriotic women want to have babies, monkeys?",mid
v2_0102,"Women. 
@memesouterspace1",Telegram,memesouterspace1,telegram_group,memesouterspace1,,1.0,1.0,0.9999,0.5,telegram_messages,live_scrape,female,,,,11968.0,,1657998.0,,10749,,,,,,,,,,,,,0.9999,perpetrator_attack,1.0,1.0,1,0,gendered_moderate,women. @memesouterspace1,high
v2_0103,"Calls for the release of Gaza hospital director detained by Israel
@aljazeeraenglish",Telegram,AlJazeeraEnglish,telegram_group,AlJazeeraEnglish,,0.0,0.0,0.2271,0.2671,telegram_messages,live_scrape,mixed,,,,1108.0,,1735588.0,,12766,,,,,,,,,,,,,0.1962,neutral_discourse,0.0,0.0,0,0,standard,calls for the release of gaza hospital director detained by israel @aljazeeraenglish,low
v2_0104,"Rebel leader tells Al Jazeera they’re ‘fighting for survival’ in DR Congo | Al Jazeera Newsfeed
@aljazeeraenglish",Telegram,AlJazeeraEnglish,telegram_group,AlJazeeraEnglish,,0.0,0.0,0.1945,0.1158,telegram_messages,live_scrape,mixed,,,,664.0,,1736390.0,,12923,,,,,,,,,,,,,0.1945,neutral_discourse,0.0,0.0,0,0,standard,rebel leader tells al jazeera they’re ‘fighting for survival’ in dr congo | al jazeera newsfeed @aljazeeraenglish,low
v2_0105,"Hello /u/Ill_Investigator6883. Thank you for participating in /r/AskWomen. **Please read this entire message before taking action.**

This post has been removed as AskWomen does not allow posts about personal situations, advice or recommendations of any kind. This sub is about receiving answers from the community about *their own* opinions and experiences, so posts also cannot include your own answer or commentary. Posts that are undistinguishable from personal situations are not permitted.

You can always go to /r/findareddit if you don’t know where else to go.  Please remember to read the rules of any subreddit you go to.  

Have questions about this moderator action? See the [AskWomen rules](http://www.reddit.com/r/askwomen/wiki/rules).

If you need assistance, first **copy a link to your removed post or comment** and then paste it in a message to the mod team [clicking here](http://www.reddit.com/message/compose/?to=/r/AskWomen&subject=Why+was+this+removed). We will not reply to messages without a link for review. DO NOT contact moderators privately. 


*I am a bot, and this action was performed automatically. Please [contact the moderators of this subreddit](/message/compose/?to=/r/AskWomen) if you have any questions or concerns.*",Reddit,AskWomen,subreddit,AskWomen,,0.0,0.0,0.2411,0.0782,pullpush,live_scrape,,,,,1.0,AutoModerator,1747659523.0,,mt452hj,1.0,,/r/AskWomen/comments/1kqb1md/strictly_for_women_only_how_to_deal_with_periods/mt452hj/,1kqb1md,0.0,0.0,2026-06-20T07:57:43.994578,,,,,,0.2411,neutral_discourse,0.0,0.0,0,0,standard,"hello /u/ill_investigator6883. thank you for participating in /r/askwomen. **please read this entire message before taking action.** this post has been removed as askwomen does not allow posts about personal situations, advice or recommendations of any kind. this sub is about receiving answers from the community about *their own* opinions and experiences, so posts also cannot include your own answer or commentary. posts that are undistinguishable from personal situations are not permitted. you c",low
v2_0106,"Update...Yup. still circling.

Bitch, if your dumb ass ain't find it yet, you might wanna take the L.",Reddit,sandiego,subreddit,sandiego,,1.0,1.0,0.8812,0.4406,pullpush_live_search,live_scrape,female,,,,1.0,xtra_midium,1747636162.0,,mt2xl95,,,,,,,2026-06-19T13:15:28.690961,dumb bitch,,,,,0.8812,perpetrator_attack,1.0,1.0,1,1,severe,"update...yup. still circling. bitch, if your dumb ass ain't find it yet, you might wanna take the l.",high
v2_0107,"@Uzi @UzitheSaint  you ever seen or heard of the movie “mean girls” by chance ? If not other movies like “jawbreaker, heathers, hot chick or drop dead gorgeous” ? These movies show the “toxic femininity” you were looking for and how societal expectations, covert aggression, manipulation, weaponized victimhood and survival mechanisms forced upon young women can be harmful. BUT As previously stated before those traits aren’t considered “toxic femininity” by critics and professionals such as psychologists and sociologists because they are GENERAL HUMAN flaws or defensive responses to trauma, rather than traits inherent SOLEY to femininity itself. 
Eureka 💡, I finally found where the REAL disconnect is lol and you’re still not gonna like it. The traits you listed as well as mine when describing the movies above are just toxic HUMAN FLAWS that show up regardless of race, gender and age making them gender neutral. When I said “men do it too” it wasn’t to deflect but me answering your question as to why those traits aren’t brought up when discussing toxic femininity. It’s also ironic how you know men do the same thing but only wanted to pin it on women and didn’t ask why isn’t it discussed for both toxic femininity and toxic masculinity but I digress lol. When a toxic behavior is found in PEOPLE of any gender, it is fundamentally classified as “toxic human behavior”.  In order to be classified as toxic masculinity or toxic femininity, It has to be traits/characteristics or behaviors pertaining to the specific gender SOLEY. Again TOXIC masculinity is harmful which doesn’t equal or translate too any and everything that’s MASCULINE or masculinity itself is bad or harmful. I really hope that helps and one day it clicks for yoh",YouTube,Counterpoint,youtube_channel,Counterpoint,[],1.0,1.0,0.6198,0.3099,yt-dlp,live_scrape,female,reply,1.0,UgwEepJk3QIt9Iu9AiB4AaABAg,0.0,@jadedabratz7442,1778716800.0,uzw8XOp6_zU,UgwEepJk3QIt9Iu9AiB4AaABAg.ANPitpu_tuUAWls3Cvyv1c,,,,,,,,,,,,,0.6198,perpetrator_attack,1.0,1.0,1,0,gendered_moderate,"@uzi @uzithesaint you ever seen or heard of the movie “mean girls” by chance ? if not other movies like “jawbreaker, heathers, hot chick or drop dead gorgeous” ? these movies show the “toxic femininity” you were looking for and how societal expectations, covert aggression, manipulation, weaponized victimhood and survival mechanisms forced upon young women can be harmful. but as previously stated before those traits aren’t considered “toxic femininity” by critics and professionals such as psychol",high
v2_0108,@1tzyb1tzel  so I’m not a woman?,YouTube,unknown,youtube_channel,unknown,,1.0,1.0,0.4949,0.2475,youtube_scraped,live_scrape,female,reply,1.0,UgxXvDNZ_Ca7oznA7rt4AaABAg,0.0,,1763510400.0,-mvIktYig9Y,UgxXvDNZ_Ca7oznA7rt4AaABAg.AOqzXwBefPJAPPWdx6qoYl,,,,,,,,,,,,,0.4949,perpetrator_attack,1.0,1.0,1,0,gendered_moderate,@1tzyb1tzel so i’m not a woman?,mid
v2_0109,@Bigjimbo6     What makes you think mothers are all the same?    YOU are the only one who is sad.  YOU are sad that she has a career!  What @staceenautl3847 omitted is that her husband made her miserable.  A selfish husband makes a wife unhappy.,YouTube,unknown,youtube_channel,unknown,,0.0,0.0,0.3864,0.1951,youtube_scraped,live_scrape,female,reply,1.0,UgzIPorzZwjfx3Uf3cl4AaABAg,0.0,,1760832000.0,-mvIktYig9Y,UgzIPorzZwjfx3Uf3cl4AaABAg.AN5vWZFWId-ANGIxz3UWs9,,,,,,,,,,,,,0.3864,neutral_discourse,1.0,0.0,0,0,standard,@bigjimbo6 what makes you think mothers are all the same? you are the only one who is sad. you are sad that she has a career! what @staceenautl3847 omitted is that her husband made her miserable. a selfish husband makes a wife unhappy.,mid
v2_0110,"You keep arguing that the Quran is just a later version of older myths, distorted over time like a “broken telephone.” But let’s **shut that argument down properly.**

First, the Quran itself **acknowledges that past revelations existed** but also **clarifies that they were altered over time** (Surah Al-Baqarah 2:79, Surah Al-Ma’idah 5:13). Islam teaches that **earlier prophets, like Moses and Jesus, received divine revelation**, but **human interference corrupted their messages**—which is exactly why the Quran was revealed as a **final, preserved scripture** (Surah Al-Hijr 15:9). Just because elements of a story **exist in earlier cultures** doesn’t mean Islam copied them. The simpler explanation is that **true divine revelations were passed down, but societies distorted them over time**—which is exactly what Islam teaches.

If Islam was copying from previous myths, **why does the Quran consistently strip away polytheistic elements** and present a strictly monotheistic worldview—while earlier stories contain gods, demi-gods, and human-like deities? The Sumerian creation myths involve gods who needed human laborers, while the Quran presents **God as all-powerful, self-sufficient, and independent of creation.** If Islam were just copying, why remove the elements that were dominant in those societies?

You claim that to get the “real” story, we should look at Sumerian cuneiform texts. But **historical age does not equal authenticity.** Just because a text is older **does not mean it is more accurate**—especially when it comes to religious narratives. The Quran doesn’t claim to be the “first” revelation—it claims to be the **final and preserved** one. Older civilizations may have received **true revelation**, but their texts **don’t automatically become more valid just because they are ancient.** The Sumerian cuneiform tablets are filled with mythology, **polytheism**, and stories of gods with human flaws. If they were the “original” divine texts, why do they contradict the core principles of monotheism, morality, and prophecy found in later revelations?

If we were to apply your logic, then Hindu texts, which predate much of written history, should also be considered “the original source.” But that would contradict your claim that Sumerian texts hold the “true” version. **Older does not mean truer.**

You then argue that “the Quran could have distorted the original revelations just like the Sumerians.” But this logic is self-defeating. If every religious text is just a distortion of something older, how can we ever verify truth? The Quran provides an **internal and external verification system**. It claims divine preservation (Surah Al-Hijr 15:9). It challenges people to find contradictions (Surah An-Nisa 4:82). It aligns with **historical and scientific facts discovered centuries later** (e.g., embryology, ocean barriers, the expanding universe).

If the Quran was just another myth, why is it the only scripture that has remained **unchanged for over 1400 years**, while every other major religious text has undergone countless edits?

Now let’s talk about **scientific facts in the Quran that were impossible to know in the 7th century.**

The Expanding Universe: __“And the heaven We constructed with strength, and indeed, We are [continually] expanding it.”__ (Surah Adh-Dhariyat 51:47)

This was only discovered in **1929** by Edwin Hubble. No religious or historical text before the Quran mentioned an **expanding universe.**

Oceanic Barriers: __“He has set the two seas in motion, converging together. Between them is a barrier they do not transgress.”__ (Surah Ar-Rahman 55:19-20)

Modern oceanography has confirmed **distinct barriers between salt and freshwater**, which mix but remain separate due to surface tension. **How could Muhammad (ﷺ) have known this?**

Embryology in the Quran: __“We created man from an extract of clay. Then We made him a drop in a secure resting place. Then We made the drop into a clinging clot, and We made the clot into a lump, and We made the lump into bones, then We covered the bones with flesh.”__ (Surah Al-Mu’minun 23:12-14)

Dr.",Telegram,Religiousdebate,telegram_group,Religiousdebate,,1.0,1.0,0.5641,0.2821,telegram_messages,live_scrape,mixed,,,,,,1741378.0,,4206,,,,,,,,,,,,,0.5641,perpetrator_attack,0.0,0.0,1,0,gendered_moderate,"you keep arguing that the quran is just a later version of older myths, distorted over time like a “broken telephone.” but let’s **shut that argument down properly.** first, the quran itself **acknowledges that past revelations existed** but also **clarifies that they were altered over time** (surah al-baqarah 2:79, surah al-ma’idah 5:13). islam teaches that **earlier prophets, like moses and jesus, received divine revelation**, but **human interference corrupted their messages**—which is exactl",high
v2_0111,"New Georgian president sworn in as predecessor refuses to stand aside
@aljazeeraenglish",Telegram,AlJazeeraEnglish,telegram_group,AlJazeeraEnglish,,0.0,0.0,0.1417,0.1668,telegram_messages,live_scrape,mixed,,,,1042.0,,1735512.0,,12752,,,,,,,,,,,,,0.0971,neutral_discourse,0.0,0.0,0,0,standard,new georgian president sworn in as predecessor refuses to stand aside @aljazeeraenglish,low
v2_0112,"Clearly for content because we know she pumps. I mean, am I surprised? Stupid bitch. Lolz",Reddit,brittanydawnsnark,subreddit,brittanydawnsnark,,1.0,1.0,0.8382,0.4191,pullpush_live_search,live_scrape,female,,,,12.0,Economy_General8943,1747618746.0,,mt1w7h6,,,,,,,2026-06-19T13:14:11.953273,stupid bitch,,,,,0.8382,perpetrator_attack,1.0,1.0,1,1,severe,"clearly for content because we know she pumps. i mean, am i surprised? stupid bitch. lolz",high
v2_0113,No. I have a boyfriend who I am loyal to,Telegram,united_global_friends,telegram_group,united_global_friends,,1.0,1.0,0.558,0.279,telegram_messages,live_scrape,mixed,,,,,,1779563.0,,1594473,,,,,,,,,,,,,0.558,perpetrator_attack,0.0,0.0,1,0,gendered_moderate,no. i have a boyfriend who i am loyal to,high
v2_0114,"We can keep unpacking it all here just in case there are others who may benefit from our conversations. 

The two options you presented: 1. Earth School and 2. Prison Planet are both correct. It’s a combination of the two with a few additional features. You do come here to learn. You will take your experiences into the next existence. You will learn from your mistakes and you will understand yourself and everyone else more because of the life you’ve lived. And we are also in a sort of prison planet. This is Lucifer’s quarters. God threw him to the Earth when he rebelled. (Was he the object that crashed to the Earth and annihilated the dinosaurs?)

When Matthew Brown said we don’t truly have freedom, he means the Illuminati/the Nephilim/the fallen angels have orchestrated a living environment where we are constantly enslaved by addictions and abused by each other. We work, we’re taxed, and all our efforts go to make the elite richer and give them more leisure. So yes, it is a prison and we are enslaved. I think people are waking up to it now that it’s on display so obviously in the American government. We’re also lied to about what our reality truly is. They keep advanced science away from us and give us science that only helps enough to keep us going. But they keep the science from us that could give every one of us lives of leisure and good health.

So yes, you’re right about both of your points. 

Remember above when I said they had infiltrated the Christian church? They infiltrated it at the very beginning. When they constructed the Bible, they intentionally left out certain books and hid them away. One thing these beings inserted into the various religions is that men lead and women follow— that women are subservient to men. But this was never Jesus’s teaching.

Mary Magdalene was his main disciple, she was the first person he went to when he resurrected, but they reduced her role to a mere prostitute who was saved by Jesus. And they didn’t include her book, the Gospel of Mary, in the Bible. Why did they do that? So that the churches would oppress women for generations. Despite women being oppressed, they still spiritually lead the household. If a family goes to church, it’s usually because the mother/wife is the one making it happen. Plenty of research backs this up. But, unlike any time in history, women are currently waking up to this unfair oppression. They’re beginning to sense that something is wrong and it has them questioning their allegiance to the church.

And why did they plant that oppressive seed at the beginning? I point to what’s going on with Chris Bledsoe. Now, The Lady can swoop in and “rebalance” the masculine and feminine— and raise the Divine Feminine. And women, the spiritual leaders of the household, are more likely to gravitate toward her teachings and abandon the oppressive churches, making them more likely to abandon Jesus because he is associated so deeply with the Christian churches.

They set the stage at the very beginning for what you’re seeing occur with Chris. This will drive multitudes of people away from Jesus and God and toward the religion she will be promoting, as quickly as Easter 2026. They’ve been playing the long game here. Frankly, it’s incredible.

You mention other spiritual traditions about yin/yang, feminine/masculine, etc. And then you asked what the actionable takeaway is. I’ll explain it using Buddhism as an example, because this part is very important. Here is what’s most important: religion is irrelevant. Even Christianity. They’re all wrong and they’ve all been infiltrated. Jesus did not come here to start a religion, he came here to dispel a single truth: he is the way to eternal life. God gave us a single path to rejoin him in heaven: Jesus. 

Back to Buddhism: Buddhism is not a bad religion by any means, is it? It’s peaceful, the monks are good people, it’s genuinely a positive thing in the world, except for the fact that it exists solely to distract people away from Jesus. The way Lucifer often pulls people away from Jesus is to set up something slightly adjacent to him. Something that is good by all accounts, but that serves one single purpose: to make people think they’ve fulfilled themselves without Jesus. This is how he gets your soul. You can be the best person in the world but if you’ve rejected Jesus, Lucifer gets your soul. 

Same situation with The Lady. Nothing she said to Chris was bad, was it? It was kind, it was hopeful, it was beautiful. Here is a quote from the transcript from when Chris went through regression therapy: “We are all a part of her and her beautiful love for us. The truth will bring love and peace upon this world, and it will be through the Mother and the Love from the feminine, the Mother Energy that brings about the light and nourishment and love to this world.”

None of that sounds bad, right? It’s not evil. You wouldn’t read that and think: that’s Lucifer. Except if you look closely, no where does she ever mention Jesus or God. Chris claims she’s the Holy Spirit, but not once does she *ever* mention either of them. She only focuses on herself. 

The reason she is going to be so effective next year when it breaks into the mainstream (they’re going to release the UFO of God movie Easter weekend 2026 and I think that’s going to be what sends it to the mainstream) is because it sounds so right. But that’s how they deceive you. To get your soul, all they have to do is get you to believe something slightly adjacent to Jesus. It doesn’t have to be in direct opposition.

You’ll find similar words to The Lady’s were used when the Heaven’s Gate cult (the famous UFO cult from the 90’s) convinced those people to kill themselves. They were promised they’d board a spaceship and would ascend to a higher plain of existence. I sincerely believe they were in contact with aliens. When they killed themselves, their souls probably did board a spaceship of sorts, but it was in hell. 

Your actionable takeaway: don’t let things that are slightly adjacent to Jesus pull you away from him. God gave us a simple path to return to him one day and that path is through Jesus alone, not religion, not good deeds. These aliens will use deceptive techniques that seem pure and good, but really it’s just a soul trap.

I’ll leave you with this quote from Dr. Karla Turner, who I encourage you to look into; she studied UFO abduction and phenomena extensively: “These creatures show a very disturbing interest in the human soul.”",Reddit,aliens,subreddit,aliens,,1.0,1.0,0.6452,0.3226,pullpush_live_search,live_scrape,female,,,,1.0,Fragrant-Platypus456,1747623308.0,,mt283aa,,,,,,,2026-06-19T13:15:23.725848,kill yourself woman,,,,,0.6452,perpetrator_attack,1.0,1.0,1,1,severe,we can keep unpacking it all here just in case there are others who may benefit from our conversations. the two options you presented: 1. earth school and 2. prison planet are both correct. it’s a combination of the two with a few additional features. you do come here to learn. you will take your experiences into the next existence. you will learn from your mistakes and you will understand yourself and everyone else more because of the life you’ve lived. and we are also in a sort of prison plane,high
v2_0115,Report him to police as soon as he violates the CPO.,Reddit,WomenInTech,subreddit,WomenInTech,,0.0,0.0,0.1457,0.1191,pullpush,live_scrape,,,,,21.0,lakehop,1747607001.0,,mt10e7r,1.0,,/r/womenintech/comments/1kpharc/trigger_warning_my_employer_is_bringing_back_my/mt10e7r/,1kpharc,0.0,0.0,2026-06-20T07:57:52.121595,,,,,,0.1457,neutral_discourse,0.0,0.0,0,0,standard,report him to police as soon as he violates the cpo.,low
v2_0116,Yassshuuu Meme Template,Telegram,ig_meme_templatesofficial,telegram_group,ig_meme_templatesofficial,,0.0,0.0,0.1948,0.2292,telegram_messages,live_scrape,mixed,,,,14019.0,,1735021.0,,519,,,,,,,,,,,,,0.1213,neutral_discourse,0.0,0.0,0,0,standard,yassshuuu meme template,low
v2_0117,More power to you OP!!! I hope he gets what he deserves. Stay safe 🫂🫂,Reddit,TwoXChromosomes,subreddit,TwoXChromosomes,,0.0,0.0,0.3673,0.4321,reddit_harassment_dataset,live_scrape,mixed,,,,3.0,Chemical_Spray_3859,1779597.0,,onjrjmz,1.0,TW: My boyfriend r*ped me and I don’t know what to do,https://reddit.com/r/TwoXChromosomes/comments/1tm10b9/tw_my_boyfriend_rped_me_and_i_dont_know_what_to_do/,,,,,,,,,,0.1864,neutral_discourse,0.0,0.0,0,0,standard,more power to you op!!! i hope he gets what he deserves. stay safe 🫂🫂,low
v2_0118,"🎀: Пока тейков нет напоминаю о кв/тв посте чтобы мне не пришлось на опыте собирать у кого на что триггер. Вы можете просто туда написать
(Ну и тейки тоже пишите пожалуйста..👉👈)",Telegram,MDersConfa,telegram_group,MDersConfa,,0.0,0.0,0.1847,0.1238,telegram_messages,live_scrape,mixed,,,,274.0,,1772267.0,,925,,,,,,,,,,,,,0.1847,neutral_discourse,0.0,0.0,0,0,standard,🎀: пока тейков нет напоминаю о кв/тв посте чтобы мне не пришлось на опыте собирать у кого на что триггер. вы можете просто туда написать (ну и тейки тоже пишите пожалуйста..👉👈),low
v2_0119,"Be the artist you want to see, post some sexy men!",Reddit,TwoXChromosomes,subreddit,TwoXChromosomes,,1.0,1.0,0.4339,0.217,reddit_harassment_dataset,live_scrape,mixed,,,,1.0,nsfdrag,1779637.0,,onmbq0h,1.0,I’m so tired of all the art subreddits being full of primarily art depicting conventionally attractive naked women.,https://reddit.com/r/TwoXChromosomes/comments/1tmeddo/im_so_tired_of_all_the_art_subreddits_being_full/,,,,,,,,,,0.4339,perpetrator_attack,0.0,0.0,1,0,gendered_moderate,"be the artist you want to see, post some sexy men!",mid
v2_0120,call me bitch @GlitteredInPink,Twitter,twitter_historical,historical_hashtag,twitter_historical,,1.0,1.0,0.9955,0.4977,davidson_2017_twitter,historical_twitter,female,,,,,,,,,,,,,,,2026-06-22T05:53:17.802114+00:00,,23700.0,1.0,0.0,1.0,0.9955,perpetrator_attack,1.0,1.0,1,1,severe,call me bitch @glitteredinpink,high
v2_0121,"I just beat this today; I had started it maybe a month before ToTK came out, did the Obliterator stuff and got to Waterblight… and then I didn’t touch it again until about a week ago or so, thinking that it was a shame I beat both BoTW and ToTK but never bothered with the DLC.

The Ganon fights weren’t as bad the second time around… I lie, Thunderblight was disaster until I could parry consistently and even then it was a chore. It also took me a bit to get used to the differences between the games since I’ve been playing more ToTK than BoTW. I hated the molduking fight, it was so tedious. The final fight with the monk was a bitch but enjoyable because it kept me on my toes. Kind of wish I had remembered that Urbosa’s Fury was a thing as it would have helped with the stupid clone monks. Glad I finally beat it though; the cycle is very cool and it gave more depth to the story… plus I got to hang out with Kass again. Best part? The picture carried over the ToTK even though I’d beaten that game.

And now the Trial of the Sword awaits, which I did try once; got maybe 5-6 levels in and washed out.",Reddit,Breath_of_the_Wild,subreddit,Breath_of_the_Wild,,1.0,1.0,0.6849,0.3424,pullpush_live_search,live_scrape,female,,,,2.0,nimrod1138,1747618802.0,,mt1wcoy,,,,,,,2026-06-19T13:14:11.953271,stupid bitch,,,,,0.6849,perpetrator_attack,1.0,1.0,1,1,severe,"i just beat this today; i had started it maybe a month before totk came out, did the obliterator stuff and got to waterblight… and then i didn’t touch it again until about a week ago or so, thinking that it was a shame i beat both botw and totk but never bothered with the dlc. the ganon fights weren’t as bad the second time around… i lie, thunderblight was disaster until i could parry consistently and even then it was a chore. it also took me a bit to get used to the differences between the game",high
v2_0122,what a broke niggah gone tell her.,Twitter,twitter_historical,historical_hashtag,twitter_historical,,0.0,0.0,0.3302,0.0438,davidson_2017_twitter,historical_twitter,female,,,,,,,,,,,,,,,2026-06-22T05:53:17.802114+00:00,,24658.0,1.0,0.0,1.0,0.3302,neutral_discourse,1.0,0.0,0,0,standard,what a broke niggah gone tell her.,low
v2_0123,"They actually would have the rights to do so.In the eastern parts of the world Marxism has equalized men and women, and not feminism",YouTube,Dr. Daf Show,youtube_channel,Dr. Daf Show,[],1.0,1.0,0.5831,0.2915,yt-dlp,live_scrape,female,reply,1.0,Ugwkm2mE1pOQyXZkYB94AaABAg,1.0,@pollball598,1777075200.0,C8tpVKbxKfk,Ugwkm2mE1pOQyXZkYB94AaABAg.AUr3jRVDJIpAVwxdbJ6uyj,,,,,,,,,,,,,0.5831,perpetrator_attack,1.0,1.0,1,0,gendered_moderate,"they actually would have the rights to do so.in the eastern parts of the world marxism has equalized men and women, and not feminism",high
v2_0124,"My grandpa once said, if you marry rich, you're going to work for every penny. if you marry poor, you'll still work for every penny, but you get to do it together. ",Reddit,AskReddit,subreddit,AskReddit,,0.0,0.0,0.3834,0.157,reddit_harassment_dataset,live_scrape,mixed,,,,5.0,miamoore-,1779631.0,,onlt1sv,0.0,What’s the most unforgettable sentence someone has ever said to you?,https://reddit.com/r/AskReddit/comments/1tmbrwi/whats_the_most_unforgettable_sentence_someone_has/,,,,,,,,,,0.3834,neutral_discourse,0.0,0.0,0,0,standard,"my grandpa once said, if you marry rich, you're going to work for every penny. if you marry poor, you'll still work for every penny, but you get to do it together.",mid
v2_0125,"It’s an issue that I am of two minds about.   

On the one hand, I really don’t see much value in marriage as an institution. As a ceremonial thing it’s lovely and I always appreciate seeing people celebrate their love for one another.   

But it is also a legally binding contract. One with very nebulous benefits, and a lifetime commitment. And most relationships just don’t last a lifetime. I’ve seen so many kids twist themselves up over the idea of getting married and fulfilling some dumb social obligation that they don’t understand. It makes me glad to hear that maybe people are starting to give the idea a critical side eye. Especially young women who risk so much by binding themselves to someone they hardly know.  

But for people in the LGBT+ community, the stakes are very different. And partaking in these social norms helps  erode our status of “other.” It makes it easier for people to see us as humans who do human things and have human feelings. And the legal recognition has more tangible benefits in our community.",Reddit,trans,subreddit,trans,,1.0,1.0,0.5624,0.2812,pullpush_live_search,live_scrape,female,,,,3.0,ntdavis814,1747659869.0,,mt4605z,,,,,,,2026-06-19T13:14:36.356419,women are,,,,,0.5624,perpetrator_attack,1.0,1.0,1,0,gendered_moderate,"it’s an issue that i am of two minds about. on the one hand, i really don’t see much value in marriage as an institution. as a ceremonial thing it’s lovely and i always appreciate seeing people celebrate their love for one another. but it is also a legally binding contract. one with very nebulous benefits, and a lifetime commitment. and most relationships just don’t last a lifetime. i’ve seen so many kids twist themselves up over the idea of getting married and fulfilling some dumb social obliga",high
v2_0126,like i know what he means but why did he word it like that....,YouTube,Jarvis Johnson! GOLD,youtube_channel,Jarvis Johnson! GOLD,[],0.0,0.0,0.1631,0.0878,yt-dlp,live_scrape,female,reply,1.0,UgxRHDA5YufMOYwMxG94AaABAg,165.0,@HopeIsADrug11037,1747958400.0,gIHUdvYpBMQ,UgxRHDA5YufMOYwMxG94AaABAg.AA1JDYLekyaAA1XJOWZe40,,,,,,,,,,,,,0.1631,neutral_discourse,0.0,0.0,0,0,standard,like i know what he means but why did he word it like that....,low
v2_0127,@Righteouz_ @growejr that bitch should be in jail for that 114-114,Twitter,twitter_historical,historical_hashtag,twitter_historical,,1.0,1.0,0.9683,0.4842,davidson_2017_twitter,historical_twitter,female,,,,,,,,,,,,,,,2026-06-22T05:53:17.802114+00:00,,4543.0,1.0,0.0,1.0,0.9683,perpetrator_attack,1.0,1.0,1,1,severe,@righteouz_ @growejr that bitch should be in jail for that 114-114,high
v2_0128,"***** Weird stuff like that happens in the US all the time. Once was a video of a guy being threatened, harassed and then punched by a woman. He returns a single strike with an open hand, not a fist. Her friends join in and the guy has to defend himself from a savage gang attack by four or five people.

Guess who was the only person who landed in court? The male victim.

The female perpetrators weren't even arrested and never answered for their crimes.

The male victim narrowly avoided jail by meeting one of the few non-insane judges.

And that's while there was video evidence from bystanders that he only defended himself.",YouTube,Simple Misfits,youtube_channel,Simple Misfits,[],1.0,1.0,0.4196,0.3339,yt-dlp,live_scrape,female,reply,1.0,UgiLFrl5gxMdXngCoAEC,61.0,@Blahb-o9b,1463961600.0,SBoT9mmtTO8,UgiLFrl5gxMdXngCoAEC.81qGrC9jWVK700haJxYhoD,,,,,,,,,,,,,0.4196,perpetrator_attack,1.0,1.0,1,0,gendered_moderate,"***** weird stuff like that happens in the us all the time. once was a video of a guy being threatened, harassed and then punched by a woman. he returns a single strike with an open hand, not a fist. her friends join in and the guy has to defend himself from a savage gang attack by four or five people. guess who was the only person who landed in court? the male victim. the female perpetrators weren't even arrested and never answered for their crimes. the male victim narrowly avoided jail by meet",mid
v2_0129,"​ @David-ol6zj I mention this in my daily life all the time I struggle to be friends with a lot of women because of their toxic femininity and toxic masculinity, cause we all grew up under this system that pits us against eachother we all have masculine and feminine traits inside us and we all have the capability to be toxic",YouTube,Counterpoint,youtube_channel,Counterpoint,[],1.0,1.0,0.7415,0.3708,yt-dlp,live_scrape,female,reply,1.0,UgwEepJk3QIt9Iu9AiB4AaABAg,0.0,@joyweston444,1776902400.0,uzw8XOp6_zU,UgwEepJk3QIt9Iu9AiB4AaABAg.ANPitpu_tuUAV3M6__wlFt,,,,,,,,,,,,,0.7415,perpetrator_attack,1.0,1.0,1,0,gendered_moderate,"​ @david-ol6zj i mention this in my daily life all the time i struggle to be friends with a lot of women because of their toxic femininity and toxic masculinity, cause we all grew up under this system that pits us against eachother we all have masculine and feminine traits inside us and we all have the capability to be toxic",high
v2_0130,"exactly bro - what's will all the bs of asking proof about an assault and then you go all feminazi on SA claims by women about providing proofs. 
Don't let me spell it out on why everyone's asking for proof here? The police in you and the behavior of cops is shameful?
Why'd OP go out of his way to post about something serious if it was baseless?",Reddit,delhi,subreddit,delhi,,1.0,1.0,0.6114,0.3057,pullpush_live_search,live_scrape,female,,,,2.0,glittersandsequins,1747386870.0,,mslglpv,,,,,,,2026-06-19T13:14:41.252659,feminazi,,,,,0.6114,perpetrator_attack,1.0,1.0,1,1,severe,exactly bro - what's will all the bs of asking proof about an assault and then you go all feminazi on sa claims by women about providing proofs. don't let me spell it out on why everyone's asking for proof here? the police in you and the behavior of cops is shameful? why'd op go out of his way to post about something serious if it was baseless?,high
v2_0131,"The Khalistan Assassinations
@aljazeeraenglish",Telegram,AlJazeeraEnglish,telegram_group,AlJazeeraEnglish,,1.0,1.0,0.5588,0.2794,telegram_messages,live_scrape,mixed,,,,964.0,,1736663.0,,12985,,,,,,,,,,,,,0.5588,perpetrator_attack,0.0,0.0,1,0,gendered_moderate,the khalistan assassinations @aljazeeraenglish,high
v2_0132,He lied. It's over. Block and delete. ,Reddit,relationship_advice,subreddit,relationship_advice,,0.0,0.0,0.241,0.1382,reddit_harassment_dataset,live_scrape,mixed,,,,1.0,VirgoLuv87,1779631.0,,onlsw83,0.0,Guy im seeing 38M? has been lying to me 24F,https://reddit.com/r/relationship_advice/comments/1tmb77d/guy_im_seeing_38m_has_been_lying_to_me_24f/,,,,,,,,,,0.241,neutral_discourse,0.0,0.0,0,0,standard,he lied. it's over. block and delete.,low
v2_0133,"She’s the best, and her voice actress is so good. Just wish they’d done more with her in Act 3. And romancing her was easier.",Reddit,GirlGamers,subreddit,GirlGamers,,1.0,1.0,0.5572,0.2786,pullpush,live_scrape,female,,,,2.0,tiger2205_6,1747643187.0,,mt38vlt,1.0,,/r/GirlGamers/comments/1kot9sk/wulbren_has_been_chosen_for_a_universally/mt38vlt/,1kot9sk,0.0,0.0,2026-06-20T07:57:56.064738,,,,,,0.5572,perpetrator_attack,1.0,1.0,1,0,gendered_moderate,"she’s the best, and her voice actress is so good. just wish they’d done more with her in act 3. and romancing her was easier.",high
v2_0134,"Oh, I heard of that first one but never gave it a look. I am in fact looking for an 'experience' so I think this is on the mark :)

Firewatch I've already played, though it was more somber cozy in how I'd experienced it",Reddit,GirlGamers,subreddit,GirlGamers,,0.0,0.0,0.259,0.1795,pullpush,live_scrape,,,,,1.0,Acharyanaira,1747653097.0,,mt3pshe,1.0,,/r/GirlGamers/comments/1kn6q3v/games_that_tackle_themes_of_processing_trauma/mt3pshe/,1kn6q3v,0.0,0.0,2026-06-20T07:57:56.064634,,,,,,0.259,neutral_discourse,0.0,0.0,0,0,standard,"oh, i heard of that first one but never gave it a look. i am in fact looking for an 'experience' so i think this is on the mark :) firewatch i've already played, though it was more somber cozy in how i'd experienced it",low
v2_0135,"​ @GERONSPRAY  Modern feminism is still about equality. Disagreeing with 'modern feminism' usually means misunderstanding it. Today’s movement just expands equality to include issues like closing the wage gap, stopping online harassment, and supporting women of all backgrounds. If you support women's rights, you support the core of modern feminism.",YouTube,Dr. Daf Show,youtube_channel,Dr. Daf Show,[],1.0,1.0,0.7547,0.3774,yt-dlp,live_scrape,female,reply,1.0,UgwLFsb6OkMjQdFYNUB4AaABAg,8.0,@stay.o_o.forever,1778976000.0,C8tpVKbxKfk,UgwLFsb6OkMjQdFYNUB4AaABAg.AVcubmt1LnFAWrkocZ7XSz,,,,,,,,,,,,,0.7547,perpetrator_attack,1.0,1.0,1,0,gendered_moderate,"​ @geronspray modern feminism is still about equality. disagreeing with 'modern feminism' usually means misunderstanding it. today’s movement just expands equality to include issues like closing the wage gap, stopping online harassment, and supporting women of all backgrounds. if you support women's rights, you support the core of modern feminism.",high
v2_0136,Looking forward to the next incompetent Director of National Intelligence,Reddit,politics,subreddit,politics,,0.0,0.0,0.1849,0.1687,reddit_harassment_dataset,live_scrape,mixed,,,,39.0,hidey_ho_nedflanders,1779472.0,,onabcim,0.0,Megathread: Director of National Intelligence Tulsi Gabbard Resigns,https://reddit.com/r/politics/comments/1tkpf7h/megathread_director_of_national_intelligence/,,,,,,,,,,0.1849,neutral_discourse,0.0,0.0,0,0,standard,looking forward to the next incompetent director of national intelligence,low
v2_0137,"I think they are, and Neil is making some good points that they are disregarding. *It does* seem to identify good players. Davis Riley didnt win, Scottie did. 

Also, NLU, particularly Soly and Tron bitch *soooooo* much about tour golf being bomb n gouge, driver wedge stuff. I havent seen so many 7 irons hit into greens in a long ass time. Dudes routinely had 180 in for their approach. And it took a lot of skill to get it close, I saw a ton of balls land in the right spot if it were soft, but trundle well out of birdie range because they didnt play it perfectly. Which is good. 

It is a dumb idea to make a regular PGA tour venue into a major, I even think this is true with Pebble. I think thats the biggest issue to me.",Reddit,NoLayingUp,subreddit,NoLayingUp,,1.0,1.0,0.7847,0.3923,pullpush_live_search,live_scrape,female,,,,19.0,T_Stebbins,1747616471.0,,mt1q65x,,,,,,,2026-06-19T13:15:28.691077,dumb bitch,,,,,0.7847,perpetrator_attack,1.0,1.0,1,1,severe,"i think they are, and neil is making some good points that they are disregarding. *it does* seem to identify good players. davis riley didnt win, scottie did. also, nlu, particularly soly and tron bitch *soooooo* much about tour golf being bomb n gouge, driver wedge stuff. i havent seen so many 7 irons hit into greens in a long ass time. dudes routinely had 180 in for their approach. and it took a lot of skill to get it close, i saw a ton of balls land in the right spot if it were soft, but trun",high
v2_0138,"u/RexMalaga, welcome to r/bigtitsinbikinis! Please [**read all our rules** here!](https://www.reddit.com/r/bigtitsinbikinis/about/rules/) *This is an automated message for all posts, this is not a removal message.* **READ BELOW**  
**Rule 5: No names in plaintext**. Posting names in *plaintext* leads to DMCA removals that threaten to get the **entire subreddit** banned **again**. Not cool!  
[Don't know how to use NATO? **Try this.** This site should be stable.](https://www.dcode.fr/nato-phonetic-alphabet)  
A a friendly reminder that posting sources in obsfucated methodology (NATO especially) is both **allowed** and **strongly encouraged**.  
**[READ OUR DNP LIST!](https://www.reddit.com/r/bigtitsinbikinis/comments/1fi92tu/dnp_do_not_post_list_models_whove_repeatedly_made/)** This list serves as a *Do Not Post* list that's updated with women who make or have made mass DMCA claims against this subreddit. To keep your accounts and this entire subreddit from being banned by the *admins*, do not post any women on this list. See: **[Reddit's updated rules against sexual harassment.](https://np.reddit.com/r/RedditSafety/comments/1et3lal/update_on_enforcing_against_sexualized_harassment/)**  
Users who break these rules will have posts removed.  


*I am a bot, and this action was performed automatically. Please [contact the moderators of this subreddit](/message/compose/?to=/r/bigtitsinbikinis) if you have any questions or concerns.*",Reddit,bigtitsinbikinis,subreddit,bigtitsinbikinis,,1.0,1.0,0.5216,0.2608,pullpush_live_search,live_scrape,female,,,,1.0,AutoModerator,1747659000.0,,mt43nt7,,,,,,,2026-06-19T13:14:45.326760,sexual harassment,,,,,0.5216,perpetrator_attack,1.0,1.0,1,1,severe,"u/rexmalaga, welcome to r/bigtitsinbikinis! please [**read all our rules** here!](https://www.reddit.com/r/bigtitsinbikinis/about/rules/) *this is an automated message for all posts, this is not a removal message.* **read below** **rule 5: no names in plaintext**. posting names in *plaintext* leads to dmca removals that threaten to get the **entire subreddit** banned **again**. not cool! [don't know how to use nato? **try this.** this site should be stable.](https://www.dcode.fr/nato-phonetic-al",mid
v2_0139,After Deztinis session we needed this lmao Jk girl good yob lol http://t.co/3spfhBBkVD,Twitter,twitter_historical,historical_hashtag,twitter_historical,,0.0,0.0,0.2133,0.2509,davidson_2017_twitter,historical_twitter,female,,,,,,,,,,,,,,,2026-06-22T05:53:17.802114+00:00,,7503.0,2.0,0.0,1.0,0.1095,neutral_discourse,1.0,0.0,0,0,standard,after deztinis session we needed this lmao jk girl good yob lol http://t.co/3spfhbbkvd,low
v2_0140,@lukasprochazkaprod  there is no personal attacks ur feminists talked with her subjective opinions which have no facts in them,YouTube,unknown,youtube_channel,unknown,,1.0,1.0,0.5094,0.2547,youtube_scraped,live_scrape,female,reply,1.0,Ugy4PGzG7qwaVhRpw2x4AaABAg,0.0,,1755561600.0,-mvIktYig9Y,Ugy4PGzG7qwaVhRpw2x4AaABAg.AJb4mwRrKA-AKx1VJcpZKx,,,,,,,,,,,,,0.5094,perpetrator_attack,1.0,1.0,1,0,gendered_moderate,@lukasprochazkaprod there is no personal attacks ur feminists talked with her subjective opinions which have no facts in them,mid
v2_0141,Both hands. Well lubed with some Dumb Bitch Juice😈😍😍,Reddit,RubberSissies,subreddit,RubberSissies,,1.0,1.0,0.9706,0.4853,pullpush_live_search,live_scrape,female,,,,3.0,SissySSBBWLover,1747658189.0,,mt41jat,,,,,,,2026-06-19T13:15:28.690886,dumb bitch,,,,,0.9706,perpetrator_attack,1.0,1.0,1,1,severe,both hands. well lubed with some dumb bitch juice😈😍😍,high
v2_0142,RT @guccii1017: wtf was drake asking us to pull over so he can get my autograph bitch I&#8217;m scheelp fuck you drake http://t.co/LzL0JlhdvK,Twitter,8217,historical_hashtag,8217,8217,1.0,1.0,0.7537,0.3769,davidson_2017_twitter,historical_twitter,female,,,,,,,,,,,,,,,2026-06-22T05:53:17.802114+00:00,,19071.0,1.0,0.0,1.0,0.7537,perpetrator_attack,1.0,1.0,1,1,severe,rt @guccii1017: wtf was drake asking us to pull over so he can get my autograph bitch i&#8217;m scheelp fuck you drake http://t.co/lzl0jlhdvk,high
v2_0143,That is cool. I wish I could be shown,Telegram,united_global_friends,telegram_group,united_global_friends,,0.0,0.0,0.3917,0.1005,telegram_messages,live_scrape,mixed,,,,,,1779575.0,,1594636,,,,,,,,,,,,,0.3917,neutral_discourse,0.0,0.0,0,0,standard,that is cool. i wish i could be shown,mid
v2_0144,@shazzya109  Definitely is now,YouTube,unknown,youtube_channel,unknown,,0.0,0.0,0.2599,0.3058,youtube_scraped,live_scrape,female,reply,1.0,UgyWX_025HmYoHJR7fx4AaABAg,0.0,,1771459200.0,-mvIktYig9Y,UgyWX_025HmYoHJR7fx4AaABAg.ALSNDl6trfdATAIw-8tw7E,,,,,,,,,,,,,0.1267,neutral_discourse,0.0,0.0,0,0,standard,@shazzya109 definitely is now,low
v2_0145," @thefalsehero  If you want answers, I encourage you to learn how to communicate your desire without being condescending in the process of that desire. It will get you a little bit farther next time.",YouTube,Economics Explained,youtube_channel,Economics Explained,[],1.0,1.0,0.4362,0.2181,yt-dlp,live_scrape,female,reply,1.0,UgyeNBfS7Gfm1Q8gZyV4AaABAg,5.0,@NicholasLacourse-h3m,1716422400.0,iz3HRqg6Q4A,UgyeNBfS7Gfm1Q8gZyV4AaABAg.9wSs-hsbwJn9wVHa99AntT,,,,,,,,,,,,,0.4362,perpetrator_attack,0.0,0.0,1,0,gendered_moderate,"@thefalsehero if you want answers, i encourage you to learn how to communicate your desire without being condescending in the process of that desire. it will get you a little bit farther next time.",mid
v2_0146,"Confession #45

""I have four sisters 3 are married 4th one ki sagai hui h  and iam the only brother and iam very much loved and pampered one as iam the youngest toh jada pta nahi chla chizon ka bt meri sari didi mujhe kaffi bdi h... Jumping on to that i was normally using my eldest sisters phone and esi hi i checked the photos , and i was shocked to see my sisters nudes in her phone it was wild, like she has her ass, pussy boobs in all angles, taking dicks, yes not only her husband bt also other boyfriend she had i was scared and same time horny i searched more and went thorough her chats she was having one night stands i was thrilled to see this, my sis as a slut... So days passed mt perspective changed and after it i searched all of my sisters phones and i dont know why bt all of them had there nudes in their phones with their husbands the 3 one had videos doing some crazy stuff, now i was on fire... I checked my youngest sis, also wht i thought i found some nudes she was also fucking random dudes and i dont know why bt she wasinto older guys, she had 3-4 dick pics with condoms and cum i didn't get to see her pussy ass or chat bt iam still trying... 
""",Telegram,anonymousconfess,telegram_group,anonymousconfess,45,1.0,1.0,0.7087,0.0966,telegram_messages,live_scrape,female,,,,1422.0,,1688798.0,,54,,,,,,,,,,,,,0.7087,neutral_discourse,1.0,0.0,1,1,severe,"confession #45 ""i have four sisters 3 are married 4th one ki sagai hui h and iam the only brother and iam very much loved and pampered one as iam the youngest toh jada pta nahi chla chizon ka bt meri sari didi mujhe kaffi bdi h... jumping on to that i was normally using my eldest sisters phone and esi hi i checked the photos , and i was shocked to see my sisters nudes in her phone it was wild, like she has her ass, pussy boobs in all angles, taking dicks, yes not only her husband bt also other b",high
v2_0147,"Hello /u/Lifes_Solutions. **Please read this entire message before taking action.**

Your post or comment has been removed because your Reddit Karma is too low to participate on AskWomen. 

You will be able to participate when your Karma has increased, you can do that by participating in good faith in other subreddits that don't have Karma requirements. This action **cannnot be undone** by the moderators.

 **No exceptions to this rule will be granted.** [Click here to read more about Reddit Karma](https://reddit.zendesk.com/hc/en-us/articles/204511829-What-is-karma-), and please also **[read our rules](https://www.reddit.com/r/AskWomen/wiki/rules) before participating**.


*I am a bot, and this action was performed automatically. Please [contact the moderators of this subreddit](/message/compose/?to=/r/AskWomen) if you have any questions or concerns.*",Reddit,AskWomen,subreddit,AskWomen,,1.0,1.0,0.4207,0.2103,pullpush,live_scrape,,,,,1.0,AutoModerator,1747657560.0,,mt3zyd3,1.0,,/r/AskWomen/comments/1kqadmu/why_is_sexting_another_person_while_in_a/mt3zyd3/,1kqadmu,0.0,0.0,2026-06-20T07:57:43.994835,,,,,,0.4207,perpetrator_attack,0.0,0.0,1,0,gendered_moderate,"hello /u/lifes_solutions. **please read this entire message before taking action.** your post or comment has been removed because your reddit karma is too low to participate on askwomen. you will be able to participate when your karma has increased, you can do that by participating in good faith in other subreddits that don't have karma requirements. this action **cannnot be undone** by the moderators. **no exceptions to this rule will be granted.** [click here to read more about reddit karma](h",mid
v2_0148,"@739jep I was talking about the typical leftist view. Is that allowed?

The question was, ""Can a woman have a prostate?"" She could not answer it and instead talked about biological reality and social experiences and also mentioned adult female. Which begs the question, ""What is a female?"" And she even pretended not to understand the question.

Your view is that she stated clearly what she meant. I made an easy to understand truth table about the issue to show that it is not that complicated or nuanced.

And in case you did not know, there is a meme about people who cannot bring themselves to give anything but a greyish answer no matter the topic.

It is actually sad because if we cannot find consensus on that level, we as a society are doomed.",YouTube,unknown,youtube_channel,unknown,,1.0,1.0,0.6688,0.1689,youtube_scraped,live_scrape,female,reply,1.0,UgwrEPUmrerxsziXpaZ4AaABAg,0.0,,1758240000.0,-mvIktYig9Y,UgwrEPUmrerxsziXpaZ4AaABAg.AMNDxVT-kS_AMP033gevxy,,,,,,,,,,,,,0.6688,neutral_discourse,1.0,0.0,1,0,gendered_moderate,"@739jep i was talking about the typical leftist view. is that allowed? the question was, ""can a woman have a prostate?"" she could not answer it and instead talked about biological reality and social experiences and also mentioned adult female. which begs the question, ""what is a female?"" and she even pretended not to understand the question. your view is that she stated clearly what she meant. i made an easy to understand truth table about the issue to show that it is not that complicated or nua",high
v2_0149,Oh my 👁️👄👁️ definitely don’t move in with this woman. That’s crazy ,Reddit,relationship_advice,subreddit,relationship_advice,,1.0,1.0,0.4433,0.2217,reddit_harassment_dataset,live_scrape,female,,,,-3.0,Efficient-Sundae2215,1779632.0,,onlxj64,0.0,My GF (37F) and I (40M) are talking about moving in with each other. However she doesn't want to work.,https://reddit.com/r/relationship_advice/comments/1tmcwhf/my_gf_37f_and_i_40m_are_talking_about_moving_in/,,,,,,,,,,0.4433,perpetrator_attack,1.0,1.0,1,0,gendered_moderate,oh my 👁️👄👁️ definitely don’t move in with this woman. that’s crazy,mid
v2_0150,"As a man l find these talkative presenters offensive because they are no human to be judging and calling people harassers when it clearly thrown in our face on music and radio including TV also Internet of women exposing themselves to naked indecent disorder like Miley Cyrus and so on and so on. This creates men's minds to think that it a turn on to grab a woman's ass, how many times have you seen music videos or movies that actors who play men does that? Modern technology provokes men and this is called the illuminati as of today these men who being called harassers need help and they are victims of brainwashing movies in music and modern arts today that illuminati works well to keen on bringing in conflict from a human mind of evil. This is what makes rapists and pedophiles, from cartoons that display hidden sexual symbols to movie or singers also presenters who are female that wear short dresses including exposure between they boobs and encourages a mans low sex drive to higher and then a man starts focusing on her body which exposes naked parts and this is why Muslim women have got to cover up to stop or prevent a random mans tempted sexual nature of wickedness from that woman and defiance of this man acting out evil looks and touching upon her uncovered body of sin. One must ask, if we are to blame harassers then why are we not blaming ourselves for exposing our nude bodies in first place? This basic knowledge explains to me why so many people are lured into more anger and aggression when it come down to harassers without knowing what makes them that why they have all this hate and horrid in world because they don't know God from Adam or Eve and will always blame God for harassers and other evil nonsense when instead they should blame the devil that chooses to lie and make us this way!",YouTube,Pop Trigger,youtube_channel,Pop Trigger,[],1.0,1.0,0.844,0.422,yt-dlp,live_scrape,female,reply,1.0,UggPblY-HbKIwngCoAEC,0.0,@carenthusiast4254,1432339200.0,h9Lf3-vJn4E,UggPblY-HbKIwngCoAEC.7-H0Z7--GKu75P-w1HFsoB,,,,,,,,,,,,,0.844,perpetrator_attack,1.0,1.0,1,1,severe,"as a man l find these talkative presenters offensive because they are no human to be judging and calling people harassers when it clearly thrown in our face on music and radio including tv also internet of women exposing themselves to naked indecent disorder like miley cyrus and so on and so on. this creates men's minds to think that it a turn on to grab a woman's ass, how many times have you seen music videos or movies that actors who play men does that? modern technology provokes men and this ",high
v2_0151,Meri Selection ho gai hai Meme Template 😎🔥,Telegram,ig_meme_templatesofficial,telegram_group,ig_meme_templatesofficial,,1.0,1.0,0.6097,0.3777,telegram_messages,live_scrape,mixed,,,,6881.0,,1747401.0,,682,,,,,,,,,,,,,0.6097,perpetrator_attack,0.0,0.0,1,0,gendered_moderate,meri selection ho gai hai meme template 😎🔥,high
v2_0152,I’m glad 😄 talking to you has a nice vibe honestly.,Telegram,united_global_friends,telegram_group,united_global_friends,,0.0,0.0,0.1095,0.0903,telegram_messages,live_scrape,mixed,,,,,,1779582.0,,1594674,,,,,,,,,,,,,0.1095,neutral_discourse,0.0,0.0,0,0,standard,i’m glad 😄 talking to you has a nice vibe honestly.,low
v2_0153,"Different POVS

That lady pov: a shy guy came to me and shared the table, he was good. If he tried to talk more I would happy to talk further. 

Waiter pov: they might be on first date, hope they order good. 

Some judgy girl: I saw a guy who harassed a lady and sat on the same table. No privacy. Girls are not safe in daylight. 

Some other guy pov : oh man, I wish I also have same courage to talk like that guy. He talked with the girl and sat there. 

A hungry guy pov: Abey mera order kaha hai. Kab se khada hu bc yaha. Aaj sala bahar aaya vahi galti ho gai.",Reddit,pune,subreddit,pune,,1.0,1.0,0.6178,0.3089,pullpush_live_search,live_scrape,female,,,,1.0,darkwebphantom,1747645207.0,,mt3c0u8,,,,,,,2026-06-19T13:13:52.466532,harassed me,,,,,0.6178,perpetrator_attack,1.0,1.0,1,0,gendered_moderate,"different povs that lady pov: a shy guy came to me and shared the table, he was good. if he tried to talk more i would happy to talk further. waiter pov: they might be on first date, hope they order good. some judgy girl: i saw a guy who harassed a lady and sat on the same table. no privacy. girls are not safe in daylight. some other guy pov : oh man, i wish i also have same courage to talk like that guy. he talked with the girl and sat there. a hungry guy pov: abey mera order kaha hai. kab se k",high
v2_0154,please read your contradictions,Telegram,Religiousdebate,telegram_group,Religiousdebate,,1.0,1.0,0.4124,0.2062,telegram_messages,live_scrape,mixed,,,,,,1741235.0,,4170,,,,,,,,,,,,,0.4124,perpetrator_attack,0.0,0.0,0,0,standard,please read your contradictions,mid
v2_0155, @Sheeda23  Thats not chivalrous. Women do it too. Just be considerate is all.,YouTube,Counterpoint,youtube_channel,Counterpoint,[],1.0,1.0,0.5906,0.2953,yt-dlp,live_scrape,female,reply,1.0,UgxU7-QO8e0UugdCiWF4AaABAg,5.0,@mr.anderson4755,1761177600.0,uzw8XOp6_zU,UgxU7-QO8e0UugdCiWF4AaABAg.ANQqusAcQs9ANsepPMTusC,,,,,,,,,,,,,0.5906,perpetrator_attack,1.0,1.0,1,0,gendered_moderate,@sheeda23 thats not chivalrous. women do it too. just be considerate is all.,high
v2_0156,Do you have any idea how many women never even get a slap on the hand punishment after making such accusations? What really gets me raising an eyebrow in this though is that she committed a clear case of insurance fraud and the company hasn't taken her to court.,YouTube,Nate The Lawyer,youtube_channel,Nate The Lawyer,[],1.0,1.0,0.7188,0.3594,yt-dlp,live_scrape,female,reply,1.0,Ugxz_SOITDFfIXymAw94AaABAg,20.0,@TheEarthCreature,1716422400.0,yqcJbDJTa7g,Ugxz_SOITDFfIXymAw94AaABAg.9vj5cSi41bt9vjKqi-v30w,,,,,,,,,,,,,0.7188,perpetrator_attack,1.0,1.0,1,0,gendered_moderate,do you have any idea how many women never even get a slap on the hand punishment after making such accusations? what really gets me raising an eyebrow in this though is that she committed a clear case of insurance fraud and the company hasn't taken her to court.,high
v2_0157,"Rwanda is on the southwest tip of Uganda and East of the Congo, SO, Rwanda is absolutely in between sub-Saharan AFRICA!",YouTube,unknown,youtube_channel,unknown,,0.0,0.0,0.3009,0.2666,youtube_scraped,live_scrape,female,reply,1.0,Ugw0qSae3XI8H261DPl4AaABAg,0.0,,1750291200.0,-mvIktYig9Y,Ugw0qSae3XI8H261DPl4AaABAg.AIgD_JvXb-QAIj3QcvdDOt,,,,,,,,,,,,,0.3009,neutral_discourse,0.0,0.0,0,0,standard,"rwanda is on the southwest tip of uganda and east of the congo, so, rwanda is absolutely in between sub-saharan africa!",low
v2_0158,@Greg Cushing they should get that right 😂 they say we want equality but when it comes to hard stuff its all gone,YouTube,BBC Trending,youtube_channel,BBC Trending,[],1.0,1.0,0.508,0.254,yt-dlp,live_scrape,female,reply,1.0,Ugha6t1eJmxIEXgCoAEC,0.0,@musicking1408,1653264000.0,pZBpdZbSYSg,Ugha6t1eJmxIEXgCoAEC.7-H0Z7-6FuB9_83aq3wWeu,,,,,,,,,,,,,0.508,perpetrator_attack,0.0,0.0,1,0,gendered_moderate,@greg cushing they should get that right 😂 they say we want equality but when it comes to hard stuff its all gone,mid
v2_0159,"They made him betraying the freys a result of him wanting a hot wife (vanity).


In the books, he gets severely injured and it's heavily implied that jeynes mom more or less forced the girl to rape him to get pregnant. He chooses to marry jeyne despite knowing what it means for the alliance because it's the honorable thing to do, and because he doesn't want his bastard to grow up being hated like how Kat was a cunt to Jon. 


Basically he goes from a young kid trying to live up to his father's legacy and forced into an impossible decision to a dude who wants hot foreign pussy and gets mad that the freys don't understand",Reddit,gameofthrones,subreddit,gameofthrones,,1.0,1.0,0.8013,0.4007,pullpush_live_search,live_scrape,female,,,,14.0,Ok-Temporary-8243,1747659255.0,,mt44cm5,,,,,,,2026-06-19T13:14:07.352831,rape,,,,,0.8013,perpetrator_attack,1.0,1.0,1,1,severe,"they made him betraying the freys a result of him wanting a hot wife (vanity). in the books, he gets severely injured and it's heavily implied that jeynes mom more or less forced the girl to rape him to get pregnant. he chooses to marry jeyne despite knowing what it means for the alliance because it's the honorable thing to do, and because he doesn't want his bastard to grow up being hated like how kat was a cunt to jon. basically he goes from a young kid trying to live up to his father's legacy",high
v2_0160,@RichardPierpoint-x5t2v  https://youtu.be/hTIWvDy8H4I?si=rRD1-63TVJotsGry,YouTube,unknown,youtube_channel,unknown,,1.0,1.0,0.4781,0.239,youtube_scraped,live_scrape,female,reply,1.0,UgzwNQ_hrS_XX6wKEvR4AaABAg,0.0,,1763510400.0,-mvIktYig9Y,UgzwNQ_hrS_XX6wKEvR4AaABAg.AIjL_09XK2hAPQmoGyAD9H,,,,,,,,,,,,,0.4781,perpetrator_attack,0.0,0.0,1,0,gendered_moderate,@richardpierpoint-x5t2v https://youtu.be/htiwvdy8h4i?si=rrd1-63tvjotsgry,mid
v2_0161,"Confession #98

I desperately want my wife to cheat on me and to become her cuckold. She's so faithful to me, but I'm the only one she has ever been with. She grew up as a deep South Christian, and still is so she would never cheat unfortunately. She has no idea how good her body can be made to feel. She has wanted a child, but I've struggled to give it to her on account of low sperm and of poor quality. Not to mention the being fat with a small dick, low T, and issues getting it up. Nature's way of telling me I'm a cuck. 

I picture her spreading her legs for another man, that soft gasp as a new dick enters her for the first time and her just letting go and letting them inseminate her and its the only thing that gets me going. It feels natural. When she masturbates, which I know she does in secret, I hope she's fantasizing about the same.",Telegram,anonymousconfess,telegram_group,anonymousconfess,98,1.0,1.0,0.6047,0.3023,telegram_messages,live_scrape,female,,,,431.0,,1776847.0,,210,,,,,,,,,,,,,0.6047,perpetrator_attack,1.0,1.0,1,0,gendered_moderate,"confession #98 i desperately want my wife to cheat on me and to become her cuckold. she's so faithful to me, but i'm the only one she has ever been with. she grew up as a deep south christian, and still is so she would never cheat unfortunately. she has no idea how good her body can be made to feel. she has wanted a child, but i've struggled to give it to her on account of low sperm and of poor quality. not to mention the being fat with a small dick, low t, and issues getting it up. nature's way",high
v2_0162,Man I wish I was able to get in on the interview,YouTube,SBS The Feed,youtube_channel,SBS The Feed,[],0.0,0.0,0.1611,0.0362,yt-dlp,live_scrape,female,comment,0.0,,21.0,@neosoul9663,1716422400.0,YWeKsNPdhMw,UgwEoX0ExeJvqYNbEhl4AaABAg,,,,,,,,,,,,,0.1611,victim_disclosure,0.0,0.0,0,0,standard,man i wish i was able to get in on the interview,low
v2_0163," @Amari-s4j8s  no it's your truth, the one you want to believe, because you can't open your view enough to see that it's not true, it can't be, because not everyone will ever want the same thing, and not every of those women were sad solely because they were not wanted, this is just erasing history because we, yes you too, know damn well many women fought for those rights because they wanted them, not because they were unwanted, but you'd have to open your view to be able to debate about this, not based on your feelings but based on the facts the women before you created, because it is those facts we are talking about",YouTube,Dr. Daf Show,youtube_channel,Dr. Daf Show,[],1.0,1.0,0.7098,0.3549,yt-dlp,live_scrape,female,reply,1.0,Ugwkm2mE1pOQyXZkYB94AaABAg,17.0,@kurakiyo,1776902400.0,C8tpVKbxKfk,Ugwkm2mE1pOQyXZkYB94AaABAg.AUr3jRVDJIpAVRg7pampms,,,,,,,,,,,,,0.7098,perpetrator_attack,1.0,1.0,1,0,gendered_moderate,"@amari-s4j8s no it's your truth, the one you want to believe, because you can't open your view enough to see that it's not true, it can't be, because not everyone will ever want the same thing, and not every of those women were sad solely because they were not wanted, this is just erasing history because we, yes you too, know damn well many women fought for those rights because they wanted them, not because they were unwanted, but you'd have to open your view to be able to debate about this, not",high
v2_0164,"My MIL loved being a trad wife, until my FIL left her for a woman half his age. She was left with no money, no marketable skills, no self esteem, nothing. I actually like and admire home making skills. However making that your identity in this environment is downright dangerous.",YouTube,Breaking Down Patriarchy,youtube_channel,Breaking Down Patriarchy,[],0.0,0.0,0.2637,0.0686,yt-dlp,live_scrape,female,comment,0.0,,1500.0,@geraldinegranger9186,1747958400.0,8zHfHEEtaUk,UgwIAyGn6uV9HnAuh7p4AaABAg,,,,,,,,,,,,,0.2637,neutral_discourse,1.0,0.0,0,0,standard,"my mil loved being a trad wife, until my fil left her for a woman half his age. she was left with no money, no marketable skills, no self esteem, nothing. i actually like and admire home making skills. however making that your identity in this environment is downright dangerous.",low
v2_0165,Experience Charlie. Married woman who loves hot phone sex with strangers. Can you get me off? - 27 http://t.co/BjymDFo7pF,Twitter,twitter_historical,historical_hashtag,twitter_historical,,0.0,0.0,0.397,0.236,davidson_2017_twitter,historical_twitter,female,,,,,,,,,,,,,,,2026-06-22T05:53:17.802114+00:00,,9028.0,1.0,0.0,1.0,0.397,neutral_discourse,1.0,0.0,0,0,standard,experience charlie. married woman who loves hot phone sex with strangers. can you get me off? - 27 http://t.co/bjymdfo7pf,mid
v2_0166,"black style and nightmares taking the last name of a girl is much more difficult, men make more money because they’re less likely to take off sick, work overtime, work more dangerous jobs, etc. the fact that men are usually the aggressors doesn’t change the fact that in rape a woman can rape a man steal his semin and then if she gets pregnant she can sue for birth control. By the way a man being raped by a woman is almost entirely neglected.",YouTube,BBC Trending,youtube_channel,BBC Trending,[],1.0,1.0,0.8503,0.4252,yt-dlp,live_scrape,female,reply,1.0,Ugha6t1eJmxIEXgCoAEC,1.0,@brayfendiez,1558569600.0,pZBpdZbSYSg,Ugha6t1eJmxIEXgCoAEC.7-H0Z7-6FuB8pGxHHQkCHb,,,,,,,,,,,,,0.8503,perpetrator_attack,1.0,1.0,1,1,severe,"black style and nightmares taking the last name of a girl is much more difficult, men make more money because they’re less likely to take off sick, work overtime, work more dangerous jobs, etc. the fact that men are usually the aggressors doesn’t change the fact that in rape a woman can rape a man steal his semin and then if she gets pregnant she can sue for birth control. by the way a man being raped by a woman is almost entirely neglected.",high
v2_0167,She know that im that niggah,Twitter,twitter_historical,historical_hashtag,twitter_historical,,0.0,0.0,0.3341,0.0881,davidson_2017_twitter,historical_twitter,female,,,,,,,,,,,,,,,2026-06-22T05:53:17.802114+00:00,,20742.0,1.0,0.0,1.0,0.3341,neutral_discourse,1.0,0.0,0,0,standard,she know that im that niggah,low
v2_0168, @sweetpotato_42 notice how the anti feminist women aren’t getting as angry as the feminists…,YouTube,Dr. Daf Show,youtube_channel,Dr. Daf Show,[],1.0,1.0,0.8323,0.4161,yt-dlp,live_scrape,female,reply,1.0,Ugxmgm1UauzIWL2DExp4AaABAg,23.0,@SinemaProductions25,1778284800.0,C8tpVKbxKfk,Ugxmgm1UauzIWL2DExp4AaABAg.AVhPRhyTTDgAWQEEO1kMtA,,,,,,,,,,,,,0.8323,perpetrator_attack,1.0,1.0,1,0,gendered_moderate,@sweetpotato_42 notice how the anti feminist women aren’t getting as angry as the feminists…,high
v2_0169,"GGFY you propaganda bot - muchas gracias, cono!",YouTube,unknown,youtube_channel,unknown,,0.0,0.0,0.1748,0.1901,youtube_scraped,live_scrape,female,reply,1.0,UgwS19IDk2zw6ZD6GCp4AaABAg,0.0,,1760832000.0,-mvIktYig9Y,UgwS19IDk2zw6ZD6GCp4AaABAg.AMMmozN4vqRANNARIdChwm,,,,,,,,,,,,,0.1748,neutral_discourse,0.0,0.0,0,0,standard,"ggfy you propaganda bot - muchas gracias, cono!",low
v2_0170,He’s lying to you so he can use you. ,Reddit,relationship_advice,subreddit,relationship_advice,,0.0,0.0,0.172,0.1142,reddit_harassment_dataset,live_scrape,mixed,,,,2.0,No-Worry9322,1779627.0,,onlh5v4,0.0,Guy im seeing 38M? has been lying to me 24F,https://reddit.com/r/relationship_advice/comments/1tmb77d/guy_im_seeing_38m_has_been_lying_to_me_24f/,,,,,,,,,,0.172,neutral_discourse,0.0,0.0,0,0,standard,he’s lying to you so he can use you.,low
v2_0171,"Max Stirner Ah... Patrice O'Neal, a man... a legend.",YouTube,Pop Trigger,youtube_channel,Pop Trigger,[],0.0,0.0,0.2309,0.0739,yt-dlp,live_scrape,female,reply,1.0,Ugj8_AxJXnozD3gCoAEC,2.0,@Tetrahedragon2,1432339200.0,h9Lf3-vJn4E,Ugj8_AxJXnozD3gCoAEC.7-H0Z7-E2b27-LLXIMSvzF,,,,,,,,,,,,,0.2309,neutral_discourse,0.0,0.0,0,0,standard,"max stirner ah... patrice o'neal, a man... a legend.",low
v2_0172,cant wait until 40 years makes her change her mind,YouTube,unknown,youtube_channel,unknown,,1.0,1.0,0.486,0.243,youtube_scraped,live_scrape,female,comment,0.0,,0.0,,1750291200.0,-mvIktYig9Y,UgwCcxUJ372XD-ZmEml4AaABAg,,,,,,,,,,,,,0.486,perpetrator_attack,1.0,1.0,1,0,gendered_moderate,cant wait until 40 years makes her change her mind,mid
v2_0173,Cuz women don't even tell their true ages,Telegram,united_global_friends,telegram_group,united_global_friends,,1.0,1.0,0.6838,0.3419,telegram_messages,live_scrape,female,,,,,,1779561.0,,1594380,,,,,,,,,,,,,0.6838,perpetrator_attack,1.0,1.0,1,0,gendered_moderate,cuz women don't even tell their true ages,high
v2_0174,"​ @notamustangdriver  I have seen dozens of peice that show some testimonies, but that also do a mich enlighten us on the causes behind the phenomenon.",YouTube,The Guardian,youtube_channel,The Guardian,[],0.0,0.0,0.2266,0.1589,yt-dlp,live_scrape,female,reply,1.0,Ugyp58FQUulxwO_ml-p4AaABAg,1.0,@vincentd.2284,1779062400.0,HfwQvfchMXU,Ugyp58FQUulxwO_ml-p4AaABAg.AWg37kjWZZgAWuUUegpnSe,,,,,,,,,,,,,0.2266,neutral_discourse,0.0,0.0,0,0,standard,"​ @notamustangdriver i have seen dozens of peice that show some testimonies, but that also do a mich enlighten us on the causes behind the phenomenon.",low
v2_0175,"Is that not normal behaviour? I do 90% of the cooking, all the cleaning, make breakfast and lunches for myself and wife almost 100% of the time. I do the washing, hanging, folding of clothes. 


She does the cleaning and hoovering as sleepy I don't do it well enough (same for me with her cooking tbh). 


I feel like I'm crazy that this isn't the normal case as all my friends are the same in their relationships too.",Reddit,TwoXChromosomes,subreddit,TwoXChromosomes,,0.0,0.0,0.3817,0.1237,reddit_harassment_dataset,live_scrape,female,,,,1.0,Mont-ka,1779634.0,,onm3ek0,1.0,"They exist, and it's where the bar should be.",https://reddit.com/r/TwoXChromosomes/comments/1tm6x8j/they_exist_and_its_where_the_bar_should_be/,,,,,,,,,,0.3817,neutral_discourse,1.0,0.0,0,0,standard,"is that not normal behaviour? i do 90% of the cooking, all the cleaning, make breakfast and lunches for myself and wife almost 100% of the time. i do the washing, hanging, folding of clothes. she does the cleaning and hoovering as sleepy i don't do it well enough (same for me with her cooking tbh). i feel like i'm crazy that this isn't the normal case as all my friends are the same in their relationships too.",mid
v2_0176,She had to use her phone the whole debaye.,YouTube,unknown,youtube_channel,unknown,,0.0,0.0,0.246,0.2194,youtube_scraped,live_scrape,female,comment,0.0,,0.0,,1750291200.0,-mvIktYig9Y,Ugxq0CvpypbO6M4SNhV4AaABAg,,,,,,,,,,,,,0.246,neutral_discourse,1.0,0.0,0,0,standard,she had to use her phone the whole debaye.,low
v2_0177,My teacher talm bout she would make every senior go to da army fa 2yrs &#128530; bitch please meat ainnn doin uh damn thang,Twitter,128530,historical_hashtag,128530,128530,1.0,1.0,0.7876,0.3938,davidson_2017_twitter,historical_twitter,female,,,,,,,,,,,,,,,2026-06-22T05:53:17.802114+00:00,,13156.0,1.0,0.0,1.0,0.7876,perpetrator_attack,1.0,1.0,1,1,severe,my teacher talm bout she would make every senior go to da army fa 2yrs &#128530; bitch please meat ainnn doin uh damn thang,high
v2_0178,"Honestly, the first time you say “no” without padding it with apologies, your whole nervous system goes, “Wait… we’re allowed to do that?” It’s wild how emotional it gets when you realize you’ve been people‑pleasing on autopilot for years. Proud of you for breaking the pattern.",Reddit,TwoXChromosomes,subreddit,TwoXChromosomes,,0.0,0.0,0.3657,0.158,reddit_harassment_dataset,live_scrape,mixed,,,,89.0,Sloane_Jeffrey,1779625.0,,onlcqxt,1.0,"I practiced saying ""no"" without apologizing and it was weirdly emotional",https://reddit.com/r/TwoXChromosomes/comments/1tmata2/i_practiced_saying_no_without_apologizing_and_it/,,,,,,,,,,0.3657,neutral_discourse,0.0,0.0,0,0,standard,"honestly, the first time you say “no” without padding it with apologies, your whole nervous system goes, “wait… we’re allowed to do that?” it’s wild how emotional it gets when you realize you’ve been people‑pleasing on autopilot for years. proud of you for breaking the pattern.",mid
v2_0179,"Confession #35

Once I grabbed one my sisters boobs",Telegram,anonymousconfess,telegram_group,anonymousconfess,35,0.0,0.0,0.2169,0.2552,telegram_messages,live_scrape,mixed,,,,1771.0,,1678410.0,,42,,,,,,,,,,,,,0.1996,neutral_discourse,0.0,0.0,0,0,standard,confession #35 once i grabbed one my sisters boobs,low
v2_0180,"​ @loredelamore Great/nice guys usually dont have to state that they are ""great guys""",YouTube,TEDx Talks,youtube_channel,TEDx Talks,[],0.0,0.0,0.3606,0.0903,yt-dlp,live_scrape,female,reply,1.0,Ugg42NFvp9pbqngCoAEC,1.0,@BlissfullyM3,1716422400.0,IshrD4mjnNU,Ugg42NFvp9pbqngCoAEC.8LlGw1Ihbvq9zAQR1gA20v,,,,,,,,,,,,,0.3606,neutral_discourse,0.0,0.0,0,0,standard,"​ @loredelamore great/nice guys usually dont have to state that they are ""great guys""",mid
v2_0181,same thing happened to me.,YouTube,Cosmopolitan,youtube_channel,Cosmopolitan,[],0.0,0.0,0.0351,0.0317,yt-dlp,live_scrape,female,reply,1.0,Ugws76XO-t5dD8jUe7t4AaABAg,3.0,@xerilaun,1558569600.0,oWEKD493IxY,Ugws76XO-t5dD8jUe7t4AaABAg.8bzxsllvuXr8hsj6nBS2PW,,,,,,,,,,,,,0.0351,victim_disclosure,0.0,0.0,0,0,standard,same thing happened to me.,low
v2_0182,@GoldieMack_ hoe told me she was gonna chop my dick off ... She was from Baltimore,Twitter,twitter_historical,historical_hashtag,twitter_historical,,1.0,1.0,0.463,0.0629,davidson_2017_twitter,historical_twitter,female,,,,,,,,,,,,,,,2026-06-22T05:53:17.802114+00:00,,3283.0,1.0,0.0,1.0,0.463,neutral_discourse,1.0,0.0,1,0,gendered_moderate,@goldiemack_ hoe told me she was gonna chop my dick off ... she was from baltimore,mid
v2_0183,"Celebrations taking place right across Gaza to welcome news of the ceasefire deal
@aljazeeraenglish",Telegram,AlJazeeraEnglish,telegram_group,AlJazeeraEnglish,,0.0,0.0,0.2077,0.1346,telegram_messages,live_scrape,mixed,,,,1012.0,,1736971.0,,13067,,,,,,,,,,,,,0.2077,neutral_discourse,0.0,0.0,0,0,standard,celebrations taking place right across gaza to welcome news of the ceasefire deal @aljazeeraenglish,low
v2_0184,The Pedestrian is another one. ,Reddit,gaming,subreddit,gaming,,0.0,0.0,0.2217,0.1317,reddit_harassment_dataset,live_scrape,mixed,,,,1.0,NoMoreGoldPlz,1779634.0,,onm3v28,0.0,Puzzle Game Recommendations,https://reddit.com/r/gaming/comments/1tmcaii/puzzle_game_recommendations/,,,,,,,,,,0.2217,neutral_discourse,0.0,0.0,0,0,standard,the pedestrian is another one.,low
v2_0185, @01asianfreak  then you are not a femenist you are an egalitarian,YouTube,BBC Trending,youtube_channel,BBC Trending,[],0.0,0.0,0.2911,0.3425,yt-dlp,live_scrape,female,reply,1.0,Ugha6t1eJmxIEXgCoAEC,1.0,@joshf6570,1558569600.0,pZBpdZbSYSg,Ugha6t1eJmxIEXgCoAEC.7-H0Z7-6FuB8pc76woFuTs,,,,,,,,,,,,,0.1408,neutral_discourse,0.0,0.0,0,0,standard,@01asianfreak then you are not a femenist you are an egalitarian,low
v2_0186,"RedRider2001 I agree. Men shouldn't handle women with kid gloves and assume they are these poor damsels who are so inept that they need exemptions so they can't be held responsible for their actions. In a world of true gender equality, men wouldn't tiptoe around women's sensitivities.",YouTube,Simple Misfits,youtube_channel,Simple Misfits,[],1.0,1.0,0.9208,0.4604,yt-dlp,live_scrape,female,reply,1.0,Ughrs38unzaIingCoAEC,0.0,@antihero1678,1463961600.0,SBoT9mmtTO8,Ughrs38unzaIingCoAEC.7-H0Z7-POv87414jCtcMK3,,,,,,,,,,,,,0.9208,perpetrator_attack,1.0,1.0,1,0,gendered_moderate,"redrider2001 i agree. men shouldn't handle women with kid gloves and assume they are these poor damsels who are so inept that they need exemptions so they can't be held responsible for their actions. in a world of true gender equality, men wouldn't tiptoe around women's sensitivities.",high
v2_0187," @inaRIMPAU  The oldest daughter most likely. But that child would be doing most of the child minding in a “normal” traditional family too, because mum is too busy popping out babies.",YouTube,Breaking Down Patriarchy,youtube_channel,Breaking Down Patriarchy,[],1.0,1.0,0.417,0.2085,yt-dlp,live_scrape,female,reply,1.0,UgzAIhHzm-5oflo9G0N4AaABAg,26.0,@kellydalstok8900,1747958400.0,8zHfHEEtaUk,UgzAIhHzm-5oflo9G0N4AaABAg.AAnNPuxZd0nAAuoEQNAECA,,,,,,,,,,,,,0.417,perpetrator_attack,1.0,1.0,0,0,standard,"@inarimpau the oldest daughter most likely. but that child would be doing most of the child minding in a “normal” traditional family too, because mum is too busy popping out babies.",mid
v2_0188,"I recently finished The Last Campfire about 6hours long. While a lot of the puzzles where pretty simple, there are a few that can be quite a challenge. There a i think 5 more after beating the game. Only tried one of them, it seemed kinda difficult, but I was over the slow burn as I prefer action mixed with puzzles. 

It is a sweet story, that can cause tears.",Reddit,gaming,subreddit,gaming,,0.0,0.0,0.0571,0.0488,reddit_harassment_dataset,live_scrape,mixed,,,,1.0,CrustyCake2344,1779633.0,,onlzr86,0.0,Puzzle Game Recommendations,https://reddit.com/r/gaming/comments/1tmcaii/puzzle_game_recommendations/,,,,,,,,,,0.0571,victim_disclosure,0.0,0.0,0,0,standard,"i recently finished the last campfire about 6hours long. while a lot of the puzzles where pretty simple, there are a few that can be quite a challenge. there a i think 5 more after beating the game. only tried one of them, it seemed kinda difficult, but i was over the slow burn as i prefer action mixed with puzzles. it is a sweet story, that can cause tears.",low
v2_0189,"Any women here, add me",Telegram,badoocom,telegram_group,badoocom,,1.0,1.0,0.5404,0.2702,telegram_messages,live_scrape,female,,,,,,1779582.0,,11858561,,,,,,,,,,,,,0.5404,perpetrator_attack,1.0,1.0,1,0,gendered_moderate,"any women here, add me",mid
v2_0190,"I have just read comments from others and couldn’t agree more she might be suffering anxiety and depression. Due to the fact that I have been there - around 15 years anxiety. My life was a tragedy and I too lazy to do most things because my mental collapsed. I finished courses to get degrees but I am so sure I could have done better without anxiety. 

It’s kinda off topic. A heartfelt piece of advice for you - take your GF to see doctor and get diagnosis report.",Reddit,relationship_advice,subreddit,relationship_advice,,0.0,0.0,0.395,0.15,pullpush,live_scrape,female,,,,1.0,Fun_Complaint_5964,1747659433.0,,mt44tnd,0.0,,/r/relationship_advice/comments/1kq9d9e/how_do_i_23m_communicate_to_my_gf22f_about_her/mt44tnd/,1kq9d9e,0.0,0.0,2026-06-20T07:58:04.909928,,,,,,0.395,neutral_discourse,1.0,0.0,0,0,standard,i have just read comments from others and couldn’t agree more she might be suffering anxiety and depression. due to the fact that i have been there - around 15 years anxiety. my life was a tragedy and i too lazy to do most things because my mental collapsed. i finished courses to get degrees but i am so sure i could have done better without anxiety. it’s kinda off topic. a heartfelt piece of advice for you - take your gf to see doctor and get diagnosis report.,mid
v2_0191,Drop this controlling clown now and thank him for the early warning.,Reddit,relationship_advice,subreddit,relationship_advice,,0.0,0.0,0.1052,0.0728,reddit_harassment_dataset,live_scrape,mixed,,,,4.0,ImOGDisaster,1779617.0,,onku8ta,0.0,"Guy Im talking to (m34) for 6 months didnt want me (f30) going out alone and sabotaged my plans, how do I proceed?",https://reddit.com/r/relationship_advice/comments/1tm592l/guy_im_talking_to_m34_for_6_months_didnt_want_me/,,,,,,,,,,0.1052,neutral_discourse,0.0,0.0,0,0,standard,drop this controlling clown now and thank him for the early warning.,low
v2_0192,"He has to be uncomfortable calling women ""Bitches"" and doesn't refer to us as ""Females"". It's one thing to do so jokingly or scientifically. But every single abusive guy I've known has called women bitches with his full chest.",Reddit,AskReddit,subreddit,AskReddit,,1.0,1.0,0.9437,0.4719,reddit_harassment_dataset,live_scrape,female,,,,841.0,Hyperactive_Sloth02,1779579.0,,onijfmu,0.0,What’s your most unhinged non-negotiable when it comes to dating?,https://reddit.com/r/AskReddit/comments/1tlscj8/whats_your_most_unhinged_nonnegotiable_when_it/,,,,,,,,,,0.9437,perpetrator_attack,1.0,1.0,1,1,severe,"he has to be uncomfortable calling women ""bitches"" and doesn't refer to us as ""females"". it's one thing to do so jokingly or scientifically. but every single abusive guy i've known has called women bitches with his full chest.",high
v2_0193,Not a fan of her... guess im the minority.RT @KfromtheG: Beyonc&#233; ratchet ass is trash RT @Vagitarian__: you're the anti christ. KfromtheG,Twitter,233,historical_hashtag,233,233,0.0,0.0,0.2634,0.2367,davidson_2017_twitter,historical_twitter,female,,,,,,,,,,,,,,,2026-06-22T05:53:17.802114+00:00,,13435.0,1.0,0.0,1.0,0.2634,neutral_discourse,1.0,0.0,0,0,standard,not a fan of her... guess im the minority.rt @kfromtheg: beyonc&#233; ratchet ass is trash rt @vagitarian__: you're the anti christ. kfromtheg,low
v2_0194,"Your partner is a misogynist asshole. Men who believe they are superior and have control issues barge down sidewalks as if they own them. I purposely do NOT move out of the way for these men, forcing them to either step aside or slam into a little old lady. 

He's not going to stop. This isn't about awareness. He KNOWS. He doesn't care because in his mind he's more important.

What you have to decide is not how to get him to stop, but if you want to be with a thoughtless, rude, overbearing, misogynist asshole. 

",Reddit,relationship_advice,subreddit,relationship_advice,,1.0,1.0,0.5449,0.2724,reddit_harassment_dataset,live_scrape,mixed,,,,30.0,JanetInSpain,1779618.0,,onkwnuh,0.0,How can I (33f) ask my partner (42m) to stop barging into people on the street?,https://reddit.com/r/relationship_advice/comments/1tm5he1/how_can_i_33f_ask_my_partner_42m_to_stop_barging/,,,,,,,,,,0.5449,perpetrator_attack,0.0,0.0,1,0,gendered_moderate,"your partner is a misogynist asshole. men who believe they are superior and have control issues barge down sidewalks as if they own them. i purposely do not move out of the way for these men, forcing them to either step aside or slam into a little old lady. he's not going to stop. this isn't about awareness. he knows. he doesn't care because in his mind he's more important. what you have to decide is not how to get him to stop, but if you want to be with a thoughtless, rude, overbearing, misogyn",mid
v2_0195,My mom seen my progress report &amp; was like so wtf is up wit this B bitch wtf do you NOT see them 7 A's &#128529; tf she just Ungreatful &#9995;,Twitter,128529,historical_hashtag,128529,"128529,9995",1.0,1.0,0.474,0.516,davidson_2017_twitter,historical_twitter,female,,,,,,,,,,,,,,,2026-06-22T05:53:17.802114+00:00,,13078.0,1.0,0.0,1.0,0.474,perpetrator_attack,1.0,1.0,1,1,severe,my mom seen my progress report &amp; was like so wtf is up wit this b bitch wtf do you not see them 7 a's &#128529; tf she just ungreatful &#9995;,mid
v2_0196,"A look back at Russia in 2024 as Moscow faced some of its biggest challenges in years
@aljazeeraenglish",Telegram,AlJazeeraEnglish,telegram_group,AlJazeeraEnglish,,0.0,0.0,0.3534,0.0963,telegram_messages,live_scrape,mixed,,,,819.0,,1735469.0,,12737,,,,,,,,,,,,,0.3534,neutral_discourse,0.0,0.0,0,0,standard,a look back at russia in 2024 as moscow faced some of its biggest challenges in years @aljazeeraenglish,mid
v2_0197,"Women's & Girls' Safety (Empowerment) 

🎯✨🎯✨🎯✨🎯✨🎯
🇮🇳✍🇮🇳✍🇮🇳✍🇮🇳✍🇮🇳
🍀💐🍀💐🍀💐🍀💐🍀

इस ग्रुप का मुख्य उद्देश्य लड़कियों और महिलाओं के साथ हो रहे 👉 दुर्व्यवहार, बलात्कार, यौन-उत्पीड़न, शारीरिक व मानसिक प्रताड़ना आदि को रोकने एवं जागरूकता फैलाने से है। क्योंकि आए दिन हमें ऐसे अपराध सुनने को मिल रहे हैैं लेकिन लोगों के द्वारा इनके खिलाफ विरोध ना करने, आवाज ना उठाने के कारण अपराधियों का दिन प्रतिदिन उत्साह बढ़ता ही जा रहा है 🤬 जिससे वो छोटे अपराध को बड़े अपराध में बदल देते हैं और जिसके कारण स्त्रियों और बालिकाओं को शारीरिक व मानसिक कष्ट झेलने पड़ते हैं! 😔 वो न तो अपना दर्द किसी से साझा कर पाती हैं और  न ही उसको सह पाती हैं!
इसके चलते वो आत्महत्या जैसे कदम उठा लेती है!

😥😔😥😔😥😔😥😔😥

इन सभी समस्याओं के निराकरण हेतु 
हम सभी  ग्रुप के सदस्य रूपी परिवारीजन मिलकर ऐसे हो रहे अपराधों पर लगाम लगाने की पूरी कोशिश करेंगे!

🎯🤝🎯🤝🎯🤝🎯🤝🎯

इसके लिए हम सभी बहन-भाइयों को मिलकर एक परिवार की तरह एक दूसरे का सहयोग करना होगा!

🥰🙌🥰🙌🥰🙌🥰🙌🥰

🍀 जो बालिकाएं या स्त्रियां खुद पर पर हुए गलत व्यवहार को किसी से साझा नहीं कर पातीं हैं,  वो यहाँ पर साझा कर सकती हैं! जिससे दूसरे सदस्य उसने साथ कंधे से कंधा मिलाकर उनका साथ दे सकें और अपराधी को सजा का प्रावधान हो सके

✌️🔥✌️🔥✌️🔥✌️🔥✌️

🌷🌷🌷🌷🌷🌷🌷🌷🌷

इसमें ग्रुप के भाइयों को महति भूमिका निभानी होगी, क्योंकि जो आज दूसरों के परिवार के साथ हो रहा है, वैसा ही हमारे साथ भी न हो!

इसलिए हमें इस पहल को आगे बढ़ाना होगा और संगठित होकर मदद करना होगा!


आप सभी के सहयोग से ही समाज और देश में सकारात्मक बदलाव लाया जा सकता है और देश व समाज में घट रहे अपराधों पर लगाम लगाया जा सकता है!  

🇮🇳🇮🇳🇮🇳🇮🇳🇮🇳🇮🇳🇮🇳🇮🇳🇮🇳🇮🇳

हम सभी का प्रयास,
                हो सभी का विकास!

🇮🇳🇮🇳🇮🇳🇮🇳🇮🇳🇮🇳🇮🇳🇮🇳🇮🇳🇮🇳

जय हिन्द 🇮🇳

           🌹    🥰    🌹
           🙏    🤝    🙏",Telegram,women_girlsafety,telegram_group,women_girlsafety,,1.0,1.0,0.7546,0.3773,telegram_messages,live_scrape,female,,,,131.0,,1693577.0,,1255,,,,,,,,,,,,,0.7546,perpetrator_attack,1.0,1.0,1,0,gendered_moderate,"women's & girls' safety (empowerment) 🎯✨🎯✨🎯✨🎯✨🎯 🇮🇳✍🇮🇳✍🇮🇳✍🇮🇳✍🇮🇳 🍀💐🍀💐🍀💐🍀💐🍀 इस ग्रुप का मुख्य उद्देश्य लड़कियों और महिलाओं के साथ हो रहे 👉 दुर्व्यवहार, बलात्कार, यौन-उत्पीड़न, शारीरिक व मानसिक प्रताड़ना आदि को रोकने एवं जागरूकता फैलाने से है। क्योंकि आए दिन हमें ऐसे अपराध सुनने को मिल रहे हैैं लेकिन लोगों के द्वारा इनके खिलाफ विरोध ना करने, आवाज ना उठाने के कारण अपराधियों का दिन प्रतिदिन उत्साह बढ़ता ही जा रहा है 🤬 जिससे वो छोटे अपराध को बड़े अपराध में बदल देते हैं और जिसके कारण स्त्रियों और बालिकाओं ",high
v2_0198,"I swear, the only people who comment they agree or ‘can see how’ are incels themselves",YouTube,SBS The Feed,youtube_channel,SBS The Feed,[],0.0,0.0,0.2596,0.1801,yt-dlp,live_scrape,female,comment,0.0,,0.0,@cM-zm5kp,1716422400.0,YWeKsNPdhMw,UgzoegWVo_NZfV2yKwt4AaABAg,,,,,,,,,,,,,0.2596,neutral_discourse,0.0,0.0,0,0,standard,"i swear, the only people who comment they agree or ‘can see how’ are incels themselves",low
v2_0199,"**classic move when cornered, pretend the debate never happened. Cute. Since you seem to have selective memory, let’s remind you: I already addressed both of your claims in detail, with sources, while you’ve been busy dodging, deflecting, and switching topics whenever things got uncomfortable. But sure, let’s play your game again.**
•**Abraham’s ‘sacrifice’** – You act like it was human sacrifice when the Quran explicitly states that Allah **replaced the sacrifice with a ram** (Quran 37:107). No child was harmed, no murder happened, and the whole event was a test of faith. You conveniently ignore this part because it ruins your argument.
•**Aisha’s age** – There is absolutely **no mention** in the Quran of her age at marriage. The claims you rely on come from **hadith reports**, which scholars have debated extensively. Historical sources suggest she may have been older, and early Islamic traditions don’t all agree on the exact age. But let’s say she was young by today’s standards—back then, early marriages were the norm **in every major civilization** (Christian, Jewish, Hindu, etc.), so if you’re so outraged, why aren’t you attacking all those other societies too? Oh wait, because this isn’t about morality for you, just about attacking Islam.

You claim you’re only interested in “facts,” yet every time I provide them, you dodge, twist, and move the goalposts. And now you’ve downgraded from actual arguments to blowing kisses and pretending there was never a debate. Adorable. 😘",Telegram,Religiousdebate,telegram_group,Religiousdebate,,1.0,1.0,0.4787,0.2404,telegram_messages,live_scrape,female,,,,,,1742027.0,,4269,,,,,,,,,,,,,0.4787,perpetrator_attack,1.0,1.0,1,0,gendered_moderate,"**classic move when cornered, pretend the debate never happened. cute. since you seem to have selective memory, let’s remind you: i already addressed both of your claims in detail, with sources, while you’ve been busy dodging, deflecting, and switching topics whenever things got uncomfortable. but sure, let’s play your game again.** •**abraham’s ‘sacrifice’** – you act like it was human sacrifice when the quran explicitly states that allah **replaced the sacrifice with a ram** (quran 37:107). no",mid
